PRIORITA,SCORE,TIPO_OPPORTUNITA,TARGET,FASE_PROGETTO,OBIETTIVO_COMMERCIALE,COMUNE,FONTE,TITOLO,PREZZO,PREZZO_PRECEDENTE,RIBASSI,INDIZIO_INSERZIONISTA,STATO,PRIMA_RILEVAZIONE,ULTIMO_CONTROLLO,MOTIVI,PDF_DA_VERIFICARE,URL
MEDIA,58,INDUSTRIALE_LOGISTICA,IMMOBILE,,ACQUISIZIONE CAPANNONE / MAGAZZINO,Alpignano,Capannoni logistica,Capannone Vendita Alpignano - 29 case in vendita in Alpignano de Nuroa.it,140000,65000,10,NON_DETERMINATO,POSSIBILE_USCITA,2026-08-28T05:06:35.529823+00:00,2026-09-21T18:48:49.170878+00:00,prezzo rilevato | ribasso rilevato | ribassi multipli | industriale logistica,,https://www.nuroa.it/vendita-immobili/capannone-vendita-alpignano
MEDIA,58,INDUSTRIALE_LOGISTICA,IMMOBILE,,ACQUISIZIONE CAPANNONE / MAGAZZINO,Alpignano,Capannoni logistica,Alpignano - 567 appartamenti in affito in Alpignano de Nuroa.it,12000,65000,4,NON_DETERMINATO,USCITO_MERCATO,2026-09-04T00:12:37.945895+00:00,2026-09-07T04:45:03.055212+00:00,prezzo rilevato | ribasso rilevato | ribassi multipli | industriale logistica,,https://www.nuroa.it/affitto-case/alpignano
MEDIA,58,INDUSTRIALE_LOGISTICA,IMMOBILE,,ACQUISIZIONE CAPANNONE / MAGAZZINO,Bruino,Capannoni logistica,Capannone Bruino - 35 case in vendita in Bruino de Nuroa.it,160000,270000,2,NON_DETERMINATO,TRACKED,2026-09-11T23:19:47.988237+00:00,2026-09-22T13:28:47.915573+00:00,prezzo rilevato | ribasso rilevato | ribassi multipli | industriale logistica,,https://www.nuroa.it/vendita-immobili/capannone-bruino
MEDIA,56,COMMERCIALE_IMMOBILE,IMMOBILE,,ACQUISIZIONE / LOCAZIONE IMMOBILE COMMERCIALE,Almese,Commerciale negozi/locali,Almese - 241 appartamenti in affito in Almese de Nuroa.it,300000,175000,4,NON_DETERMINATO,TRACKED,2026-08-28T05:06:35.529757+00:00,2026-09-22T07:44:42.104306+00:00,prezzo rilevato | ribasso rilevato | ribassi multipli | commerciale immobile,,https://www.nuroa.it/affitto-case/almese
MEDIA,56,COMMERCIALE_IMMOBILE,IMMOBILE,,ACQUISIZIONE / LOCAZIONE IMMOBILE COMMERCIALE,Chiusa di San Michele,Commerciale negozi/locali,Torino 160 Mq - 261 case in vendita in Torino de Nuroa.it,45000,33000,3,NON_DETERMINATO,USCITO_MERCATO,2026-09-02T12:02:41.369862+00:00,2026-09-19T23:00:29.357014+00:00,prezzo rilevato | ribasso rilevato | ribassi multipli | commerciale immobile,,https://www.nuroa.it/vendita-immobili/torino-160-mq
MEDIA,56,COMMERCIALE_IMMOBILE,IMMOBILE,,ACQUISIZIONE / LOCAZIONE IMMOBILE COMMERCIALE,Bardonecchia,Commerciale negozi/locali,Locale Commerciale Bardonecchia - 42 locali comerciali in affito in ...,8000,285000,2,NON_DETERMINATO,TRACKED,2026-09-03T18:47:06.317830+00:00,2026-09-07T10:14:01.139141+00:00,prezzo rilevato | ribasso rilevato | ribassi multipli | commerciale immobile,,https://www.nuroa.it/affitto-case/locale-commerciale-bardonecchia
MEDIA,56,UFFICIO_DIREZIONALE,IMMOBILE,,ACQUISIZIONE / LOCAZIONE UFFICIO,Bruino,Uffici e direzionale,Bruino - 319 appartamenti in affito in Bruino de Nuroa.it,225000,129000,9,NON_DETERMINATO,POSSIBILE_USCITA,2026-09-08T06:35:04.156919+00:00,2026-09-21T12:37:01.288684+00:00,prezzo rilevato | ribasso rilevato | ribassi multipli | ufficio direzionale,,https://www.nuroa.it/affitto-case/bruino
MEDIA,56,COMMERCIALE_IMMOBILE,IMMOBILE,,ACQUISIZIONE / LOCAZIONE IMMOBILE COMMERCIALE,Beinasco,Commerciale negozi/locali,Locale Commerciale Beinasco - 82 locali comerciali in affito in ...,6500,1350000,3,NON_DETERMINATO,USCITO_MERCATO,2026-09-09T20:56:38.868370+00:00,2026-09-18T01:22:44.225571+00:00,prezzo rilevato | ribasso rilevato | ribassi multipli | commerciale immobile,,https://www.nuroa.it/affitto-case/locale-commerciale-beinasco
MEDIA,56,UFFICIO_DIREZIONALE,IMMOBILE,,ACQUISIZIONE / LOCAZIONE UFFICIO,Pianezza,Uffici e direzionale,Immobili commerciali affitto vendita - Annunci per impresa.,7800,77250,2,NON_DETERMINATO,USCITO_MERCATO,2026-09-14T18:41:54.044274+00:00,2026-09-20T06:08:00.347439+00:00,prezzo rilevato | ribasso rilevato | ribassi multipli | ufficio direzionale,,https://immobilimpresa.net/
MEDIA,52,INDUSTRIALE_LOGISTICA,IMMOBILE,,ACQUISIZIONE CAPANNONE / MAGAZZINO,Rivalta di Torino,Subito privati,Annunci Uffici e locali commerciali Rivalta di Torino - Affitto uffici ...,,,0,NON_DETERMINATO,NEW,2026-09-22T07:44:42.106355+00:00,2026-09-22T07:44:42.106357+00:00,nuova rilevazione | fonte/query orientata ai privati | industriale logistica,,https://www.subito.it/annunci-piemonte/affitto/uffici-locali-commerciali/torino/rivalta-di-torino/
MEDIA,48,INDUSTRIALE_LOGISTICA,IMMOBILE,,ACQUISIZIONE CAPANNONE / MAGAZZINO,Buttigliera Alta,Subito privati,Tecnocasa - INDUSTRIALE PROVINCIA TORINO OVEST sas,109000,230000,1,INDIZIO_AGENZIA,USCITO_MERCATO,2026-09-08T06:35:04.157072+00:00,2026-09-10T05:58:05.660172+00:00,fonte/query orientata ai privati | indizio agenzia | prezzo rilevato | ribasso rilevato | industriale logistica,,https://impresapiu.subito.it/shops/46868-tecnocasa-industriale-provincia-torino-ovest-sas
MEDIA,48,INDUSTRIALE_LOGISTICA,IMMOBILE,,ACQUISIZIONE CAPANNONE / MAGAZZINO,Beinasco,Immobiliare.it,"Capannone all'asta via Aosta 16/A, Beinasco - Immobiliare.it",499990,500000,1,NON_DETERMINATO,RELISTED,2026-09-17T16:48:02.646986+00:00,2026-09-22T01:45:50.161303+00:00,prezzo rilevato | ribasso rilevato | industriale logistica,,https://www.immobiliare.it/annunci/132363946/
MEDIA,46,COMMERCIALE_IMMOBILE,IMMOBILE,,ACQUISIZIONE / LOCAZIONE IMMOBILE COMMERCIALE,Beinasco,Commerciale negozi/locali,Locale Commerciale Beinasco - 82 locali comerciali in vendita in ...,350000,1350000,1,NON_DETERMINATO,USCITO_MERCATO,2026-09-10T05:58:05.659767+00:00,2026-09-19T06:11:00.694705+00:00,prezzo rilevato | ribasso rilevato | commerciale immobile,,https://www.nuroa.it/vendita-immobili/locale-commerciale-beinasco
MEDIA,45,INDUSTRIALE_LOGISTICA,IMMOBILE,,ACQUISIZIONE CAPANNONE / MAGAZZINO,La Cassa,Trovit,15 capannones in vendita a La Cassa - Trovit,21950,,0,NON_DETERMINATO,NEW,2026-09-22T07:44:42.106074+00:00,2026-09-22T07:44:42.106076+00:00,nuova rilevazione | prezzo rilevato | industriale logistica,,https://case.trovit.it/capannone-cassa
BASSA,42,INDUSTRIALE_LOGISTICA,IMMOBILE,,ACQUISIZIONE CAPANNONE / MAGAZZINO,Giaglione,Bakeca privati,Vendita terreni e rustici a Torino Settembre 2026 su Bakeca,10000,,0,NON_DETERMINATO,USCITO_MERCATO,2026-09-01T18:58:42.120149+00:00,2026-09-04T00:12:37.946692+00:00,fonte/query orientata ai privati | prezzo rilevato | industriale logistica,,https://torino.bakeca.it/annunci/terreni-rustici/contrattotipo/vendita/
BASSA,42,INDUSTRIALE_LOGISTICA,IMMOBILE,,ACQUISIZIONE CAPANNONE / MAGAZZINO,Collegno,Facebook Marketplace,Vendita magazzino 100mq - Property Rentals - Collegno - Facebook,50000,,0,NON_DETERMINATO,USCITO_MERCATO,2026-09-11T23:19:47.988956+00:00,2026-09-15T13:33:03.393677+00:00,fonte/query orientata ai privati | prezzo rilevato | industriale logistica,,https://www.facebook.com/marketplace/item/1301545842136799/
BASSA,42,INDUSTRIALE_LOGISTICA,IMMOBILE,,ACQUISIZIONE CAPANNONE / MAGAZZINO,Pianezza,Bakeca privati,Vendita capannoni e magazzini a Torino - Bakeca,1350000,,0,NON_DETERMINATO,USCITO_MERCATO,2026-09-14T18:41:54.044283+00:00,2026-09-17T23:05:00.276070+00:00,fonte/query orientata ai privati | prezzo rilevato | industriale logistica,,https://torino.bakeca.it/annunci/capannoni-magazzini/contrattotipo/vendita/
BASSA,42,INDUSTRIALE_LOGISTICA,IMMOBILE,,ACQUISIZIONE CAPANNONE / MAGAZZINO,Pianezza,Bakeca privati,Affitto e vendita capannone in Italia Settembre 2026 su Bakeca,1350000,,0,NON_DETERMINATO,USCITO_MERCATO,2026-09-14T22:36:38.494228+00:00,2026-09-14T22:36:38.494230+00:00,fonte/query orientata ai privati | prezzo rilevato | industriale logistica,,https://www.bakeca.it/annunci/capannoni-magazzini/tipofiltrocapannoni/capannone/
BASSA,40,COMMERCIALE_IMMOBILE,IMMOBILE,,ACQUISIZIONE / LOCAZIONE IMMOBILE COMMERCIALE,Beinasco,Bakeca privati,Vendita locali commerciali da privati a Torino - Bakeca,12115000,,0,NON_DETERMINATO,USCITO_MERCATO,2026-09-17T06:08:55.031073+00:00,2026-09-17T06:08:55.031074+00:00,fonte/query orientata ai privati | prezzo rilevato | commerciale immobile,,https://torino.bakeca.it/annunci/locali-attivita-commerciali/contrattotipo/vendita/inserzionistacase/privato/
BASSA,40,UFFICIO_DIREZIONALE,IMMOBILE,,ACQUISIZIONE / LOCAZIONE UFFICIO,Villar Focchiardo,TrovaCasa privati,"Appartamento in affitto a Torino via Villar Focchiardo, 12",15570,,0,NON_DETERMINATO,TRACKED,2026-09-21T01:16:25.020719+00:00,2026-09-22T13:28:47.918034+00:00,fonte/query orientata ai privati | prezzo rilevato | ufficio direzionale,,https://www.trovacasa.it/annunci/to-tc-43345-73023387
BASSA,40,INDUSTRIALE_LOGISTICA,IMMOBILE,,ACQUISIZIONE CAPANNONE / MAGAZZINO,Grugliasco,Immobiliare.it,"Capannone via Rivalta 49, Grugliasco, Rif. 127521008 - Immobiliare.it",,,0,NON_DETERMINATO,NEW,2026-09-22T13:28:47.916726+00:00,2026-09-22T13:28:47.916728+00:00,nuova rilevazione | industriale logistica,,https://www.immobiliare.it/annunci/127521008/
BASSA,40,INDUSTRIALE_LOGISTICA,IMMOBILE,,ACQUISIZIONE CAPANNONE / MAGAZZINO,Rivoli,Immobiliare.it,"Capannone via Carlo Ferrero 110, Rivoli, Rif. 130609398 - Immobiliare.it",,,0,NON_DETERMINATO,NEW,2026-09-22T13:28:47.917136+00:00,2026-09-22T13:28:47.917137+00:00,nuova rilevazione | industriale logistica,,https://www.immobiliare.it/annunci/130609398/
BASSA,39,IMPRESA_EDILE_PROGETTO,IMPRESA/AZIENDA,,"CONTATTA IMPRESA: CANTIERE, SOCIAL, LEAD GEN, SITO, VENDITE",Bruino,PDF Albo Pretorio edilizia,PDF Istituto Comprensivo BRUINO,,,0,NON_DETERMINATO,USCITO_MERCATO,2026-09-08T06:35:04.156926+00:00,2026-09-10T15:11:09.214131+00:00,impresa edile progetto | atto/PDF pubblico da verificare,https://www.icbruino.edu.it/wp-content/uploads/2025/12/del_n.-1_2024-del-C.d-I.-del-10-12-2024-revisione-criteri-iscrizioni.pdf,https://www.icbruino.edu.it/wp-content/uploads/2025/12/del_n.-1_2024-del-C.d-I.-del-10-12-2024-revisione-criteri-iscrizioni.pdf
BASSA,38,COMMERCIALE_IMMOBILE,IMMOBILE,,ACQUISIZIONE / LOCAZIONE IMMOBILE COMMERCIALE,Sant'Ambrogio di Torino,Commerciale negozi/locali,24 Locali commerciali in affitto a Avigliana - Mitula Case,,,0,NON_DETERMINATO,NEW,2026-09-07T00:44:29.376807+00:00,2026-09-07T00:44:29.376809+00:00,nuova rilevazione | commerciale immobile,,https://immobiliare.mitula.it/affitto-locale-commerciale-avigliana
BASSA,38,UFFICIO_DIREZIONALE,IMMOBILE,,ACQUISIZIONE / LOCAZIONE UFFICIO,Villar Dora,Wikicasa,"Appartamento in affitto, Villar Dora con terrazzo, 70 mq • Wikicasa",,,0,NON_DETERMINATO,NEW,2026-09-22T13:28:47.917995+00:00,2026-09-22T13:28:47.917996+00:00,nuova rilevazione | ufficio direzionale,,https://www.wikicasa.it/annuncio/30833151
BASSA,37,INDUSTRIALE_LOGISTICA,IMMOBILE,AUTORIZZATO_PROGRAMMATO,ACQUISIZIONE CAPANNONE / MAGAZZINO,Bussoleno,Capannoni logistica,"Bussoleno-Complesso immobiliare con varie destinazioni, ottima ...",,,0,NON_DETERMINATO,USCITO_MERCATO,2026-08-28T05:06:35.530159+00:00,2026-09-04T19:20:00.003475+00:00,industriale logistica | progetto autorizzato,,https://www.ladimoraimmobiliare.com/complesso-immobiliare-con-varie-destinazioni-ottima-opportunita-di-investimento/
BASSA,37,INDUSTRIALE_LOGISTICA,IMMOBILE,,ACQUISIZIONE CAPANNONE / MAGAZZINO,Caprie,TrovaCasa privati,"Capannone in affitto a Caprie via Roma, 12 - TrovaCasa",,,0,NON_DETERMINATO,USCITO_MERCATO,2026-09-01T18:58:42.119401+00:00,2026-09-04T07:52:28.839074+00:00,fonte/query orientata ai privati | industriale logistica,,https://www.trovacasa.it/annunci/to-tc-95641-72900561
BASSA,37,INDUSTRIALE_LOGISTICA,IMMOBILE,,ACQUISIZIONE CAPANNONE / MAGAZZINO,Collegno,Facebook Marketplace,Magazzino - Cantina - Property Rentals - Collegno - Facebook,,,0,NON_DETERMINATO,USCITO_MERCATO,2026-09-01T23:36:27.690842+00:00,2026-09-06T19:19:39.864562+00:00,fonte/query orientata ai privati | industriale logistica,,https://www.facebook.com/marketplace/item/862434829880128/
BASSA,37,INDUSTRIALE_LOGISTICA,IMMOBILE,,ACQUISIZIONE CAPANNONE / MAGAZZINO,Giaveno,TrovaCasa privati,"Capannone in affitto a Giaveno via Caduti sul Lavoro, 18",,,0,NON_DETERMINATO,USCITO_MERCATO,2026-09-04T00:12:37.946725+00:00,2026-09-04T02:03:54.138272+00:00,fonte/query orientata ai privati | industriale logistica,,https://www.trovacasa.it/annunci/to-tc-48624-72879619
BASSA,37,INDUSTRIALE_LOGISTICA,IMMOBILE,,ACQUISIZIONE CAPANNONE / MAGAZZINO,Exilles,Subito privati,Subito - CASE IN PARELLA sas - BOX A TORINO - Garage e box In affitto a ...,,,0,NON_DETERMINATO,USCITO_MERCATO,2026-09-04T16:00:05.401660+00:00,2026-09-04T22:26:36.992052+00:00,fonte/query orientata ai privati | industriale logistica,,https://www.subito.it/garage-e-box/box-a-torino-torino-659433587.htm
BASSA,37,INDUSTRIALE_LOGISTICA,IMMOBILE,,ACQUISIZIONE CAPANNONE / MAGAZZINO,Grugliasco,Subito privati,STUDIO PIOL srl - CAPANNONE A GRUGLIASCO - Subito,,,0,NON_DETERMINATO,USCITO_MERCATO,2026-09-06T00:53:48.287135+00:00,2026-09-06T00:53:48.287137+00:00,fonte/query orientata ai privati | industriale logistica,,https://www.subito.it/uffici-locali-commerciali/capannone-a-grugliasco-torino-659433249.htm
BASSA,37,INDUSTRIALE_LOGISTICA,IMMOBILE,,ACQUISIZIONE CAPANNONE / MAGAZZINO,San Gillio,Subito privati,CAPANNONE A SAN GILLIO - Subito,,,0,NON_DETERMINATO,USCITO_MERCATO,2026-09-08T06:35:04.158983+00:00,2026-09-19T20:30:44.818476+00:00,fonte/query orientata ai privati | industriale logistica,,https://www.subito.it/uffici-locali-commerciali/capannone-a-san-gillio-torino-639437685.htm
BASSA,37,INDUSTRIALE_LOGISTICA,IMMOBILE,,ACQUISIZIONE CAPANNONE / MAGAZZINO,Rosta,Subito privati,Aste Florio - Immobile in asta di 703 m² a Rosta - Subito,,,0,NON_DETERMINATO,USCITO_MERCATO,2026-09-08T18:39:29.645455+00:00,2026-09-12T14:11:38.612747+00:00,fonte/query orientata ai privati | industriale logistica,,https://www.subito.it/uffici-locali-commerciali/immobile-in-asta-di-703-m%C2%B2-a-rosta-torino-659975897.htm
BASSA,37,INDUSTRIALE_LOGISTICA,IMMOBILE,,ACQUISIZIONE CAPANNONE / MAGAZZINO,Pianezza,Subito privati,Immobile in asta di 54 m² a Pianezza | Subito,,,0,NON_DETERMINATO,USCITO_MERCATO,2026-09-10T05:58:05.661640+00:00,2026-09-10T05:58:05.661642+00:00,fonte/query orientata ai privati | industriale logistica,,https://www.subito.it/uffici-locali-commerciali/immobile-in-asta-di-54-m%C2%B2-a-pianezza-torino-659978673.htm
BASSA,37,INDUSTRIALE_LOGISTICA,IMMOBILE,,ACQUISIZIONE CAPANNONE / MAGAZZINO,Buttigliera Alta,Subito privati,NEGOZIO A BUTTIGLIERA ALTA | Subito,,,0,NON_DETERMINATO,USCITO_MERCATO,2026-09-10T15:11:09.214241+00:00,2026-09-14T22:36:38.492979+00:00,fonte/query orientata ai privati | industriale logistica,,https://www.subito.it/uffici-locali-commerciali/negozio-a-buttigliera-alta-torino-659200253.htm
BASSA,37,INDUSTRIALE_LOGISTICA,IMMOBILE,,ACQUISIZIONE CAPANNONE / MAGAZZINO,Druento,Bakeca privati,Affitto e vendita capannoni e magazzini a Druento centro città - Bakeca,,,0,NON_DETERMINATO,USCITO_MERCATO,2026-09-12T10:35:02.923606+00:00,2026-09-16T22:13:22.797949+00:00,fonte/query orientata ai privati | industriale logistica,,https://torino.bakeca.it/annunci/capannoni-magazzini/luogo/druento/
BASSA,37,INDUSTRIALE_LOGISTICA,IMMOBILE,,ACQUISIZIONE CAPANNONE / MAGAZZINO,Pianezza,Bakeca privati,Vendita magazzino a Pianezza centro città Settembre 2026 su Bakeca,,,0,NON_DETERMINATO,USCITO_MERCATO,2026-09-14T12:27:12.113858+00:00,2026-09-14T12:27:12.113860+00:00,fonte/query orientata ai privati | industriale logistica,,https://torino.bakeca.it/annunci/capannoni-magazzini/luogo/pianezza/contrattotipo/vendita/tipofiltrocapannoni/magazzino/
BASSA,37,INDUSTRIALE_LOGISTICA,IMMOBILE,,ACQUISIZIONE CAPANNONE / MAGAZZINO,Rubiana,TrovaCasa privati,"Villa in vendita a Rubiana strada del Boschetto, 13",,,0,NON_DETERMINATO,USCITO_MERCATO,2026-09-14T18:41:54.044699+00:00,2026-09-17T16:48:02.648565+00:00,fonte/query orientata ai privati | industriale logistica,,https://www.trovacasa.it/annunci/to-tc-86710-70574054
BASSA,35,COMMERCIALE_IMMOBILE,IMMOBILE,,ACQUISIZIONE / LOCAZIONE IMMOBILE COMMERCIALE,Collegno,Subito privati,Immobile di 148 m² con 5 locali a Collegno | Subito,,,0,NON_DETERMINATO,USCITO_MERCATO,2026-09-01T18:58:42.119842+00:00,2026-09-10T21:45:03.418807+00:00,fonte/query orientata ai privati | commerciale immobile,,https://www.subito.it/uffici-locali-commerciali/immobile-di-148-m%C2%B2-con-5-locali-a-collegno-torino-658721243.htm
BASSA,35,COMMERCIALE_IMMOBILE,IMMOBILE,,ACQUISIZIONE / LOCAZIONE IMMOBILE COMMERCIALE,Chiomonte,Subito privati,NEGOZIO A CHIOMONTE | Subito,,,0,NON_DETERMINATO,TRACKED,2026-09-02T07:11:25.325658+00:00,2026-09-07T00:44:29.375143+00:00,fonte/query orientata ai privati | commerciale immobile,,https://www.subito.it/uffici-locali-commerciali/negozio-a-chiomonte-torino-659200618.htm
BASSA,35,UFFICIO_DIREZIONALE,IMMOBILE,AUTORIZZATO_PROGRAMMATO,ACQUISIZIONE / LOCAZIONE UFFICIO,Susa,Uffici e direzionale,Albo Pretorio Digitale - Comune Di Susa,,,0,NON_DETERMINATO,RELISTED,2026-09-04T12:01:02.701666+00:00,2026-09-07T00:44:29.376943+00:00,ufficio direzionale | progetto autorizzato,,https://www.servizipubblicaamministrazione.it/servizi/saturnweb/Home.aspx?TipoG=3&CE=Ss090
BASSA,35,UFFICIO_DIREZIONALE,IMMOBILE,AUTORIZZATO_PROGRAMMATO,ACQUISIZIONE / LOCAZIONE UFFICIO,Givoletto,Uffici e direzionale,Albo Pretorio Digitale - Comune Di Givoletto,,,0,NON_DETERMINATO,TRACKED,2026-09-11T09:00:35.958111+00:00,2026-09-22T13:28:47.916601+00:00,ufficio direzionale | progetto autorizzato,,https://www.servizipubblicaamministrazione.it/servizi/saturnweb/Home.aspx?Ce=gvltt577
BASSA,35,UFFICIO_DIREZIONALE,IMMOBILE,AUTORIZZATO_PROGRAMMATO,ACQUISIZIONE / LOCAZIONE UFFICIO,Collegno,Uffici e direzionale,Commercio in sede fissa - Comune di Collegno,,,0,NON_DETERMINATO,TRACKED,2026-09-12T10:35:02.923330+00:00,2026-09-22T13:28:47.916077+00:00,ufficio direzionale | progetto autorizzato,,https://www.comune.collegno.to.it/servizio/commercio-in-sede-fissa/
BASSA,35,COMMERCIALE_IMMOBILE,IMMOBILE,,ACQUISIZIONE / LOCAZIONE IMMOBILE COMMERCIALE,Rivoli,Bakeca privati,Affitto e vendita locali commerciali a Rivoli centro città,,,0,NON_DETERMINATO,USCITO_MERCATO,2026-09-14T01:05:27.892312+00:00,2026-09-14T01:05:27.892313+00:00,fonte/query orientata ai privati | commerciale immobile,,https://torino.bakeca.it/annunci/locali-attivita-commerciali/luogo/rivoli/
BASSA,35,UFFICIO_DIREZIONALE,IMMOBILE,,ACQUISIZIONE / LOCAZIONE UFFICIO,Val della Torre,Subito privati,Villa o villino Val della Torre [1673VRG] | Subito,,,0,NON_DETERMINATO,POSSIBILE_USCITA,2026-09-21T06:16:22.538830+00:00,2026-09-21T06:16:22.538832+00:00,fonte/query orientata ai privati | ufficio direzionale,,https://www.subito.it/ville-singole-e-a-schiera/villa-o-villino-val-della-torre-1673vrg-torino-645954833.htm
BASSA,33,COMMERCIALE_IMMOBILE,IMMOBILE,PROGRAMMATO,ACQUISIZIONE / LOCAZIONE IMMOBILE COMMERCIALE,Rosta,Immobiliare.it,"Locale commerciale corso Moncenisio, Rosta, Rif. 121630696 - Immobiliare.it",,,0,NON_DETERMINATO,USCITO_MERCATO,2026-08-28T05:06:35.531137+00:00,2026-09-20T06:08:00.347286+00:00,commerciale immobile | progetto programmato,,https://www.immobiliare.it/annunci/121630696/
BASSA,33,INDUSTRIALE_LOGISTICA,IMMOBILE,NUOVA_COSTRUZIONE,ACQUISIZIONE CAPANNONE / MAGAZZINO,Druento,Capannoni logistica,Druento - 285 appartamenti in affito in Druento de Nuroa.it,,,0,NON_DETERMINATO,RELISTED,2026-09-08T06:35:04.157726+00:00,2026-09-22T07:44:42.105528+00:00,industriale logistica | nuova costruzione,,https://www.nuroa.it/affitto-case/druento
BASSA,33,INDUSTRIALE_LOGISTICA,IMMOBILE,NUOVA_COSTRUZIONE,ACQUISIZIONE CAPANNONE / MAGAZZINO,Druento,Capannoni logistica,Locale Commerciale Druento - 30 locali comerciali in affito in Druento ...,,,0,NON_DETERMINATO,TRACKED,2026-09-08T21:57:25.795498+00:00,2026-09-22T13:28:47.916297+00:00,industriale logistica | nuova costruzione,,https://www.nuroa.it/affitto-case/locale-commerciale-druento
BASSA,33,INDUSTRIALE_LOGISTICA,IMMOBILE,NUOVA_COSTRUZIONE,ACQUISIZIONE CAPANNONE / MAGAZZINO,Fiano,Capannoni logistica,LOGISTICA IN PROGETTAZIONE in Affitto - Fiano Romano - 7000.00 mq,,,0,NON_DETERMINATO,USCITO_MERCATO,2026-09-09T17:56:58.703380+00:00,2026-09-12T17:06:03.935444+00:00,industriale logistica | nuova costruzione,,https://arealogistica.it/it/area/2607-logistica-in-progettazione-affitto-fiano-romano/
BASSA,33,INDUSTRIALE_LOGISTICA,IMMOBILE,NUOVA_COSTRUZIONE,ACQUISIZIONE CAPANNONE / MAGAZZINO,Giaveno,Capannoni logistica,"Giaveno, in arrivo un nuovo parcheggio e un supermercato (con distributore)",,,0,NON_DETERMINATO,USCITO_MERCATO,2026-09-14T12:27:12.113416+00:00,2026-09-14T12:27:12.113417+00:00,industriale logistica | nuova costruzione,,https://www.lavalsusa.it/giaveno-in-arrivo-un-nuovo-parcheggio-e-un-supermercato-con-distributore/
BASSA,31,UFFICIO_DIREZIONALE,IMMOBILE,,ACQUISIZIONE / LOCAZIONE UFFICIO,Condove,Uffici e direzionale,162 Case in vendita a Condove - Mitula Case,,,0,NON_DETERMINATO,USCITO_MERCATO,2026-08-21T12:20:59.475529+00:00,2026-09-08T11:07:58.868404+00:00,ufficio direzionale | 30+ giorni monitorati,,https://immobiliare.mitula.it/casa-condove
BASSA,31,UFFICIO_DIREZIONALE,IMMOBILE,,ACQUISIZIONE / LOCAZIONE UFFICIO,Condove,Uffici e direzionale,Casa singola in vendita a Condove Cod. BELLAFUGERA,,,0,NON_DETERMINATO,POSSIBILE_USCITA,2026-08-22T17:17:15.502611+00:00,2026-09-21T12:37:01.289349+00:00,ufficio direzionale | 30+ giorni monitorati,,https://www.fcimmobiliare.it/i-672094-vendita-casa-singola-condove/
BASSA,30,INDUSTRIALE_LOGISTICA,IMMOBILE,,ACQUISIZIONE CAPANNONE / MAGAZZINO,San Didero,Capannoni logistica,Magazzino All'asta In Via Roma 34 - 10050 San Didero (TO),10500,,0,NON_DETERMINATO,USCITO_MERCATO,2026-08-27T21:04:17.080836+00:00,2026-09-02T16:09:34.325468+00:00,prezzo rilevato | industriale logistica,,https://www.immobiliallasta.it/immobili/torino/san-didero/ex8025918/magazzino-all-asta-in-via-roma-34-10050-san-didero-to
BASSA,30,INDUSTRIALE_LOGISTICA,IMMOBILE,,ACQUISIZIONE CAPANNONE / MAGAZZINO,Trana,Trovit,10 locale commerciales in vendita a Trana - Trovit,33000,,0,NON_DETERMINATO,TRACKED,2026-08-27T21:04:17.081116+00:00,2026-09-22T13:28:47.917737+00:00,prezzo rilevato | industriale logistica,,https://case.trovit.it/negozio-trana
BASSA,30,INDUSTRIALE_LOGISTICA,IMMOBILE,,ACQUISIZIONE CAPANNONE / MAGAZZINO,Caprie,Immobiliare.it,"Capannone via Roma 12, Caprie, Rif. 132000372 - Immobiliare.it",10000,,0,NON_DETERMINATO,POSSIBILE_USCITA,2026-09-01T18:58:42.119394+00:00,2026-09-21T18:48:49.171473+00:00,prezzo rilevato | industriale logistica,,https://www.immobiliare.it/annunci/132000372/
BASSA,30,INDUSTRIALE_LOGISTICA,IMMOBILE,,ACQUISIZIONE CAPANNONE / MAGAZZINO,Val della Torre,Immobiliare.it,"Capannone via Val della Torre 184, Alpignano, Rif. 127148161 ...",1800000,,0,NON_DETERMINATO,USCITO_MERCATO,2026-09-01T18:58:42.122044+00:00,2026-09-06T13:51:47.103627+00:00,prezzo rilevato | industriale logistica,,https://www.immobiliare.it/annunci/127148161/
BASSA,30,INDUSTRIALE_LOGISTICA,IMMOBILE,,ACQUISIZIONE CAPANNONE / MAGAZZINO,Val della Torre,Capannoni logistica,Garage Val Della Torre - 30 Garage in vendita in Val Della Torre de ...,24000,,0,NON_DETERMINATO,USCITO_MERCATO,2026-09-01T23:36:27.692306+00:00,2026-09-01T23:36:27.692307+00:00,prezzo rilevato | industriale logistica,,https://www.nuroa.it/vendita-immobili/garage-val-della-torre
BASSA,30,INDUSTRIALE_LOGISTICA,IMMOBILE,,ACQUISIZIONE CAPANNONE / MAGAZZINO,Almese,Idealista,"Locale in vendita in Via Roma, 29, Almese — idealista, N.1 in Italia",45000,,0,NON_DETERMINATO,USCITO_MERCATO,2026-09-04T19:20:00.002913+00:00,2026-09-05T19:08:06.332898+00:00,prezzo rilevato | industriale logistica,,https://www.idealista.it/immobile/36723793/
BASSA,30,INDUSTRIALE_LOGISTICA,IMMOBILE,,ACQUISIZIONE CAPANNONE / MAGAZZINO,Collegno,Trovit,132 locale commerciales in vendita a Collegno - Trovit,28000,,0,NON_DETERMINATO,USCITO_MERCATO,2026-09-07T04:45:03.056134+00:00,2026-09-12T19:18:03.777451+00:00,prezzo rilevato | industriale logistica,,https://case.trovit.it/negozio-collegno
BASSA,30,INDUSTRIALE_LOGISTICA,IMMOBILE,,ACQUISIZIONE CAPANNONE / MAGAZZINO,Bruino,Immobiliare.it,"Capannone via Volvera 173, Bruino, Rif. 132230126 - Immobiliare.it",120000,,0,NON_DETERMINATO,USCITO_MERCATO,2026-09-08T18:39:29.643696+00:00,2026-09-13T14:26:02.554872+00:00,prezzo rilevato | industriale logistica,,https://www.immobiliare.it/annunci/132230126/
BASSA,30,INDUSTRIALE_LOGISTICA,IMMOBILE,,ACQUISIZIONE CAPANNONE / MAGAZZINO,Alpignano,Trovit,8 capannones in vendita a Alpignano - Trovit,65000,,0,NON_DETERMINATO,USCITO_MERCATO,2026-09-09T20:56:38.868118+00:00,2026-09-18T19:44:01.660697+00:00,prezzo rilevato | industriale logistica,,https://case.trovit.it/capannone-alpignano
BASSA,30,INDUSTRIALE_LOGISTICA,IMMOBILE,,ACQUISIZIONE CAPANNONE / MAGAZZINO,Rivoli,Immobiliare.it,"Magazzino - Deposito via Alessandro Manzoni 3, Rivoli, Rif. 128102068 ...",149000,,0,NON_DETERMINATO,USCITO_MERCATO,2026-09-10T05:58:05.662174+00:00,2026-09-10T11:09:38.638758+00:00,prezzo rilevato | industriale logistica,,https://www.immobiliare.it/annunci/128102068/
BASSA,30,INDUSTRIALE_LOGISTICA,IMMOBILE,,ACQUISIZIONE CAPANNONE / MAGAZZINO,Val della Torre,Capannoni logistica,studio casa sas - gruppo casa re,13000,,0,NON_DETERMINATO,USCITO_MERCATO,2026-09-10T05:58:05.663260+00:00,2026-09-11T13:39:24.925383+00:00,prezzo rilevato | industriale logistica,,https://www.gruppocasaretorino.it/
BASSA,30,INDUSTRIALE_LOGISTICA,IMMOBILE,,ACQUISIZIONE CAPANNONE / MAGAZZINO,Alpignano,Immobiliare.it,"Capannone via Pianezza 76, Alpignano, Rif. 132249964 - Immobiliare.it",350000,,0,NON_DETERMINATO,TRACKED,2026-09-10T21:45:03.418114+00:00,2026-09-22T13:28:47.915213+00:00,prezzo rilevato | industriale logistica,,https://www.immobiliare.it/annunci/132249964/
BASSA,30,INDUSTRIALE_LOGISTICA,IMMOBILE,,ACQUISIZIONE CAPANNONE / MAGAZZINO,Alpignano,Subito privati,Subito - Tecnocasa - OVEST INDUSTRIALE sas - CAPANNONE A ALPIGNANO ...,220000,,0,INDIZIO_AGENZIA,USCITO_MERCATO,2026-09-11T09:00:35.957027+00:00,2026-09-11T17:53:32.666963+00:00,fonte/query orientata ai privati | indizio agenzia | prezzo rilevato | industriale logistica,,https://www.subito.it/uffici-locali-commerciali/capannone-a-alpignano-torino-659433515.htm
BASSA,30,INDUSTRIALE_LOGISTICA,IMMOBILE,,ACQUISIZIONE CAPANNONE / MAGAZZINO,Trana,Casa.it,Capannone in Vendita in Via Zona Industriale a Trana - Casa.it,204080,,0,NON_DETERMINATO,USCITO_MERCATO,2026-09-11T09:00:35.958888+00:00,2026-09-15T18:17:59.373567+00:00,prezzo rilevato | industriale logistica,,https://www.casa.it/immobili/54703870/
BASSA,30,INDUSTRIALE_LOGISTICA,IMMOBILE,,ACQUISIZIONE CAPANNONE / MAGAZZINO,Beinasco,Capannoni logistica,"Capannone 3735 m² in Via Aosta 16/A, Beinasco (TO)",500000,,0,NON_DETERMINATO,USCITO_MERCATO,2026-09-11T23:19:47.988037+00:00,2026-09-17T06:08:55.031095+00:00,prezzo rilevato | industriale logistica,,https://asteflorio.it/aste/capannone-a-beinasco-to-beinasco-2
BASSA,30,INDUSTRIALE_LOGISTICA,IMMOBILE,,ACQUISIZIONE CAPANNONE / MAGAZZINO,Beinasco,Capannoni logistica,"Capannone Vendita a Beinasco - Beinasco, 16 | Bilocale.it",500000,,0,NON_DETERMINATO,USCITO_MERCATO,2026-09-13T09:37:53.087276+00:00,2026-09-16T14:58:05.670319+00:00,prezzo rilevato | industriale logistica,,https://www.bilocale.it/beinasco-beinasco-16-capannone-vendita-2759686.html
BASSA,30,INDUSTRIALE_LOGISTICA,IMMOBILE,,ACQUISIZIONE CAPANNONE / MAGAZZINO,Beinasco,Capannoni logistica,"Capannone in vendita a Beinasco, 3575 mq | PCase.it",500000,,0,NON_DETERMINATO,USCITO_MERCATO,2026-09-13T09:37:53.087288+00:00,2026-09-17T06:08:55.031118+00:00,prezzo rilevato | industriale logistica,,https://www.pcase.it/immobili/capannone-vendita-beinasco-sc9708325/
BASSA,30,INDUSTRIALE_LOGISTICA,IMMOBILE,,ACQUISIZIONE CAPANNONE / MAGAZZINO,Chiusa di San Michele,Capannoni logistica,Capannone Vendita a Chiusa di San Michele - Via Susa | Biloca…,110000,,0,NON_DETERMINATO,USCITO_MERCATO,2026-09-13T14:26:02.555210+00:00,2026-09-15T18:17:59.372301+00:00,prezzo rilevato | industriale logistica,,https://www.bilocale.it/chiusa-di-san-michele-via-susa-capannone-vendita-24781.html
BASSA,30,INDUSTRIALE_LOGISTICA,IMMOBILE,,ACQUISIZIONE CAPANNONE / MAGAZZINO,Beinasco,Casa.it,Capannone in Vendita in Via Aosta a Beinasco - Casa.it,500000,,0,NON_DETERMINATO,USCITO_MERCATO,2026-09-13T18:14:54.118966+00:00,2026-09-13T23:15:39.648877+00:00,prezzo rilevato | industriale logistica,,https://www.casa.it/immobili/54721587/
BASSA,30,INDUSTRIALE_LOGISTICA,IMMOBILE,,ACQUISIZIONE CAPANNONE / MAGAZZINO,Beinasco,Immobiliare.it,"Asta per capannone, via Aosta, 16, Centro Beinasco, rif. 132378892 ...",500000,,0,NON_DETERMINATO,TRACKED,2026-09-14T18:41:54.042569+00:00,2026-09-22T07:44:42.104658+00:00,prezzo rilevato | industriale logistica,,https://www.immobiliare.it/annunci/132378892/
BASSA,30,INDUSTRIALE_LOGISTICA,IMMOBILE,,ACQUISIZIONE CAPANNONE / MAGAZZINO,Beinasco,Capannoni logistica,Astalegale.net - Asta giudiziaria Fabbricati industriali Via Aosta 16 ...,499990,,0,NON_DETERMINATO,USCITO_MERCATO,2026-09-16T04:54:00.958136+00:00,2026-09-18T19:44:01.660940+00:00,prezzo rilevato | industriale logistica,,https://www.astalegale.net/Aste/Detail/B2433259
BASSA,30,INDUSTRIALE_LOGISTICA,IMMOBILE,,ACQUISIZIONE CAPANNONE / MAGAZZINO,Sant'Antonino di Susa,Capannoni logistica,"Locale commerciale 83 m² in Via Torino 181, Sant'Antonino di Susa (TO)",35625,,0,NON_DETERMINATO,USCITO_MERCATO,2026-09-16T04:54:00.960331+00:00,2026-09-18T19:44:01.663732+00:00,prezzo rilevato | industriale logistica,,https://asteflorio.it/aste/locale-commerciale-a-sant-antonino-di-susa-to-sant-antonino-di-susa
BASSA,30,INDUSTRIALE_LOGISTICA,IMMOBILE,,ACQUISIZIONE CAPANNONE / MAGAZZINO,Beinasco,Casa.it,Capannone in Vendita in Via Aosta 16 a Beinasco - Casa.it,500000,,0,NON_DETERMINATO,USCITO_MERCATO,2026-09-16T14:58:05.670332+00:00,2026-09-19T10:47:39.483596+00:00,prezzo rilevato | industriale logistica,,https://www.casa.it/immobili/54721895/
BASSA,30,INDUSTRIALE_LOGISTICA,IMMOBILE,,ACQUISIZIONE CAPANNONE / MAGAZZINO,Rosta,Capannoni logistica,"Capannone in vendita a Rosta, 704 mq | PCase.it",130725,,0,NON_DETERMINATO,USCITO_MERCATO,2026-09-16T14:58:05.672403+00:00,2026-09-17T06:08:55.033449+00:00,prezzo rilevato | industriale logistica,,https://www.pcase.it/immobili/capannone-vendita-rosta-sc9709402/
BASSA,30,INDUSTRIALE_LOGISTICA,IMMOBILE,,ACQUISIZIONE CAPANNONE / MAGAZZINO,Pianezza,Trovit,14 capannones in vendita a Pianezza - Trovit,23240,,0,NON_DETERMINATO,TRACKED,2026-09-16T22:13:22.798398+00:00,2026-09-22T01:45:50.162434+00:00,prezzo rilevato | industriale logistica,,https://case.trovit.it/capannone-pianezza
BASSA,30,INDUSTRIALE_LOGISTICA,IMMOBILE,,ACQUISIZIONE CAPANNONE / MAGAZZINO,Rosta,Immobiliare.it,"Capannone via Sant'Antonio di Ranverso 4, Rosta, Rif. 60230588 ...",6000,,0,NON_DETERMINATO,USCITO_MERCATO,2026-09-16T22:13:22.798724+00:00,2026-09-19T20:30:44.818261+00:00,prezzo rilevato | industriale logistica,,https://www.immobiliare.it/annunci/60230588/
BASSA,30,INDUSTRIALE_LOGISTICA,IMMOBILE,,ACQUISIZIONE CAPANNONE / MAGAZZINO,Beinasco,Capannoni logistica,"Capannone Vendita a Beinasco - Beinasco, 16 | Quadrilocale.it",500000,,0,NON_DETERMINATO,USCITO_MERCATO,2026-09-17T06:08:55.031107+00:00,2026-09-17T06:08:55.031109+00:00,prezzo rilevato | industriale logistica,,https://www.quadrilocale.it/beinasco-beinasco-16-capannone-vendita-2759686.html
BASSA,30,INDUSTRIALE_LOGISTICA,IMMOBILE,,ACQUISIZIONE CAPANNONE / MAGAZZINO,Beinasco,Trovit,3 capannones in affitto a Beinasco - Trovit,5750,,0,NON_DETERMINATO,USCITO_MERCATO,2026-09-19T10:47:39.483578+00:00,2026-09-20T06:08:00.345931+00:00,prezzo rilevato | industriale logistica,,https://case.trovit.it/affitto-capannone-beinasco
BASSA,30,INDUSTRIALE_LOGISTICA,IMMOBILE,,ACQUISIZIONE CAPANNONE / MAGAZZINO,Beinasco,Capannoni logistica,Garage Beinasco - 35 Garage in vendita in Beinasco de Nuroa.it,20000,,0,NON_DETERMINATO,POSSIBILE_USCITA,2026-09-19T18:06:37.665384+00:00,2026-09-21T18:48:49.171118+00:00,prezzo rilevato | industriale logistica,,https://www.nuroa.it/vendita-immobili/garage-beinasco
BASSA,30,INDUSTRIALE_LOGISTICA,IMMOBILE,,ACQUISIZIONE CAPANNONE / MAGAZZINO,Beinasco,Immobiliare.it,"Capannone via Aosta 22, Beinasco, Rif. 127961230 - Immobiliare.it",470000,,0,NON_DETERMINATO,TRACKED,2026-09-19T23:00:29.356367+00:00,2026-09-22T13:28:47.915443+00:00,prezzo rilevato | industriale logistica,,https://www.immobiliare.it/annunci/127961230/
BASSA,30,INDUSTRIALE_LOGISTICA,IMMOBILE,,ACQUISIZIONE CAPANNONE / MAGAZZINO,Beinasco,Immobiliare.it,"Capannone via Giacomo Leopardi 20, Beinasco, Rif. 129017122 ...",720000,,0,NON_DETERMINATO,TRACKED,2026-09-21T01:16:25.015808+00:00,2026-09-22T13:28:47.915450+00:00,prezzo rilevato | industriale logistica,,https://www.immobiliare.it/annunci/129017122/
BASSA,30,INDUSTRIALE_LOGISTICA,IMMOBILE,,ACQUISIZIONE CAPANNONE / MAGAZZINO,Bruino,Trovit,5 capannones in vendita a Bruino - Trovit,270000,,0,NON_DETERMINATO,TRACKED,2026-09-22T07:44:42.104849+00:00,2026-09-22T13:28:47.915563+00:00,prezzo rilevato | industriale logistica,,https://case.trovit.it/capannone-bruino
BASSA,28,UFFICIO_DIREZIONALE,IMMOBILE,,ACQUISIZIONE / LOCAZIONE UFFICIO,Susa,Trovit,10 locale commerciales in vendita a Susa - Trovit,35000,,0,NON_DETERMINATO,TRACKED,2026-08-28T05:06:35.531441+00:00,2026-09-07T10:14:01.141842+00:00,prezzo rilevato | ufficio direzionale,,https://case.trovit.it/negozio-susa
BASSA,28,COMMERCIALE_IMMOBILE,IMMOBILE,,ACQUISIZIONE / LOCAZIONE IMMOBILE COMMERCIALE,Pianezza,Commerciale negozi/locali,Via Pianezza Torino - 384 case in vendita in Torino de Nuroa.it,22000,,0,NON_DETERMINATO,USCITO_MERCATO,2026-09-01T20:55:16.173429+00:00,2026-09-10T11:09:38.638544+00:00,prezzo rilevato | commerciale immobile,,https://www.nuroa.it/vendita-immobili/via-pianezza-torino
BASSA,28,UFFICIO_DIREZIONALE,IMMOBILE,,ACQUISIZIONE / LOCAZIONE UFFICIO,Pianezza,Trovit,26 locale commerciales in vendita a Pianezza - Trovit,28000,,0,NON_DETERMINATO,USCITO_MERCATO,2026-09-03T18:47:06.318945+00:00,2026-09-14T01:05:27.892091+00:00,prezzo rilevato | ufficio direzionale,,https://case.trovit.it/negozio-pianezza
BASSA,28,COMMERCIALE_IMMOBILE,IMMOBILE,,ACQUISIZIONE / LOCAZIONE IMMOBILE COMMERCIALE,Alpignano,Commerciale negozi/locali,Locale Commerciale Alpignano - 101 locali comerciali in affito in ...,12000,,0,NON_DETERMINATO,POSSIBILE_USCITA,2026-09-05T09:19:10.295191+00:00,2026-09-21T12:37:01.287957+00:00,prezzo rilevato | commerciale immobile,,https://www.nuroa.it/affitto-case/locale-commerciale-alpignano
BASSA,28,COMMERCIALE_IMMOBILE,IMMOBILE,,ACQUISIZIONE / LOCAZIONE IMMOBILE COMMERCIALE,Bussoleno,Commerciale negozi/locali,Bilocale Bussoleno - 27 appartamenti in vendita in Bussoleno de Nuroa.it,43000,,0,NON_DETERMINATO,USCITO_MERCATO,2026-09-05T09:19:10.295614+00:00,2026-09-05T19:08:06.333485+00:00,prezzo rilevato | commerciale immobile,,https://www.nuroa.it/vendita-immobili/bilocale-bussoleno
BASSA,28,COMMERCIALE_IMMOBILE,IMMOBILE,,ACQUISIZIONE / LOCAZIONE IMMOBILE COMMERCIALE,Rivoli,Commerciale negozi/locali,"Stabile/Edificio 1199 m² in Via Pavia 26, Rivoli (TO)",472500,,0,NON_DETERMINATO,USCITO_MERCATO,2026-09-05T09:19:10.297136+00:00,2026-09-09T04:02:27.438703+00:00,prezzo rilevato | commerciale immobile,,https://asteflorio.it/aste/proprieta-superficiaria-complesso-immobiliare-a-rivoli-to-rivoli
BASSA,28,COMMERCIALE_IMMOBILE,IMMOBILE,,ACQUISIZIONE / LOCAZIONE IMMOBILE COMMERCIALE,Avigliana,Casa.it,Locale commerciale in Vendita in Corso Laghi 157 a Avigliana,99000,,0,NON_DETERMINATO,POSSIBILE_USCITA,2026-09-05T16:59:36.014276+00:00,2026-09-21T01:16:25.015675+00:00,prezzo rilevato | commerciale immobile,,https://www.casa.it/immobili/52355323/
BASSA,28,UFFICIO_DIREZIONALE,IMMOBILE,,ACQUISIZIONE / LOCAZIONE UFFICIO,Caprie,Uffici e direzionale,"1.000 offerte di lavoro: Caprie, Piemonte, 6 settembre 2026 | Indeed",5000,,0,NON_DETERMINATO,USCITO_MERCATO,2026-09-07T10:14:01.139470+00:00,2026-09-07T10:14:01.139472+00:00,prezzo rilevato | ufficio direzionale,,"https://it.indeed.com/l-caprie,-piemonte-offerte-lavoro.html?vjk=9b039fc88b031ed5"
BASSA,28,COMMERCIALE_IMMOBILE,IMMOBILE,,ACQUISIZIONE / LOCAZIONE IMMOBILE COMMERCIALE,Bruino,Commerciale negozi/locali,Locale Commerciale Bruino - 40 locali comerciali in affito in Bruino de ...,270000,,0,NON_DETERMINATO,USCITO_MERCATO,2026-09-08T06:35:04.156906+00:00,2026-09-20T21:00:13.355325+00:00,prezzo rilevato | commerciale immobile,,https://www.nuroa.it/affitto-case/locale-commerciale-bruino
BASSA,28,COMMERCIALE_IMMOBILE,IMMOBILE,,ACQUISIZIONE / LOCAZIONE IMMOBILE COMMERCIALE,Condove,Commerciale negozi/locali,Locale Commerciale Condove - 22 locali comerciali in affito in Condove ...,29000,,0,NON_DETERMINATO,TRACKED,2026-09-08T06:35:04.157598+00:00,2026-09-22T13:28:47.916179+00:00,prezzo rilevato | commerciale immobile,,https://www.nuroa.it/affitto-case/locale-commerciale-condove
BASSA,28,INDUSTRIALE_LOGISTICA,IMMOBILE,IN_CORSO,ACQUISIZIONE CAPANNONE / MAGAZZINO,San Gillio,Capannoni logistica,"Immobiliare CASEINPIEMONTE, CASAPIEMONTE OVEST SRL, CASAPIEMONTE",,,0,INDIZIO_AGENZIA,USCITO_MERCATO,2026-09-08T06:35:04.158996+00:00,2026-09-10T01:14:41.786329+00:00,indizio agenzia | industriale logistica | cantiere/lavori in corso,,https://caseinpiemonte.it/
BASSA,28,COMMERCIALE_IMMOBILE,IMMOBILE,,ACQUISIZIONE / LOCAZIONE IMMOBILE COMMERCIALE,Buttigliera Alta,Commerciale negozi/locali,Immho group,570000,,0,NON_DETERMINATO,USCITO_MERCATO,2026-09-08T11:07:58.868046+00:00,2026-09-11T23:19:47.988378+00:00,prezzo rilevato | commerciale immobile,,https://immhogroup.it/
BASSA,28,COMMERCIALE_IMMOBILE,IMMOBILE,,ACQUISIZIONE / LOCAZIONE IMMOBILE COMMERCIALE,Alpignano,Trovit,76 locale commerciales in vendita a Alpignano - Trovit,35000,,0,NON_DETERMINATO,USCITO_MERCATO,2026-09-08T18:39:29.643196+00:00,2026-09-18T01:22:44.225378+00:00,prezzo rilevato | commerciale immobile,,https://case.trovit.it/negozio-alpignano
BASSA,28,COMMERCIALE_IMMOBILE,IMMOBILE,,ACQUISIZIONE / LOCAZIONE IMMOBILE COMMERCIALE,Grugliasco,Commerciale negozi/locali,Più di dieci capannoni in vendita a Grugliasco. - Caasa,260000,,0,NON_DETERMINATO,TRACKED,2026-09-09T20:56:38.869637+00:00,2026-09-22T13:28:47.916718+00:00,prezzo rilevato | commerciale immobile,,https://www.caasa.it/torino/grugliasco/capannone/in-vendita.html
BASSA,28,UFFICIO_DIREZIONALE,IMMOBILE,,ACQUISIZIONE / LOCAZIONE UFFICIO,Bruino,Uffici e direzionale,Ufficio Vendita a Bruino - Via Marconi57 | Bilocale.it,135000,,0,NON_DETERMINATO,USCITO_MERCATO,2026-09-10T18:28:14.180295+00:00,2026-09-15T01:31:48.169778+00:00,prezzo rilevato | ufficio direzionale,,https://www.bilocale.it/bruino-via-marconi57-ufficio-vendita-2721992.html
BASSA,28,COMMERCIALE_IMMOBILE,IMMOBILE,,ACQUISIZIONE / LOCAZIONE IMMOBILE COMMERCIALE,Beinasco,Wikicasa,"Palazzina commerciale in Vendita, Via Principe Amedeo 18, Beinasco",69000,,0,NON_DETERMINATO,USCITO_MERCATO,2026-09-10T21:45:03.418289+00:00,2026-09-15T18:17:59.371992+00:00,prezzo rilevato | commerciale immobile,,https://www.wikicasa.it/annuncio/30795663
BASSA,28,UFFICIO_DIREZIONALE,IMMOBILE,,ACQUISIZIONE / LOCAZIONE UFFICIO,Alpignano,Uffici e direzionale,"Ufficio in vendita a Alpignano, 1 locale, 323 mq | PCase.it",117563,,0,NON_DETERMINATO,USCITO_MERCATO,2026-09-13T20:46:02.144637+00:00,2026-09-19T10:47:39.483279+00:00,prezzo rilevato | ufficio direzionale,,https://www.pcase.it/immobili/ufficio-vendita-alpignano-sc9707597/
BASSA,28,INDUSTRIALE_LOGISTICA,IMMOBILE,,ACQUISIZIONE CAPANNONE / MAGAZZINO,Rosta,Tecnocasa,Annunci case e appartamenti in vendita e in affitto - Tecnocasa.it,,,0,INDIZIO_AGENZIA,NEW,2026-09-22T01:45:50.162758+00:00,2026-09-22T01:45:50.162759+00:00,nuova rilevazione | indizio agenzia | industriale logistica,,https://www.tecnocasa.it/vendita/capannone/torino/rosta/61272428.html
BASSA,25,INDUSTRIALE_LOGISTICA,IMMOBILE,,ACQUISIZIONE CAPANNONE / MAGAZZINO,Rubiana,Immobiliare.it,Vendita Terratetto plurifamiliare in Ferro Raimondo 10 Rubiana. Buono ...,,,0,NON_DETERMINATO,USCITO_MERCATO,2026-08-27T21:04:17.080818+00:00,2026-09-14T22:36:38.494738+00:00,industriale logistica,,https://www.immobiliare.it/annunci/122249368/
BASSA,25,INDUSTRIALE_LOGISTICA,IMMOBILE,,ACQUISIZIONE CAPANNONE / MAGAZZINO,San Didero,Capannoni logistica,ALBO PRETORIO DIGITALE - Comune di San Didero,,,0,NON_DETERMINATO,USCITO_MERCATO,2026-08-27T21:04:17.080844+00:00,2026-08-28T10:58:40.671713+00:00,industriale logistica,,https://www.servizipubblicaamministrazione.it/servizi/saturnweb/Home.aspx?CE=snddr1352
BASSA,25,INDUSTRIALE_LOGISTICA,IMMOBILE,,ACQUISIZIONE CAPANNONE / MAGAZZINO,Avigliana,Capannoni logistica,13 Capannoni in vendita a Avigliana - Mitula Case,,,0,NON_DETERMINATO,TRACKED,2026-08-28T05:06:35.529910+00:00,2026-09-22T13:28:47.915341+00:00,industriale logistica,,https://immobiliare.mitula.it/capannone-avigliana
BASSA,25,INDUSTRIALE_LOGISTICA,IMMOBILE,,ACQUISIZIONE CAPANNONE / MAGAZZINO,Bussoleno,Immobiliare.it,"Capannone Strada Monginevro 7/a Pt, 1, Bussoleno, Rif. 65394712 ...",,,0,NON_DETERMINATO,USCITO_MERCATO,2026-08-28T05:06:35.530153+00:00,2026-08-28T10:58:40.670190+00:00,industriale logistica,,https://www.immobiliare.it/annunci/65394712/
BASSA,25,INDUSTRIALE_LOGISTICA,IMMOBILE,,ACQUISIZIONE CAPANNONE / MAGAZZINO,Caselette,Capannoni logistica,29 Capannoni in affitto a Caselette - Mitula Case,,,0,NON_DETERMINATO,USCITO_MERCATO,2026-08-28T05:06:35.530233+00:00,2026-08-28T10:58:40.670302+00:00,industriale logistica,,https://immobiliare.mitula.it/affitto-capannone-caselette
BASSA,25,INDUSTRIALE_LOGISTICA,IMMOBILE,,ACQUISIZIONE CAPANNONE / MAGAZZINO,Collegno,Capannoni logistica,15 Capannoni in affitto a Collegno - Mitula Case,,,0,NON_DETERMINATO,TRACKED,2026-08-28T05:06:35.530476+00:00,2026-09-22T13:28:47.916090+00:00,industriale logistica,,https://immobiliare.mitula.it/affitto-capannone-collegno
BASSA,25,INDUSTRIALE_LOGISTICA,IMMOBILE,,ACQUISIZIONE CAPANNONE / MAGAZZINO,Grugliasco,Immobiliare.it,"Capannone via primo levi 13, Grugliasco, Rif. 131554842 - Immobiliare.it",,,0,NON_DETERMINATO,RELISTED,2026-08-28T05:06:35.530740+00:00,2026-09-22T01:45:50.162297+00:00,industriale logistica,,https://www.immobiliare.it/annunci/131554842/
BASSA,25,INDUSTRIALE_LOGISTICA,IMMOBILE,,ACQUISIZIONE CAPANNONE / MAGAZZINO,Grugliasco,Trovit,46 locale commerciales in affitto a Grugliasco - Trovit,,,0,NON_DETERMINATO,USCITO_MERCATO,2026-08-28T05:06:35.530744+00:00,2026-09-16T22:13:22.798264+00:00,industriale logistica,,https://case.trovit.it/affitto-negozio-grugliasco
BASSA,25,INDUSTRIALE_LOGISTICA,IMMOBILE,,ACQUISIZIONE CAPANNONE / MAGAZZINO,Grugliasco,Immobiliare.it,"Capannone Strada Antica di Grugliasco 111, Grugliasco, Rif. 129027088 ...",,,0,NON_DETERMINATO,RELISTED,2026-08-28T05:06:35.530749+00:00,2026-09-22T07:44:42.105988+00:00,industriale logistica,,https://www.immobiliare.it/annunci/129027088/
BASSA,25,INDUSTRIALE_LOGISTICA,IMMOBILE,,ACQUISIZIONE CAPANNONE / MAGAZZINO,Grugliasco,Immobiliare.it,"Capannone corso Canonico Giuseppe Allamano 34, Grugliasco, Rif ...",,,0,NON_DETERMINATO,USCITO_MERCATO,2026-08-28T05:06:35.530753+00:00,2026-09-13T20:46:02.146962+00:00,industriale logistica,,https://www.immobiliare.it/annunci/131506522/
BASSA,25,INDUSTRIALE_LOGISTICA,IMMOBILE,,ACQUISIZIONE CAPANNONE / MAGAZZINO,Rivoli,Capannoni logistica,108 Capannoni in vendita a Rivoli - Mitula Case,,,0,NON_DETERMINATO,USCITO_MERCATO,2026-08-28T05:06:35.531055+00:00,2026-09-20T01:04:10.802851+00:00,industriale logistica,,https://immobiliare.mitula.it/capannone-rivoli
BASSA,25,INDUSTRIALE_LOGISTICA,IMMOBILE,,ACQUISIZIONE CAPANNONE / MAGAZZINO,Rivoli,Immobiliare.it,"Capannone via Cagliari 11, Rivoli, Rif. 129183178 - Immobiliare.it",,,0,NON_DETERMINATO,USCITO_MERCATO,2026-08-28T05:06:35.531059+00:00,2026-09-15T18:17:59.373170+00:00,industriale logistica,,https://www.immobiliare.it/annunci/129183178/
BASSA,25,INDUSTRIALE_LOGISTICA,IMMOBILE,,ACQUISIZIONE CAPANNONE / MAGAZZINO,Rivoli,Immobiliare.it,"Capannone corso Canonico Giuseppe Allamano 123, Rivoli, Rif. 130692472 ...",,,0,NON_DETERMINATO,USCITO_MERCATO,2026-08-28T05:06:35.531064+00:00,2026-09-06T13:51:47.105699+00:00,industriale logistica,,https://www.immobiliare.it/annunci/130692472/
BASSA,25,INDUSTRIALE_LOGISTICA,IMMOBILE,,ACQUISIZIONE CAPANNONE / MAGAZZINO,San Giorio,Immobiliare.it,"Capannone borgata Malpasso, San Giorio di Susa, Rif. 129015964 ...",,,0,NON_DETERMINATO,TRACKED,2026-08-28T05:06:35.531295+00:00,2026-09-02T16:09:34.325539+00:00,industriale logistica,,https://www.immobiliare.it/annunci/129015964/
BASSA,25,INDUSTRIALE_LOGISTICA,IMMOBILE,,ACQUISIZIONE CAPANNONE / MAGAZZINO,Collegno,Casa.it,Capannone in Vendita in Via Vittorio Sassi 26 a Collegno,,,0,NON_DETERMINATO,USCITO_MERCATO,2026-08-28T10:58:40.670597+00:00,2026-08-28T10:58:40.670599+00:00,industriale logistica,,https://www.casa.it/immobili/52282643/
BASSA,25,INDUSTRIALE_LOGISTICA,IMMOBILE,,ACQUISIZIONE CAPANNONE / MAGAZZINO,Moncenisio,Capannoni logistica,Il Colle del Moncenisio: cosa vedere e fare • Visit Val di Susa,,,0,NON_DETERMINATO,TRACKED,2026-08-28T10:58:40.671134+00:00,2026-09-07T10:14:01.140679+00:00,industriale logistica,,https://visitvaldisusa.it/moncenisio-la-porta-delle-alpi/
BASSA,25,INDUSTRIALE_LOGISTICA,IMMOBILE,,ACQUISIZIONE CAPANNONE / MAGAZZINO,Reano,Capannoni logistica,Terreno Reano - 10 terreni in vendita in Reano de Nuroa.it,,,0,NON_DETERMINATO,USCITO_MERCATO,2026-08-28T10:58:40.671373+00:00,2026-09-20T01:04:10.802718+00:00,industriale logistica,,https://www.nuroa.it/vendita-immobili/terreno-reano
BASSA,25,INDUSTRIALE_LOGISTICA,IMMOBILE,,ACQUISIZIONE CAPANNONE / MAGAZZINO,Rivoli,Immobiliare.it,"Capannone via Albenga 124, Rivoli, Rif. 128364064 - Immobiliare.it",,,0,NON_DETERMINATO,USCITO_MERCATO,2026-08-28T10:58:40.671476+00:00,2026-09-11T13:39:24.924731+00:00,industriale logistica,,https://www.immobiliare.it/annunci/128364064/
BASSA,25,INDUSTRIALE_LOGISTICA,IMMOBILE,,ACQUISIZIONE CAPANNONE / MAGAZZINO,Sant'Antonino di Susa,Capannoni logistica,"Lo stabilimento Ex Sogefi è in vendita, gli operai lo scoprono ... - Today",,,0,NON_DETERMINATO,USCITO_MERCATO,2026-08-28T10:58:40.671913+00:00,2026-09-18T19:44:01.663744+00:00,industriale logistica,,https://www.today.it/attualita/ex-sogefi-vendita-immobiliare-capannone-sant-antonino-di-susa-purflux-group.html
BASSA,25,INDUSTRIALE_LOGISTICA,IMMOBILE,,ACQUISIZIONE CAPANNONE / MAGAZZINO,Alpignano,Trovit,17 locale commerciales in affitto a Alpignano - Trovit,,,0,NON_DETERMINATO,TRACKED,2026-09-01T18:58:42.118899+00:00,2026-09-22T13:28:47.915237+00:00,industriale logistica,,https://case.trovit.it/affitto-negozio-alpignano
BASSA,25,INDUSTRIALE_LOGISTICA,IMMOBILE,,ACQUISIZIONE CAPANNONE / MAGAZZINO,Exilles,Immobiliare.it,"Vendita Rustico in Grangie Solliet Exilles. 60 m², rif. 98347312",,,0,NON_DETERMINATO,TRACKED,2026-09-01T18:58:42.120070+00:00,2026-09-07T10:14:01.140167+00:00,industriale logistica,,https://www.immobiliare.it/annunci/98347312/
BASSA,25,INDUSTRIALE_LOGISTICA,IMMOBILE,,ACQUISIZIONE CAPANNONE / MAGAZZINO,Pianezza,Capannoni logistica,18 Capannoni in affitto a Pianezza - Mitula Case,,,0,NON_DETERMINATO,USCITO_MERCATO,2026-09-01T18:58:42.120716+00:00,2026-09-20T11:10:13.479929+00:00,industriale logistica,,https://immobiliare.mitula.it/affitto-capannone-pianezza
BASSA,25,INDUSTRIALE_LOGISTICA,IMMOBILE,,ACQUISIZIONE CAPANNONE / MAGAZZINO,Pianezza,Immobiliare.it,"Capannone, Pianezza, Rif. 126069461 - Immobiliare.it",,,0,NON_DETERMINATO,USCITO_MERCATO,2026-09-01T18:58:42.120722+00:00,2026-09-16T19:00:37.439327+00:00,industriale logistica,,https://www.immobiliare.it/annunci/126069461/
BASSA,25,INDUSTRIALE_LOGISTICA,IMMOBILE,,ACQUISIZIONE CAPANNONE / MAGAZZINO,Rosta,Capannoni logistica,16 Capannoni in affitto a Rosta - Mitula Case,,,0,NON_DETERMINATO,USCITO_MERCATO,2026-09-01T18:58:42.121042+00:00,2026-09-01T18:58:42.121044+00:00,industriale logistica,,https://immobiliare.mitula.it/affitto-capannone-rosta
BASSA,25,INDUSTRIALE_LOGISTICA,IMMOBILE,,ACQUISIZIONE CAPANNONE / MAGAZZINO,Rosta,Trovit,5 capannones in affitto a Rosta - Trovit,,,0,NON_DETERMINATO,TRACKED,2026-09-01T18:58:42.121049+00:00,2026-09-22T13:28:47.917333+00:00,industriale logistica,,https://case.trovit.it/affitto-capannone-rosta
BASSA,25,INDUSTRIALE_LOGISTICA,IMMOBILE,,ACQUISIZIONE CAPANNONE / MAGAZZINO,Trana,Capannoni logistica,Articoli legno per magazzinaggio | Trana | F. A. Imballaggi,,,0,NON_DETERMINATO,TRACKED,2026-09-01T18:58:42.121906+00:00,2026-09-22T13:28:47.917744+00:00,industriale logistica,,https://www.faimballaggisrl.it/
BASSA,25,INDUSTRIALE_LOGISTICA,IMMOBILE,,ACQUISIZIONE CAPANNONE / MAGAZZINO,Grugliasco,Casa.it,Capannone in Vendita in Via Primo Levi 13 a Grugliasco,,,0,NON_DETERMINATO,USCITO_MERCATO,2026-09-01T20:55:16.173082+00:00,2026-09-05T23:10:34.871629+00:00,industriale logistica,,https://www.casa.it/immobili/54628426/
BASSA,25,INDUSTRIALE_LOGISTICA,IMMOBILE,,ACQUISIZIONE CAPANNONE / MAGAZZINO,Susa,Trovit,1 locale commerciales commerciale in affitto a Susa - Trovit,,,0,NON_DETERMINATO,USCITO_MERCATO,2026-09-01T20:55:16.174291+00:00,2026-09-06T00:53:48.288540+00:00,industriale logistica,,https://case.trovit.it/affitto-negozio-commerciale-susa
BASSA,25,INDUSTRIALE_LOGISTICA,IMMOBILE,,ACQUISIZIONE CAPANNONE / MAGAZZINO,Almese,Trovit,2 capannones in affitto a Almese - Trovit,,,0,NON_DETERMINATO,POSSIBILE_USCITA,2026-09-01T23:36:27.689895+00:00,2026-09-21T12:37:01.287822+00:00,industriale logistica,,https://case.trovit.it/affitto-capannone-almese
BASSA,25,INDUSTRIALE_LOGISTICA,IMMOBILE,,ACQUISIZIONE CAPANNONE / MAGAZZINO,Alpignano,Trovit,1 capannones in affitto a Alpignano - Trovit,,,0,NON_DETERMINATO,USCITO_MERCATO,2026-09-01T23:36:27.689979+00:00,2026-09-05T23:10:34.870196+00:00,industriale logistica,,https://case.trovit.it/affitto-capannone-alpignano
BASSA,25,INDUSTRIALE_LOGISTICA,IMMOBILE,,ACQUISIZIONE CAPANNONE / MAGAZZINO,Avigliana,Trovit,30 capannones in affitto a Avigliana - Trovit,,,0,NON_DETERMINATO,USCITO_MERCATO,2026-09-01T23:36:27.690082+00:00,2026-09-20T01:04:10.801234+00:00,industriale logistica,,https://case.trovit.it/affitto-capannone-avigliana
BASSA,25,INDUSTRIALE_LOGISTICA,IMMOBILE,,ACQUISIZIONE CAPANNONE / MAGAZZINO,Giaveno,Immobiliare.it,"Capannone via Caduti sul Lavoro 18, Giaveno, Rif. 131961856 ...",,,0,NON_DETERMINATO,TRACKED,2026-09-02T07:11:25.326017+00:00,2026-09-22T13:28:47.916508+00:00,industriale logistica,,https://www.immobiliare.it/annunci/131961856/
BASSA,25,INDUSTRIALE_LOGISTICA,IMMOBILE,,ACQUISIZIONE CAPANNONE / MAGAZZINO,Almese,Capannoni logistica,4 Capannoni in affitto a Almese - Mitula Case,,,0,NON_DETERMINATO,USCITO_MERCATO,2026-09-02T12:02:41.369296+00:00,2026-09-20T21:00:13.354581+00:00,industriale logistica,,https://immobiliare.mitula.it/affitto-capannone-almese
BASSA,25,INDUSTRIALE_LOGISTICA,IMMOBILE,,ACQUISIZIONE CAPANNONE / MAGAZZINO,Rivoli,Trovit,45 capannones in vendita a Rivoli - Trovit,,,0,NON_DETERMINATO,USCITO_MERCATO,2026-09-02T12:02:41.370657+00:00,2026-09-02T16:09:34.325151+00:00,industriale logistica,,https://case.trovit.it/capannone-rivoli
BASSA,25,INDUSTRIALE_LOGISTICA,IMMOBILE,,ACQUISIZIONE CAPANNONE / MAGAZZINO,Avigliana,Trovit,8 locale commerciales in affitto a Avigliana - Trovit,,,0,NON_DETERMINATO,TRACKED,2026-09-02T16:09:34.323479+00:00,2026-09-22T13:28:47.915348+00:00,industriale logistica,,https://case.trovit.it/affitto-negozio-avigliana
BASSA,25,INDUSTRIALE_LOGISTICA,IMMOBILE,,ACQUISIZIONE CAPANNONE / MAGAZZINO,Borgone Susa,Capannoni logistica,3 Capannoni in affitto a Borgone Susa - Mitula Case,,,0,NON_DETERMINATO,USCITO_MERCATO,2026-09-03T18:47:06.317916+00:00,2026-09-08T18:39:29.643574+00:00,industriale logistica,,https://immobiliare.mitula.it/affitto-capannone-borgone-susa
BASSA,25,INDUSTRIALE_LOGISTICA,IMMOBILE,,ACQUISIZIONE CAPANNONE / MAGAZZINO,Condove,Capannoni logistica,"Casa Indipendente in Borgata Pratobottrile, Condove (TO)",,,0,NON_DETERMINATO,USCITO_MERCATO,2026-09-03T18:47:06.318507+00:00,2026-09-05T23:10:34.871194+00:00,industriale logistica,,https://www.gabetti.it/vendita/condove/terratetto-unifamiliare/3336331
BASSA,25,INDUSTRIALE_LOGISTICA,IMMOBILE,,ACQUISIZIONE CAPANNONE / MAGAZZINO,Rubiana,Immobiliare.it,Vendita Terratetto unifamiliare in Borgata Favella 41 Rubiana. Da ...,,,0,NON_DETERMINATO,USCITO_MERCATO,2026-09-03T18:47:06.319256+00:00,2026-09-08T11:07:58.869182+00:00,industriale logistica,,https://www.immobiliare.it/annunci/121858536/
BASSA,25,INDUSTRIALE_LOGISTICA,IMMOBILE,,ACQUISIZIONE CAPANNONE / MAGAZZINO,Susa,Trovit,30 capannones in affitto a Susa - Trovit,,,0,NON_DETERMINATO,USCITO_MERCATO,2026-09-03T18:47:06.319677+00:00,2026-09-04T16:00:05.403402+00:00,industriale logistica,,https://case.trovit.it/affitto-capannone-susa
BASSA,25,INDUSTRIALE_LOGISTICA,IMMOBILE,,ACQUISIZIONE CAPANNONE / MAGAZZINO,Alpignano,Immobiliare.it,"Capannone via dei Ronchi 45, Alpignano, Rif. 127650474 - Immobiliare.it",,,0,NON_DETERMINATO,TRACKED,2026-09-04T00:12:37.945881+00:00,2026-09-22T13:28:47.915222+00:00,industriale logistica,,https://www.immobiliare.it/annunci/127650474/
BASSA,25,INDUSTRIALE_LOGISTICA,IMMOBILE,,ACQUISIZIONE CAPANNONE / MAGAZZINO,Alpignano,Capannoni logistica,21 Capannoni in affitto a Alpignano - Mitula Case,,,0,NON_DETERMINATO,TRACKED,2026-09-04T00:12:37.945888+00:00,2026-09-22T13:28:47.915230+00:00,industriale logistica,,https://immobiliare.mitula.it/affitto-capannone-alpignano
BASSA,25,INDUSTRIALE_LOGISTICA,IMMOBILE,,ACQUISIZIONE CAPANNONE / MAGAZZINO,Avigliana,Capannoni logistica,1 Capannoni in affitto a Avigliana - Mitula Case,,,0,NON_DETERMINATO,USCITO_MERCATO,2026-09-04T00:12:37.945971+00:00,2026-09-04T00:12:37.945973+00:00,industriale logistica,,https://immobiliare.mitula.it/affitto-capannone-avigliana
BASSA,25,INDUSTRIALE_LOGISTICA,IMMOBILE,,ACQUISIZIONE CAPANNONE / MAGAZZINO,Bardonecchia,Capannoni logistica,681 Immobili in vendita a Bardonecchia - Mitula Case,,,0,NON_DETERMINATO,USCITO_MERCATO,2026-09-04T02:03:54.137065+00:00,2026-09-05T16:59:36.014358+00:00,industriale logistica,,https://immobiliare.mitula.it/bardonecchia
BASSA,25,INDUSTRIALE_LOGISTICA,IMMOBILE,,ACQUISIZIONE CAPANNONE / MAGAZZINO,Rivoli,Immobiliare.it,"Capannone via Rovigo 11, Rivoli, Rif. 128694018 - Immobiliare.it",,,0,NON_DETERMINATO,RELISTED,2026-09-04T02:03:54.139039+00:00,2026-09-22T07:44:42.106410+00:00,industriale logistica,,https://www.immobiliare.it/annunci/128694018/
BASSA,25,INDUSTRIALE_LOGISTICA,IMMOBILE,,ACQUISIZIONE CAPANNONE / MAGAZZINO,Exilles,Immobiliare.it,"Box via exilles 30, Torino, Rif. 132170194 - Immobiliare.it",,,0,NON_DETERMINATO,USCITO_MERCATO,2026-09-04T16:00:05.401666+00:00,2026-09-05T09:19:10.296327+00:00,industriale logistica,,https://www.immobiliare.it/annunci/132170194/
BASSA,25,INDUSTRIALE_LOGISTICA,IMMOBILE,,ACQUISIZIONE CAPANNONE / MAGAZZINO,Oulx,Capannoni logistica,vanzo immobiliare,,,0,NON_DETERMINATO,TRACKED,2026-09-05T19:08:06.334887+00:00,2026-09-07T10:14:01.140773+00:00,industriale logistica,,https://www.vanzoimmobiliare.it/
BASSA,25,INDUSTRIALE_LOGISTICA,IMMOBILE,,ACQUISIZIONE CAPANNONE / MAGAZZINO,Coazze,Subito privati,TECNORETE - STUDIO TRE SRL - 5 LOCALI A COAZZE - Subito,,,0,INDIZIO_AGENZIA,USCITO_MERCATO,2026-09-05T23:10:34.871046+00:00,2026-09-06T00:53:48.286436+00:00,fonte/query orientata ai privati | indizio agenzia | industriale logistica,,https://www.subito.it/appartamenti/5-locali-a-coazze-torino-651833739.htm
BASSA,25,INDUSTRIALE_LOGISTICA,IMMOBILE,,ACQUISIZIONE CAPANNONE / MAGAZZINO,Rosta,Subito privati,Tecnocasa - INDUSTRIALE PROVINCIA TORINO OVEST sas - Subito,,,0,INDIZIO_AGENZIA,USCITO_MERCATO,2026-09-06T00:53:48.287958+00:00,2026-09-06T13:51:47.105814+00:00,fonte/query orientata ai privati | indizio agenzia | industriale logistica,,https://www.subito.it/uffici-locali-commerciali/capannone-a-rosta-torino-659200523.htm
BASSA,25,INDUSTRIALE_LOGISTICA,IMMOBILE,,ACQUISIZIONE CAPANNONE / MAGAZZINO,Pianezza,Immobiliare.it,"Capannone via dei Prati 7, Pianezza, Rif. 112623217 - Immobiliare.it",,,0,NON_DETERMINATO,POSSIBILE_USCITA,2026-09-06T09:36:38.463539+00:00,2026-09-21T18:48:49.172666+00:00,industriale logistica,,https://www.immobiliare.it/annunci/112623217/
BASSA,25,INDUSTRIALE_LOGISTICA,IMMOBILE,,ACQUISIZIONE CAPANNONE / MAGAZZINO,Susa,Trovit,30 locale commerciales torino porta in affitto a Susa - Trovit,,,0,NON_DETERMINATO,TRACKED,2026-09-06T13:51:47.106296+00:00,2026-09-07T10:14:01.141849+00:00,industriale logistica,,https://case.trovit.it/affitto-negozio-torino-porta-susa
BASSA,25,INDUSTRIALE_LOGISTICA,IMMOBILE,,ACQUISIZIONE CAPANNONE / MAGAZZINO,Grugliasco,Subito privati,Subito - Tecnocasa - OVEST INDUSTRIALE sas - DEPOSITO A GRUGLIASCO ...,,,0,INDIZIO_AGENZIA,USCITO_MERCATO,2026-09-06T17:10:13.430481+00:00,2026-09-06T17:10:13.430482+00:00,fonte/query orientata ai privati | indizio agenzia | industriale logistica,,https://www.subito.it/uffici-locali-commerciali/deposito-a-grugliasco-torino-659671438.htm
BASSA,25,INDUSTRIALE_LOGISTICA,IMMOBILE,,ACQUISIZIONE CAPANNONE / MAGAZZINO,Grugliasco,Casa.it,Capannone in Affitto in Via Natale Palli 80 a Grugliasco,,,0,NON_DETERMINATO,USCITO_MERCATO,2026-09-06T17:10:13.430495+00:00,2026-09-10T21:45:03.419223+00:00,industriale logistica,,https://www.casa.it/immobili/54675100/
BASSA,25,INDUSTRIALE_LOGISTICA,IMMOBILE,,ACQUISIZIONE CAPANNONE / MAGAZZINO,Salbertrand,Wikicasa,"Box in affitto, Via Salbertrand 74, Torino, 14 mq • Wikicasa",,,0,NON_DETERMINATO,TRACKED,2026-09-06T17:10:13.431351+00:00,2026-09-07T10:14:01.141328+00:00,industriale logistica,,https://www.wikicasa.it/annuncio/30415035
BASSA,25,INDUSTRIALE_LOGISTICA,IMMOBILE,,ACQUISIZIONE CAPANNONE / MAGAZZINO,Salbertrand,Casa.it,Box/posto auto in Affitto in Via Salbertrand 74 a Torino,,,0,NON_DETERMINATO,TRACKED,2026-09-06T17:10:13.431358+00:00,2026-09-07T00:44:29.376427+00:00,industriale logistica,,https://www.casa.it/immobili/54380786/
BASSA,25,INDUSTRIALE_LOGISTICA,IMMOBILE,,ACQUISIZIONE CAPANNONE / MAGAZZINO,Val della Torre,Immobiliare.it,Vendita Terratetto unifamiliare in via mulino 5/a Val della Torre. Da ...,,,0,NON_DETERMINATO,USCITO_MERCATO,2026-09-06T17:10:13.431802+00:00,2026-09-06T17:10:13.431803+00:00,industriale logistica,,https://www.immobiliare.it/annunci/120847134/
BASSA,25,INDUSTRIALE_LOGISTICA,IMMOBILE,,ACQUISIZIONE CAPANNONE / MAGAZZINO,Almese,Capannoni logistica,16 Locali commerciali in affitto a Almese - Mitula Case,,,0,NON_DETERMINATO,USCITO_MERCATO,2026-09-06T19:19:39.863408+00:00,2026-09-11T17:53:32.666884+00:00,industriale logistica,,https://immobiliare.mitula.it/affitto-locale-commerciale-almese
BASSA,25,INDUSTRIALE_LOGISTICA,IMMOBILE,,ACQUISIZIONE CAPANNONE / MAGAZZINO,Pianezza,Capannoni logistica,Depósito a subasta a Pianezza (TO) | 293361 | Gobidreal.it,,,0,NON_DETERMINATO,USCITO_MERCATO,2026-09-06T19:19:39.865472+00:00,2026-09-06T19:19:39.865474+00:00,industriale logistica,,https://www.gobidreal.it/es/subastas/sklad-a-pianezza-to-293361
BASSA,25,INDUSTRIALE_LOGISTICA,IMMOBILE,,ACQUISIZIONE CAPANNONE / MAGAZZINO,Rivoli,Immobiliare.it,"Capannone via Borgone, Rivoli, Rif. 99270458 - Immobiliare.it",,,0,NON_DETERMINATO,POSSIBILE_USCITA,2026-09-07T04:45:03.057102+00:00,2026-09-21T06:16:22.538073+00:00,industriale logistica,,https://www.immobiliare.it/annunci/99270458/
BASSA,25,INDUSTRIALE_LOGISTICA,IMMOBILE,,ACQUISIZIONE CAPANNONE / MAGAZZINO,Druento,Trovit,6 locale commerciales in affitto a Druento - Trovit,,,0,NON_DETERMINATO,TRACKED,2026-09-08T06:35:04.157706+00:00,2026-09-22T13:28:47.916281+00:00,industriale logistica,,https://case.trovit.it/affitto-negozio-druento
BASSA,25,INDUSTRIALE_LOGISTICA,IMMOBILE,,ACQUISIZIONE CAPANNONE / MAGAZZINO,Druento,Capannoni logistica,54 Capannoni in vendita a Druento - Mitula Case,,,0,NON_DETERMINATO,USCITO_MERCATO,2026-09-08T06:35:04.157719+00:00,2026-09-18T01:22:44.226232+00:00,industriale logistica,,https://immobiliare.mitula.it/capannone-druento
BASSA,25,INDUSTRIALE_LOGISTICA,IMMOBILE,,ACQUISIZIONE CAPANNONE / MAGAZZINO,Grugliasco,Capannoni logistica,Affitto Capannone industriale Grugliasco. Capannoni industriali ...,,,0,NON_DETERMINATO,TRACKED,2026-09-08T06:35:04.158102+00:00,2026-09-22T13:28:47.916749+00:00,industriale logistica,,https://www.risorseimmobiliari.it/immobili.asp?url_firstparam=Torino%2Faffitto_capannoni-industriali_Grugliasco.html&url_search=affitto_capannoni-industriali_Grugliasco
BASSA,25,INDUSTRIALE_LOGISTICA,IMMOBILE,,ACQUISIZIONE CAPANNONE / MAGAZZINO,Rivalta di Torino,Capannoni logistica,Vendita all'asta A4355753 - NEGOZIO - Aste Giudiziarie Inlinea S.p.A.,,,0,NON_DETERMINATO,TRACKED,2026-09-08T06:35:04.158447+00:00,2026-09-22T13:28:47.917074+00:00,industriale logistica,,https://www.astegiudiziarie.it/vendita-asta-negozio-rivalta-di-torino-via-trieste-7-10040-tetti-francesi-to-italia-l2330425-p1312229
BASSA,25,INDUSTRIALE_LOGISTICA,IMMOBILE,,ACQUISIZIONE CAPANNONE / MAGAZZINO,Robassomero,Immobiliare.it,"Capannone all'asta via Giovanni Giolitti 9, Robassomero",,,0,NON_DETERMINATO,USCITO_MERCATO,2026-09-08T06:35:04.158689+00:00,2026-09-12T17:06:03.936275+00:00,industriale logistica,,https://www.immobiliare.it/annunci/131080766/
BASSA,25,INDUSTRIALE_LOGISTICA,IMMOBILE,,ACQUISIZIONE CAPANNONE / MAGAZZINO,Robassomero,Capannoni logistica,3 Uffici in vendita a Robassomero - Mitula Case,,,0,NON_DETERMINATO,TRACKED,2026-09-08T06:35:04.158695+00:00,2026-09-22T13:28:47.917254+00:00,industriale logistica,,https://immobiliare.mitula.it/ufficio-robassomero
BASSA,25,INDUSTRIALE_LOGISTICA,IMMOBILE,,ACQUISIZIONE CAPANNONE / MAGAZZINO,San Gillio,Capannoni logistica,28 Capannoni in vendita a San Gillio - Mitula Case,,,0,NON_DETERMINATO,TRACKED,2026-09-08T06:35:04.158990+00:00,2026-09-22T13:28:47.917520+00:00,industriale logistica,,https://immobiliare.mitula.it/capannone-san-gillio
BASSA,25,INDUSTRIALE_LOGISTICA,IMMOBILE,,ACQUISIZIONE CAPANNONE / MAGAZZINO,Rivalta di Torino,Trovit,12 locale commerciales in affitto a Rivalta di Torino - Trovit,,,0,NON_DETERMINATO,TRACKED,2026-09-08T11:07:58.868924+00:00,2026-09-22T13:28:47.917067+00:00,industriale logistica,,https://case.trovit.it/affitto-negozio-rivalta-torino
BASSA,25,INDUSTRIALE_LOGISTICA,IMMOBILE,,ACQUISIZIONE CAPANNONE / MAGAZZINO,Beinasco,Immobiliare.it,"Magazzino - Deposito via San Felice, 0, Beinasco, Rif. 119996462 ...",,,0,NON_DETERMINATO,TRACKED,2026-09-08T18:39:29.643464+00:00,2026-09-22T13:28:47.915465+00:00,industriale logistica,,https://www.immobiliare.it/annunci/119996462/
BASSA,25,INDUSTRIALE_LOGISTICA,IMMOBILE,,ACQUISIZIONE CAPANNONE / MAGAZZINO,La Cassa,Capannoni logistica,La Cassa - 551 appartamenti in affito in La Cassa de Nuroa.it,,,0,NON_DETERMINATO,USCITO_MERCATO,2026-09-08T18:39:29.644978+00:00,2026-09-10T21:45:03.419295+00:00,industriale logistica,,https://www.nuroa.it/affitto-case/la-cassa
BASSA,25,INDUSTRIALE_LOGISTICA,IMMOBILE,,ACQUISIZIONE CAPANNONE / MAGAZZINO,Fiano,Trovit,33 locale commerciales in affitto a Fiano Romano - Trovit,,,0,NON_DETERMINATO,TRACKED,2026-09-08T21:57:25.795599+00:00,2026-09-22T13:28:47.916415+00:00,industriale logistica,,https://case.trovit.it/affitto-negozio-fiano-romano
BASSA,25,INDUSTRIALE_LOGISTICA,IMMOBILE,,ACQUISIZIONE CAPANNONE / MAGAZZINO,Beinasco,Trovit,31 locale commerciales in affitto a Beinasco - Trovit,,,0,NON_DETERMINATO,TRACKED,2026-09-09T13:49:33.337475+00:00,2026-09-22T13:28:47.915456+00:00,industriale logistica,,https://case.trovit.it/affitto-negozio-beinasco
BASSA,25,INDUSTRIALE_LOGISTICA,IMMOBILE,,ACQUISIZIONE CAPANNONE / MAGAZZINO,Robassomero,Capannoni logistica,39 Locali commerciali in vendita a La Cassa - Mitula Case,,,0,NON_DETERMINATO,USCITO_MERCATO,2026-09-09T13:49:33.338694+00:00,2026-09-11T09:00:35.958564+00:00,industriale logistica,,https://immobiliare.mitula.it/locale-commerciale-cassa
BASSA,25,INDUSTRIALE_LOGISTICA,IMMOBILE,,ACQUISIZIONE CAPANNONE / MAGAZZINO,Fiano,Wikicasa,"Magazzino in Vendita, Via Guglielmo Marconi, Fiano Romano",,,0,NON_DETERMINATO,USCITO_MERCATO,2026-09-09T17:56:58.703386+00:00,2026-09-11T17:53:32.667895+00:00,industriale logistica,,https://www.wikicasa.it/annuncio/30771585
BASSA,25,INDUSTRIALE_LOGISTICA,IMMOBILE,,ACQUISIZIONE CAPANNONE / MAGAZZINO,Val della Torre,Capannoni logistica,"Negozio, affitto, Via Val della Torre 49/11, Torino",,,0,NON_DETERMINATO,USCITO_MERCATO,2026-09-09T17:56:58.704733+00:00,2026-09-11T23:19:47.991352+00:00,industriale logistica,,https://www.commerciali.it/negozio-affitto-torino-zona-madonna-di-campagna-barriera-di-lanzo-30788055
BASSA,25,INDUSTRIALE_LOGISTICA,IMMOBILE,,ACQUISIZIONE CAPANNONE / MAGAZZINO,Rosta,Capannoni logistica,"Capannone in vendita a Rosta, 703 mq | PCase.it",,,0,NON_DETERMINATO,USCITO_MERCATO,2026-09-09T23:18:34.769022+00:00,2026-09-14T01:05:27.892530+00:00,industriale logistica,,https://www.pcase.it/immobili/capannone-vendita-rosta-sc9705973/
BASSA,25,INDUSTRIALE_LOGISTICA,IMMOBILE,,ACQUISIZIONE CAPANNONE / MAGAZZINO,San Gillio,Capannoni logistica,"offerte di lavoro - San Gillio, Piemonte - Indeed",,,0,NON_DETERMINATO,USCITO_MERCATO,2026-09-09T23:18:34.769241+00:00,2026-09-16T04:54:00.960195+00:00,industriale logistica,,"https://it.indeed.com/l-san-gillio,-piemonte-offerte-lavoro.html?vjk=a4fddd0ce94d8b5a"
BASSA,25,INDUSTRIALE_LOGISTICA,IMMOBILE,,ACQUISIZIONE CAPANNONE / MAGAZZINO,Vaie,Capannoni logistica,6 Locali commerciali in affitto a Condove - Mitula Case,,,0,NON_DETERMINATO,TRACKED,2026-09-09T23:18:34.769597+00:00,2026-09-22T13:28:47.917835+00:00,industriale logistica,,https://immobiliare.mitula.it/affitto-locale-commerciale-condove
BASSA,25,INDUSTRIALE_LOGISTICA,IMMOBILE,,ACQUISIZIONE CAPANNONE / MAGAZZINO,Rivoli,Capannoni logistica,"Capannone, affitto, Corso Susa 247, Rivoli • Commerciali.it",,,0,NON_DETERMINATO,USCITO_MERCATO,2026-09-10T05:58:05.662144+00:00,2026-09-10T11:09:38.638749+00:00,industriale logistica,,https://www.commerciali.it/capannone-affitto-rivoli-zona-centro-storico-30724974
BASSA,25,INDUSTRIALE_LOGISTICA,IMMOBILE,,ACQUISIZIONE CAPANNONE / MAGAZZINO,Grugliasco,Capannoni logistica,Capannone / Fondo Magazzino in vendita a Grugliasco (TO) - rif:Cod ...,,,0,NON_DETERMINATO,USCITO_MERCATO,2026-09-11T09:00:35.958147+00:00,2026-09-11T13:39:24.924396+00:00,industriale logistica,,https://www.grimaldifranchising.it/vendita/capannone/to/grugliasco/19681
BASSA,25,INDUSTRIALE_LOGISTICA,IMMOBILE,,ACQUISIZIONE CAPANNONE / MAGAZZINO,Grugliasco,Capannoni logistica,"Magazzino, affitto, Via Natale Palli 80, Grugliasco • Commerciali.it",,,0,NON_DETERMINATO,USCITO_MERCATO,2026-09-11T09:00:35.958166+00:00,2026-09-11T13:39:24.924421+00:00,industriale logistica,,https://www.commerciali.it/magazzino-affitto-grugliasco-30764016
BASSA,25,INDUSTRIALE_LOGISTICA,IMMOBILE,,ACQUISIZIONE CAPANNONE / MAGAZZINO,Rivoli,Capannoni logistica,Capannone Rivoli - 81 case in vendita in Rivoli de Nuroa.it,,,0,NON_DETERMINATO,USCITO_MERCATO,2026-09-11T09:00:35.958488+00:00,2026-09-20T11:10:13.480193+00:00,industriale logistica,,https://www.nuroa.it/vendita-immobili/capannone-rivoli
BASSA,25,INDUSTRIALE_LOGISTICA,IMMOBILE,,ACQUISIZIONE CAPANNONE / MAGAZZINO,Val della Torre,Capannoni logistica,Locale commerciale Vendita a Torino - Via Val Della Torre27 |…,,,0,NON_DETERMINATO,USCITO_MERCATO,2026-09-11T09:00:35.958993+00:00,2026-09-14T22:36:38.495240+00:00,industriale logistica,,https://www.bilocale.it/torino-via-val-della-torre27-locale-commerciale-vendita-2519521.html
BASSA,25,INDUSTRIALE_LOGISTICA,IMMOBILE,,ACQUISIZIONE CAPANNONE / MAGAZZINO,Valgioie,Capannoni logistica,mcf consulenze immobiliari,,,0,NON_DETERMINATO,TRACKED,2026-09-11T09:00:35.959007+00:00,2026-09-22T13:28:47.917911+00:00,industriale logistica,,https://www.mcfconsulenzeimmobiliari.it/
BASSA,25,INDUSTRIALE_LOGISTICA,IMMOBILE,,ACQUISIZIONE CAPANNONE / MAGAZZINO,Chiusa di San Michele,Capannoni logistica,AFFITTASI CAPANNONE A CHIUSA DI SAN MICHELE - ValsusaOggi,,,0,NON_DETERMINATO,USCITO_MERCATO,2026-09-11T13:39:24.923654+00:00,2026-09-16T04:54:00.958686+00:00,industriale logistica,,https://www.valsusaoggi.it/valsusa-affittasi-capannone-a-chiusa-di-san-michele/
BASSA,25,INDUSTRIALE_LOGISTICA,IMMOBILE,,ACQUISIZIONE CAPANNONE / MAGAZZINO,Collegno,Immobiliare.it,"Capannone, Collegno, Rif. 132114622 - Immobiliare.it",,,0,NON_DETERMINATO,USCITO_MERCATO,2026-09-11T13:39:24.923828+00:00,2026-09-20T01:04:10.801884+00:00,industriale logistica,,https://www.immobiliare.it/annunci/132114622/
BASSA,25,INDUSTRIALE_LOGISTICA,IMMOBILE,,ACQUISIZIONE CAPANNONE / MAGAZZINO,Almese,Trovit,2 locale commerciales in affitto a Almese - Trovit,,,0,NON_DETERMINATO,USCITO_MERCATO,2026-09-12T17:06:03.934172+00:00,2026-09-20T06:08:00.345623+00:00,industriale logistica,,https://case.trovit.it/affitto-negozio-almese
BASSA,25,INDUSTRIALE_LOGISTICA,IMMOBILE,,ACQUISIZIONE CAPANNONE / MAGAZZINO,Beinasco,Capannoni logistica,Astalegale.net - Asta giudiziaria Fabbricati industriali Via Aosta 16 ...,,,0,NON_DETERMINATO,USCITO_MERCATO,2026-09-12T19:18:03.776830+00:00,2026-09-12T19:18:03.776832+00:00,industriale logistica,,https://www.astalegale.net/Aste/Detail/B2433259-Fabbricati-industriali-Via-Aosta-16-10092-Beinasco-TO-Italia-Beinasco
BASSA,25,INDUSTRIALE_LOGISTICA,IMMOBILE,,ACQUISIZIONE CAPANNONE / MAGAZZINO,Grugliasco,Capannoni logistica,Capannoni industriali a Grugliasco in vendita e affitto ...,,,0,NON_DETERMINATO,TRACKED,2026-09-13T09:37:53.088762+00:00,2026-09-22T13:28:47.916742+00:00,industriale logistica,,https://www.risorseimmobiliari.it/immobili.asp?url_firstparam=Torino%2Fcapannoni-industriali_Grugliasco.html&url_search=capannoni-industriali_Grugliasco
BASSA,25,INDUSTRIALE_LOGISTICA,IMMOBILE,,ACQUISIZIONE CAPANNONE / MAGAZZINO,Sant'Antonino di Susa,Immobiliare.it,"Capannone via Augusto Abegg 36, Sant'Antonino di Susa, Rif. 119731860 ...",,,0,NON_DETERMINATO,USCITO_MERCATO,2026-09-13T09:37:53.089668+00:00,2026-09-17T06:08:55.033819+00:00,industriale logistica,,https://www.immobiliare.it/annunci/119731860/
BASSA,25,INDUSTRIALE_LOGISTICA,IMMOBILE,,ACQUISIZIONE CAPANNONE / MAGAZZINO,Beinasco,Capannoni logistica,Capannone / Fondo Magazzino in vendita a Beinasco (TO) - rif:Cod.rif3193159,,,0,NON_DETERMINATO,USCITO_MERCATO,2026-09-13T14:26:02.554614+00:00,2026-09-13T23:15:39.648857+00:00,industriale logistica,,https://www.grimaldifranchising.it/vendita/capannone/to/beinasco/19683
BASSA,25,INDUSTRIALE_LOGISTICA,IMMOBILE,,ACQUISIZIONE CAPANNONE / MAGAZZINO,Pianezza,Immobiliare.it,"Capannone, Pianezza, Rif. 130511714 - Immobiliare.it",,,0,NON_DETERMINATO,USCITO_MERCATO,2026-09-13T20:46:02.147399+00:00,2026-09-14T12:27:12.113847+00:00,industriale logistica,,https://www.immobiliare.it/annunci/130511714/
BASSA,25,INDUSTRIALE_LOGISTICA,IMMOBILE,,ACQUISIZIONE CAPANNONE / MAGAZZINO,Rivoli,Immobiliare.it,"Capannone via alpi graie 8, Rivoli, Rif. 120062712 - Immobiliare.it",,,0,NON_DETERMINATO,USCITO_MERCATO,2026-09-13T23:15:39.650346+00:00,2026-09-19T20:30:44.817949+00:00,industriale logistica,,https://www.immobiliare.it/annunci/120062712/
BASSA,25,INDUSTRIALE_LOGISTICA,IMMOBILE,,ACQUISIZIONE CAPANNONE / MAGAZZINO,Alpignano,Capannoni logistica,"Capannone, affitto, Via Grange Palmero 119, Alpignano",,,0,NON_DETERMINATO,USCITO_MERCATO,2026-09-14T01:05:27.890454+00:00,2026-09-14T01:05:27.890456+00:00,industriale logistica,,https://www.commerciali.it/capannone-affitto-alpignano-30805131
BASSA,25,INDUSTRIALE_LOGISTICA,IMMOBILE,,ACQUISIZIONE CAPANNONE / MAGAZZINO,Caselette,Capannoni logistica,"offerte di lavoro - Caselette, Piemonte - Indeed",,,0,NON_DETERMINATO,USCITO_MERCATO,2026-09-14T01:05:27.891056+00:00,2026-09-14T22:36:38.493018+00:00,industriale logistica,,"https://it.indeed.com/Caselette,-Piemonte-offerte-lavoro"
BASSA,25,INDUSTRIALE_LOGISTICA,IMMOBILE,,ACQUISIZIONE CAPANNONE / MAGAZZINO,Grugliasco,Immobiliare.it,"Capannone via dell'Indipendenza 19, Grugliasco, Rif. 128417366 ...",,,0,NON_DETERMINATO,POSSIBILE_USCITA,2026-09-14T01:05:27.891844+00:00,2026-09-21T06:16:22.537557+00:00,industriale logistica,,https://www.immobiliare.it/annunci/128417366/
BASSA,25,INDUSTRIALE_LOGISTICA,IMMOBILE,,ACQUISIZIONE CAPANNONE / MAGAZZINO,Alpignano,Subito privati,Subito - Tecnocasa - OVEST INDUSTRIALE sas - CAPANNONE A ALPIGNANO ...,,,0,INDIZIO_AGENZIA,USCITO_MERCATO,2026-09-14T12:27:12.111450+00:00,2026-09-17T06:08:55.030787+00:00,fonte/query orientata ai privati | indizio agenzia | industriale logistica,,https://www.subito.it/uffici-locali-commerciali/capannone-a-alpignano-torino-660403430.htm
BASSA,25,INDUSTRIALE_LOGISTICA,IMMOBILE,,ACQUISIZIONE CAPANNONE / MAGAZZINO,Fiano,Capannoni logistica,"in affitto Capannone industriale, Fiano Romano, piano terra - Rif. RI ...",,,0,NON_DETERMINATO,USCITO_MERCATO,2026-09-14T12:27:12.113249+00:00,2026-09-16T22:13:22.798026+00:00,industriale logistica,,https://www.risorseimmobiliari.it/immobile_dettaglio.asp?cod_annuncio=5125441
BASSA,25,INDUSTRIALE_LOGISTICA,IMMOBILE,,ACQUISIZIONE CAPANNONE / MAGAZZINO,Fiano,Capannoni logistica,"Capannone, affitto, Fiano Romano • Commerciali.it",,,0,NON_DETERMINATO,USCITO_MERCATO,2026-09-14T12:27:12.113256+00:00,2026-09-16T19:00:37.438970+00:00,industriale logistica,,https://www.commerciali.it/capannone-affitto-fiano-romano-30816819
BASSA,25,INDUSTRIALE_LOGISTICA,IMMOBILE,,ACQUISIZIONE CAPANNONE / MAGAZZINO,Giaveno,Capannoni logistica,31 Locali commerciali in affitto a Giaveno - Mitula Case,,,0,NON_DETERMINATO,USCITO_MERCATO,2026-09-14T18:41:54.043858+00:00,2026-09-15T13:33:03.394135+00:00,industriale logistica,,https://immobiliare.mitula.it/affitto-locale-commerciale-giaveno
BASSA,25,INDUSTRIALE_LOGISTICA,IMMOBILE,,ACQUISIZIONE CAPANNONE / MAGAZZINO,Almese,Capannoni logistica,"F.lli Latini Snc, Strada della Praia 8/b1, Almese (2026)",,,0,NON_DETERMINATO,USCITO_MERCATO,2026-09-14T22:36:38.492356+00:00,2026-09-14T22:36:38.492358+00:00,industriale logistica,,https://www.schoolandcollegelistings.com/IT/Almese/108432937258141/F.lli-Latini-Snc
BASSA,25,INDUSTRIALE_LOGISTICA,IMMOBILE,,ACQUISIZIONE CAPANNONE / MAGAZZINO,Alpignano,Capannoni logistica,103 Capannoni in vendita a Alpignano - Mitula Case,,,0,NON_DETERMINATO,USCITO_MERCATO,2026-09-14T22:36:38.492474+00:00,2026-09-16T19:00:37.438057+00:00,industriale logistica,,https://immobiliare.mitula.it/capannone-alpignano
BASSA,25,INDUSTRIALE_LOGISTICA,IMMOBILE,,ACQUISIZIONE CAPANNONE / MAGAZZINO,Givoletto,Capannoni logistica,Lavorazione ferro a Torino: leader per edilizia civile e industriale ...,,,0,NON_DETERMINATO,USCITO_MERCATO,2026-09-15T01:31:48.170652+00:00,2026-09-15T01:31:48.170653+00:00,industriale logistica,,https://teknoferr.it/
BASSA,25,INDUSTRIALE_LOGISTICA,IMMOBILE,,ACQUISIZIONE CAPANNONE / MAGAZZINO,Rivoli,Trovit,7 capannones in affitto a Rivoli - Trovit,,,0,NON_DETERMINATO,TRACKED,2026-09-15T13:33:03.394767+00:00,2026-09-22T13:28:47.917142+00:00,industriale logistica,,https://case.trovit.it/affitto-capannone-rivoli
BASSA,25,INDUSTRIALE_LOGISTICA,IMMOBILE,,ACQUISIZIONE CAPANNONE / MAGAZZINO,Druento,Capannoni logistica,8 Capannoni in affitto a Druento - Mitula Case,,,0,NON_DETERMINATO,USCITO_MERCATO,2026-09-16T04:54:00.959107+00:00,2026-09-17T11:30:50.190297+00:00,industriale logistica,,https://immobiliare.mitula.it/affitto-capannone-druento
BASSA,25,INDUSTRIALE_LOGISTICA,IMMOBILE,,ACQUISIZIONE CAPANNONE / MAGAZZINO,Givoletto,Immobiliare.it,"Magazzino - Deposito via Givoletto, Torino, Rif. 131299362 - Immobiliare.it",,,0,NON_DETERMINATO,TRACKED,2026-09-16T04:54:00.959511+00:00,2026-09-22T13:28:47.916609+00:00,industriale logistica,,https://www.immobiliare.it/annunci/131299362/
BASSA,25,INDUSTRIALE_LOGISTICA,IMMOBILE,,ACQUISIZIONE CAPANNONE / MAGAZZINO,Rivalta di Torino,Capannoni logistica,Belmonte Srl,,,0,NON_DETERMINATO,POSSIBILE_USCITA,2026-09-16T19:00:37.439443+00:00,2026-09-21T12:37:01.290293+00:00,industriale logistica,,https://www.belmontesas.it/
BASSA,25,INDUSTRIALE_LOGISTICA,IMMOBILE,,ACQUISIZIONE CAPANNONE / MAGAZZINO,Rosta,Immobiliare.it,"Capannone via Sant'Antonio di Ranverso 4, Rosta, Rif. 60230292 ...",,,0,NON_DETERMINATO,USCITO_MERCATO,2026-09-16T19:00:37.439643+00:00,2026-09-16T19:00:37.439644+00:00,industriale logistica,,https://www.immobiliare.it/annunci/60230292/
BASSA,25,INDUSTRIALE_LOGISTICA,IMMOBILE,,ACQUISIZIONE CAPANNONE / MAGAZZINO,Caprie,Trovit,5 locale commerciales centro via roma in affitto a Torino,,,0,NON_DETERMINATO,POSSIBILE_USCITA,2026-09-16T22:13:22.797520+00:00,2026-09-21T18:48:49.171481+00:00,industriale logistica,,https://case.trovit.it/affitto-negozio-centro-via-roma-torino
BASSA,25,INDUSTRIALE_LOGISTICA,IMMOBILE,,ACQUISIZIONE CAPANNONE / MAGAZZINO,Rivalta di Torino,Capannoni logistica,11 Capannoni in vendita a Gerbole - Mitula Case,,,0,NON_DETERMINATO,USCITO_MERCATO,2026-09-16T22:13:22.798531+00:00,2026-09-17T20:20:41.891274+00:00,industriale logistica,,https://immobiliare.mitula.it/capannone-gerbole
BASSA,25,INDUSTRIALE_LOGISTICA,IMMOBILE,,ACQUISIZIONE CAPANNONE / MAGAZZINO,Avigliana,Immobiliare.it,"Capannone viale Enrico Fermi 12, Avigliana, Rif. 124659479 - Immobiliare.it",,,0,NON_DETERMINATO,USCITO_MERCATO,2026-09-17T06:08:55.030922+00:00,2026-09-20T01:04:10.801219+00:00,industriale logistica,,https://www.immobiliare.it/annunci/124659479/
BASSA,25,INDUSTRIALE_LOGISTICA,IMMOBILE,,ACQUISIZIONE CAPANNONE / MAGAZZINO,Fiano,Capannoni logistica,Magazzini a Fiano Romano in vendita e affitto - RisorseImmobiliari.it,,,0,NON_DETERMINATO,TRACKED,2026-09-17T06:08:55.032317+00:00,2026-09-22T01:45:50.161986+00:00,industriale logistica,,https://www.risorseimmobiliari.it/immobili.asp?url_firstparam=Roma%2Fmagazzini_Fiano-romano.html&url_search=magazzini_Fiano-romano
BASSA,25,INDUSTRIALE_LOGISTICA,IMMOBILE,,ACQUISIZIONE CAPANNONE / MAGAZZINO,Val della Torre,Immobiliare.it,"Capannone via Val Della Torre, 79, Torino, Rif. 128558548 - Immobiliare.it",,,0,NON_DETERMINATO,USCITO_MERCATO,2026-09-17T06:08:55.034133+00:00,2026-09-17T06:08:55.034135+00:00,industriale logistica,,https://www.immobiliare.it/annunci/128558548/
BASSA,25,INDUSTRIALE_LOGISTICA,IMMOBILE,,ACQUISIZIONE CAPANNONE / MAGAZZINO,Druento,Trovit,30 capannones in affitto a Druento - Trovit,,,0,NON_DETERMINATO,TRACKED,2026-09-17T16:48:02.647646+00:00,2026-09-22T13:28:47.916290+00:00,industriale logistica,,https://case.trovit.it/affitto-capannone-druento
BASSA,25,INDUSTRIALE_LOGISTICA,IMMOBILE,,ACQUISIZIONE CAPANNONE / MAGAZZINO,Collegno,Trovit,3 capannones in affitto a Collegno - Trovit,,,0,NON_DETERMINATO,USCITO_MERCATO,2026-09-17T23:05:00.275224+00:00,2026-09-17T23:05:00.275226+00:00,industriale logistica,,https://case.trovit.it/affitto-capannone-collegno
BASSA,25,INDUSTRIALE_LOGISTICA,IMMOBILE,,ACQUISIZIONE CAPANNONE / MAGAZZINO,Rivoli,Immobiliare.it,"Capannone Settima Strada, Rivoli, Rif. 118065471 - Immobiliare.it",,,0,NON_DETERMINATO,TRACKED,2026-09-17T23:05:00.276276+00:00,2026-09-22T01:45:50.162602+00:00,industriale logistica,,https://www.immobiliare.it/annunci/118065471/
BASSA,25,INDUSTRIALE_LOGISTICA,IMMOBILE,,ACQUISIZIONE CAPANNONE / MAGAZZINO,Givoletto,Casa.it,Capannone in Vendita in Via A. Avogadro 6 a Givoletto - Casa.it,,,0,NON_DETERMINATO,POSSIBILE_USCITA,2026-09-18T01:22:44.226521+00:00,2026-09-21T01:16:25.018397+00:00,industriale logistica,,https://www.casa.it/immobili/54479751/
BASSA,25,INDUSTRIALE_LOGISTICA,IMMOBILE,,ACQUISIZIONE CAPANNONE / MAGAZZINO,Collegno,Immobiliare.it,"Magazzino - Deposito, Collegno, Rif. 132076548 - Immobiliare.it",,,0,NON_DETERMINATO,TRACKED,2026-09-18T17:15:59.823562+00:00,2026-09-22T13:28:47.916083+00:00,industriale logistica,,https://www.immobiliare.it/annunci/132076548/
BASSA,25,INDUSTRIALE_LOGISTICA,IMMOBILE,,ACQUISIZIONE CAPANNONE / MAGAZZINO,Sant'Antonino di Susa,Capannoni logistica,"L'ex Sogefi è in vendita, gli operai lo scoprono da un annuncio su ...",,,0,NON_DETERMINATO,USCITO_MERCATO,2026-09-18T17:15:59.825315+00:00,2026-09-18T17:15:59.825317+00:00,industriale logistica,,https://www.torinocronaca.it/news/cronaca/443666/l-ex-sogefi-e-in-vendita-gli-operai-lo-scoprono-da-un-annuncio-su-immobiliare-it.html
BASSA,25,INDUSTRIALE_LOGISTICA,IMMOBILE,,ACQUISIZIONE CAPANNONE / MAGAZZINO,Sant'Antonino di Susa,Capannoni logistica,Negozio all'Asta a Sant'Antonino di Susa - Aste Florio,,,0,NON_DETERMINATO,USCITO_MERCATO,2026-09-19T06:11:00.697553+00:00,2026-09-19T20:30:44.818598+00:00,industriale logistica,,https://asteflorio.it/aste/citta/sant-antonino-di-susa/tipo/negozio
BASSA,25,INDUSTRIALE_LOGISTICA,IMMOBILE,,ACQUISIZIONE CAPANNONE / MAGAZZINO,Val della Torre,Capannoni logistica,ALBO PRETORIO DIGITALE - Comune di Val della Torre,,,0,NON_DETERMINATO,TRACKED,2026-09-19T06:11:00.697838+00:00,2026-09-22T13:28:47.917884+00:00,industriale logistica,,https://www.servizipubblicaamministrazione.it/servizi/saturnweb/Home.aspx?ce=vldlltrr970
BASSA,25,INDUSTRIALE_LOGISTICA,IMMOBILE,,ACQUISIZIONE CAPANNONE / MAGAZZINO,Bruino,Immobiliare.it,"Capannone via Ferdinando Magellano 12, Bruino, Rif. 129236702 ...",,,0,NON_DETERMINATO,USCITO_MERCATO,2026-09-19T10:47:39.483844+00:00,2026-09-19T10:47:39.483846+00:00,industriale logistica,,https://www.immobiliare.it/annunci/129236702/
BASSA,25,INDUSTRIALE_LOGISTICA,IMMOBILE,,ACQUISIZIONE CAPANNONE / MAGAZZINO,Grugliasco,Immobiliare.it,"Capannone, Grugliasco, Rif. 132499136 - Immobiliare.it",,,0,NON_DETERMINATO,TRACKED,2026-09-19T10:47:39.485196+00:00,2026-09-22T13:28:47.916733+00:00,industriale logistica,,https://www.immobiliare.it/annunci/132499136/
BASSA,25,INDUSTRIALE_LOGISTICA,IMMOBILE,,ACQUISIZIONE CAPANNONE / MAGAZZINO,Robassomero,Casa.it,Capannone in Vendita in Via Giovanni Giolitti 9 a Robassomero,,,0,NON_DETERMINATO,TRACKED,2026-09-19T18:06:37.667997+00:00,2026-09-22T13:28:47.917232+00:00,industriale logistica,,https://www.casa.it/immobili/54773196/
BASSA,25,INDUSTRIALE_LOGISTICA,IMMOBILE,,ACQUISIZIONE CAPANNONE / MAGAZZINO,Fiano,Capannoni logistica,Vendita terreno commerciale in Fiano Romano (Fiano Romano) Roma ...,,,0,NON_DETERMINATO,TRACKED,2026-09-20T06:08:00.346565+00:00,2026-09-22T13:28:47.916409+00:00,industriale logistica,,https://www.soloterreni.it/annunci-terreni/terreno-commerciale-fiano-romano-81224.html
BASSA,25,INDUSTRIALE_LOGISTICA,IMMOBILE,,ACQUISIZIONE CAPANNONE / MAGAZZINO,Robassomero,Immobiliare.it,"Asta per capannone, Robassomero, rif. 132549418 - Immobiliare.it",,,0,NON_DETERMINATO,TRACKED,2026-09-20T06:08:00.347218+00:00,2026-09-22T13:28:47.917245+00:00,industriale logistica,,https://www.immobiliare.it/annunci/132549418/
BASSA,25,INDUSTRIALE_LOGISTICA,IMMOBILE,,ACQUISIZIONE CAPANNONE / MAGAZZINO,Rosta,Capannoni logistica,Home - Ferroni Pneumatici,,,0,NON_DETERMINATO,USCITO_MERCATO,2026-09-20T11:10:13.480413+00:00,2026-09-20T11:10:13.480415+00:00,industriale logistica,,https://www.ferronipneumatici.it/
BASSA,25,INDUSTRIALE_LOGISTICA,IMMOBILE,,ACQUISIZIONE CAPANNONE / MAGAZZINO,Buttigliera Alta,Immobiliare.it,"Capannone corso Torino 91, Buttigliera Alta, Rif. 116078663 ...",,,0,NON_DETERMINATO,POSSIBILE_USCITA,2026-09-20T21:00:13.355457+00:00,2026-09-21T06:16:22.536432+00:00,industriale logistica,,https://www.immobiliare.it/annunci/116078663/
BASSA,25,INDUSTRIALE_LOGISTICA,IMMOBILE,,ACQUISIZIONE CAPANNONE / MAGAZZINO,Rosta,Wikicasa,"Magazzino in Vendita, Strada della Risera 3, Rosta",,,0,NON_DETERMINATO,RELISTED,2026-09-21T01:16:25.019587+00:00,2026-09-22T01:45:50.162762+00:00,industriale logistica,,https://www.wikicasa.it/annuncio/30864438
BASSA,25,INDUSTRIALE_LOGISTICA,IMMOBILE,,ACQUISIZIONE CAPANNONE / MAGAZZINO,Robassomero,Idealista,"Capannone all'asta in Via Giovanni Giolitti, 9 - idealista",,,0,NON_DETERMINATO,TRACKED,2026-09-21T06:16:22.538179+00:00,2026-09-22T13:28:47.917239+00:00,industriale logistica,,https://www.idealista.it/immobile/36868704/
BASSA,25,INDUSTRIALE_LOGISTICA,IMMOBILE,,ACQUISIZIONE CAPANNONE / MAGAZZINO,Chianocco,Capannoni logistica,Magazzino — Chianocco — dati-pubblici.it,,,0,NON_DETERMINATO,TRACKED,2026-09-21T18:48:49.171609+00:00,2026-09-22T13:28:47.915898+00:00,industriale logistica,,https://dati-pubblici.it/aste/magazzino-chianocco-frazione-vernetto-18-be2fe472/
BASSA,23,COMMERCIALE_IMMOBILE,IMMOBILE,,ACQUISIZIONE / LOCAZIONE IMMOBILE COMMERCIALE,Chianocco,Immobiliare.it,"Negozio all'asta frazione Vernetto 18, Chianocco",,,0,NON_DETERMINATO,USCITO_MERCATO,2026-08-27T21:04:17.079739+00:00,2026-08-28T10:58:40.670370+00:00,commerciale immobile,,https://www.immobiliare.it/annunci/129534704/
BASSA,23,UFFICIO_DIREZIONALE,IMMOBILE,,ACQUISIZIONE / LOCAZIONE UFFICIO,Giaglione,Immobiliare.it,"Palazzo - Edificio frazione San Giuseppe Tsèina 36, Giaglione, Rif ...",,,0,NON_DETERMINATO,USCITO_MERCATO,2026-08-27T21:04:17.080059+00:00,2026-09-01T23:36:27.690971+00:00,ufficio direzionale,,https://www.immobiliare.it/annunci/90130981/
BASSA,23,COMMERCIALE_IMMOBILE,IMMOBILE,,ACQUISIZIONE / LOCAZIONE IMMOBILE COMMERCIALE,Rosta,Immobiliare.it,"Locale commerciale piazza san michele 1, Rosta, Rif. 129761124 ...",,,0,NON_DETERMINATO,TRACKED,2026-08-27T21:04:17.080754+00:00,2026-09-22T13:28:47.917307+00:00,commerciale immobile,,https://www.immobiliare.it/annunci/129761124/
BASSA,23,UFFICIO_DIREZIONALE,IMMOBILE,,ACQUISIZIONE / LOCAZIONE UFFICIO,Vaie,Immobiliare.it,"Vendita Villa unifamiliare in via Peirolero 28 Vaie. Buono stato, posto ...",,,0,NON_DETERMINATO,TRACKED,2026-08-27T21:04:17.081186+00:00,2026-09-22T13:28:47.917828+00:00,ufficio direzionale,,https://www.immobiliare.it/annunci/115206585/
BASSA,23,UFFICIO_DIREZIONALE,IMMOBILE,,ACQUISIZIONE / LOCAZIONE UFFICIO,Vaie,Uffici e direzionale,La Dimora Immobiliare - Vendita immobili a Torino e provincia,,,0,NON_DETERMINATO,POSSIBILE_USCITA,2026-08-27T21:04:17.081193+00:00,2026-09-21T12:37:01.289341+00:00,ufficio direzionale,,https://www.ladimoraimmobiliare.com/
BASSA,23,UFFICIO_DIREZIONALE,IMMOBILE,,ACQUISIZIONE / LOCAZIONE UFFICIO,Alpignano,Uffici e direzionale,Alpignano Industrial Park - Ufficio in Vendita Blu Sky1,,,0,NON_DETERMINATO,USCITO_MERCATO,2026-08-28T05:06:35.529817+00:00,2026-09-12T10:35:02.922201+00:00,ufficio direzionale,,https://www.battocchioimmobiliare.com/prodotto/alpignano-industrial-park-ufficio-in-vendita-blu-sky1/
BASSA,23,UFFICIO_DIREZIONALE,IMMOBILE,,ACQUISIZIONE / LOCAZIONE UFFICIO,Bardonecchia,Uffici e direzionale,Affitto stagionale - Maison Doc - Bardonecchia e Sauze d'Oulx,,,0,NON_DETERMINATO,TRACKED,2026-08-28T05:06:35.529990+00:00,2026-09-07T10:14:01.139150+00:00,ufficio direzionale,,https://maisondoc.it/affitto-stagionale/
BASSA,23,UFFICIO_DIREZIONALE,IMMOBILE,,ACQUISIZIONE / LOCAZIONE UFFICIO,Bussoleno,Nestoria,Case a Bussoleno. Immobili in affitto a Bussoleno - Nestoria,,,0,NON_DETERMINATO,USCITO_MERCATO,2026-08-28T05:06:35.530149+00:00,2026-08-28T05:06:35.530150+00:00,ufficio direzionale,,https://www.nestoria.it/immobiliare/affitto/bussoleno
BASSA,23,UFFICIO_DIREZIONALE,IMMOBILE,,ACQUISIZIONE / LOCAZIONE UFFICIO,Chianocco,Immobiliare.it,"negozio all'asta frazione Vernetto, 18, Chianocco | 421 m²",,,0,NON_DETERMINATO,USCITO_MERCATO,2026-08-28T05:06:35.530289+00:00,2026-08-28T10:58:40.670377+00:00,ufficio direzionale,,https://www.immobiliare.it/annunci/130996188/
BASSA,23,UFFICIO_DIREZIONALE,IMMOBILE,,ACQUISIZIONE / LOCAZIONE UFFICIO,Coazze,Uffici e direzionale,Albo Pretorio Digitale - Comune Di Coazze,,,0,NON_DETERMINATO,USCITO_MERCATO,2026-08-28T05:06:35.530418+00:00,2026-09-20T21:00:13.355936+00:00,ufficio direzionale,,https://www.servizipubblicaamministrazione.it/servizi/saturnweb/Home.aspx?CE=czz436
BASSA,23,COMMERCIALE_IMMOBILE,IMMOBILE,,ACQUISIZIONE / LOCAZIONE IMMOBILE COMMERCIALE,Condove,Trovit,"30 locale commerciales reggio emilia in vendita a Bar, Condove",,,0,NON_DETERMINATO,USCITO_MERCATO,2026-08-28T05:06:35.530551+00:00,2026-09-05T09:19:10.296236+00:00,commerciale immobile,,https://case.trovit.it/negozio-bar-reggio-emilia
BASSA,23,COMMERCIALE_IMMOBILE,IMMOBILE,,ACQUISIZIONE / LOCAZIONE IMMOBILE COMMERCIALE,Giaveno,Immobiliare.it,"Locale commerciale via Maurizio Guglielmino 6, Giaveno, Rif. 130105770 ...",,,0,NON_DETERMINATO,TRACKED,2026-08-28T05:06:35.530643+00:00,2026-09-22T07:44:42.105742+00:00,commerciale immobile,,https://www.immobiliare.it/annunci/130105770/
BASSA,23,COMMERCIALE_IMMOBILE,IMMOBILE,,ACQUISIZIONE / LOCAZIONE IMMOBILE COMMERCIALE,Pianezza,Immobiliare.it,"Locale commerciale via 25 Aprile 9, Pianezza, Rif. 131327844 ...",,,0,NON_DETERMINATO,POSSIBILE_USCITA,2026-08-28T05:06:35.530961+00:00,2026-09-21T06:16:22.537736+00:00,commerciale immobile,,https://www.immobiliare.it/annunci/131327844/
BASSA,23,COMMERCIALE_IMMOBILE,IMMOBILE,,ACQUISIZIONE / LOCAZIONE IMMOBILE COMMERCIALE,Rivoli,Commerciale negozi/locali,"Locale commerciale, vendita, Via Rombò 29, Rivoli",,,0,NON_DETERMINATO,POSSIBILE_USCITA,2026-08-28T05:06:35.531033+00:00,2026-09-21T18:48:49.172882+00:00,commerciale immobile,,https://www.commerciali.it/locale-commerciale-vendita-rivoli-zona-centro-storico-30467334
BASSA,23,COMMERCIALE_IMMOBILE,IMMOBILE,,ACQUISIZIONE / LOCAZIONE IMMOBILE COMMERCIALE,Rivoli,Immobiliare.it,"Locale commerciale viale Carrù 22, Rivoli, Rif. 124764219 - Immobiliare.it",,,0,NON_DETERMINATO,TRACKED,2026-08-28T05:06:35.531037+00:00,2026-09-22T13:28:47.917115+00:00,commerciale immobile,,https://www.immobiliare.it/annunci/124764219/
BASSA,23,UFFICIO_DIREZIONALE,IMMOBILE,,ACQUISIZIONE / LOCAZIONE UFFICIO,Rivoli,Uffici e direzionale,Prisma88 - Uffici in affitto temporaneo e Coworking a Rivoli ...,,,0,NON_DETERMINATO,TRACKED,2026-08-28T05:06:35.531042+00:00,2026-09-22T13:28:47.917122+00:00,ufficio direzionale,,https://www.europalaceufficiorbassano.it/uffici-rivoli/
BASSA,23,UFFICIO_DIREZIONALE,IMMOBILE,,ACQUISIZIONE / LOCAZIONE UFFICIO,Rivoli,Uffici e direzionale,STUDIO IMMOBILIARE MOCCAGATTA di RIVOLI,,,0,NON_DETERMINATO,TRACKED,2026-08-28T05:06:35.531046+00:00,2026-09-22T01:45:50.162598+00:00,ufficio direzionale,,https://www.studiomoccagatta.com/
BASSA,23,UFFICIO_DIREZIONALE,IMMOBILE,,ACQUISIZIONE / LOCAZIONE UFFICIO,Rivoli,Uffici e direzionale,28 Uffici in affitto a Rivoli - Mitula Case,,,0,NON_DETERMINATO,TRACKED,2026-08-28T05:06:35.531050+00:00,2026-09-22T13:28:47.917128+00:00,ufficio direzionale,,https://immobiliare.mitula.it/affitto-ufficio-rivoli
BASSA,23,UFFICIO_DIREZIONALE,IMMOBILE,,ACQUISIZIONE / LOCAZIONE UFFICIO,Rosta,Immobiliare.it,"Ufficio - Studio corso Moncenisio 63, Rosta, Rif. 128238490 ...",,,0,NON_DETERMINATO,USCITO_MERCATO,2026-08-28T05:06:35.531142+00:00,2026-09-06T22:17:30.166760+00:00,ufficio direzionale,,https://www.immobiliare.it/annunci/128238490/
BASSA,23,UFFICIO_DIREZIONALE,IMMOBILE,,ACQUISIZIONE / LOCAZIONE UFFICIO,Rosta,Immobiliare.it,"Ufficio - Studio corso Moncenisio 63, Rosta, Rif. 130332372 ...",,,0,NON_DETERMINATO,USCITO_MERCATO,2026-08-28T05:06:35.531146+00:00,2026-08-28T05:06:35.531147+00:00,ufficio direzionale,,https://www.immobiliare.it/annunci/130332372/
BASSA,23,UFFICIO_DIREZIONALE,IMMOBILE,,ACQUISIZIONE / LOCAZIONE UFFICIO,Rosta,Uffici e direzionale,Ufficio in Vendita a Rosta Cod. CG 913460 - promogest.org,,,0,NON_DETERMINATO,USCITO_MERCATO,2026-08-28T05:06:35.531151+00:00,2026-09-07T00:44:29.376231+00:00,ufficio direzionale,,https://www.promogest.org/i/7897704597--vendita-ufficio-rosta.html
BASSA,23,COMMERCIALE_IMMOBILE,IMMOBILE,,ACQUISIZIONE / LOCAZIONE IMMOBILE COMMERCIALE,Sangano,Commerciale negozi/locali,Locale Commerciale In Ad Sangano In Affitto In Italia | Waa2,,,0,NON_DETERMINATO,RELISTED,2026-08-28T05:06:35.531336+00:00,2026-09-07T10:14:01.141613+00:00,commerciale immobile,,https://case.waa2.it/affitto/locale-commerciale-in-ad-sangano
BASSA,23,UFFICIO_DIREZIONALE,IMMOBILE,,ACQUISIZIONE / LOCAZIONE UFFICIO,Val della Torre,Idealista,"Bilocale all'asta in Via Val della Torre, 62 - idealista",,,0,NON_DETERMINATO,USCITO_MERCATO,2026-08-28T05:06:35.531589+00:00,2026-09-06T19:19:39.866447+00:00,ufficio direzionale,,https://www.idealista.it/immobile/36090544/
BASSA,23,COMMERCIALE_IMMOBILE,IMMOBILE,,ACQUISIZIONE / LOCAZIONE IMMOBILE COMMERCIALE,Villar Dora,Commerciale negozi/locali,16 Locali commerciali in affitto a Villar Dora - Mitula Case,,,0,NON_DETERMINATO,TRACKED,2026-08-28T05:06:35.531690+00:00,2026-09-22T13:28:47.917987+00:00,commerciale immobile,,https://immobiliare.mitula.it/affitto-locale-commerciale-villar-dora
BASSA,23,COMMERCIALE_IMMOBILE,IMMOBILE,,ACQUISIZIONE / LOCAZIONE IMMOBILE COMMERCIALE,Buttigliera Alta,Casa.it,Locale commerciale in Vendita in Corso Torino 6 a Buttigliera Alta ...,,,0,NON_DETERMINATO,USCITO_MERCATO,2026-08-28T10:58:40.670276+00:00,2026-08-28T10:58:40.670278+00:00,commerciale immobile,,https://www.casa.it/immobili/54618135/
BASSA,23,UFFICIO_DIREZIONALE,IMMOBILE,,ACQUISIZIONE / LOCAZIONE UFFICIO,Condove,Trovit,"20 locale commerciales circolo in affitto a Bar, Condove - Trovit",,,0,NON_DETERMINATO,USCITO_MERCATO,2026-08-28T10:58:40.670711+00:00,2026-09-19T20:30:44.817023+00:00,ufficio direzionale,,https://case.trovit.it/affitto-negozio-circolo-bar
BASSA,23,COMMERCIALE_IMMOBILE,IMMOBILE,,ACQUISIZIONE / LOCAZIONE IMMOBILE COMMERCIALE,Oulx,Commerciale negozi/locali,Locale Commerciale Oulx - 34 locali comerciali in vendita in Oulx de ...,,,0,NON_DETERMINATO,TRACKED,2026-08-28T10:58:40.671182+00:00,2026-09-07T00:44:29.376083+00:00,commerciale immobile,,https://www.nuroa.it/vendita-immobili/locale-commerciale-oulx
BASSA,23,COMMERCIALE_IMMOBILE,IMMOBILE,,ACQUISIZIONE / LOCAZIONE IMMOBILE COMMERCIALE,Rivoli,Immobiliare.it,"Locale commerciale piazza Martiri della libertà 5, Rivoli, Rif ...",,,0,NON_DETERMINATO,USCITO_MERCATO,2026-08-28T10:58:40.671430+00:00,2026-09-12T17:06:03.936165+00:00,commerciale immobile,,https://www.immobiliare.it/annunci/127065271/
BASSA,23,COMMERCIALE_IMMOBILE,IMMOBILE,,ACQUISIZIONE / LOCAZIONE IMMOBILE COMMERCIALE,Rivoli,Commerciale negozi/locali,Locali commerciali in affitto 1000 euro a Rivoli - Mitula Case,,,0,NON_DETERMINATO,USCITO_MERCATO,2026-08-28T10:58:40.671437+00:00,2026-08-28T10:58:40.671438+00:00,commerciale immobile,,https://immobiliare.mitula.it/affitto-locale-commerciale-rivoli-1000-euro
BASSA,23,UFFICIO_DIREZIONALE,IMMOBILE,,ACQUISIZIONE / LOCAZIONE UFFICIO,Rosta,Trovit,3 locale commerciales in affitto a Rosta - Trovit,,,0,NON_DETERMINATO,TRACKED,2026-08-28T10:58:40.671553+00:00,2026-09-22T13:28:47.917327+00:00,ufficio direzionale,,https://case.trovit.it/affitto-negozio-rosta
BASSA,23,UFFICIO_DIREZIONALE,IMMOBILE,,ACQUISIZIONE / LOCAZIONE UFFICIO,Sangano,Trovit,2 locale commerciales in affitto a Sangano - Trovit,,,0,NON_DETERMINATO,POSSIBILE_USCITA,2026-08-28T10:58:40.671887+00:00,2026-09-06T19:19:39.866046+00:00,ufficio direzionale,,https://case.trovit.it/affitto-negozio-sangano
BASSA,23,UFFICIO_DIREZIONALE,IMMOBILE,,ACQUISIZIONE / LOCAZIONE UFFICIO,Val della Torre,Uffici e direzionale,Casa indipendente in Vendita a Val Della Torre,,,0,NON_DETERMINATO,USCITO_MERCATO,2026-08-28T10:58:40.672180+00:00,2026-08-28T10:58:40.672182+00:00,ufficio direzionale,,https://all.biz/it-it/casa-indipendente-in-vendita-a-val-della-torre-g48045
BASSA,23,COMMERCIALE_IMMOBILE,IMMOBILE,,ACQUISIZIONE / LOCAZIONE IMMOBILE COMMERCIALE,Bussoleno,Trovit,2 locale commerciales in affitto a Bussoleno - Trovit,,,0,NON_DETERMINATO,USCITO_MERCATO,2026-09-01T18:58:42.119291+00:00,2026-09-04T19:20:00.003447+00:00,commerciale immobile,,https://case.trovit.it/affitto-negozio-bussoleno
BASSA,23,UFFICIO_DIREZIONALE,IMMOBILE,,ACQUISIZIONE / LOCAZIONE UFFICIO,Chiomonte,Trovit,1 locale commerciales in affitto a Chiomonte - Trovit,,,0,NON_DETERMINATO,TRACKED,2026-09-01T18:58:42.119585+00:00,2026-09-07T10:14:01.139669+00:00,ufficio direzionale,,https://case.trovit.it/affitto-negozio-chiomonte
BASSA,23,UFFICIO_DIREZIONALE,IMMOBILE,,ACQUISIZIONE / LOCAZIONE UFFICIO,Condove,Uffici e direzionale,Aziende di Condove - Rete Imprese,,,0,NON_DETERMINATO,TRACKED,2026-09-01T18:58:42.119968+00:00,2026-09-22T13:28:47.916189+00:00,ufficio direzionale,,https://www.reteimprese.it/condove
BASSA,23,UFFICIO_DIREZIONALE,IMMOBILE,,ACQUISIZIONE / LOCAZIONE UFFICIO,Rosta,Immobiliare.it,"Ufficio - Studio corso Moncenisio 43, Rosta, Rif. 112890539 ...",,,0,NON_DETERMINATO,USCITO_MERCATO,2026-09-01T18:58:42.121035+00:00,2026-09-07T00:44:29.376224+00:00,ufficio direzionale,,https://www.immobiliare.it/annunci/112890539/
BASSA,23,COMMERCIALE_IMMOBILE,IMMOBILE,,ACQUISIZIONE / LOCAZIONE IMMOBILE COMMERCIALE,Collegno,Commerciale negozi/locali,225 Locali commerciali in affitto a Collegno - Mitula Case,,,0,NON_DETERMINATO,POSSIBILE_USCITA,2026-09-01T20:55:16.172553+00:00,2026-09-21T12:37:01.289203+00:00,commerciale immobile,,https://immobiliare.mitula.it/affitto-locale-commerciale-collegno
BASSA,23,UFFICIO_DIREZIONALE,IMMOBILE,,ACQUISIZIONE / LOCAZIONE UFFICIO,Sangano,Subito privati,Subito - Tecnorete - STUDIO SANGANO sas - 4 LOCALI A SANGANO ...,,,0,INDIZIO_AGENZIA,USCITO_MERCATO,2026-09-01T20:55:16.174091+00:00,2026-09-02T07:11:25.327236+00:00,fonte/query orientata ai privati | indizio agenzia | ufficio direzionale,,https://www.subito.it/appartamenti/4-locali-a-sangano-torino-658728639.htm
BASSA,23,UFFICIO_DIREZIONALE,IMMOBILE,,ACQUISIZIONE / LOCAZIONE UFFICIO,Villar Focchiardo,Casa.it,Capannone in Vendita in Via Preinera a Villar Focchiardo,,,0,NON_DETERMINATO,USCITO_MERCATO,2026-09-01T20:55:16.174627+00:00,2026-09-07T10:14:01.142210+00:00,ufficio direzionale,,https://www.casa.it/immobili/54638886/
BASSA,23,COMMERCIALE_IMMOBILE,IMMOBILE,,ACQUISIZIONE / LOCAZIONE IMMOBILE COMMERCIALE,Grugliasco,Trovit,100 locale commerciales in vendita a Grugliasco - Trovit,,,0,NON_DETERMINATO,USCITO_MERCATO,2026-09-01T23:36:27.691174+00:00,2026-09-01T23:36:27.691176+00:00,commerciale immobile,,https://case.trovit.it/negozio-grugliasco
BASSA,23,UFFICIO_DIREZIONALE,IMMOBILE,,ACQUISIZIONE / LOCAZIONE UFFICIO,Oulx,Uffici e direzionale,Grandhoche | Sito internet dello studio immobiliare grandhoche,,,0,NON_DETERMINATO,USCITO_MERCATO,2026-09-01T23:36:27.691337+00:00,2026-09-06T09:36:38.463405+00:00,ufficio direzionale,,https://www.grandhoche.com/
BASSA,23,COMMERCIALE_IMMOBILE,IMMOBILE,,ACQUISIZIONE / LOCAZIONE IMMOBILE COMMERCIALE,Bussoleno,Subito privati,NEGOZIO A BUSSOLENO | Subito,,,0,INDIZIO_AGENZIA,TRACKED,2026-09-02T07:11:25.325375+00:00,2026-09-07T10:14:01.139391+00:00,fonte/query orientata ai privati | indizio agenzia | commerciale immobile,,https://www.subito.it/uffici-locali-commerciali/negozio-a-bussoleno-torino-659200349.htm
BASSA,23,COMMERCIALE_IMMOBILE,IMMOBILE,,ACQUISIZIONE / LOCAZIONE IMMOBILE COMMERCIALE,Collegno,Commerciale negozi/locali,Locale Commerciale Collegno - 189 locali comerciali in affito in ...,,,0,NON_DETERMINATO,USCITO_MERCATO,2026-09-02T07:11:25.325699+00:00,2026-09-20T21:00:13.356249+00:00,commerciale immobile,,https://www.nuroa.it/affitto-case/locale-commerciale-collegno
BASSA,23,UFFICIO_DIREZIONALE,IMMOBILE,,ACQUISIZIONE / LOCAZIONE UFFICIO,Pianezza,Trovit,12 locale commerciales in affitto a Pianezza - Trovit,,,0,NON_DETERMINATO,TRACKED,2026-09-02T07:11:25.326501+00:00,2026-09-22T13:28:47.916926+00:00,ufficio direzionale,,https://case.trovit.it/affitto-negozio-pianezza
BASSA,23,UFFICIO_DIREZIONALE,IMMOBILE,,ACQUISIZIONE / LOCAZIONE UFFICIO,San Valeriano,Subito privati,Subito - TECNOCASA - STUDIO SVILUPPO SAS - 3 LOCALI A BORGONE SUSA ...,,,0,INDIZIO_AGENZIA,TRACKED,2026-09-02T07:11:25.327135+00:00,2026-09-07T04:45:03.057440+00:00,fonte/query orientata ai privati | indizio agenzia | ufficio direzionale,,https://www.subito.it/appartamenti/3-locali-a-borgone-susa-torino-659201345.htm
BASSA,23,COMMERCIALE_IMMOBILE,IMMOBILE,,ACQUISIZIONE / LOCAZIONE IMMOBILE COMMERCIALE,Bardonecchia,Commerciale negozi/locali,I nostri immobili in vendita - bardonecchiaamormio.com,,,0,NON_DETERMINATO,USCITO_MERCATO,2026-09-02T12:02:41.369498+00:00,2026-09-02T12:02:41.369499+00:00,commerciale immobile,,https://bardonecchiaamormio.com/it/vendite
BASSA,23,COMMERCIALE_IMMOBILE,IMMOBILE,,ACQUISIZIONE / LOCAZIONE IMMOBILE COMMERCIALE,Almese,Immobiliare.it,"Locale commerciale piazza Martiri della Libertà 31, Almese, Rif ...",,,0,NON_DETERMINATO,USCITO_MERCATO,2026-09-03T18:47:06.317571+00:00,2026-09-03T18:47:06.317572+00:00,commerciale immobile,,https://www.immobiliare.it/annunci/113407257/
BASSA,23,UFFICIO_DIREZIONALE,IMMOBILE,,ACQUISIZIONE / LOCAZIONE UFFICIO,Alpignano,Uffici e direzionale,223 Locali commerciali in affitto a Alpignano - Mitula Case,,,0,NON_DETERMINATO,USCITO_MERCATO,2026-09-03T18:47:06.317636+00:00,2026-09-11T13:39:24.922966+00:00,ufficio direzionale,,https://immobiliare.mitula.it/affitto-locale-commerciale-alpignano
BASSA,23,UFFICIO_DIREZIONALE,IMMOBILE,,ACQUISIZIONE / LOCAZIONE UFFICIO,Avigliana,Uffici e direzionale,PromoGest di Dott. Giovanni Sanchesi | Vendita e Affitto Immobili Torino,,,0,NON_DETERMINATO,USCITO_MERCATO,2026-09-03T18:47:06.317743+00:00,2026-09-04T16:00:05.400654+00:00,ufficio direzionale,,https://www.promogest.org/
BASSA,23,UFFICIO_DIREZIONALE,IMMOBILE,,ACQUISIZIONE / LOCAZIONE UFFICIO,Mattie,Nestoria,Case a Mattie. Immobili in affitto a Mattie - Nestoria,,,0,NON_DETERMINATO,USCITO_MERCATO,2026-09-03T18:47:06.318769+00:00,2026-09-05T00:56:52.328109+00:00,ufficio direzionale,,https://www.nestoria.it/immobiliare/affitto/mattie
BASSA,23,COMMERCIALE_IMMOBILE,IMMOBILE,,ACQUISIZIONE / LOCAZIONE IMMOBILE COMMERCIALE,Sant'Ambrogio di Torino,Trovit,4 immobili in affitto a Sant'Ambrogio di Torino - Trovit,,,0,NON_DETERMINATO,USCITO_MERCATO,2026-09-03T18:47:06.319559+00:00,2026-09-03T18:47:06.319560+00:00,commerciale immobile,,https://case.trovit.it/affitto-sant-ambrogio-torino
BASSA,23,COMMERCIALE_IMMOBILE,IMMOBILE,,ACQUISIZIONE / LOCAZIONE IMMOBILE COMMERCIALE,Moncenisio,Casa.it,Locale commerciale in Vendita in Via Passo del Moncenisio 34 a Brescia ...,,,0,NON_DETERMINATO,TRACKED,2026-09-04T00:12:37.946992+00:00,2026-09-07T10:14:01.140671+00:00,commerciale immobile,,https://www.casa.it/immobili/54655572/
BASSA,23,COMMERCIALE_IMMOBILE,IMMOBILE,,ACQUISIZIONE / LOCAZIONE IMMOBILE COMMERCIALE,Rivoli,Commerciale negozi/locali,"Negozio, affitto, Viale Carrù 22, Rivoli • Commerciali.it",,,0,NON_DETERMINATO,USCITO_MERCATO,2026-09-04T00:12:37.947222+00:00,2026-09-14T22:36:38.494427+00:00,commerciale immobile,,https://www.commerciali.it/negozio-affitto-rivoli-zona-maiasco-28354767
BASSA,23,COMMERCIALE_IMMOBILE,IMMOBILE,,ACQUISIZIONE / LOCAZIONE IMMOBILE COMMERCIALE,Rosta,Commerciale negozi/locali,144 Locali commerciali in affitto a Rosta - Mitula Case,,,0,NON_DETERMINATO,USCITO_MERCATO,2026-09-04T02:03:54.139139+00:00,2026-09-09T23:18:34.768996+00:00,commerciale immobile,,https://immobiliare.mitula.it/affitto-locale-commerciale-rosta
BASSA,23,UFFICIO_DIREZIONALE,IMMOBILE,,ACQUISIZIONE / LOCAZIONE UFFICIO,Villar Focchiardo,Subito privati,Subito - TECNOCASA - STUDIO SVILUPPO SAS - 4 LOCALI A VILLAR FOCCHIARDO ...,,,0,INDIZIO_AGENZIA,USCITO_MERCATO,2026-09-04T07:52:28.841441+00:00,2026-09-08T21:57:25.797274+00:00,fonte/query orientata ai privati | indizio agenzia | ufficio direzionale,,https://www.subito.it/appartamenti/4-locali-a-villar-focchiardo-torino-659433693.htm
BASSA,23,UFFICIO_DIREZIONALE,IMMOBILE,,ACQUISIZIONE / LOCAZIONE UFFICIO,Bussoleno,Uffici e direzionale,Case affitto Bussoleno - Mioaffitto.it,,,0,NON_DETERMINATO,USCITO_MERCATO,2026-09-04T16:00:05.401025+00:00,2026-09-05T23:10:34.870730+00:00,ufficio direzionale,,https://www.mioaffitto.it/case-affitto-bussoleno-90-1-0-61786.html
BASSA,23,COMMERCIALE_IMMOBILE,IMMOBILE,,ACQUISIZIONE / LOCAZIONE IMMOBILE COMMERCIALE,Collegno,Immobiliare.it,"Magazzino - Deposito via Castagnevizza 11, Collegno, Rif. 132121708 ...",,,0,NON_DETERMINATO,TRACKED,2026-09-04T19:20:00.003996+00:00,2026-09-22T13:28:47.916056+00:00,commerciale immobile,,https://www.immobiliare.it/annunci/132121708/
BASSA,23,COMMERCIALE_IMMOBILE,IMMOBILE,,ACQUISIZIONE / LOCAZIONE IMMOBILE COMMERCIALE,Grugliasco,Commerciale negozi/locali,262 Locali commerciali in affitto a Grugliasco - Mitula Case,,,0,NON_DETERMINATO,USCITO_MERCATO,2026-09-04T19:20:00.004456+00:00,2026-09-10T21:45:03.419190+00:00,commerciale immobile,,https://immobiliare.mitula.it/affitto-locale-commerciale-grugliasco
BASSA,23,COMMERCIALE_IMMOBILE,IMMOBILE,,ACQUISIZIONE / LOCAZIONE IMMOBILE COMMERCIALE,Susa,Commerciale negozi/locali,Più di cento negozi in vendita a Milano Piazzale Susa.,,,0,NON_DETERMINATO,POSSIBILE_USCITA,2026-09-04T19:20:00.005623+00:00,2026-09-06T19:19:39.866214+00:00,commerciale immobile,,https://www.caasa.it/milano/milano-zona-p-susa/negozio/in-vendita.html
BASSA,23,COMMERCIALE_IMMOBILE,IMMOBILE,,ACQUISIZIONE / LOCAZIONE IMMOBILE COMMERCIALE,Rivoli,Immobiliare.it,"Locale commerciale via Cavalieri di Vittorio Veneto 9, Rivoli, Rif ...",,,0,NON_DETERMINATO,POSSIBILE_USCITA,2026-09-04T22:26:36.992912+00:00,2026-09-21T12:37:01.290345+00:00,commerciale immobile,,https://www.immobiliare.it/annunci/123589897/
BASSA,23,UFFICIO_DIREZIONALE,IMMOBILE,,ACQUISIZIONE / LOCAZIONE UFFICIO,Rosta,Immobiliare.it,"Ufficio - Studio corso Moncenisio 34, Rosta, Rif. 104298369 ...",,,0,NON_DETERMINATO,USCITO_MERCATO,2026-09-05T09:19:10.297281+00:00,2026-09-07T00:44:29.376214+00:00,ufficio direzionale,,https://www.immobiliare.it/annunci/104298369/
BASSA,23,COMMERCIALE_IMMOBILE,IMMOBILE,,ACQUISIZIONE / LOCAZIONE IMMOBILE COMMERCIALE,Almese,Casa.it,Locale commerciale in Vendita in Via Roma 29 a Almese,,,0,NON_DETERMINATO,USCITO_MERCATO,2026-09-05T19:08:06.332878+00:00,2026-09-05T19:08:06.332880+00:00,commerciale immobile,,https://www.casa.it/immobili/54664232/
BASSA,23,COMMERCIALE_IMMOBILE,IMMOBILE,,ACQUISIZIONE / LOCAZIONE IMMOBILE COMMERCIALE,Buttigliera Alta,Immobiliare.it,"Locale commerciale vicolo Moncenisio 4, Buttigliera Alta, Rif ...",,,0,NON_DETERMINATO,USCITO_MERCATO,2026-09-05T23:10:34.870784+00:00,2026-09-14T22:36:38.492972+00:00,commerciale immobile,,https://www.immobiliare.it/annunci/123148631/
BASSA,23,COMMERCIALE_IMMOBILE,IMMOBILE,,ACQUISIZIONE / LOCAZIONE IMMOBILE COMMERCIALE,Oulx,Commerciale negozi/locali,"Negozio/locale commerciale all''asta Via Roma 33, Oulx. Fabbricato ...",,,0,NON_DETERMINATO,RELISTED,2026-09-05T23:10:34.871930+00:00,2026-09-07T10:14:01.140762+00:00,commerciale immobile,,https://www.immobiliare-italia.it/negozio-locale-commerciale-all-asta-via-roma-33-oulx/1482168/
BASSA,23,COMMERCIALE_IMMOBILE,IMMOBILE,,ACQUISIZIONE / LOCAZIONE IMMOBILE COMMERCIALE,Rivoli,Immobiliare.it,"Locale commerciale locale commerciale piazza fratelli cervi 3, Rivoli ...",,,0,NON_DETERMINATO,USCITO_MERCATO,2026-09-06T13:51:47.105612+00:00,2026-09-13T09:37:53.089179+00:00,commerciale immobile,,https://www.immobiliare.it/annunci/130186030/
BASSA,23,COMMERCIALE_IMMOBILE,IMMOBILE,,ACQUISIZIONE / LOCAZIONE IMMOBILE COMMERCIALE,Coazze,Commerciale negozi/locali,Appartamenti in affitto a Giaveno Via Coazze. - caasa.it,,,0,NON_DETERMINATO,USCITO_MERCATO,2026-09-06T19:19:39.864419+00:00,2026-09-06T19:19:39.864421+00:00,commerciale immobile,,https://www.caasa.it/torino/giaveno-zona-v-coazze/appartamento/in-affitto.html
BASSA,23,UFFICIO_DIREZIONALE,IMMOBILE,,ACQUISIZIONE / LOCAZIONE UFFICIO,Collegno,Trovit,29 locale commerciales in affitto a Collegno - Trovit,,,0,NON_DETERMINATO,TRACKED,2026-09-06T19:19:39.864542+00:00,2026-09-22T13:28:47.916069+00:00,ufficio direzionale,,https://case.trovit.it/affitto-negozio-collegno
BASSA,23,COMMERCIALE_IMMOBILE,IMMOBILE,,ACQUISIZIONE / LOCAZIONE IMMOBILE COMMERCIALE,Sant'Antonino di Susa,Immobiliare.it,"Locale commerciale corso Stati Uniti, Susa, Rif. 132110820 - Immobiliare.it",,,0,NON_DETERMINATO,USCITO_MERCATO,2026-09-07T10:14:01.141734+00:00,2026-09-11T23:19:47.991050+00:00,commerciale immobile,,https://www.immobiliare.it/annunci/132110820/
BASSA,23,UFFICIO_DIREZIONALE,IMMOBILE,,ACQUISIZIONE / LOCAZIONE UFFICIO,Beinasco,Trovit,30 ufficios in affitto a Beinasco - Trovit,,,0,NON_DETERMINATO,RELISTED,2026-09-08T06:35:04.156712+00:00,2026-09-22T01:45:50.161264+00:00,ufficio direzionale,,https://case.trovit.it/affitto-uffici-beinasco
BASSA,23,UFFICIO_DIREZIONALE,IMMOBILE,,ACQUISIZIONE / LOCAZIONE UFFICIO,Bruino,Nestoria,Case a Bruino. Immobili in affitto a Bruino - Nestoria,,,0,NON_DETERMINATO,USCITO_MERCATO,2026-09-08T06:35:04.156912+00:00,2026-09-13T14:26:02.554857+00:00,ufficio direzionale,,https://www.nestoria.it/immobiliare/affitto/bruino
BASSA,23,UFFICIO_DIREZIONALE,IMMOBILE,,ACQUISIZIONE / LOCAZIONE UFFICIO,Druento,Uffici e direzionale,Appartamenti e case in affitto a Druento - altroaffitto.it,,,0,NON_DETERMINATO,USCITO_MERCATO,2026-09-08T06:35:04.157713+00:00,2026-09-16T19:00:37.438863+00:00,ufficio direzionale,,https://www.altroaffitto.it/affitti/Druento?page=1
BASSA,23,UFFICIO_DIREZIONALE,IMMOBILE,,ACQUISIZIONE / LOCAZIONE UFFICIO,Fiano,Uffici e direzionale,Immobili in affitto - Masci Immobili - FCM Immobili srl - Fiano Romano,,,0,NON_DETERMINATO,TRACKED,2026-09-08T06:35:04.157799+00:00,2026-09-22T13:28:47.916402+00:00,ufficio direzionale,,https://www.masciimmobili.it/web/immobili.asp?tipo_contratto=A&language=ita&pagref=1913
BASSA,23,COMMERCIALE_IMMOBILE,IMMOBILE,,ACQUISIZIONE / LOCAZIONE IMMOBILE COMMERCIALE,Grugliasco,Subito privati,Negozio Grugliasco [Cod. rif 3336258VCG] | Subito,,,0,INDIZIO_AGENZIA,USCITO_MERCATO,2026-09-08T11:07:58.868695+00:00,2026-09-08T11:07:58.868696+00:00,fonte/query orientata ai privati | indizio agenzia | commerciale immobile,,https://www.subito.it/uffici-locali-commerciali/negozio-grugliasco-cod-rif-3336258vcg-torino-659866511.htm
BASSA,23,UFFICIO_DIREZIONALE,IMMOBILE,,ACQUISIZIONE / LOCAZIONE UFFICIO,Fiano,Uffici e direzionale,Ufficio affitto Fiano Romano - Affitto.it,,,0,NON_DETERMINATO,USCITO_MERCATO,2026-09-08T18:39:29.644498+00:00,2026-09-08T18:39:29.644500+00:00,ufficio direzionale,,https://immobili-commerciali.affitto.it/affitto_ufficio_Fiano-Romano_RM.htm
BASSA,23,UFFICIO_DIREZIONALE,IMMOBILE,,ACQUISIZIONE / LOCAZIONE UFFICIO,Robassomero,Uffici e direzionale,Comune di Robassomero - Amministrazione trasparente,,,0,NON_DETERMINATO,TRACKED,2026-09-08T18:39:29.645361+00:00,2026-09-22T13:28:47.917225+00:00,ufficio direzionale,,https://www.comune.robassomero.to.it/Menu?IDVoceMenu=233399
BASSA,23,COMMERCIALE_IMMOBILE,IMMOBILE,,ACQUISIZIONE / LOCAZIONE IMMOBILE COMMERCIALE,Druento,Casa.it,Locale commerciale in Vendita in Largo Oropa 1 a Druento,,,0,NON_DETERMINATO,USCITO_MERCATO,2026-09-08T21:57:25.795490+00:00,2026-09-13T09:37:53.088247+00:00,commerciale immobile,,https://www.casa.it/immobili/54666277/
BASSA,23,COMMERCIALE_IMMOBILE,IMMOBILE,,ACQUISIZIONE / LOCAZIONE IMMOBILE COMMERCIALE,Beinasco,Immobiliare.it,"Locale commerciale via Torino 36, Beinasco, Rif. 110515307 - Immobiliare.it",,,0,NON_DETERMINATO,USCITO_MERCATO,2026-09-09T04:02:27.436610+00:00,2026-09-15T01:31:48.169617+00:00,commerciale immobile,,https://www.immobiliare.it/annunci/110515307/
BASSA,23,COMMERCIALE_IMMOBILE,IMMOBILE,,ACQUISIZIONE / LOCAZIONE IMMOBILE COMMERCIALE,Beinasco,Commerciale negozi/locali,309 Locali commerciali in vendita a Beinasco - Mitula Case,,,0,NON_DETERMINATO,USCITO_MERCATO,2026-09-09T04:02:27.436620+00:00,2026-09-15T18:17:59.371984+00:00,commerciale immobile,,https://immobiliare.mitula.it/locale-commerciale-beinasco
BASSA,23,UFFICIO_DIREZIONALE,IMMOBILE,,ACQUISIZIONE / LOCAZIONE UFFICIO,Fiano,Immobiliare.it,"Ufficio - Studio in vendita, Fiano Romano, Rif. 123047681 - Immobiliare.it",,,0,NON_DETERMINATO,USCITO_MERCATO,2026-09-09T04:02:27.437903+00:00,2026-09-17T11:30:50.190399+00:00,ufficio direzionale,,https://www.immobiliare.it/annunci/123047681/
BASSA,23,UFFICIO_DIREZIONALE,IMMOBILE,,ACQUISIZIONE / LOCAZIONE UFFICIO,Rivalta di Torino,Uffici e direzionale,Agenzia sociale per la locazione (ASLo) | Città di Rivalta di Torino,,,0,NON_DETERMINATO,RELISTED,2026-09-09T04:02:27.438620+00:00,2026-09-22T01:45:50.162538+00:00,ufficio direzionale,,https://www.comune.rivalta.to.it/servizi/agenzia-sociale-per-locazione-aslo
BASSA,23,COMMERCIALE_IMMOBILE,IMMOBILE,,ACQUISIZIONE / LOCAZIONE IMMOBILE COMMERCIALE,Avigliana,Immobiliare.it,"Locale commerciale via Generale C. Alberto dalla Chiesa 7, Avigliana ...",,,0,NON_DETERMINATO,USCITO_MERCATO,2026-09-09T13:49:33.337398+00:00,2026-09-17T23:05:00.274438+00:00,commerciale immobile,,https://www.immobiliare.it/annunci/119041139/
BASSA,23,UFFICIO_DIREZIONALE,IMMOBILE,,ACQUISIZIONE / LOCAZIONE UFFICIO,Rosta,Idealista,"Ufficio in vendita in Corso Moncenisio, 63, Rosta - idealista",,,0,NON_DETERMINATO,USCITO_MERCATO,2026-09-09T13:49:33.338729+00:00,2026-09-13T20:46:02.147948+00:00,ufficio direzionale,,https://www.idealista.it/immobile/30535133/
BASSA,23,COMMERCIALE_IMMOBILE,IMMOBILE,,ACQUISIZIONE / LOCAZIONE IMMOBILE COMMERCIALE,Fiano,Commerciale negozi/locali,Affitto Negozio Fiano Romano. Negozi Fiano Romano in affitto ...,,,0,NON_DETERMINATO,POSSIBILE_USCITA,2026-09-09T17:56:58.703366+00:00,2026-09-21T06:16:22.537129+00:00,commerciale immobile,,https://www.risorseimmobiliari.it/immobili.asp?url_firstparam=Roma%2Faffitto_negozi_Fiano-romano.html&url_search=affitto_negozi_Fiano-romano
BASSA,23,COMMERCIALE_IMMOBILE,IMMOBILE,,ACQUISIZIONE / LOCAZIONE IMMOBILE COMMERCIALE,Rivoli,Commerciale negozi/locali,"111 Locali commerciali in affitto a Cascine Vica, Rivoli - Mitula Case",,,0,NON_DETERMINATO,POSSIBILE_USCITA,2026-09-09T17:56:58.704032+00:00,2026-09-21T01:16:25.018940+00:00,commerciale immobile,,https://immobiliare.mitula.it/affitto-locale-commerciale-rivoli-cascine-vica
BASSA,23,COMMERCIALE_IMMOBILE,IMMOBILE,,ACQUISIZIONE / LOCAZIONE IMMOBILE COMMERCIALE,Almese,Immobiliare.it,"Locale commerciale via Roma 29, Almese, Rif. 132169640 - Immobiliare.it",,,0,NON_DETERMINATO,USCITO_MERCATO,2026-09-09T23:18:34.766554+00:00,2026-09-14T12:27:12.111227+00:00,commerciale immobile,,https://www.immobiliare.it/annunci/132169640/
BASSA,23,COMMERCIALE_IMMOBILE,IMMOBILE,,ACQUISIZIONE / LOCAZIONE IMMOBILE COMMERCIALE,Rivoli,Commerciale negozi/locali,Locale Commerciale Rivoli - 379 locali comerciali in affito in Rivoli ...,,,0,NON_DETERMINATO,POSSIBILE_USCITA,2026-09-09T23:18:34.768745+00:00,2026-09-21T12:37:01.290356+00:00,commerciale immobile,,https://www.nuroa.it/affitto-case/locale-commerciale-rivoli
BASSA,23,COMMERCIALE_IMMOBILE,IMMOBILE,,ACQUISIZIONE / LOCAZIONE IMMOBILE COMMERCIALE,Sant'Antonino di Susa,Commerciale negozi/locali,34 Locali commerciali in vendita a Borgone Susa - Mitula Case,,,0,NON_DETERMINATO,TRACKED,2026-09-10T11:09:38.639235+00:00,2026-09-22T13:28:47.917621+00:00,commerciale immobile,,https://immobiliare.mitula.it/locale-commerciale-borgone-susa
BASSA,23,COMMERCIALE_IMMOBILE,IMMOBILE,,ACQUISIZIONE / LOCAZIONE IMMOBILE COMMERCIALE,Bruino,Immobiliare.it,"Locale commerciale via Torino 63, Bruino, Rif. 125835137 - Immobiliare.it",,,0,NON_DETERMINATO,USCITO_MERCATO,2026-09-10T15:11:09.214098+00:00,2026-09-20T21:00:13.355315+00:00,commerciale immobile,,https://www.immobiliare.it/annunci/125835137/
BASSA,23,COMMERCIALE_IMMOBILE,IMMOBILE,,ACQUISIZIONE / LOCAZIONE IMMOBILE COMMERCIALE,Bruino,Commerciale negozi/locali,37 Locali commerciali in affitto a Bruino - Mitula Case,,,0,NON_DETERMINATO,USCITO_MERCATO,2026-09-10T15:11:09.214105+00:00,2026-09-20T21:00:13.355304+00:00,commerciale immobile,,https://immobiliare.mitula.it/affitto-locale-commerciale-bruino
BASSA,23,COMMERCIALE_IMMOBILE,IMMOBILE,,ACQUISIZIONE / LOCAZIONE IMMOBILE COMMERCIALE,Fiano,Commerciale negozi/locali,Immobili commerciali affitto Fiano Romano,,,0,NON_DETERMINATO,USCITO_MERCATO,2026-09-10T18:28:14.181083+00:00,2026-09-20T01:04:10.802148+00:00,commerciale immobile,,https://www.affitto.it/affitti-commerciali-Fiano-Romano_RM.htm
BASSA,23,COMMERCIALE_IMMOBILE,IMMOBILE,,ACQUISIZIONE / LOCAZIONE IMMOBILE COMMERCIALE,Pianezza,Idealista,"Locale in vendita in Via Pianezza, Parco Dora, Torino - idealista",,,0,NON_DETERMINATO,USCITO_MERCATO,2026-09-11T09:00:35.958305+00:00,2026-09-11T13:39:24.924500+00:00,commerciale immobile,,https://www.idealista.it/immobile/35701267/
BASSA,23,COMMERCIALE_IMMOBILE,IMMOBILE,,ACQUISIZIONE / LOCAZIONE IMMOBILE COMMERCIALE,Rivalta di Torino,Casa.it,Locale commerciale in Vendita in Via Trieste 7 a Rivalta di Torino ...,,,0,NON_DETERMINATO,USCITO_MERCATO,2026-09-11T09:00:35.958428+00:00,2026-09-11T09:00:35.958429+00:00,commerciale immobile,,https://www.casa.it/immobili/54706612/
BASSA,23,COMMERCIALE_IMMOBILE,IMMOBILE,,ACQUISIZIONE / LOCAZIONE IMMOBILE COMMERCIALE,Val della Torre,Trovit,11 locale commerciales ristorante in affitto a Torino - Trovit,,,0,NON_DETERMINATO,POSSIBILE_USCITA,2026-09-11T09:00:35.958988+00:00,2026-09-21T01:16:25.020557+00:00,commerciale immobile,,https://case.trovit.it/affitto-negozio-ristorante-torino
BASSA,23,COMMERCIALE_IMMOBILE,IMMOBILE,,ACQUISIZIONE / LOCAZIONE IMMOBILE COMMERCIALE,Pianezza,Immobiliare.it,"Locale commerciale via Maria Bricca 20, Pianezza, Rif. 92649360 ...",,,0,NON_DETERMINATO,TRACKED,2026-09-11T13:39:24.924496+00:00,2026-09-22T13:28:47.916920+00:00,commerciale immobile,,https://www.immobiliare.it/annunci/92649360/
BASSA,23,COMMERCIALE_IMMOBILE,IMMOBILE,,ACQUISIZIONE / LOCAZIONE IMMOBILE COMMERCIALE,Rivoli,Trovit,46 locale commerciales piazza in affitto a Rivoli - Trovit,,,0,NON_DETERMINATO,USCITO_MERCATO,2026-09-11T17:53:32.668455+00:00,2026-09-17T23:05:00.276242+00:00,commerciale immobile,,https://case.trovit.it/affitto-negozio-piazza-rivoli
BASSA,23,UFFICIO_DIREZIONALE,IMMOBILE,,ACQUISIZIONE / LOCAZIONE UFFICIO,Sant'Antonino di Susa,Immobiliare.it,Affitto Appartamento Sant'Antonino di Susa. Trilocale in via Maisonetta ...,,,0,NON_DETERMINATO,USCITO_MERCATO,2026-09-11T17:53:32.668874+00:00,2026-09-14T01:05:27.892791+00:00,ufficio direzionale,,https://www.immobiliare.it/annunci/132291074/
BASSA,23,COMMERCIALE_IMMOBILE,IMMOBILE,,ACQUISIZIONE / LOCAZIONE IMMOBILE COMMERCIALE,Beinasco,Commerciale negozi/locali,Locale commerciale in vendita a Beinasco (TO) - rif:Cod.rif3286394,,,0,NON_DETERMINATO,USCITO_MERCATO,2026-09-12T05:52:24.476458+00:00,2026-09-15T01:31:48.169626+00:00,commerciale immobile,,https://www.grimaldifranchising.it/vendita/negozio/to/beinasco/19645
BASSA,23,COMMERCIALE_IMMOBILE,IMMOBILE,,ACQUISIZIONE / LOCAZIONE IMMOBILE COMMERCIALE,Rivalta di Torino,Idealista,"Locale all'asta in Via Trieste, 7, Rivalta di Torino - idealista",,,0,NON_DETERMINATO,USCITO_MERCATO,2026-09-12T10:35:02.924516+00:00,2026-09-12T10:35:02.924517+00:00,commerciale immobile,,https://www.idealista.it/immobile/36781066/
BASSA,23,COMMERCIALE_IMMOBILE,IMMOBILE,,ACQUISIZIONE / LOCAZIONE IMMOBILE COMMERCIALE,Rivalta di Torino,Commerciale negozi/locali,Case all'asta a Rivalta di Torino | Bilocale.it,,,0,NON_DETERMINATO,USCITO_MERCATO,2026-09-12T10:35:02.924524+00:00,2026-09-12T10:35:02.924525+00:00,commerciale immobile,,https://www.bilocale.it/aste/case/rivalta-di-torino/
BASSA,23,COMMERCIALE_IMMOBILE,IMMOBILE,,ACQUISIZIONE / LOCAZIONE IMMOBILE COMMERCIALE,Fiano,Commerciale negozi/locali,Negozi a Fiano Romano in vendita e affitto - RisorseImmobiliari.it,,,0,NON_DETERMINATO,POSSIBILE_USCITA,2026-09-12T19:18:03.777789+00:00,2026-09-21T06:16:22.537116+00:00,commerciale immobile,,https://www.risorseimmobiliari.it/immobili.asp?url_firstparam=Roma%2Fnegozi_Fiano-romano.html&url_search=negozi_Fiano-romano
BASSA,23,COMMERCIALE_IMMOBILE,IMMOBILE,,ACQUISIZIONE / LOCAZIONE IMMOBILE COMMERCIALE,Bruino,Immobiliare.it,"Locale commerciale piazza Municipio, Bruino, Rif. 125595159 ...",,,0,NON_DETERMINATO,USCITO_MERCATO,2026-09-13T09:37:53.087524+00:00,2026-09-13T14:26:02.554848+00:00,commerciale immobile,,https://www.immobiliare.it/annunci/125595159/
BASSA,23,UFFICIO_DIREZIONALE,IMMOBILE,,ACQUISIZIONE / LOCAZIONE UFFICIO,Caselette,Uffici e direzionale,Case affitto Caselette - Mioaffitto.it,,,0,NON_DETERMINATO,TRACKED,2026-09-13T14:26:02.555124+00:00,2026-09-22T13:28:47.915820+00:00,ufficio direzionale,,https://www.mioaffitto.it/case-affitto-caselette-90-1-0-62694.html
BASSA,23,UFFICIO_DIREZIONALE,IMMOBILE,,ACQUISIZIONE / LOCAZIONE UFFICIO,Alpignano,Uffici e direzionale,440 Appartamenti in affitto a Alpignano - Mitula Case,,,0,NON_DETERMINATO,USCITO_MERCATO,2026-09-13T18:14:54.118654+00:00,2026-09-13T18:14:54.118655+00:00,ufficio direzionale,,https://immobiliare.mitula.it/affitto-appartamento-alpignano
BASSA,23,UFFICIO_DIREZIONALE,IMMOBILE,,ACQUISIZIONE / LOCAZIONE UFFICIO,Rosta,Wikicasa,Locali commerciali in vendita a Rosta - Wikicasa,,,0,NON_DETERMINATO,USCITO_MERCATO,2026-09-13T18:14:54.120428+00:00,2026-09-18T19:44:01.663387+00:00,ufficio direzionale,,https://www.wikicasa.it/vendita-commerciale/rosta/
BASSA,23,COMMERCIALE_IMMOBILE,IMMOBILE,,ACQUISIZIONE / LOCAZIONE IMMOBILE COMMERCIALE,Val della Torre,Trovit,4 immobili in affitto a Val della Torre - Trovit,,,0,NON_DETERMINATO,TRACKED,2026-09-13T18:14:54.120996+00:00,2026-09-22T13:28:47.917867+00:00,commerciale immobile,,https://case.trovit.it/affitto-val-torre
BASSA,23,UFFICIO_DIREZIONALE,IMMOBILE,,ACQUISIZIONE / LOCAZIONE UFFICIO,Bruino,Trovit,18 locale commerciales in affitto a Bruino - Trovit,,,0,NON_DETERMINATO,USCITO_MERCATO,2026-09-14T01:05:27.890842+00:00,2026-09-15T01:31:48.169787+00:00,ufficio direzionale,,https://case.trovit.it/affitto-negozio-bruino
BASSA,23,UFFICIO_DIREZIONALE,IMMOBILE,,ACQUISIZIONE / LOCAZIONE UFFICIO,Borgone Susa,Uffici e direzionale,ALBO PRETORIO DIGITALE - Comune di Borgone Susa,,,0,NON_DETERMINATO,TRACKED,2026-09-16T14:58:05.670446+00:00,2026-09-22T07:44:42.104752+00:00,ufficio direzionale,,https://www.servizipubblicaamministrazione.it/servizi/saturnweb/Pubblicazioni.aspx?CE=brgnss854
BASSA,23,COMMERCIALE_IMMOBILE,IMMOBILE,,ACQUISIZIONE / LOCAZIONE IMMOBILE COMMERCIALE,Rivalta di Torino,Subito privati,Attività Commerciale Rivalta di Torino | Subito,,,0,INDIZIO_AGENZIA,USCITO_MERCATO,2026-09-16T14:58:05.672006+00:00,2026-09-16T14:58:05.672007+00:00,fonte/query orientata ai privati | indizio agenzia | commerciale immobile,,https://www.subito.it/uffici-locali-commerciali/attivita-commerciale-rivalta-di-torino-torino-660387686.htm
BASSA,23,UFFICIO_DIREZIONALE,IMMOBILE,,ACQUISIZIONE / LOCAZIONE UFFICIO,San Gillio,Nestoria,9.604 appartamenti in affitto a San Gillio - Nestoria,,,0,NON_DETERMINATO,POSSIBILE_USCITA,2026-09-16T14:58:05.672593+00:00,2026-09-21T12:37:01.290818+00:00,ufficio direzionale,,https://www.nestoria.it/appartamenti/affitto/san-gillio
BASSA,23,UFFICIO_DIREZIONALE,IMMOBILE,,ACQUISIZIONE / LOCAZIONE UFFICIO,Caselette,Nestoria,Case a Caselette. Immobili in affitto a Caselette - Nestoria,,,0,NON_DETERMINATO,USCITO_MERCATO,2026-09-16T19:00:37.438483+00:00,2026-09-18T19:44:01.661446+00:00,ufficio direzionale,,https://www.nestoria.it/immobiliare/affitto/caselette
BASSA,23,UFFICIO_DIREZIONALE,IMMOBILE,,ACQUISIZIONE / LOCAZIONE UFFICIO,Sant'Antonino di Susa,Uffici e direzionale,Appartamento in affitto a Sant'Antonino di Susa Cod. MAISONETTA74,,,0,NON_DETERMINATO,USCITO_MERCATO,2026-09-16T19:00:37.439887+00:00,2026-09-17T11:30:50.191783+00:00,ufficio direzionale,,https://www.fcimmobiliare.it/i-672135-affitto-appartamento-santantonino-di-susa/
BASSA,23,UFFICIO_DIREZIONALE,IMMOBILE,,ACQUISIZIONE / LOCAZIONE UFFICIO,Grugliasco,Uffici e direzionale,34 Uffici in affitto a Grugliasco - Mitula Case,,,0,NON_DETERMINATO,USCITO_MERCATO,2026-09-16T22:13:22.798243+00:00,2026-09-17T11:30:50.190740+00:00,ufficio direzionale,,https://immobiliare.mitula.it/affitto-ufficio-grugliasco
BASSA,23,UFFICIO_DIREZIONALE,IMMOBILE,,ACQUISIZIONE / LOCAZIONE UFFICIO,Druento,Idealista,"Locale in affitto a Druento, Torino Ovest, Torino - idealista",,,0,NON_DETERMINATO,USCITO_MERCATO,2026-09-17T20:20:41.890391+00:00,2026-09-20T01:04:10.802053+00:00,ufficio direzionale,,https://www.idealista.it/immobile/36830298/
BASSA,23,COMMERCIALE_IMMOBILE,IMMOBILE,,ACQUISIZIONE / LOCAZIONE IMMOBILE COMMERCIALE,Collegno,Immobiliare.it,"Locale commerciale via Primo Levi 2, Collegno, Rif. 127522066 ...",,,0,NON_DETERMINATO,TRACKED,2026-09-18T17:15:59.823529+00:00,2026-09-22T13:28:47.916063+00:00,commerciale immobile,,https://www.immobiliare.it/annunci/127522066/
BASSA,23,UFFICIO_DIREZIONALE,IMMOBILE,,ACQUISIZIONE / LOCAZIONE UFFICIO,Fiano,Immobiliare.it,"Ufficio - Studio con ascensore, Fiano Romano, Rif. 132268186 ...",,,0,NON_DETERMINATO,TRACKED,2026-09-18T19:44:01.662200+00:00,2026-09-22T01:45:50.161974+00:00,ufficio direzionale,,https://www.immobiliare.it/annunci/132268186/
BASSA,23,UFFICIO_DIREZIONALE,IMMOBILE,,ACQUISIZIONE / LOCAZIONE UFFICIO,Villar Dora,Subito privati,Subito - TECNOCASA - STUDIO ALMESE SRL - 3 LOCALI A VILLAR DORA ...,,,0,INDIZIO_AGENZIA,POSSIBILE_USCITA,2026-09-19T10:47:39.486772+00:00,2026-09-21T18:48:49.173772+00:00,fonte/query orientata ai privati | indizio agenzia | ufficio direzionale,,https://www.subito.it/appartamenti/3-locali-a-villar-dora-torino-661023958.htm
BASSA,23,COMMERCIALE_IMMOBILE,IMMOBILE,,ACQUISIZIONE / LOCAZIONE IMMOBILE COMMERCIALE,Collegno,Immobiliare.it,"Locale commerciale via Fabbrichetta 2C, Collegno, Rif. 111306039 ...",,,0,NON_DETERMINATO,USCITO_MERCATO,2026-09-19T18:06:37.666257+00:00,2026-09-19T18:06:37.666258+00:00,commerciale immobile,,https://www.immobiliare.it/annunci/111306039/
BASSA,23,COMMERCIALE_IMMOBILE,IMMOBILE,,ACQUISIZIONE / LOCAZIONE IMMOBILE COMMERCIALE,Sant'Antonino di Susa,Casa.it,Locale commerciale in Vendita in Via Torino 181 a Sant'Antonino di Susa ...,,,0,NON_DETERMINATO,RELISTED,2026-09-20T01:04:10.803354+00:00,2026-09-22T01:45:50.162975+00:00,commerciale immobile,,https://www.casa.it/immobili/54778580/
BASSA,23,UFFICIO_DIREZIONALE,IMMOBILE,,ACQUISIZIONE / LOCAZIONE UFFICIO,Fiano,Casa.it,Ufficio in Affitto a Fiano Romano - 100mq - Casa.it,,,0,NON_DETERMINATO,TRACKED,2026-09-20T11:10:13.479388+00:00,2026-09-22T13:28:47.916396+00:00,ufficio direzionale,,https://www.casa.it/immobili/54214488/
BASSA,23,COMMERCIALE_IMMOBILE,IMMOBILE,,ACQUISIZIONE / LOCAZIONE IMMOBILE COMMERCIALE,Rivoli,Commerciale negozi/locali,"Negozio, affitto, Via Fratelli Piol, Rivoli • Commerciali.it",,,0,NON_DETERMINATO,TRACKED,2026-09-20T11:10:13.480147+00:00,2026-09-22T13:28:47.917108+00:00,commerciale immobile,,https://www.commerciali.it/negozio-affitto-rivoli-zona-centro-storico-27720502
BASSA,23,COMMERCIALE_IMMOBILE,IMMOBILE,,ACQUISIZIONE / LOCAZIONE IMMOBILE COMMERCIALE,Giaveno,Commerciale negozi/locali,Locale Commerciale Giaveno - 62 locali comerciali in affito in Giaveno ...,,,0,NON_DETERMINATO,POSSIBILE_USCITA,2026-09-20T21:00:13.356820+00:00,2026-09-21T06:16:22.537268+00:00,commerciale immobile,,https://www.nuroa.it/affitto-case/locale-commerciale-giaveno
BASSA,23,COMMERCIALE_IMMOBILE,IMMOBILE,,ACQUISIZIONE / LOCAZIONE IMMOBILE COMMERCIALE,Rosta,Wikicasa,Capannoni in vendita a Rosta - Wikicasa,,,0,NON_DETERMINATO,TRACKED,2026-09-22T01:45:50.162741+00:00,2026-09-22T13:28:47.917313+00:00,commerciale immobile,,https://www.wikicasa.it/vendita-capannoni/rosta/
BASSA,21,INDUSTRIALE_LOGISTICA,IMMOBILE,,ACQUISIZIONE CAPANNONE / MAGAZZINO,Reano,Capannoni logistica,68 Rustici in vendita a Reano - Mitula Case,,,0,INDIZIO_AGENZIA,TRACKED,2026-08-21T12:20:59.475780+00:00,2026-09-22T13:28:47.917022+00:00,indizio agenzia | industriale logistica | 30+ giorni monitorati,,https://immobiliare.mitula.it/rustico-reano
BASSA,19,UFFICIO_DIREZIONALE,IMMOBILE,NUOVA_COSTRUZIONE,ACQUISIZIONE / LOCAZIONE UFFICIO,Val della Torre,Immobiliare.it,Vendita Terratetto unifamiliare in via Ciaine 51/A Val della Torre ...,,,0,INDIZIO_AGENZIA,RELISTED,2026-09-14T12:27:12.114741+00:00,2026-09-22T13:28:47.917873+00:00,indizio agenzia | ufficio direzionale | nuova costruzione,,https://www.immobiliare.it/annunci/128805482/
BASSA,18,INDUSTRIALE_LOGISTICA,IMMOBILE,,ACQUISIZIONE CAPANNONE / MAGAZZINO,Buttigliera Alta,Tecnocasa,Annunci case e appartamenti in vendita e in affitto - Tecnocasa.it,109000,,0,INDIZIO_AGENZIA,USCITO_MERCATO,2026-09-02T07:11:25.325482+00:00,2026-09-02T07:11:25.325483+00:00,indizio agenzia | prezzo rilevato | industriale logistica,,https://www.tecnocasa.it/vendita/negozio/torino/buttigliera-alta/60932694.html
BASSA,18,INDUSTRIALE_LOGISTICA,IMMOBILE,,ACQUISIZIONE CAPANNONE / MAGAZZINO,Grugliasco,Capannoni logistica,"Immobile Negozio in Via Rieti, Grugliasco (TO) 79.000 €, 98 m², 2 bagni ...",79000,,0,INDIZIO_AGENZIA,USCITO_MERCATO,2026-09-05T19:08:06.334473+00:00,2026-09-09T20:56:38.869671+00:00,indizio agenzia | prezzo rilevato | industriale logistica,,https://www.gabetti.it/vendita/grugliasco/negozio/3336258
BASSA,18,INDUSTRIALE_LOGISTICA,IMMOBILE,,ACQUISIZIONE CAPANNONE / MAGAZZINO,Beinasco,Immobiliare.it,"Magazzino - Deposito via San Giacomo 8, Beinasco, Rif. 126608181 ...",25000,,0,INDIZIO_AGENZIA,USCITO_MERCATO,2026-09-08T18:39:29.643457+00:00,2026-09-09T04:02:27.436638+00:00,indizio agenzia | prezzo rilevato | industriale logistica,,https://www.immobiliare.it/annunci/126608181/
BASSA,16,COMMERCIALE_IMMOBILE,IMMOBILE,,ACQUISIZIONE / LOCAZIONE IMMOBILE COMMERCIALE,Avigliana,Commerciale negozi/locali,"Valsusa, Affittasi Locale Commerciale: Offerta Ad Avigliana",99000,68000,0,INDIZIO_AGENZIA,USCITO_MERCATO,2026-08-28T05:06:35.529905+00:00,2026-09-04T22:26:36.991063+00:00,indizio agenzia | prezzo rilevato | commerciale immobile,,https://www.valsusaoggi.it/valsusa-affittasi-locale-commerciale-offerta-ad-avigliana/
BASSA,16,COMMERCIALE_IMMOBILE,IMMOBILE,,ACQUISIZIONE / LOCAZIONE IMMOBILE COMMERCIALE,Giaveno,Commerciale negozi/locali,Locale Commerciale Giaveno - 62 locali comerciali in vendita in Giaveno ...,36000,,0,INDIZIO_AGENZIA,TRACKED,2026-08-28T10:58:40.670818+00:00,2026-09-22T13:28:47.916501+00:00,indizio agenzia | prezzo rilevato | commerciale immobile,,https://www.nuroa.it/vendita-immobili/locale-commerciale-giaveno
BASSA,13,INDUSTRIALE_LOGISTICA,IMMOBILE,,ACQUISIZIONE CAPANNONE / MAGAZZINO,Collegno,Capannoni logistica,Vendita e Affitto Immobili a Collegno Torino| Agenzia Immobiliare ...,,,0,INDIZIO_AGENZIA,TRACKED,2026-08-27T21:04:17.079899+00:00,2026-09-22T13:28:47.916096+00:00,indizio agenzia | industriale logistica,,https://www.immobiliareprimaveraenicolo.it/
BASSA,13,INDUSTRIALE_LOGISTICA,IMMOBILE,,ACQUISIZIONE CAPANNONE / MAGAZZINO,Collegno,Capannoni logistica,Capannone Industriale in Vendita Collegno 39611012-96 | RE/MAX Italia,,,0,INDIZIO_AGENZIA,USCITO_MERCATO,2026-09-04T22:26:36.991887+00:00,2026-09-04T22:26:36.991888+00:00,indizio agenzia | industriale logistica,,https://www.remax.it/trova/immobile/Capannone-Industriale-In-Vendita-Collegno_39611012-96
BASSA,13,INDUSTRIALE_LOGISTICA,IMMOBILE,,ACQUISIZIONE CAPANNONE / MAGAZZINO,Beinasco,Capannoni logistica,Agenzia immobiliare Agenzia Beinasco | Gruppo Abytare,,,0,INDIZIO_AGENZIA,USCITO_MERCATO,2026-09-08T18:39:29.643451+00:00,2026-09-09T04:02:27.436628+00:00,indizio agenzia | industriale logistica,,https://www.abytare.com/it/agenzie-immobiliari/piemonte/torino/beinasco/agenzia-beinasco/
BASSA,13,INDUSTRIALE_LOGISTICA,IMMOBILE,,ACQUISIZIONE CAPANNONE / MAGAZZINO,Grugliasco,Wikicasa,Negozi in vendita a Grugliasco - Wikicasa,,,0,INDIZIO_AGENZIA,USCITO_MERCATO,2026-09-08T18:39:29.644849+00:00,2026-09-18T19:44:01.662575+00:00,indizio agenzia | industriale logistica,,https://www.wikicasa.it/vendita-negozi/grugliasco/
BASSA,13,INDUSTRIALE_LOGISTICA,IMMOBILE,,ACQUISIZIONE CAPANNONE / MAGAZZINO,Avigliana,Immobiliare.it,"Box via Avogadro 31, Avigliana, Rif. 132264762 - Immobiliare.it",,,0,INDIZIO_AGENZIA,USCITO_MERCATO,2026-09-13T20:46:02.144920+00:00,2026-09-14T12:27:12.111642+00:00,indizio agenzia | industriale logistica,,https://www.immobiliare.it/annunci/132264762/
BASSA,13,INDUSTRIALE_LOGISTICA,IMMOBILE,,ACQUISIZIONE CAPANNONE / MAGAZZINO,Rivalta di Torino,Capannoni logistica,Attività commerciali in affitto a Rivalta Di Torino,,,0,INDIZIO_AGENZIA,USCITO_MERCATO,2026-09-14T12:27:12.114040+00:00,2026-09-16T22:13:22.798523+00:00,indizio agenzia | industriale logistica,,https://www.ioaffitto.it/risultati/affitto_attivita_commerciale/torino/rivalta_di_torino.html
BASSA,13,INDUSTRIALE_LOGISTICA,IMMOBILE,,ACQUISIZIONE CAPANNONE / MAGAZZINO,Grugliasco,Capannoni logistica,"Capannone Industriale in Affitto, 805 mq (Vinovo)",,,0,INDIZIO_AGENZIA,USCITO_MERCATO,2026-09-17T11:30:50.190776+00:00,2026-09-17T11:30:50.190778+00:00,indizio agenzia | industriale logistica,,https://www.tuttoannunci.org/torino/case-immobili-commerciali/capannone-industriale-in-affitto-805-mq-vinovo-torino--tipdan-idi90-ida4924887-idc205.aspx
BASSA,13,INDUSTRIALE_LOGISTICA,IMMOBILE,,ACQUISIZIONE CAPANNONE / MAGAZZINO,Pianezza,Immobiliare.it,"Capannone, Pianezza, Rif. 132508260 - Immobiliare.it",,,0,INDIZIO_AGENZIA,TRACKED,2026-09-18T17:15:59.824464+00:00,2026-09-22T13:28:47.916935+00:00,indizio agenzia | industriale logistica,,https://www.immobiliare.it/annunci/132508260/
BASSA,13,INDUSTRIALE_LOGISTICA,IMMOBILE,,ACQUISIZIONE CAPANNONE / MAGAZZINO,Pianezza,Wikicasa,"Capannone in affitto, Pianezza, 600 mq • Wikicasa",,,0,INDIZIO_AGENZIA,USCITO_MERCATO,2026-09-19T20:30:44.817678+00:00,2026-09-19T20:30:44.817680+00:00,indizio agenzia | industriale logistica,,https://www.wikicasa.it/annuncio/30847752
BASSA,13,INDUSTRIALE_LOGISTICA,IMMOBILE,,ACQUISIZIONE CAPANNONE / MAGAZZINO,Bruino,Tecnocasa,Annunci case e appartamenti in vendita e in affitto - Tecnocasa.it,,,0,INDIZIO_AGENZIA,USCITO_MERCATO,2026-09-20T11:10:13.478760+00:00,2026-09-20T11:10:13.478762+00:00,indizio agenzia | industriale logistica,,https://www.tecnocasa.it/vendita/capannone/torino/bruino/61272017.html
BASSA,13,INDUSTRIALE_LOGISTICA,IMMOBILE,,ACQUISIZIONE CAPANNONE / MAGAZZINO,Robassomero,Wikicasa,Locali commerciali in affitto in Piemonte - Wikicasa,,,0,INDIZIO_AGENZIA,POSSIBILE_USCITA,2026-09-21T01:16:25.019526+00:00,2026-09-21T01:16:25.019528+00:00,indizio agenzia | industriale logistica,,https://www.wikicasa.it/affitto-commerciale/regione-piemonte/
BASSA,11,UFFICIO_DIREZIONALE,IMMOBILE,,ACQUISIZIONE / LOCAZIONE UFFICIO,Trana,Idealista,"Trilocale in vendita in Strada Avigliana, 16, Trana - idealista",,,0,INDIZIO_AGENZIA,USCITO_MERCATO,2026-08-27T21:04:17.081100+00:00,2026-09-06T00:53:48.288612+00:00,indizio agenzia | ufficio direzionale,,https://www.idealista.it/immobile/36330718/
BASSA,11,UFFICIO_DIREZIONALE,IMMOBILE,,ACQUISIZIONE / LOCAZIONE UFFICIO,Giaveno,Tecnorete,Immobili in Affitto | Agenzia Tecnorete di Giaveno,,,0,INDIZIO_AGENZIA,USCITO_MERCATO,2026-08-28T05:06:35.530647+00:00,2026-09-15T13:33:03.394120+00:00,indizio agenzia | ufficio direzionale,,https://giaveno1.tecnorete.it/immobili-in-affitto
BASSA,11,COMMERCIALE_IMMOBILE,IMMOBILE,,ACQUISIZIONE / LOCAZIONE IMMOBILE COMMERCIALE,Susa,Commerciale negozi/locali,"SUSA, AFFITTASI LOCALE COMMERCIALE RISTRUTTURATO - ValsusaOggi",,,0,INDIZIO_AGENZIA,TRACKED,2026-08-28T05:06:35.531437+00:00,2026-09-07T10:14:01.141834+00:00,indizio agenzia | commerciale immobile,,https://www.valsusaoggi.it/susa-affittasi-locale-commerciale-ristrutturato/
BASSA,11,COMMERCIALE_IMMOBILE,IMMOBILE,,ACQUISIZIONE / LOCAZIONE IMMOBILE COMMERCIALE,Grugliasco,Commerciale negozi/locali,Locale Commerciale Grugliasco - 149 locali comerciali in affito in ...,,,0,INDIZIO_AGENZIA,TRACKED,2026-08-28T10:58:40.670925+00:00,2026-09-22T13:28:47.916711+00:00,indizio agenzia | commerciale immobile,,https://www.nuroa.it/affitto-case/locale-commerciale-grugliasco
BASSA,11,COMMERCIALE_IMMOBILE,IMMOBILE,,ACQUISIZIONE / LOCAZIONE IMMOBILE COMMERCIALE,Condove,Commerciale negozi/locali,ELENCO IMMOBILI - La Dimora Immobiliare - Agenzia Immobiliare,,,0,INDIZIO_AGENZIA,USCITO_MERCATO,2026-09-01T18:58:42.119960+00:00,2026-09-12T19:18:03.777567+00:00,indizio agenzia | commerciale immobile,,https://www.ladimoraimmobiliare.com/elenco-immobili/
BASSA,11,UFFICIO_DIREZIONALE,IMMOBILE,,ACQUISIZIONE / LOCAZIONE UFFICIO,Condove,Immobiliare.it,Vendita Appartamento Villar Dora. Bilocale in Borgata Bert 43. Ottimo ...,,,0,INDIZIO_AGENZIA,USCITO_MERCATO,2026-09-01T18:58:42.120041+00:00,2026-09-18T01:22:44.227575+00:00,indizio agenzia | ufficio direzionale,,https://www.immobiliare.it/annunci/118120171/
BASSA,11,COMMERCIALE_IMMOBILE,IMMOBILE,,ACQUISIZIONE / LOCAZIONE IMMOBILE COMMERCIALE,Salbertrand,Immobiliare.it,"Locale commerciale via Salbertrand, Torino, Rif. 131456602 - Immobiliare.it",,,0,INDIZIO_AGENZIA,TRACKED,2026-09-01T18:58:42.121209+00:00,2026-09-07T10:14:01.141319+00:00,indizio agenzia | commerciale immobile,,https://www.immobiliare.it/annunci/131456602/
BASSA,11,COMMERCIALE_IMMOBILE,IMMOBILE,,ACQUISIZIONE / LOCAZIONE IMMOBILE COMMERCIALE,Giaveno,Trovit,16 locale commerciales in affitto a Giaveno - Trovit,,,0,INDIZIO_AGENZIA,TRACKED,2026-09-01T23:36:27.691020+00:00,2026-09-22T07:44:42.105758+00:00,indizio agenzia | commerciale immobile,,https://case.trovit.it/affitto-negozio-giaveno
BASSA,11,COMMERCIALE_IMMOBILE,IMMOBILE,,ACQUISIZIONE / LOCAZIONE IMMOBILE COMMERCIALE,Grugliasco,Immobiliare.it,"Locale commerciale via Rieti, Grugliasco, Rif. 132055932 - Immobiliare.it",,,0,INDIZIO_AGENZIA,TRACKED,2026-09-01T23:36:27.691155+00:00,2026-09-22T13:28:47.916704+00:00,indizio agenzia | commerciale immobile,,https://www.immobiliare.it/annunci/132055932/
BASSA,11,COMMERCIALE_IMMOBILE,IMMOBILE,,ACQUISIZIONE / LOCAZIONE IMMOBILE COMMERCIALE,Grugliasco,Commerciale negozi/locali,"Negozio in Vendita, 98 mq (Grugliasco) - Grugliasco - Immobili ...",,,0,INDIZIO_AGENZIA,USCITO_MERCATO,2026-09-08T18:39:29.644843+00:00,2026-09-11T17:53:32.668141+00:00,indizio agenzia | commerciale immobile,,https://www.tuttoannunci.org/torino/case-immobili-commerciali/negozio-in-vendita-98-mq-grugliasco-torino--tipdan-idi90-ida4924877-idc205.aspx
BASSA,11,COMMERCIALE_IMMOBILE,IMMOBILE,,ACQUISIZIONE / LOCAZIONE IMMOBILE COMMERCIALE,Grugliasco,Commerciale negozi/locali,"Negozio, vendita, Via Rieti, Grugliasco • Commerciali.it",,,0,INDIZIO_AGENZIA,USCITO_MERCATO,2026-09-12T10:35:02.924052+00:00,2026-09-12T10:35:02.924054+00:00,indizio agenzia | commerciale immobile,,https://www.commerciali.it/negozio-vendita-grugliasco-30768666
BASSA,11,COMMERCIALE_IMMOBILE,IMMOBILE,,ACQUISIZIONE / LOCAZIONE IMMOBILE COMMERCIALE,Rivalta di Torino,Casa.it,Attività commerciale in Affitto in Via Enrico Mattei a Rivalta di ...,,,0,INDIZIO_AGENZIA,USCITO_MERCATO,2026-09-12T10:35:02.924531+00:00,2026-09-12T10:35:02.924532+00:00,indizio agenzia | commerciale immobile,,https://www.casa.it/immobili/54720632/
BASSA,11,COMMERCIALE_IMMOBILE,IMMOBILE,,ACQUISIZIONE / LOCAZIONE IMMOBILE COMMERCIALE,Rivalta di Torino,Commerciale negozi/locali,"Attività in Via Mattei, Rivalta di Torino (TO)",,,0,INDIZIO_AGENZIA,USCITO_MERCATO,2026-09-13T23:15:39.650249+00:00,2026-09-16T14:58:05.672013+00:00,indizio agenzia | commerciale immobile,,https://www.gabetti.it/affitto/rivalta-di-torino/attivita/3338364
BASSA,11,UFFICIO_DIREZIONALE,IMMOBILE,,ACQUISIZIONE / LOCAZIONE UFFICIO,Rivalta di Torino,Tecnorete,"Cerco casa, portale dedicato alle ricerca di appartamenti in vendita e ...",,,0,INDIZIO_AGENZIA,TRACKED,2026-09-17T06:08:55.033101+00:00,2026-09-22T07:44:42.106340+00:00,indizio agenzia | ufficio direzionale,,https://www.tecnorete.it/agenzie/immobiliari+residenziali/torino/rivalta-di-torino/to2a9.html
BASSA,11,UFFICIO_DIREZIONALE,IMMOBILE,,ACQUISIZIONE / LOCAZIONE UFFICIO,Robassomero,Idealista,"Trilocale in vendita in Via Anna Frank, 3, Robassomero - idealista",,,0,INDIZIO_AGENZIA,USCITO_MERCATO,2026-09-19T18:06:37.667990+00:00,2026-09-19T18:06:37.667991+00:00,indizio agenzia | ufficio direzionale,,https://www.idealista.it/immobile/36834418/
