RECORD_KEY,MASTER_660_ID,ORIGINE,NOVITA,COMUNE,TITOLO,TIPOLOGIA,INDIRIZZO,TARGET_RICERCA,STATO_RICERCA,LAT,LON,GEOCODE_DISPLAY,CATASTO_LOCAL_ID,CODICE_BELFIORE,FOGLIO_RAW,PARTICELLA,FONTE_CATASTO,URL_SEGNALE,PRIMA_RILEVAZIONE,ULTIMO_CONTROLLO_CATASTO
M660-1,1,MASTER_660,NO,Chiomonte,Appartamento in in vendita da privato a Chiomonte via III Reggimento ...,APPARTAMENTO,via III Reggimento,SI,INDIRIZZO_SENZA_CIVICO,,,,,,,,Agenzia delle Entrate · WMS CP.CadastralParcel,https://www.trovacasa.it/annunci/to-tc-3427-72524015,2026-08-28T10:58:40.670411+00:00,2026-09-03T18:53:34.067580+00:00
M660-2,2,MASTER_660,NO,San Giorio di Susa,Vendita Villa unifamiliare in frazione Città San Giorio di Susa. Buono ...,VILLA,frazione Città San Giorio di Susa. Buono,SI,INDIRIZZO_SENZA_CIVICO,,,,,,,,Agenzia delle Entrate · WMS CP.CadastralParcel,https://www.immobiliare.it/annunci/64042064/,2026-08-28T10:58:40.671829+00:00,2026-09-03T18:53:34.067599+00:00
M660-3,3,MASTER_660,NO,Chiusa di San Michele,Villa in in vendita da privato a Chiusa di San Michele borgata ...,VILLA,,SI,INDIRIZZO_SENZA_CIVICO,,,,,,,,Agenzia delle Entrate · WMS CP.CadastralParcel,https://www.trovacasa.it/annunci/to-tc-3427-72776904,2026-08-21T12:20:59.475462+00:00,2026-09-03T18:53:34.067611+00:00
M660-4,4,MASTER_660,NO,Collegno,Case in Vendita da Privati Collegno - ClickCase.it,ALTRO_NON_DETERMINATO,viale XXIV Maggio 54,NO,NON_TARGET,,,,,,,,Agenzia delle Entrate · WMS CP.CadastralParcel,https://www.clickcase.it/annunci/vendita-case-privati-collegno.html,2026-08-21T12:20:59.475506+00:00,2026-09-03T18:53:34.067617+00:00
M660-5,5,MASTER_660,NO,Oulx,236 immobili in vendita a Oulx - Trovit,PAGINA_RICERCA_CATEGORIA,,NO,NON_TARGET,,,,,,,,Agenzia delle Entrate · WMS CP.CadastralParcel,https://case.trovit.it/oulx,2026-08-21T12:20:59.475648+00:00,2026-09-03T18:53:34.067623+00:00
M660-6,6,MASTER_660,NO,Rivoli,Case in Vendita da Privati Rivoli - ClickCase.it,ALTRO_NON_DETERMINATO,,NO,NON_TARGET,,,,,,,,Agenzia delle Entrate · WMS CP.CadastralParcel,https://www.clickcase.it/annunci/vendita-case-privati-rivoli.html,2026-08-23T09:11:13.222671+00:00,2026-09-03T18:53:34.067628+00:00
M660-7,7,MASTER_660,NO,Condove,Vendita Rustico in Borgata Pralesio Superiore Condove. Da ristrutturare ...,RUSTICO_CASALE_BAITA,Borgata Pralesio Superiore Condove. Da ristrutturare,SI,INDIRIZZO_SENZA_CIVICO,,,,,,,,Agenzia delle Entrate · WMS CP.CadastralParcel,https://www.immobiliare.it/annunci/129732716/,2026-08-27T21:04:17.079997+00:00,2026-09-03T18:53:34.067634+00:00
M660-8,8,MASTER_660,NO,Rubiana,Rubiana - 374 case in vendita in Rubiana de Nuroa.it,PAGINA_RICERCA_CATEGORIA,,NO,NON_TARGET,,,,,,,,Agenzia delle Entrate · WMS CP.CadastralParcel,https://www.nuroa.it/vendita-immobili/rubiana,2026-08-28T05:06:35.531236+00:00,2026-09-03T18:53:34.067639+00:00
M660-9,9,MASTER_660,NO,Alpignano,Appartamenti in vendita Alpignano - Subito.it,ALTRO_NON_DETERMINATO,,NO,NON_TARGET,,,,,,,,Agenzia delle Entrate · WMS CP.CadastralParcel,https://www.subito.it/annunci-piemonte/vendita/appartamenti/torino/alpignano/,2026-08-27T21:04:17.079119+00:00,2026-09-03T18:53:34.067643+00:00
M660-10,10,MASTER_660,NO,Oulx,Case in vendita Oulx - Immobili - Subito.it,ALTRO_NON_DETERMINATO,,NO,NON_TARGET,,,,,,,,Agenzia delle Entrate · WMS CP.CadastralParcel,https://www.subito.it/annunci-piemonte/vendita/immobili/torino/oulx/,2026-08-27T21:04:17.080382+00:00,2026-09-03T18:53:34.067647+00:00
M660-11,11,MASTER_660,NO,Almese,Case in vendita Almese - Immobili - Subito.it,ALTRO_NON_DETERMINATO,,NO,NON_TARGET,,,,,,,,Agenzia delle Entrate · WMS CP.CadastralParcel,https://www.subito.it/annunci-piemonte/vendita/immobili/torino/almese/,2026-08-28T05:06:35.529748+00:00,2026-09-03T18:53:34.067651+00:00
M660-12,12,MASTER_660,NO,Alpignano,Case in vendita Alpignano - Immobili - Subito.it,ALTRO_NON_DETERMINATO,,NO,NON_TARGET,,,,,,,,Agenzia delle Entrate · WMS CP.CadastralParcel,https://www.subito.it/annunci-piemonte/vendita/immobili/torino/alpignano/,2026-08-28T05:06:35.529812+00:00,2026-09-03T18:53:34.067655+00:00
M660-13,13,MASTER_660,NO,Collegno,Case in vendita Collegno - Immobili - Subito.it,ALTRO_NON_DETERMINATO,,NO,NON_TARGET,,,,,,,,Agenzia delle Entrate · WMS CP.CadastralParcel,https://www.subito.it/annunci-piemonte/vendita/immobili/torino/collegno/,2026-08-28T05:06:35.530463+00:00,2026-09-03T18:53:34.067660+00:00
M660-14,14,MASTER_660,NO,Collegno,Appartamenti in vendita Collegno - Subito.it,ALTRO_NON_DETERMINATO,,NO,NON_TARGET,,,,,,,,Agenzia delle Entrate · WMS CP.CadastralParcel,https://www.subito.it/annunci-piemonte/vendita/appartamenti/torino/collegno/,2026-08-28T05:06:35.530468+00:00,2026-09-03T18:53:34.067664+00:00
M660-15,15,MASTER_660,NO,Chiomonte,Case in vendita Chiomonte - Immobili - Subito.it,ALTRO_NON_DETERMINATO,,NO,NON_TARGET,,,,,,,,Agenzia delle Entrate · WMS CP.CadastralParcel,https://www.subito.it/annunci-piemonte/vendita/immobili/torino/chiomonte/,2026-08-28T10:58:40.670405+00:00,2026-09-03T18:53:34.067699+00:00
M660-16,16,MASTER_660,NO,San Didero,Rustico in val di susa - san didero - Terreni e rustici In vendita a Torino,PAGINA_RICERCA_CATEGORIA,,NO,NON_TARGET,,,,,,,,Agenzia delle Entrate · WMS CP.CadastralParcel,https://www.subito.it/terreni-e-rustici/rustico-in-val-di-susa-san-didero-torino-658557461.htm,2026-08-28T10:58:40.671700+00:00,2026-09-03T18:53:34.067705+00:00
M660-17,17,MASTER_660,NO,Villar Dora,Annunci di case in vendita a Villar Dora centro città,PAGINA_RICERCA_CATEGORIA,,NO,NON_TARGET,,,,,,,,Agenzia delle Entrate · WMS CP.CadastralParcel,https://torino.bakeca.it/annunci/vendita-case/luogo/villar+dora/,2026-08-28T10:58:40.672276+00:00,2026-09-03T18:53:34.067711+00:00
M660-18,18,MASTER_660,NO,Grugliasco,"Capannone Strada Antica di Grugliasco 111, Grugliasco, Rif. 129027088 ...",CAPANNONE_MAGAZZINO,Strada Antica di Grugliasco 111,NO,NON_TARGET,,,,,,,,Agenzia delle Entrate · WMS CP.CadastralParcel,https://www.immobiliare.it/annunci/129027088/,2026-08-28T05:06:35.530749+00:00,2026-09-03T18:53:34.067718+00:00
M660-19,19,MASTER_660,NO,Grugliasco,"Capannone corso Canonico Giuseppe Allamano 34, Grugliasco, Rif ...",CAPANNONE_MAGAZZINO,corso Canonico Giuseppe Allamano 34,NO,NON_TARGET,,,,,,,,Agenzia delle Entrate · WMS CP.CadastralParcel,https://www.immobiliare.it/annunci/131506522/,2026-08-28T05:06:35.530753+00:00,2026-09-03T18:53:34.067724+00:00
M660-20,20,MASTER_660,NO,Rivoli,"Capannone corso Canonico Giuseppe Allamano 123, Rivoli, Rif. 130692472 ...",CAPANNONE_MAGAZZINO,corso Canonico Giuseppe Allamano 123,NO,NON_TARGET,,,,,,,,Agenzia delle Entrate · WMS CP.CadastralParcel,https://www.immobiliare.it/annunci/130692472/,2026-08-28T05:06:35.531064+00:00,2026-09-03T18:53:34.067730+00:00
M660-21,21,MASTER_660,NO,Collegno,Capannone in Vendita in Via Vittorio Sassi 26 a Collegno,CAPANNONE_MAGAZZINO,Via Vittorio Sassi 26,NO,NON_TARGET,,,,,,,,Agenzia delle Entrate · WMS CP.CadastralParcel,https://www.casa.it/immobili/52282643/,2026-08-28T10:58:40.670597+00:00,2026-09-03T18:53:34.067736+00:00
M660-22,22,MASTER_660,NO,Condove,"22 locale commerciales circolo in affitto a Bar, Condove - Trovit",PAGINA_RICERCA_CATEGORIA,,NO,NON_TARGET,,,,,,,,Agenzia delle Entrate · WMS CP.CadastralParcel,https://case.trovit.it/affitto-negozio-circolo-bar,2026-08-28T10:58:40.670711+00:00,2026-09-03T18:53:34.067741+00:00
M660-23,23,MASTER_660,NO,Moncenisio,Il Colle del Moncenisio: cosa vedere e fare - Visit Val di Susa,ALTRO_NON_DETERMINATO,,NO,NON_TARGET,,,,,,,,Agenzia delle Entrate · WMS CP.CadastralParcel,https://visitvaldisusa.it/moncenisio-la-porta-delle-alpi/,2026-08-28T10:58:40.671134+00:00,2026-09-03T18:53:34.067747+00:00
M660-24,24,MASTER_660,NO,Reano,Terreno Reano - 10 terreni in vendita in Reano de Nuroa.it,TERRENO,,NO,NON_TARGET,,,,,,,,Agenzia delle Entrate · WMS CP.CadastralParcel,https://www.nuroa.it/vendita-immobili/terreno-reano,2026-08-28T10:58:40.671373+00:00,2026-09-03T18:53:34.067752+00:00
M660-25,25,MASTER_660,NO,Rivoli,"Capannone via Albenga 124, Rivoli, Rif. 128364064 - Immobiliare.it",CAPANNONE_MAGAZZINO,via Albenga 124,NO,NON_TARGET,,,,,,,,Agenzia delle Entrate · WMS CP.CadastralParcel,https://www.immobiliare.it/annunci/128364064/,2026-08-28T10:58:40.671476+00:00,2026-09-03T18:53:34.067757+00:00
M660-26,26,MASTER_660,NO,Sant'Antonino di Susa,"Lo stabilimento Ex Sogefi è in vendita, gli operai lo scoprono ... - Today",ALTRO_NON_DETERMINATO,,NO,NON_TARGET,,,,,,,,Agenzia delle Entrate · WMS CP.CadastralParcel,https://www.today.it/attualita/ex-sogefi-vendita-immobiliare-capannone-sant-antonino-di-susa-purflux-group.html,2026-08-28T10:58:40.671913+00:00,2026-09-03T18:53:34.067763+00:00
M660-27,27,MASTER_660,NO,Almese,160 immobili in vendita a Almese - Trovit,PAGINA_RICERCA_CATEGORIA,,NO,NON_TARGET,,,,,,,,Agenzia delle Entrate · WMS CP.CadastralParcel,https://case.trovit.it/almese,2026-08-21T12:20:59.475157+00:00,2026-09-03T18:53:34.067767+00:00
M660-28,28,MASTER_660,NO,Bussoleno,Case a Bussoleno. Immobili in affitto a Bussoleno - Nestoria,ALTRO_NON_DETERMINATO,,NO,NON_TARGET,,,,,,,,Agenzia delle Entrate · WMS CP.CadastralParcel,https://www.nestoria.it/immobiliare/affitto/bussoleno,2026-08-28T05:06:35.530149+00:00,2026-09-03T18:53:34.067771+00:00
M660-29,29,MASTER_660,NO,Coazze,Albo Pretorio Digitale - Comune Di Coazze,ALTRO_NON_DETERMINATO,,NO,NON_TARGET,,,,,,,,Agenzia delle Entrate · WMS CP.CadastralParcel,https://www.servizipubblicaamministrazione.it/servizi/saturnweb/Home.aspx?CE=czz436,2026-08-28T05:06:35.530418+00:00,2026-09-03T18:53:34.067777+00:00
M660-30,30,MASTER_660,NO,Rivoli,"Locale commerciale viale Carrù 22, Rivoli, Rif. 124764219 - Immobiliare.it",NEGOZIO_COMMERCIALE,viale Carrù 22,SI,NESSUN_MAPPALE_AL_PUNTO,45.0754556,7.5526588,"Viale Carrù, Maiasco, Cascine Vica, Rivoli, Torino, Piemonte, 10098, Italia",,,,,Agenzia delle Entrate · WMS CP.CadastralParcel,https://www.immobiliare.it/annunci/124764219/,2026-08-28T05:06:35.531037+00:00,2026-09-03T19:07:40.234919+00:00
M660-31,31,MASTER_660,NO,Rivoli,30 Uffici in affitto a Rivoli - Mitula Case,ALTRO_NON_DETERMINATO,,NO,NON_TARGET,,,,,,,,Agenzia delle Entrate · WMS CP.CadastralParcel,https://immobiliare.mitula.it/affitto-ufficio-rivoli,2026-08-28T05:06:35.531050+00:00,2026-09-03T18:53:36.900426+00:00
M660-32,32,MASTER_660,NO,Rosta,"Ufficio - Studio corso Moncenisio 63, Rosta, Rif. 128238490 ...",UFFICIO,corso Moncenisio 63,NO,NON_TARGET,,,,,,,,Agenzia delle Entrate · WMS CP.CadastralParcel,https://www.immobiliare.it/annunci/128238490/,2026-08-28T05:06:35.531142+00:00,2026-09-03T18:53:36.900442+00:00
M660-33,33,MASTER_660,NO,Rosta,"Ufficio - Studio corso Moncenisio 63, Rosta, Rif. 130332372 ...",UFFICIO,corso Moncenisio 63,NO,NON_TARGET,,,,,,,,Agenzia delle Entrate · WMS CP.CadastralParcel,https://www.immobiliare.it/annunci/130332372/,2026-08-28T05:06:35.531146+00:00,2026-09-03T18:53:36.900448+00:00
M660-34,34,MASTER_660,NO,Rosta,Ufficio in Vendita a Rosta Cod. CG 913460 - promogest.org,UFFICIO,,NO,NON_TARGET,,,,,,,,Agenzia delle Entrate · WMS CP.CadastralParcel,https://www.promogest.org/i/7897704597--vendita-ufficio-rosta.html,2026-08-28T05:06:35.531151+00:00,2026-09-03T18:53:36.900456+00:00
M660-35,35,MASTER_660,NO,Sangano,Locale Commerciale In Ad Sangano In Affitto In Italia | Waa2,NEGOZIO_COMMERCIALE,,SI,INDIRIZZO_SENZA_CIVICO,,,,,,,,Agenzia delle Entrate · WMS CP.CadastralParcel,https://case.waa2.it/affitto/locale-commerciale-in-ad-sangano,2026-08-28T05:06:35.531336+00:00,2026-09-03T18:53:36.900461+00:00
M660-36,36,MASTER_660,NO,Val della Torre,"Bilocale all'asta in Via Val della Torre, 62 - idealista",APPARTAMENTO,"Via Val della Torre, 62",SI,NESSUN_MAPPALE_AL_PUNTO,45.1263423,7.4911606,"Via Val della Torre, Grange di Brione, Caselette, Unione Montana di Comuni delle Valli di Lanzo, Ceronda e Casternone, Torino, Piemonte, 10091, Italia",,,,,Agenzia delle Entrate · WMS CP.CadastralParcel,https://www.idealista.it/immobile/36090544/,2026-08-28T05:06:35.531589+00:00,2026-09-03T19:07:41.093717+00:00
M660-37,37,MASTER_660,NO,Buttigliera Alta,Locale commerciale in Vendita in Corso Torino 6 a Buttigliera Alta ...,NEGOZIO_COMMERCIALE,Corso Torino 6,SI,NESSUN_MAPPALE_AL_PUNTO,45.0834176,7.4315264,"Corso Torino, Ferriera, Buttigliera Alta, Torino, Piemonte, 10051, Italia",,,,,Agenzia delle Entrate · WMS CP.CadastralParcel,https://www.casa.it/immobili/54618135/,2026-08-28T10:58:40.670276+00:00,2026-09-03T19:07:42.261236+00:00
M660-38,38,MASTER_660,NO,Grugliasco,Locale Commerciale Grugliasco - 157 locali comerciali in affito in ...,PAGINA_RICERCA_CATEGORIA,,SI,INDIRIZZO_SENZA_CIVICO,,,,,,,,Agenzia delle Entrate · WMS CP.CadastralParcel,https://www.nuroa.it/affitto-case/locale-commerciale-grugliasco,2026-08-28T10:58:40.670925+00:00,2026-09-03T18:53:41.845605+00:00
M660-39,39,MASTER_660,NO,Oulx,Locale Commerciale Oulx - 38 locali comerciali in vendita in Oulx de ...,PAGINA_RICERCA_CATEGORIA,,SI,INDIRIZZO_SENZA_CIVICO,,,,,,,,Agenzia delle Entrate · WMS CP.CadastralParcel,https://www.nuroa.it/vendita-immobili/locale-commerciale-oulx,2026-08-28T10:58:40.671182+00:00,2026-09-03T18:53:41.845618+00:00
M660-40,40,MASTER_660,NO,Rivoli,"Locale commerciale piazza Martiri della libertà 5, Rivoli, Rif ...",NEGOZIO_COMMERCIALE,piazza Martiri della libertà 5,SI,MAPPALE_VERIFICATO,45.0697584,7.5197239,"Piazza Martiri della Libertà, Cascine Vica, Rivoli, Torino, Piemonte, 10098, Italia",IT.AGE.PLA.H355_003300.96,H355,003300,96,Agenzia delle Entrate · WMS CP.CadastralParcel,https://www.immobiliare.it/annunci/127065271/,2026-08-28T10:58:40.671430+00:00,2026-09-03T18:53:41.845628+00:00
M660-41,41,MASTER_660,NO,Rivoli,Locali commerciali in affitto 1000 euro a Rivoli - Mitula Case,ALTRO_NON_DETERMINATO,,NO,NON_TARGET,,,,,,,,Agenzia delle Entrate · WMS CP.CadastralParcel,https://immobiliare.mitula.it/affitto-locale-commerciale-rivoli-1000-euro,2026-08-28T10:58:40.671437+00:00,2026-09-03T18:53:43.965349+00:00
M660-42,42,MASTER_660,NO,Rivoli,Vendita Appartamento Rivoli. Bilocale in via Rita Levi Montalcini ...,APPARTAMENTO,via Rita Levi Montalcini,SI,INDIRIZZO_SENZA_CIVICO,,,,,,,,Agenzia delle Entrate · WMS CP.CadastralParcel,https://www.immobiliare.it/annunci/96526342/,2026-08-28T10:58:40.671482+00:00,2026-09-03T18:53:43.965366+00:00
M660-43,43,MASTER_660,NO,Rivoli,"Vendita Appartamento Rivoli. Trilocale in via Piol 18. Nuovo, terzo ...",APPARTAMENTO,via Piol 18,SI,MAPPALE_VERIFICATO,45.0714495,7.5157382,"18, Via Fratelli Piol, Rivoli, Torino, Piemonte, 10098, Italia",IT.AGE.PLA.H355_003400.57,H355,003400,57,Agenzia delle Entrate · WMS CP.CadastralParcel,https://www.immobiliare.it/annunci/128883726/,2026-08-28T10:58:40.671495+00:00,2026-09-03T18:53:43.965376+00:00
M660-44,44,MASTER_660,NO,Rosta,10 locale commerciales in affitto a Rosta - Trovit,PAGINA_RICERCA_CATEGORIA,,NO,NON_TARGET,,,,,,,,Agenzia delle Entrate · WMS CP.CadastralParcel,https://case.trovit.it/affitto-negozio-rosta,2026-08-28T10:58:40.671553+00:00,2026-09-03T18:53:46.348358+00:00
M660-45,45,MASTER_660,NO,Sangano,2 locale commerciales in affitto a Sangano - Trovit,PAGINA_RICERCA_CATEGORIA,,NO,NON_TARGET,,,,,,,,Agenzia delle Entrate · WMS CP.CadastralParcel,https://case.trovit.it/affitto-negozio-sangano,2026-08-28T10:58:40.671887+00:00,2026-09-03T18:53:46.348374+00:00
M660-46,46,MASTER_660,NO,Val della Torre,Casa indipendente in Vendita a Val Della Torre,CASA_INDIPENDENTE_TERRATETTO,,SI,INDIRIZZO_SENZA_CIVICO,,,,,,,,Agenzia delle Entrate · WMS CP.CadastralParcel,https://all.biz/it-it/casa-indipendente-in-vendita-a-val-della-torre-g48045,2026-08-28T10:58:40.672180+00:00,2026-09-03T18:53:46.348388+00:00
M660-47,47,MASTER_660,NO,Bussoleno,"Bussoleno-Complesso immobiliare con varie destinazioni, ottima ...",ALTRO_NON_DETERMINATO,,NO,NON_TARGET,,,,,,,,Agenzia delle Entrate · WMS CP.CadastralParcel,https://www.ladimoraimmobiliare.com/complesso-immobiliare-con-varie-destinazioni-ottima-opportunita-di-investimento/,2026-08-28T05:06:35.530159+00:00,2026-09-03T18:53:46.348396+00:00
M660-48,48,MASTER_660,NO,Bussoleno,"Casa indipendente in vendita Via San Lorenzo 2, Bussoleno",CASA_INDIPENDENTE_TERRATETTO,Via San Lorenzo 2,SI,NESSUN_MAPPALE_AL_PUNTO,45.1417008,7.1516431,"Via San Lorenzo, Argiassera, Bussoleno, Torino, Piemonte, 10053, Italia",,,,,Agenzia delle Entrate · WMS CP.CadastralParcel,https://www.attico.it/immobile-casa+indipendente-piemonte-bussoleno-54425376/,2026-08-28T05:06:35.530164+00:00,2026-09-03T19:07:43.203109+00:00
M660-49,49,MASTER_660,NO,Alpignano,13 immobili zona belvedere in vendita a Alpignano - Trovit,PAGINA_RICERCA_CATEGORIA,,NO,NON_TARGET,,,,,,,,Agenzia delle Entrate · WMS CP.CadastralParcel,https://case.trovit.it/zona-belvedere-alpignano,2026-08-27T21:04:17.079110+00:00,2026-09-03T18:53:48.694912+00:00
M660-50,50,MASTER_660,NO,Avigliana,"Villetta bifamiliare in vendita in Via Cesare Battisti, 19, Avigliana ...",VILLA,Via Cesare Battisti 19,SI,NESSUN_MAPPALE_AL_PUNTO,45.0772285,7.3981969,"Via Cesare Battisti, Chiattera, Avigliana, Torino, Piemonte, 10051, Italia",,,,,Agenzia delle Entrate · WMS CP.CadastralParcel,https://www.idealista.it/immobile/36653195/,2026-08-27T21:04:17.079293+00:00,2026-09-03T19:07:44.013665+00:00
M660-51,51,MASTER_660,NO,Avigliana,"Appartamento in vendita in Via Felice Goffi, 6, Avigliana - idealista",APPARTAMENTO,Via Felice Goffi 6,SI,MAPPALE_VERIFICATO,45.0968870,7.4057820,"Via Felice Goffi, Ponte Dora, Grangia, Avigliana, Torino, Piemonte, 10051, Italia",IT.AGE.PLA.A518_000300.825,A518,000300,825,Agenzia delle Entrate · WMS CP.CadastralParcel,https://www.idealista.it/immobile/36626365/,2026-08-27T21:04:17.079307+00:00,2026-09-03T18:53:51.414677+00:00
M660-52,52,MASTER_660,NO,Avigliana,"Quadrilocale in vendita in Via Avigliana, 13 - idealista",APPARTAMENTO,Via Avigliana 13,SI,NESSUN_MAPPALE_AL_PUNTO,45.0488684,7.3739816,"Via Avigliana, Brossa, Giaveno, Torino, Piemonte, 10094, Italia",,,,,Agenzia delle Entrate · WMS CP.CadastralParcel,https://www.idealista.it/immobile/36264890/,2026-08-27T21:04:17.079314+00:00,2026-09-03T19:07:44.824619+00:00
M660-53,53,MASTER_660,NO,Avigliana,"Quadrilocale in vendita in Via Avigliana, 28 - idealista",APPARTAMENTO,Via Avigliana 28,SI,NESSUN_MAPPALE_AL_PUNTO,45.0488684,7.3739816,"Via Avigliana, Brossa, Giaveno, Torino, Piemonte, 10094, Italia",,,,,Agenzia delle Entrate · WMS CP.CadastralParcel,https://www.idealista.it/immobile/36626970/,2026-08-27T21:04:17.079322+00:00,2026-09-03T19:07:45.650739+00:00
M660-54,54,MASTER_660,NO,Avigliana,"Trilocale all'asta in Via Avigliana, 18 - idealista",APPARTAMENTO,Via Avigliana 18,SI,NESSUN_MAPPALE_AL_PUNTO,45.0488684,7.3739816,"Via Avigliana, Brossa, Giaveno, Torino, Piemonte, 10094, Italia",,,,,Agenzia delle Entrate · WMS CP.CadastralParcel,https://www.idealista.it/immobile/36652455/,2026-08-27T21:04:17.079329+00:00,2026-09-03T19:07:46.360890+00:00
M660-55,55,MASTER_660,NO,Borgone Susa,"Trilocale in vendita in Via A. Abegg, 41, Borgone Susa - idealista",APPARTAMENTO,Via A. Abegg 41,SI,GEOCODE_NON_TROVATO,,,,,,,,Agenzia delle Entrate · WMS CP.CadastralParcel,https://www.idealista.it/immobile/36629494/,2026-08-27T21:04:17.079459+00:00,2026-09-03T18:54:00.929582+00:00
M660-56,56,MASTER_660,NO,Bussoleno,30 immobili asta in vendita a Bussoleno - Trovit,PAGINA_RICERCA_CATEGORIA,,NO,NON_TARGET,,,,,,,,Agenzia delle Entrate · WMS CP.CadastralParcel,https://case.trovit.it/asta-bussoleno,2026-08-27T21:04:17.079560+00:00,2026-09-03T18:54:01.490390+00:00
M660-57,57,MASTER_660,NO,Coazze,224 immobili in vendita a Coazze - Trovit,PAGINA_RICERCA_CATEGORIA,,NO,NON_TARGET,,,,,,,,Agenzia delle Entrate · WMS CP.CadastralParcel,https://case.trovit.it/coazze,2026-08-27T21:04:17.079828+00:00,2026-09-03T18:54:01.490404+00:00
M660-58,58,MASTER_660,NO,Collegno,"COLLEGNO, VENDESI APPARTAMENTO A 98.000 € | TorinoCintura",APPARTAMENTO,,SI,INDIRIZZO_SENZA_CIVICO,,,,,,,,Agenzia delle Entrate · WMS CP.CadastralParcel,https://www.torinocintura.it/2026/08/25/collegno-vendesi-appartamento-a-98-000-e/,2026-08-27T21:04:17.079885+00:00,2026-09-03T18:54:01.490418+00:00
M660-59,59,MASTER_660,NO,Collegno,Vendita Appartamento Collegno. Bilocale in via Fabbrichetta 1. Ottimo ...,APPARTAMENTO,via Fabbrichetta 1,SI,MAPPALE_VERIFICATO,45.0713071,7.5629676,"Via Fabbrichetta, Terracorta, Leumann, Collegno, Torino, Piemonte, 10093, Italia",IT.AGE.PLA.C860_0007B0.301,C860,0007B0,301,Agenzia delle Entrate · WMS CP.CadastralParcel,https://www.immobiliare.it/annunci/130102440/,2026-08-27T21:04:17.079938+00:00,2026-09-03T18:54:01.490424+00:00
M660-60,60,MASTER_660,NO,Giaveno,161 immobili borgata in vendita a Giaveno - Trovit,PAGINA_RICERCA_CATEGORIA,,NO,NON_TARGET,,,,,,,,Agenzia delle Entrate · WMS CP.CadastralParcel,https://case.trovit.it/borgata-giaveno,2026-08-27T21:04:17.080080+00:00,2026-09-03T18:54:04.199114+00:00
M660-61,61,MASTER_660,NO,Rivoli,Indipendente Rivoli - 182 case in vendita in Rivoli de Nuroa.it,PAGINA_RICERCA_CATEGORIA,,NO,NON_TARGET,,,,,,,,Agenzia delle Entrate · WMS CP.CadastralParcel,https://www.nuroa.it/vendita-immobili/indipendente-rivoli,2026-08-27T21:04:17.080622+00:00,2026-09-03T18:54:04.199135+00:00
M660-62,62,MASTER_660,NO,Venaus,13 immobili in vendita a Venaus - Trovit,PAGINA_RICERCA_CATEGORIA,,NO,NON_TARGET,,,,,,,,Agenzia delle Entrate · WMS CP.CadastralParcel,https://case.trovit.it/venaus,2026-08-27T21:04:17.081283+00:00,2026-09-03T18:54:04.199142+00:00
M660-63,63,MASTER_660,NO,Alpignano,Case in vendita da Privati a Alpignano - CasaDaPrivato.it,ALTRO_NON_DETERMINATO,Via G. Mazzini 30,NO,NON_TARGET,,,,,,,,Agenzia delle Entrate · WMS CP.CadastralParcel,https://www.casadaprivato.it/annunci-vendita/immobili/torino-alpignano,2026-08-28T05:06:35.529806+00:00,2026-09-03T18:54:04.199149+00:00
M660-64,64,MASTER_660,NO,Bardonecchia,"Vendita Appartamento Bardonecchia. Bilocale in via generale cantore, 11 ...",APPARTAMENTO,via generale cantore 11,SI,GEOCODE_NON_TROVATO,,,,,,,,Agenzia delle Entrate · WMS CP.CadastralParcel,https://www.immobiliare.it/annunci/126542873/,2026-08-28T05:06:35.530034+00:00,2026-09-03T18:54:04.199165+00:00
M660-65,65,MASTER_660,NO,Borgone Susa,Vendita Terratetto plurifamiliare in frazione Chiampano Borgone Susa ...,CASA_INDIPENDENTE_TERRATETTO,frazione Chiampano Borgone Susa,SI,INDIRIZZO_SENZA_CIVICO,,,,,,,,Agenzia delle Entrate · WMS CP.CadastralParcel,https://www.immobiliare.it/annunci/130136162/,2026-08-28T05:06:35.530066+00:00,2026-09-03T18:54:04.696503+00:00
M660-66,66,MASTER_660,NO,Collegno,"COLLEGNO, VENDESI APPARTAMENTO A 98.000 € | ValsusaOggi",APPARTAMENTO,,SI,INDIRIZZO_SENZA_CIVICO,,,,,,,,Agenzia delle Entrate · WMS CP.CadastralParcel,https://www.valsusaoggi.it/collegno-vendesi-appartamento-a-98-000-e/,2026-08-28T05:06:35.530456+00:00,2026-09-03T18:54:04.696524+00:00
M660-67,67,MASTER_660,NO,Susa,Val Susa Indipendente - 36 case in vendita in Susa de Nuroa.it,PAGINA_RICERCA_CATEGORIA,,NO,NON_TARGET,,,,,,,,Agenzia delle Entrate · WMS CP.CadastralParcel,https://www.nuroa.it/vendita-immobili/val-susa-indipendente,2026-08-28T05:06:35.531430+00:00,2026-09-03T18:54:04.696533+00:00
M660-68,68,MASTER_660,NO,Oulx,"Immobile Appartamento in Piazza Mistral 2, Oulx (TO) 158.000 €, 51.99 ...",APPARTAMENTO,Piazza Mistral 2,SI,NESSUN_MAPPALE_AL_PUNTO,45.0287206,6.8325930,"Piazza Federico Mistral, San Marco, Oulx, Torino, Piemonte, Italia",,,,,Agenzia delle Entrate · WMS CP.CadastralParcel,https://www.gabetti.it/vendita/oulx/appartamento/3254485,2026-08-28T10:58:40.671172+00:00,2026-09-03T19:07:47.302136+00:00
M660-69,69,MASTER_660,NO,Rosta,"Locale commerciale corso Moncenisio, Rosta, Rif. 121630696 - Immobiliare.it",NEGOZIO_COMMERCIALE,corso Moncenisio,SI,INDIRIZZO_SENZA_CIVICO,,,,,,,,Agenzia delle Entrate · WMS CP.CadastralParcel,https://www.immobiliare.it/annunci/121630696/,2026-08-28T05:06:35.531137+00:00,2026-09-03T18:54:06.960278+00:00
M660-70,70,MASTER_660,NO,Rosta,Annunci di case in vendita a Rosta centro città - Bakeca,PAGINA_RICERCA_CATEGORIA,,NO,NON_TARGET,,,,,,,,Agenzia delle Entrate · WMS CP.CadastralParcel,https://torino.bakeca.it/annunci/vendita-case/luogo/rosta/,2026-08-21T12:20:59.475811+00:00,2026-09-03T18:54:06.960309+00:00
M660-71,71,MASTER_660,NO,Mompantero,Vendita terreni e rustici a Torino da privati - Bakeca,ALTRO_NON_DETERMINATO,,NO,NON_TARGET,,,,,,,,Agenzia delle Entrate · WMS CP.CadastralParcel,https://torino.bakeca.it/annunci/terreni-rustici/contrattotipo/vendita/inserzionistacase/privato/,2026-08-23T09:11:13.222601+00:00,2026-09-03T18:54:06.960319+00:00
M660-72,72,MASTER_660,NO,Avigliana,Vendita Appartamento Avigliana. Quadrilocale in via Don Luigi Balbiano ...,APPARTAMENTO,via Don Luigi Balbiano,SI,INDIRIZZO_SENZA_CIVICO,,,,,,,,Agenzia delle Entrate · WMS CP.CadastralParcel,https://www.immobiliare.it/annunci/117023435/,2026-08-27T21:04:17.079287+00:00,2026-09-03T18:54:06.960327+00:00
M660-73,73,MASTER_660,NO,Bardonecchia,Gruppo Immobiliare Bardonecchia - Immobili in affitto e in vendita,PAGINA_AGENZIA_SERVIZIO,,NO,NON_TARGET,,,,,,,,Agenzia delle Entrate · WMS CP.CadastralParcel,https://www.gbi.it/,2026-08-27T21:04:17.079377+00:00,2026-09-03T18:54:06.960335+00:00
M660-74,74,MASTER_660,NO,Bardonecchia,Vendita Appartamento Bardonecchia. Bilocale in via Medail 98. Ottimo ...,APPARTAMENTO,via Medail 98,SI,NESSUN_MAPPALE_AL_PUNTO,45.0790424,6.7023957,"Via Giuseppe Francesco Medail, Bardonecchia, Torino, Piemonte, 10052, Italia",,,,,Agenzia delle Entrate · WMS CP.CadastralParcel,https://www.immobiliare.it/annunci/127405041/,2026-08-27T21:04:17.079400+00:00,2026-09-03T19:07:47.967883+00:00
M660-75,75,MASTER_660,NO,Bardonecchia,"Nuove Costruzioni in vendita a Bardonecchia, rif. 128373150 ...",ALTRO_NON_DETERMINATO,,NO,NON_TARGET,,,,,,,,Agenzia delle Entrate · WMS CP.CadastralParcel,https://www.immobiliare.it/annunci/128373150/,2026-08-27T21:04:17.079416+00:00,2026-09-03T18:54:09.464368+00:00
M660-76,76,MASTER_660,NO,Borgone Susa,Vendita Appartamento Borgone Susa. Quadrilocale in via Montenero 13 ...,APPARTAMENTO,via Montenero 13,SI,NESSUN_MAPPALE_AL_PUNTO,45.1154529,7.2707188,"Via Montenero, Molere di Borgone, Borgone Susa, Torino, Piemonte, 10055, Italia",,,,,Agenzia delle Entrate · WMS CP.CadastralParcel,https://www.immobiliare.it/annunci/122226200/,2026-08-27T21:04:17.079513+00:00,2026-09-03T19:07:48.519235+00:00
M660-77,77,MASTER_660,NO,Caprie,Case e appartamenti a Via Caprie. Immobili in vendita a Via ... - Nestoria,PAGINA_RICERCA_CATEGORIA,,NO,NON_TARGET,,,,,,,,Agenzia delle Entrate · WMS CP.CadastralParcel,https://www.nestoria.it/immobiliare/vendita/via-caprie,2026-08-27T21:04:17.079641+00:00,2026-09-03T18:54:11.587100+00:00
M660-78,78,MASTER_660,NO,Caselette,25.410 immobili in vendita a Caselette - Nestoria,PAGINA_RICERCA_CATEGORIA,,NO,NON_TARGET,,,,,,,,Agenzia delle Entrate · WMS CP.CadastralParcel,https://www.nestoria.it/immobiliare/vendita/caselette,2026-08-27T21:04:17.079656+00:00,2026-09-03T18:54:11.587121+00:00
M660-79,79,MASTER_660,NO,Caselette,"Asta per appartamento, Roma, Centro Caselette, rif. 131977156 ...",APPARTAMENTO,,SI,INDIRIZZO_SENZA_CIVICO,,,,,,,,Agenzia delle Entrate · WMS CP.CadastralParcel,https://www.immobiliare.it/annunci/131977156/,2026-08-27T21:04:17.079696+00:00,2026-09-03T18:54:11.587138+00:00
M660-80,80,MASTER_660,NO,Chianocco,Astalegale.net - Asta giudiziaria Abitazione di tipo civile Via Primo ...,ALTRO_NON_DETERMINATO,Via Primo Maggio n. 4/c,NO,NON_TARGET,,,,,,,,Agenzia delle Entrate · WMS CP.CadastralParcel,https://www.astalegale.net/Aste/Detail/B2404054-Abitazione-di-tipo-civile-Via-Primo--Maggio-4C-10050-Chianocco-TO-Italia-Chianocco,2026-08-27T21:04:17.079729+00:00,2026-09-03T18:54:11.587161+00:00
M660-81,81,MASTER_660,NO,Coazze,10.514 immobili in vendita a Coazze Torino - Nestoria,PAGINA_RICERCA_CATEGORIA,,NO,NON_TARGET,,,,,,,,Agenzia delle Entrate · WMS CP.CadastralParcel,https://www.nestoria.it/immobiliare/vendita/coazze_torino,2026-08-27T21:04:17.079836+00:00,2026-09-03T18:54:11.587168+00:00
M660-82,82,MASTER_660,NO,Coazze,44 Rustici in vendita a Coazze - Mitula Case,PAGINA_RICERCA_CATEGORIA,,NO,NON_TARGET,,,,,,,,Agenzia delle Entrate · WMS CP.CadastralParcel,https://immobiliare.mitula.it/rustico-coazze,2026-08-27T21:04:17.079847+00:00,2026-09-03T18:54:11.587174+00:00
M660-83,83,MASTER_660,NO,Collegno,"Vendita Villa unifamiliare Collegno. Ottimo stato, posto auto, con ...",VILLA,,SI,INDIRIZZO_SENZA_CIVICO,,,,,,,,Agenzia delle Entrate · WMS CP.CadastralParcel,https://www.immobiliare.it/annunci/131402778/,2026-08-27T21:04:17.079915+00:00,2026-09-03T18:54:11.587180+00:00
M660-84,84,MASTER_660,NO,Collegno,"Nuove Costruzioni in vendita a Collegno, rif. 129397740 - Immobiliare.it",ALTRO_NON_DETERMINATO,,NO,NON_TARGET,,,,,,,,Agenzia delle Entrate · WMS CP.CadastralParcel,https://www.immobiliare.it/annunci/129397740/,2026-08-27T21:04:17.079952+00:00,2026-09-03T18:54:11.587187+00:00
M660-85,85,MASTER_660,NO,Giaglione,"Palazzo - Edificio frazione San Giuseppe, Giaglione, Rif. 129678060 ...",PALAZZO_EDIFICIO,frazione San Giuseppe,NO,NON_TARGET,,,,,,,,Agenzia delle Entrate · WMS CP.CadastralParcel,https://www.immobiliare.it/annunci/129678060/,2026-08-27T21:04:17.080030+00:00,2026-09-03T18:54:11.587196+00:00
M660-86,86,MASTER_660,NO,Giaveno,Casa Semindipendente Giaveno - Immobiliare La Sacra,PAGINA_AGENZIA_SERVIZIO,,NO,NON_TARGET,,,,,,,,Agenzia delle Entrate · WMS CP.CadastralParcel,https://lasacraimmobiliare.it/products/casa-semindipendente-ristrutturata-in-vendita-a-giaveno-borgata-san-filippo,2026-08-27T21:04:17.080096+00:00,2026-09-03T18:54:11.587203+00:00
M660-87,87,MASTER_660,NO,Grugliasco,"Trilocale in vendita in Via Michelangelo Buonarroti, 53, Grugliasco ...",APPARTAMENTO,"Via Michelangelo Buonarroti, 53",SI,NESSUN_MAPPALE_AL_PUNTO,45.0670774,7.5837875,"Via Michelangelo Buonarroti, Grugliasco, Torino, Piemonte, 10095, Italia",,,,,Agenzia delle Entrate · WMS CP.CadastralParcel,https://www.idealista.it/immobile/36137925/,2026-08-27T21:04:17.080198+00:00,2026-09-03T19:07:49.108619+00:00
M660-88,88,MASTER_660,NO,Grugliasco,27.263 immobili in vendita a Gerbido Grugliasco - Nestoria,PAGINA_RICERCA_CATEGORIA,,NO,NON_TARGET,,,,,,,,Agenzia delle Entrate · WMS CP.CadastralParcel,https://www.nestoria.it/immobiliare/vendita/gerbido_grugliasco,2026-08-27T21:04:17.080226+00:00,2026-09-03T18:54:14.111508+00:00
M660-89,89,MASTER_660,NO,Meana di Susa,16 Rustici in vendita a Meana Di Susa - Mitula Case,PAGINA_RICERCA_CATEGORIA,,NO,NON_TARGET,,,,,,,,Agenzia delle Entrate · WMS CP.CadastralParcel,https://immobiliare.mitula.it/rustico-meana-susa,2026-08-27T21:04:17.080349+00:00,2026-09-03T18:54:14.111537+00:00
M660-90,90,MASTER_660,NO,Meana di Susa,Vendita Villa bifamiliare in via Gravere Meana di Susa. Buono stato ...,VILLA,via Gravere Meana di Susa. Buono stato,SI,INDIRIZZO_SENZA_CIVICO,,,,,,,,Agenzia delle Entrate · WMS CP.CadastralParcel,https://www.immobiliare.it/annunci/125433055/,2026-08-27T21:04:17.080361+00:00,2026-09-03T18:54:14.111560+00:00
M660-91,91,MASTER_660,NO,Oulx,Case e appartamenti a Oulx. Immobili in vendita a Oulx - Nestoria,PAGINA_RICERCA_CATEGORIA,,NO,NON_TARGET,,,,,,,,Agenzia delle Entrate · WMS CP.CadastralParcel,https://www.nestoria.it/immobiliare/vendita/oulx,2026-08-27T21:04:17.080392+00:00,2026-09-03T18:54:14.111570+00:00
M660-92,92,MASTER_660,NO,Pianezza,L'osservatorio del mercato immobiliare a Pianezza.,ALTRO_NON_DETERMINATO,,NO,NON_TARGET,,,,,,,,Agenzia delle Entrate · WMS CP.CadastralParcel,https://www.mercato-immobiliare.info/piemonte/torino/pianezza.html,2026-08-27T21:04:17.080496+00:00,2026-09-03T18:54:14.111579+00:00
M660-93,93,MASTER_660,NO,Rivoli,Cinzia Vitale Immobiliare - Rivoli (TO),PAGINA_AGENZIA_SERVIZIO,,NO,NON_TARGET,,,,,,,,Agenzia delle Entrate · WMS CP.CadastralParcel,https://www.cinziavitaleimmobiliare.it/,2026-08-27T21:04:17.080630+00:00,2026-09-03T18:54:14.111585+00:00
M660-94,94,MASTER_660,NO,Rubiana,"Appartamento all'asta Borgata Balma, 14, Rubiana",APPARTAMENTO,"Borgata Balma, 14",SI,GEOCODE_NON_TROVATO,,,,,,,,Agenzia delle Entrate · WMS CP.CadastralParcel,https://www.immobiliare.it/annunci/131773094/,2026-08-27T21:04:17.080825+00:00,2026-09-03T18:54:14.111593+00:00
M660-95,95,MASTER_660,NO,Rubiana,"Asta per appartamento, via Roma, 54 Rubiana, rif. 131772870 ...",APPARTAMENTO,"via Roma, 54",SI,NESSUN_MAPPALE_AL_PUNTO,45.1372334,7.3833417,"Via Roma, Borgata Bugnone, Rubiana, Unione Montana Alpi Graie, Torino, Piemonte, 10057, Italia",,,,,Agenzia delle Entrate · WMS CP.CadastralParcel,https://www.immobiliare.it/annunci/131772870/,2026-08-27T21:04:17.080830+00:00,2026-09-03T19:07:49.776710+00:00
M660-96,96,MASTER_660,NO,San Didero,Magazzino All'asta In Via Roma 34 - 10050 San Didero (TO),CAPANNONE_MAGAZZINO,Via Roma 34,NO,NON_TARGET,,,,,,,,Agenzia delle Entrate · WMS CP.CadastralParcel,https://www.immobiliallasta.it/immobili/torino/san-didero/ex8025918/magazzino-all-asta-in-via-roma-34-10050-san-didero-to,2026-08-27T21:04:17.080836+00:00,2026-09-03T18:54:16.949890+00:00
M660-97,97,MASTER_660,NO,San Didero,"Vendita Terratetto unifamiliare San Didero. Buono stato, posto auto ...",CASA_INDIPENDENTE_TERRATETTO,,SI,INDIRIZZO_SENZA_CIVICO,,,,,,,,Agenzia delle Entrate · WMS CP.CadastralParcel,https://www.immobiliare.it/annunci/126137637/,2026-08-27T21:04:17.080872+00:00,2026-09-03T18:54:16.949906+00:00
M660-98,98,MASTER_660,NO,San Valeriano,"Terreno edificabile via Montenero 13, Borgone Susa, rif. 106364919 ...",TERRENO,via Montenero 13,NO,NON_TARGET,,,,,,,,Agenzia delle Entrate · WMS CP.CadastralParcel,https://www.immobiliare.it/annunci/106364919/,2026-08-27T21:04:17.080925+00:00,2026-09-03T18:54:16.949915+00:00
M660-99,99,MASTER_660,NO,Sangano,Immobiliari all'Asta Sangano - Fallimenti.it,PAGINA_AGENZIA_SERVIZIO,,NO,NON_TARGET,,,,,,,,Agenzia delle Entrate · WMS CP.CadastralParcel,https://www.fallimenti.it/torino-sangano/aste-immobiliari,2026-08-27T21:04:17.080948+00:00,2026-09-03T18:54:16.949927+00:00
M660-100,100,MASTER_660,NO,Sant'Antonino di Susa,Vendita Appartamento Sant'Antonino di Susa. Quadrilocale in via ...,APPARTAMENTO,,SI,INDIRIZZO_SENZA_CIVICO,,,,,,,,Agenzia delle Entrate · WMS CP.CadastralParcel,https://www.immobiliare.it/annunci/122250646/,2026-08-27T21:04:17.081021+00:00,2026-09-03T18:54:16.949934+00:00
M660-101,101,MASTER_660,NO,Sant'Antonino di Susa,Vendita Appartamento in via Roma 11. Sant'Antonino di Susa. Ottimo ...,APPARTAMENTO,via Roma 11,SI,NESSUN_MAPPALE_AL_PUNTO,45.1090202,7.2757379,"Via Roma, Maisonetta, Sant'Antonino di Susa, Torino, Piemonte, 10055, Italia",,,,,Agenzia delle Entrate · WMS CP.CadastralParcel,https://www.immobiliare.it/annunci/110299157/,2026-08-27T21:04:17.081027+00:00,2026-09-03T19:07:50.607234+00:00
M660-102,102,MASTER_660,NO,Susa,Case in vendita a Susa - Wikicasa,PAGINA_RICERCA_CATEGORIA,,NO,NON_TARGET,,,,,,,,Agenzia delle Entrate · WMS CP.CadastralParcel,https://www.wikicasa.it/vendita-case/susa/,2026-08-27T21:04:17.081061+00:00,2026-09-03T18:54:19.586919+00:00
M660-103,103,MASTER_660,NO,Trana,"Trilocale in vendita in Strada Avigliana, 16, Trana — idealista, N.1 in ...",APPARTAMENTO,"Strada Avigliana, 16",SI,NESSUN_MAPPALE_AL_PUNTO,45.0492694,7.4032670,"Strada Avigliana, Cordero, San Bernardino, Trana, Torino, Piemonte, 10051, Italia",,,,,Agenzia delle Entrate · WMS CP.CadastralParcel,https://www.idealista.it/immobile/36330718/,2026-08-27T21:04:17.081100+00:00,2026-09-03T19:07:51.211890+00:00
M660-104,104,MASTER_660,NO,Val della Torre,Vendita Rustico in via Castello 71 Val della Torre. Da ristrutturare ...,RUSTICO_CASALE_BAITA,via Castello 71,SI,NESSUN_MAPPALE_AL_PUNTO,45.1559231,7.4454424,"Via Carlo Lucco Castello, Borgata Verna, Val della Torre, Unione Montana di Comuni delle Valli di Lanzo, Ceronda e Casternone, Torino, Piemonte, Italia",,,,,Agenzia delle Entrate · WMS CP.CadastralParcel,https://www.immobiliare.it/annunci/130837718/,2026-08-27T21:04:17.081221+00:00,2026-09-03T19:07:51.780356+00:00
M660-105,105,MASTER_660,NO,Villar Dora,Vendita Villa unifamiliare in via Borgionera 6 Villar Dora. Da ...,VILLA,via Borgionera 6,SI,MAPPALE_VERIFICATO,45.1234833,7.3791518,"Via Borgionera, Borgata Colombo, Villar Dora, Torino, Piemonte, 10057, Italia",IT.AGE.PLA.L999_000500.891,L999,000500,891,Agenzia delle Entrate · WMS CP.CadastralParcel,https://www.immobiliare.it/annunci/127214869/,2026-08-27T21:04:17.081337+00:00,2026-09-03T18:54:24.620825+00:00
M660-106,106,MASTER_660,NO,Villar Focchiardo,"Rustico, casale in Vendita in Via Preinera 10050 a Villar Focchiardo",RUSTICO_CASALE_BAITA,Via Preinera 10050 a Villar Focchiardo,SI,INDIRIZZO_SENZA_CIVICO,,,,,,,,Agenzia delle Entrate · WMS CP.CadastralParcel,https://www.casa.it/immobili/54614855/,2026-08-27T21:04:17.081364+00:00,2026-09-03T18:54:26.650430+00:00
M660-107,107,MASTER_660,NO,Villar Focchiardo,"Asta per rustico - casale, , Baratte Villar Focchiardo, rif. 131963176 ...",RUSTICO_CASALE_BAITA,,SI,INDIRIZZO_SENZA_CIVICO,,,,,,,,Agenzia delle Entrate · WMS CP.CadastralParcel,https://www.immobiliare.it/annunci/131963176/,2026-08-27T21:04:17.081375+00:00,2026-09-03T18:54:26.650449+00:00
M660-108,108,MASTER_660,NO,Villarbasse,Vendita Terratetto unifamiliare in via San Rocco 9/B Villarbasse. Da ...,CASA_INDIPENDENTE_TERRATETTO,via San Rocco 9/B,SI,MAPPALE_VERIFICATO,45.0478223,7.4733957,"Via San Rocco, Villarbasse, Vigne, Villarbasse, Torino, Piemonte, 10040, Italia",IT.AGE.PLA.M002_000300.374,M002,000300,374,Agenzia delle Entrate · WMS CP.CadastralParcel,https://www.immobiliare.it/annunci/124965305/,2026-08-27T21:04:17.081443+00:00,2026-09-03T18:54:26.650457+00:00
M660-109,109,MASTER_660,NO,Alpignano,Capannone Vendita Alpignano - 31 case in vendita in Alpignano de Nuroa.it,PAGINA_RICERCA_CATEGORIA,Via dei Ronchi 51/A6,NO,NON_TARGET,,,,,,,,Agenzia delle Entrate · WMS CP.CadastralParcel,https://www.nuroa.it/vendita-immobili/capannone-vendita-alpignano,2026-08-28T05:06:35.529823+00:00,2026-09-03T18:54:28.936113+00:00
M660-110,110,MASTER_660,NO,Bardonecchia,"Vendita Baita Bardonecchia. Buono stato, 150 m², rif. 122595374",RUSTICO_CASALE_BAITA,,SI,INDIRIZZO_SENZA_CIVICO,,,,,,,,Agenzia delle Entrate · WMS CP.CadastralParcel,https://www.immobiliare.it/annunci/122595374/,2026-08-28T05:06:35.529995+00:00,2026-09-03T18:54:28.936134+00:00
M660-111,111,MASTER_660,NO,Bardonecchia,Vendita Appartamento in Borgata Horres-Garnier. Bardonecchia. Buono ...,APPARTAMENTO,Borgata Horres-Garnier. Bardonecchia. Buono,SI,INDIRIZZO_SENZA_CIVICO,,,,,,,,Agenzia delle Entrate · WMS CP.CadastralParcel,https://www.immobiliare.it/annunci/131871204/,2026-08-28T05:06:35.530000+00:00,2026-09-03T18:54:28.936147+00:00
M660-112,112,MASTER_660,NO,Borgone Susa,Vendita Appartamento Borgone Susa. Trilocale in via Tenente Mario Tacca ...,APPARTAMENTO,via Tenente Mario Tacca,SI,INDIRIZZO_SENZA_CIVICO,,,,,,,,Agenzia delle Entrate · WMS CP.CadastralParcel,https://www.immobiliare.it/annunci/125068245/,2026-08-28T05:06:35.530112+00:00,2026-09-03T18:54:28.936155+00:00
M660-113,113,MASTER_660,NO,Borgone Susa,Vendita Appartamento Borgone Susa. Bilocale in via Ponte Dora 2. Nuovo ...,APPARTAMENTO,via Ponte Dora 2,SI,NESSUN_MAPPALE_AL_PUNTO,45.1133001,7.2680192,"Via Ponte Dora, San Valeriano, Borgone Susa, Torino, Piemonte, 10055, Italia",,,,,Agenzia delle Entrate · WMS CP.CadastralParcel,https://www.immobiliare.it/annunci/119519371/,2026-08-28T05:06:35.530116+00:00,2026-09-03T19:07:52.404778+00:00
M660-114,114,MASTER_660,NO,Condove,"Case in vendita a Poisatto, Condove",PAGINA_RICERCA_CATEGORIA,,NO,NON_TARGET,,,,,,,,Agenzia delle Entrate · WMS CP.CadastralParcel,https://caseinvenditainaffitto.it/case-in-vendita/poisatto-condove,2026-08-28T05:06:35.530536+00:00,2026-09-03T18:54:31.097834+00:00
M660-115,115,MASTER_660,NO,Grugliasco,Vendita Villa bifamiliare in via Francesco Baracca Grugliasco. Buono ...,VILLA,via Francesco Baracca Grugliasco. Buono,SI,INDIRIZZO_SENZA_CIVICO,,,,,,,,Agenzia delle Entrate · WMS CP.CadastralParcel,https://www.immobiliare.it/annunci/131466108/,2026-08-28T05:06:35.530764+00:00,2026-09-03T18:54:31.097887+00:00
M660-116,116,MASTER_660,NO,Grugliasco,Vendita Appartamento Grugliasco. Quadrilocale in via Milano 78. Ottimo ...,APPARTAMENTO,via Milano 78,SI,MAPPALE_VERIFICATO,45.0672468,7.6037381,"78, Via Milano, Borgata Quaglia, Grugliasco, Torino, Piemonte, 10095, Italia",IT.AGE.PLA.E216_001100.7,E216,001100,7,Agenzia delle Entrate · WMS CP.CadastralParcel,https://www.immobiliare.it/annunci/131339370/,2026-08-28T05:06:35.530785+00:00,2026-09-03T18:54:31.097896+00:00
M660-117,117,MASTER_660,NO,Meana di Susa,Vendita Villa bifamiliare in via Colle delle Finestre 16 Meana di Susa ...,VILLA,via Colle delle Finestre 16,SI,NESSUN_MAPPALE_AL_PUNTO,45.1265643,7.0622826,"Via Colle delle Finestre, Bassa Meana, Meana di Susa, Torino, Piemonte, 10059, Italia",,,,,Agenzia delle Entrate · WMS CP.CadastralParcel,https://www.immobiliare.it/annunci/123924605/,2026-08-28T05:06:35.530883+00:00,2026-09-03T19:07:52.987718+00:00
M660-118,118,MASTER_660,NO,Oulx,Vendita Appartamento Oulx. Bilocale in corso Ortigara 23. Buono stato ...,APPARTAMENTO,corso Ortigara 23,SI,NESSUN_MAPPALE_AL_PUNTO,45.0375332,6.8286220,"Corso Monte Ortigara, Beaume, Oulx, Torino, Piemonte, 10056, Italia",,,,,Agenzia delle Entrate · WMS CP.CadastralParcel,https://www.immobiliare.it/annunci/123552441/,2026-08-28T05:06:35.530941+00:00,2026-09-03T19:07:53.799516+00:00
M660-119,119,MASTER_660,NO,Oulx,Vendita Appartamento Oulx. Bilocale in via Chateau 48. Buono stato ...,APPARTAMENTO,via Chateau 48,SI,NESSUN_MAPPALE_AL_PUNTO,45.0436796,6.7621210,"Via Chateau, Beaulard, Oulx, Torino, Piemonte, 10056, Italia",,,,,Agenzia delle Entrate · WMS CP.CadastralParcel,https://www.immobiliare.it/annunci/126212759/,2026-08-28T05:06:35.530946+00:00,2026-09-03T19:07:54.397889+00:00
M660-120,120,MASTER_660,NO,Sant'Antonino di Susa,Vendita Appartamento Sant'Antonino di Susa. Bilocale in via aurelia 22 ...,APPARTAMENTO,via aurelia 22,SI,GEOCODE_NON_TROVATO,,,,,,,,Agenzia delle Entrate · WMS CP.CadastralParcel,https://www.immobiliare.it/annunci/129047602/,2026-08-28T05:06:35.531410+00:00,2026-09-03T18:54:40.460167+00:00
M660-121,121,MASTER_660,NO,Venaus,Case e appartamenti a Bar Cenisio. Immobili in vendita a Bar ... - Nestoria,PAGINA_RICERCA_CATEGORIA,,NO,NON_TARGET,,,,,,,,Agenzia delle Entrate · WMS CP.CadastralParcel,https://www.nestoria.it/immobiliare/vendita/bar-cenisio,2026-08-28T05:06:35.531653+00:00,2026-09-03T18:54:41.209302+00:00
M660-122,122,MASTER_660,NO,Villar Dora,Vendita Villa bifamiliare in via Al Cerrone 9 Villar Dora. Ottimo stato ...,VILLA,via Al Cerrone 9,SI,MAPPALE_VERIFICATO,45.1130785,7.3889762,"Via al Cerrone, Borgata Merlo, Villar Dora, Torino, Piemonte, 10057, Italia",IT.AGE.PLA.L999_000900.1435,L999,000900,1435,Agenzia delle Entrate · WMS CP.CadastralParcel,https://www.immobiliare.it/annunci/125554379/,2026-08-28T05:06:35.531695+00:00,2026-09-03T18:54:41.209330+00:00
M660-123,123,MASTER_660,NO,Villar Focchiardo,"Rustico 5 locali, 122 m² in Via Preinera 38 e 38/A, Villar Focchiardo ...",PAGINA_RICERCA_CATEGORIA,Via Preinera 38,NO,NON_TARGET,,,,,,,,Agenzia delle Entrate · WMS CP.CadastralParcel,https://asteflorio.it/aste/rustico-5-5-locali-a-villar-focchiardo-to-villar-focchiardo,2026-08-28T05:06:35.531714+00:00,2026-09-03T18:54:43.560540+00:00
M660-124,124,MASTER_660,NO,Avigliana,"Vendita Loft in via Avigliana 4 Torino. Nuovo, riscaldamento ...",ALTRO_NON_DETERMINATO,via Avigliana 4,NO,NON_TARGET,,,,,,,,Agenzia delle Entrate · WMS CP.CadastralParcel,https://www.immobiliare.it/annunci/129488292/,2026-08-28T10:58:40.669897+00:00,2026-09-03T18:54:43.560554+00:00
M660-125,125,MASTER_660,NO,Avigliana,Vendita Appartamento Collegno. Bilocale in via Avigliana 24. Buono ...,APPARTAMENTO,via Avigliana 24,SI,NESSUN_MAPPALE_AL_PUNTO,45.0488684,7.3739816,"Via Avigliana, Brossa, Giaveno, Torino, Piemonte, 10094, Italia",,,,,Agenzia delle Entrate · WMS CP.CadastralParcel,https://www.immobiliare.it/annunci/131999982/,2026-08-28T10:58:40.669914+00:00,2026-09-03T19:07:54.969383+00:00
M660-126,126,MASTER_660,NO,Avigliana,Vendita Appartamento Avigliana. Bilocale in via Orsiera 5. Ottimo stato ...,APPARTAMENTO,via Orsiera 5,SI,MAPPALE_VERIFICATO,45.0799066,7.4042445,"Via Orsiera, Sant'Agostino, Grangia, Avigliana, Torino, Piemonte, 10051, Italia",IT.AGE.PLA.A518_002800.329,A518,002800,329,Agenzia delle Entrate · WMS CP.CadastralParcel,https://www.immobiliare.it/annunci/129672110/,2026-08-28T10:58:40.669921+00:00,2026-09-03T18:54:45.757189+00:00
M660-127,127,MASTER_660,NO,Bardonecchia,Vendita Appartamento Bardonecchia. Trilocale in via Verdi 27. Da ...,APPARTAMENTO,via Verdi 27,SI,NESSUN_MAPPALE_AL_PUNTO,45.0740079,6.7024545,"Via Giuseppe Verdi, Campo Smith, Les Arnauds, Bardonecchia, Torino, Piemonte, 10052, Italia",,,,,Agenzia delle Entrate · WMS CP.CadastralParcel,https://www.immobiliare.it/annunci/124612643/,2026-08-28T10:58:40.670035+00:00,2026-09-03T19:07:55.554507+00:00
M660-128,128,MASTER_660,NO,Borgone Susa,Vendita Villa bifamiliare in via dei Gravè 4 Borgone Susa. Ottimo stato ...,VILLA,via dei Gravè 4,SI,MAPPALE_VERIFICATO,45.1192251,7.2407188,"Via dei Gravè, Costa, Borgone Susa, Torino, Piemonte, Italia",IT.AGE.PLA.B024_000600.1890,B024,000600,1890,Agenzia delle Entrate · WMS CP.CadastralParcel,https://www.immobiliare.it/annunci/131917682/,2026-08-28T10:58:40.670063+00:00,2026-09-03T18:54:50.092015+00:00
M660-129,129,MASTER_660,NO,Borgone Susa,Vendita Appartamento Borgone Susa. Trilocale in via Augusto Abegg ...,APPARTAMENTO,via Augusto Abegg ... L'appartamento è stato ristrutturato circa 10,SI,GEOCODE_NON_TROVATO,,,,,,,,Agenzia delle Entrate · WMS CP.CadastralParcel,https://www.immobiliare.it/annunci/103552834/,2026-08-28T10:58:40.670129+00:00,2026-09-03T18:54:52.080728+00:00
M660-130,130,MASTER_660,NO,Borgone Susa,Vendita Appartamento Borgone Susa. Trilocale in via Augusto Abegg. Da ...,APPARTAMENTO,via Augusto Abegg. Da,SI,INDIRIZZO_SENZA_CIVICO,,,,,,,,Agenzia delle Entrate · WMS CP.CadastralParcel,https://www.immobiliare.it/annunci/105291587/,2026-08-28T10:58:40.670142+00:00,2026-09-03T18:54:52.463311+00:00
M660-131,131,MASTER_660,NO,Bussoleno,Case in vendita a Bussoleno - Wikicasa,PAGINA_RICERCA_CATEGORIA,,NO,NON_TARGET,,,,,,,,Agenzia delle Entrate · WMS CP.CadastralParcel,https://www.wikicasa.it/vendita-case/bussoleno/,2026-08-28T10:58:40.670185+00:00,2026-09-03T18:54:52.463334+00:00
M660-132,132,MASTER_660,NO,Buttigliera Alta,Case e appartamenti a Buttigliera Alta. Immobili in vendita a ...,PAGINA_RICERCA_CATEGORIA,,NO,NON_TARGET,,,,,,,,Agenzia delle Entrate · WMS CP.CadastralParcel,https://www.nestoria.it/immobiliare/vendita/buttigliera-alta,2026-08-28T10:58:40.670248+00:00,2026-09-03T18:54:52.463341+00:00
M660-133,133,MASTER_660,NO,Chiomonte,2.379 immobili in vendita a Chiomonte - Nestoria,PAGINA_RICERCA_CATEGORIA,,NO,NON_TARGET,,,,,,,,Agenzia delle Entrate · WMS CP.CadastralParcel,https://www.nestoria.it/immobiliare/vendita/chiomonte,2026-08-28T10:58:40.670386+00:00,2026-09-03T18:54:52.463347+00:00
M660-134,134,MASTER_660,NO,Chiomonte,69 immobili in vendita a Chiomonte - Trovit,PAGINA_RICERCA_CATEGORIA,,NO,NON_TARGET,,,,,,,,Agenzia delle Entrate · WMS CP.CadastralParcel,https://case.trovit.it/chiomonte,2026-08-28T10:58:40.670392+00:00,2026-09-03T18:54:52.463351+00:00
M660-135,135,MASTER_660,NO,Chiomonte,"Case in vendita a Frais, Chiomonte - Case in Vendita e in Affitto",PAGINA_RICERCA_CATEGORIA,,NO,NON_TARGET,,,,,,,,Agenzia delle Entrate · WMS CP.CadastralParcel,https://caseinvenditainaffitto.it/case-in-vendita/frais-chiomonte,2026-08-28T10:58:40.670399+00:00,2026-09-03T18:54:52.463356+00:00
M660-136,136,MASTER_660,NO,Chiomonte,Vendita Appartamento Chiomonte. Bilocale in via III Reggimento Alpini 7 ...,APPARTAMENTO,via III Reggimento Alpini 7,SI,MAPPALE_VERIFICATO,45.1170702,6.9859673,"Via Terzo Reggimento Alpini, Chiomonte, Case Eleizane, Ramats, Chiomonte, Torino, Piemonte, Italia",IT.AGE.PLA.C639_002100.466,C639,002100,466,Agenzia delle Entrate · WMS CP.CadastralParcel,https://www.immobiliare.it/annunci/131927206/,2026-08-28T10:58:40.670418+00:00,2026-09-03T18:54:52.463363+00:00
M660-137,137,MASTER_660,NO,Chiomonte,"Vendita Appartamento in via Assietta 4. Chiomonte. Ottimo stato, su più ...",APPARTAMENTO,via Assietta 4,SI,MAPPALE_VERIFICATO,45.1191147,6.9846196,"Via Assietta, Chiomonte, Sant'Antonio, Ramats, Chiomonte, Torino, Piemonte, Italia",IT.AGE.PLA.C639_001300.378,C639,001300,378,Agenzia delle Entrate · WMS CP.CadastralParcel,https://www.immobiliare.it/annunci/129311670/,2026-08-28T10:58:40.670424+00:00,2026-09-03T18:54:54.574830+00:00
M660-138,138,MASTER_660,NO,Chiomonte,Vendita Appartamento Chiomonte. Monolocale in via III Reggimento Alpini ...,APPARTAMENTO,via III Reggimento Alpini,SI,INDIRIZZO_SENZA_CIVICO,,,,,,,,Agenzia delle Entrate · WMS CP.CadastralParcel,https://www.immobiliare.it/annunci/131993268/,2026-08-28T10:58:40.670430+00:00,2026-09-03T18:54:56.543560+00:00
M660-139,139,MASTER_660,NO,Chiomonte,Vendita Appartamento Chiomonte. Monolocale in via Soubeyrand 10. Buono ...,APPARTAMENTO,via Soubeyrand 10,SI,MAPPALE_VERIFICATO,45.1043786,6.9926998,"10, Via Soubeyrand, Frais, Chiomonte, Torino, Piemonte, 10050, Italia",IT.AGE.PLA.C639_002900.415,C639,002900,415,Agenzia delle Entrate · WMS CP.CadastralParcel,https://www.immobiliare.it/annunci/121188804/,2026-08-28T10:58:40.670436+00:00,2026-09-03T18:54:56.543578+00:00
M660-140,140,MASTER_660,NO,Chiusa di San Michele,Vendita Appartamento in via Torino 34. Chiusa di San Michele. Buono ...,APPARTAMENTO,via Torino 34,SI,MAPPALE_VERIFICATO,45.1051952,7.3323296,"Charlie, 34, Via Torino, Chiusa di San Michele, Torino, Piemonte, 10050, Italia",IT.AGE.PLA.C655_000400.135,C655,000400,135,Agenzia delle Entrate · WMS CP.CadastralParcel,https://www.immobiliare.it/annunci/118802807/,2026-08-28T10:58:40.670491+00:00,2026-09-03T18:54:58.702812+00:00
M660-141,141,MASTER_660,NO,Chiusa di San Michele,"Villa unifamiliare Borgata Basinatto 22, Chiusa di San Michele",VILLA,Borgata Basinatto 22,SI,GEOCODE_NON_TROVATO,,,,,,,,Agenzia delle Entrate · WMS CP.CadastralParcel,https://www.immobiliare.it/annunci/100126722/,2026-08-28T10:58:40.670498+00:00,2026-09-03T18:55:00.850746+00:00
M660-142,142,MASTER_660,NO,Chiusa di San Michele,Vendita Appartamento Chiusa di San Michele. Trilocale in via Ex ...,APPARTAMENTO,via Ex,SI,INDIRIZZO_SENZA_CIVICO,,,,,,,,Agenzia delle Entrate · WMS CP.CadastralParcel,https://www.immobiliare.it/annunci/99338908/,2026-08-28T10:58:40.670504+00:00,2026-09-03T18:55:01.041927+00:00
M660-143,143,MASTER_660,NO,Chiusa di San Michele,"Appartamento all'asta via Susa 31, Chiusa di San Michele",APPARTAMENTO,via Susa 31,SI,MAPPALE_VERIFICATO,45.1057827,7.3230289,"31, Via Susa, Ponte Rosso, Chiusa di San Michele, Torino, Piemonte, 10050, Italia",IT.AGE.PLA.C655_000200.118,C655,000200,118,Agenzia delle Entrate · WMS CP.CadastralParcel,https://www.immobiliare.it/annunci/127501016/,2026-08-28T10:58:40.670510+00:00,2026-09-03T18:55:01.041942+00:00
M660-144,144,MASTER_660,NO,Collegno,Vendita Appartamento Collegno. Quadrilocale in via Marco Minghetti 6 ...,APPARTAMENTO,via Marco Minghetti 6,SI,NESSUN_MAPPALE_AL_PUNTO,45.0764436,7.5724827,"Via Marco Minghetti, Leumann, Collegno, Torino, Piemonte, 10093, Italia",,,,,Agenzia delle Entrate · WMS CP.CadastralParcel,https://www.immobiliare.it/annunci/128767440/,2026-08-28T10:58:40.670604+00:00,2026-09-03T19:07:56.129598+00:00
M660-145,145,MASTER_660,NO,Giaveno,Vendita Terratetto unifamiliare in via Villanova 23 Giaveno. Da ...,CASA_INDIPENDENTE_TERRATETTO,via Villanova 23,SI,NESSUN_MAPPALE_AL_PUNTO,45.0503101,7.3391394,"Via Villanova, Ruata Ollasio, Giaveno, Torino, Piemonte, 10094, Italia",,,,,Agenzia delle Entrate · WMS CP.CadastralParcel,https://www.immobiliare.it/annunci/121481530/,2026-08-28T10:58:40.670869+00:00,2026-09-03T19:07:56.700925+00:00
M660-146,146,MASTER_660,NO,Moncenisio,791 appartamenti in vendita a Moncenisio - Nestoria,PAGINA_RICERCA_CATEGORIA,,NO,NON_TARGET,,,,,,,,Agenzia delle Entrate · WMS CP.CadastralParcel,https://www.nestoria.it/appartamenti/vendita/moncenisio,2026-08-28T10:58:40.671115+00:00,2026-09-03T18:55:07.229398+00:00
M660-147,147,MASTER_660,NO,Moncenisio,Vendita Villa unifamiliare in via Moncenisio 62 Avigliana. Ottimo stato ...,VILLA,via Moncenisio 62,SI,MAPPALE_VERIFICATO,45.2047140,6.9823766,"Via Moncenisio, Moncenisio, Torino, Piemonte, Italia",IT.AGE.PLA.D553_004700.150,D553,004700,150,Agenzia delle Entrate · WMS CP.CadastralParcel,https://www.immobiliare.it/annunci/57586138/,2026-08-28T10:58:40.671122+00:00,2026-09-03T18:55:07.229427+00:00
M660-148,148,MASTER_660,NO,Moncenisio,Astalegale.net - Asta giudiziaria Abitazione di tipo civile Via ...,ALTRO_NON_DETERMINATO,,NO,NON_TARGET,,,,,,,,Agenzia delle Entrate · WMS CP.CadastralParcel,https://www.astalegale.net/Aste/Detail/B2391737-Abitazione-di-tipo-civile-Via-Moncenisio-n-8--Cesano-Maderno,2026-08-28T10:58:40.671128+00:00,2026-09-03T18:55:09.430653+00:00
M660-149,149,MASTER_660,NO,Moncenisio,Vendita Appartamento in via Moncenisio 6b. Montesilvano. Ottimo stato ...,APPARTAMENTO,via Moncenisio 6b,SI,MAPPALE_VERIFICATO,45.2047140,6.9823766,"Via Moncenisio, Moncenisio, Torino, Piemonte, Italia",IT.AGE.PLA.D553_004700.150,D553,004700,150,Agenzia delle Entrate · WMS CP.CadastralParcel,https://www.immobiliare.it/annunci/131888184/,2026-08-28T10:58:40.671140+00:00,2026-09-03T18:55:09.430669+00:00
M660-150,150,MASTER_660,NO,Moncenisio,"Appartamento all'asta via Moncenisio, Gioia del Colle",APPARTAMENTO,via Moncenisio,SI,INDIRIZZO_SENZA_CIVICO,,,,,,,,Agenzia delle Entrate · WMS CP.CadastralParcel,https://www.immobiliare.it/annunci/131966836/,2026-08-28T10:58:40.671146+00:00,2026-09-03T18:55:11.716472+00:00
M660-151,151,MASTER_660,NO,Oulx,Case in vendita a Oulx - Wikicasa,PAGINA_RICERCA_CATEGORIA,,NO,NON_TARGET,,,,,,,,Agenzia delle Entrate · WMS CP.CadastralParcel,https://www.wikicasa.it/vendita-case/oulx/,2026-08-28T10:58:40.671165+00:00,2026-09-03T18:55:11.716504+00:00
M660-152,152,MASTER_660,NO,Reano,"Vendita Villa bifamiliare in regione Garrone, 3 Reano. Buono stato ...",VILLA,,SI,INDIRIZZO_SENZA_CIVICO,,,,,,,,Agenzia delle Entrate · WMS CP.CadastralParcel,https://www.immobiliare.it/annunci/132005892/,2026-08-28T10:58:40.671380+00:00,2026-09-03T18:55:11.716512+00:00
M660-153,153,MASTER_660,NO,Rivoli,"Vendita Appartamento in via Alpi Carniche 8. Rivoli. Ottimo stato, su ...",APPARTAMENTO,via Alpi Carniche 8,SI,MAPPALE_VERIFICATO,45.0811705,7.5142045,"8, Via Alpi Carniche, Rivoli, Torino, Piemonte, 10098, Italia",IT.AGE.PLA.H355_000700.140,H355,000700,140,Agenzia delle Entrate · WMS CP.CadastralParcel,https://www.immobiliare.it/annunci/131322842/,2026-08-28T10:58:40.671526+00:00,2026-09-03T18:55:11.716519+00:00
M660-154,154,MASTER_660,NO,San Didero,Case e appartamenti a San Didero. Immobili in vendita a San ... - Nestoria,PAGINA_RICERCA_CATEGORIA,,NO,NON_TARGET,,,,,,,,Agenzia delle Entrate · WMS CP.CadastralParcel,https://www.nestoria.it/immobiliare/vendita/san-didero,2026-08-28T10:58:40.671693+00:00,2026-09-03T18:55:13.856191+00:00
M660-155,155,MASTER_660,NO,San Giorio di Susa,Vendita Villa unifamiliare in via Carlo Carli San Giorio di Susa ...,VILLA,via Carlo Carli San Giorio di Susa,SI,INDIRIZZO_SENZA_CIVICO,,,,,,,,Agenzia delle Entrate · WMS CP.CadastralParcel,https://www.immobiliare.it/annunci/121674246/,2026-08-28T10:58:40.671776+00:00,2026-09-03T18:55:13.856221+00:00
M660-156,156,MASTER_660,NO,San Giorio di Susa,Vendita Appartamento San Giorio di Susa. Quadrilocale in via Susa 2 ...,APPARTAMENTO,via Susa 2,SI,MAPPALE_VERIFICATO,45.1295386,7.1730137,"2, Via Susa, La Balma, San Giorio di Susa, Torino, Piemonte, 10050, Italia",IT.AGE.PLA.H900_000200.178,H900,000200,178,Agenzia delle Entrate · WMS CP.CadastralParcel,https://www.immobiliare.it/annunci/127240045/,2026-08-28T10:58:40.671783+00:00,2026-09-03T18:55:13.856231+00:00
M660-157,157,MASTER_660,NO,San Giorio di Susa,Vendita Villa unifamiliare in via carlo carli 156 San Giorio di Susa ...,VILLA,via carlo carli 156,SI,MAPPALE_VERIFICATO,45.1311563,7.1688500,"Via Carlo Carli, La Balma, San Giorio di Susa, Torino, Piemonte, 10053, Italia",IT.AGE.PLA.H900_000200.840,H900,000200,840,Agenzia delle Entrate · WMS CP.CadastralParcel,https://www.immobiliare.it/annunci/112138893/,2026-08-28T10:58:40.671789+00:00,2026-09-03T18:55:16.183414+00:00
M660-158,158,MASTER_660,NO,San Giorio di Susa,Vendita Appartamento San Giorio di Susa. Quadrilocale in via susa 2 ...,APPARTAMENTO,via susa 2,SI,MAPPALE_VERIFICATO,45.1295386,7.1730137,"2, Via Susa, La Balma, San Giorio di Susa, Torino, Piemonte, 10050, Italia",IT.AGE.PLA.H900_000200.178,H900,000200,178,Agenzia delle Entrate · WMS CP.CadastralParcel,https://www.immobiliare.it/annunci/128602518/,2026-08-28T10:58:40.671795+00:00,2026-09-03T18:55:18.270567+00:00
M660-159,159,MASTER_660,NO,San Giorio di Susa,Vendita Appartamento San Giorio di Susa. Trilocale in via Combattenti ...,APPARTAMENTO,via Combattenti,SI,INDIRIZZO_SENZA_CIVICO,,,,,,,,Agenzia delle Entrate · WMS CP.CadastralParcel,https://www.immobiliare.it/annunci/127949974/,2026-08-28T10:58:40.671801+00:00,2026-09-03T18:55:18.881242+00:00
M660-160,160,MASTER_660,NO,San Giorio di Susa,Vendita Villa bifamiliare in via Don Cesare Martinetti 20 San Giorio di ...,VILLA,via Don Cesare Martinetti 20,SI,GEOCODE_NON_TROVATO,,,,,,,,Agenzia delle Entrate · WMS CP.CadastralParcel,https://www.immobiliare.it/annunci/118363055/,2026-08-28T10:58:40.671807+00:00,2026-09-03T18:55:18.881260+00:00
M660-161,161,MASTER_660,NO,San Giorio di Susa,Vendita Appartamento San Giorio di Susa. Trilocale in via Don Cesare ...,APPARTAMENTO,via Don Cesare,SI,INDIRIZZO_SENZA_CIVICO,,,,,,,,Agenzia delle Entrate · WMS CP.CadastralParcel,https://www.immobiliare.it/annunci/103299940/,2026-08-28T10:58:40.671817+00:00,2026-09-03T18:55:19.426806+00:00
M660-162,162,MASTER_660,NO,San Giorio di Susa,Vendita Appartamento San Giorio di Susa. Trilocale in via Carlo Carli ...,APPARTAMENTO,via Carlo Carli,SI,INDIRIZZO_SENZA_CIVICO,,,,,,,,Agenzia delle Entrate · WMS CP.CadastralParcel,https://www.immobiliare.it/annunci/87529370/,2026-08-28T10:58:40.671823+00:00,2026-09-03T18:55:19.426823+00:00
M660-163,163,MASTER_660,NO,San Giorio di Susa,Vendita Appartamento San Giorio di Susa. Quadrilocale in via Carlo ...,APPARTAMENTO,via Carlo,SI,INDIRIZZO_SENZA_CIVICO,,,,,,,,Agenzia delle Entrate · WMS CP.CadastralParcel,https://www.immobiliare.it/annunci/119275725/,2026-08-28T10:58:40.671835+00:00,2026-09-03T18:55:19.426830+00:00
M660-164,164,MASTER_660,NO,Sant'Antonino di Susa,Vendita Appartamento Sant'Antonino di Susa. Trilocale in via Moncenisio ...,APPARTAMENTO,via Moncenisio,SI,INDIRIZZO_SENZA_CIVICO,,,,,,,,Agenzia delle Entrate · WMS CP.CadastralParcel,https://www.immobiliare.it/annunci/107823685/,2026-08-28T10:58:40.671981+00:00,2026-09-03T18:55:19.426836+00:00
M660-165,165,MASTER_660,NO,Val della Torre,Vendita Appartamento Torino. Bilocale in via Val della Torre 78. Buono ...,APPARTAMENTO,via Val della Torre 78,SI,NESSUN_MAPPALE_AL_PUNTO,45.1263423,7.4911606,"Via Val della Torre, Grange di Brione, Caselette, Unione Montana di Comuni delle Valli di Lanzo, Ceronda e Casternone, Torino, Piemonte, 10091, Italia",,,,,Agenzia delle Entrate · WMS CP.CadastralParcel,https://www.immobiliare.it/annunci/131509024/,2026-08-28T10:58:40.672159+00:00,2026-09-03T19:07:57.271188+00:00
M660-166,166,MASTER_660,NO,Val della Torre,"Vendita Rustico in via Ciaine, 53 Val della Torre. Da ristrutturare ...",RUSTICO_CASALE_BAITA,"via Ciaine, 53",SI,MAPPALE_VERIFICATO,45.1673503,7.4284455,"Via Trucco Rossato, Ciaine, Val della Torre, Unione Montana di Comuni delle Valli di Lanzo, Ceronda e Casternone, Torino, Piemonte, Italia",IT.AGE.PLA.L555_000300.126,L555,000300,126,Agenzia delle Entrate · WMS CP.CadastralParcel,https://www.immobiliare.it/annunci/131531490/,2026-08-28T10:58:40.672165+00:00,2026-09-03T18:55:21.835078+00:00
M660-167,167,MASTER_660,NO,Villar Focchiardo,"Rustico, casale in Vendita in Via Preinera a Villar Focchiardo",RUSTICO_CASALE_BAITA,Via Preinera a Villar Focchiardo,SI,INDIRIZZO_SENZA_CIVICO,,,,,,,,Agenzia delle Entrate · WMS CP.CadastralParcel,https://www.casa.it/immobili/54620897/,2026-08-28T10:58:40.672321+00:00,2026-09-03T18:55:24.030441+00:00
M660-168,168,MASTER_660,NO,Villar Focchiardo,Vendita Appartamento Villar Focchiardo. Quadrilocale in via Chiesali ...,APPARTAMENTO,via Chiesali,SI,INDIRIZZO_SENZA_CIVICO,,,,,,,,Agenzia delle Entrate · WMS CP.CadastralParcel,https://www.immobiliare.it/annunci/131370234/,2026-08-28T10:58:40.672328+00:00,2026-09-03T18:55:24.030458+00:00
M660-169,169,MASTER_660,NO,Trana,12 locale commerciales in vendita a Trana - Trovit,PAGINA_RICERCA_CATEGORIA,,NO,NON_TARGET,,,,,,,,Agenzia delle Entrate · WMS CP.CadastralParcel,https://case.trovit.it/negozio-trana,2026-08-27T21:04:17.081116+00:00,2026-09-03T18:55:24.030469+00:00
M660-170,170,MASTER_660,NO,Susa,13 locale commerciales in vendita a Susa - Trovit,PAGINA_RICERCA_CATEGORIA,,NO,NON_TARGET,,,,,,,,Agenzia delle Entrate · WMS CP.CadastralParcel,https://case.trovit.it/negozio-susa,2026-08-28T05:06:35.531441+00:00,2026-09-03T18:55:24.030475+00:00
M660-171,171,MASTER_660,NO,Bardonecchia,Bardonecchia - Vendita case Piemonte - Subito.it,ALTRO_NON_DETERMINATO,,NO,NON_TARGET,,,,,,,,Agenzia delle Entrate · WMS CP.CadastralParcel,https://www.subito.it/annunci-piemonte/vendita/immobili/?q=bardonecchia,2026-08-21T12:20:59.475284+00:00,2026-09-03T18:55:24.030494+00:00
M660-172,172,MASTER_660,NO,Bardonecchia,Annunci di case in vendita a Bardonecchia centro città,PAGINA_RICERCA_CATEGORIA,,NO,NON_TARGET,,,,,,,,Agenzia delle Entrate · WMS CP.CadastralParcel,https://torino.bakeca.it/annunci/vendita-case/luogo/Bardonecchia/,2026-08-21T12:20:59.475291+00:00,2026-09-03T18:55:24.030501+00:00
M660-173,173,MASTER_660,NO,Bruzolo,Case in vendita Bruzolo - Immobili - Subito.it,ALTRO_NON_DETERMINATO,,NO,NON_TARGET,,,,,,,,Agenzia delle Entrate · WMS CP.CadastralParcel,https://www.subito.it/annunci-piemonte/vendita/immobili/torino/bruzolo/,2026-08-21T12:20:59.475325+00:00,2026-09-03T18:55:24.030506+00:00
M660-174,174,MASTER_660,NO,Bussoleno,Case in vendita Bussoleno - Immobili - Subito.it,ALTRO_NON_DETERMINATO,,NO,NON_TARGET,,,,,,,,Agenzia delle Entrate · WMS CP.CadastralParcel,https://www.subito.it/annunci-piemonte/vendita/immobili/torino/bussoleno/,2026-08-21T12:20:59.475335+00:00,2026-09-03T18:55:24.030513+00:00
M660-175,175,MASTER_660,NO,Buttigliera Alta,Case in vendita Buttigliera Alta - Immobili - Subito.it,ALTRO_NON_DETERMINATO,,NO,NON_TARGET,,,,,,,,Agenzia delle Entrate · WMS CP.CadastralParcel,https://www.subito.it/annunci-piemonte/vendita/immobili/torino/buttigliera-alta/,2026-08-21T12:20:59.475356+00:00,2026-09-03T18:55:24.030519+00:00
M660-176,176,MASTER_660,NO,Caprie,Case in vendita Caprie - Immobili - Subito.it,ALTRO_NON_DETERMINATO,,NO,NON_TARGET,,,,,,,,Agenzia delle Entrate · WMS CP.CadastralParcel,https://www.subito.it/annunci-piemonte/vendita/immobili/torino/caprie/,2026-08-21T12:20:59.475387+00:00,2026-09-03T18:55:24.030524+00:00
M660-177,177,MASTER_660,NO,Caselette,Case in vendita Caselette - Immobili - Subito.it,ALTRO_NON_DETERMINATO,,NO,NON_TARGET,,,,,,,,Agenzia delle Entrate · WMS CP.CadastralParcel,https://www.subito.it/annunci-piemonte/vendita/immobili/torino/caselette/,2026-08-21T12:20:59.475408+00:00,2026-09-03T18:55:24.030529+00:00
M660-178,178,MASTER_660,NO,Chianocco,Case in vendita Chianocco - Immobili - Subito.it,ALTRO_NON_DETERMINATO,,NO,NON_TARGET,,,,,,,,Agenzia delle Entrate · WMS CP.CadastralParcel,https://www.subito.it/annunci-piemonte/vendita/immobili/torino/chianocco/,2026-08-21T12:20:59.475423+00:00,2026-09-03T18:55:24.030534+00:00
M660-179,179,MASTER_660,NO,Chiusa di San Michele,Case in vendita Chiusa di San Michele - Immobili - Subito.it,ALTRO_NON_DETERMINATO,,NO,NON_TARGET,,,,,,,,Agenzia delle Entrate · WMS CP.CadastralParcel,https://www.subito.it/annunci-piemonte/vendita/immobili/torino/chiusa-di-san-michele/,2026-08-21T12:20:59.475446+00:00,2026-09-03T18:55:24.030539+00:00
M660-180,180,MASTER_660,NO,Coazze,Case in vendita Coazze - Immobili - Subito.it,ALTRO_NON_DETERMINATO,,NO,NON_TARGET,,,,,,,,Agenzia delle Entrate · WMS CP.CadastralParcel,https://www.subito.it/annunci-piemonte/vendita/immobili/torino/coazze/,2026-08-21T12:20:59.475481+00:00,2026-09-03T18:55:24.030544+00:00
M660-181,181,MASTER_660,NO,Giaglione,Case in vendita Giaglione - Immobili - Subito.it,ALTRO_NON_DETERMINATO,,NO,NON_TARGET,,,,,,,,Agenzia delle Entrate · WMS CP.CadastralParcel,https://www.subito.it/annunci-piemonte/vendita/immobili/torino/giaglione/,2026-08-21T12:20:59.475534+00:00,2026-09-03T18:55:24.030549+00:00
M660-182,182,MASTER_660,NO,Gravere,Case in vendita Gravere - Immobili - Subito.it,ALTRO_NON_DETERMINATO,,NO,NON_TARGET,,,,,,,,Agenzia delle Entrate · WMS CP.CadastralParcel,https://www.subito.it/annunci-piemonte/vendita/immobili/torino/gravere/,2026-08-21T12:20:59.475569+00:00,2026-09-03T18:55:24.030555+00:00
M660-183,183,MASTER_660,NO,Mattie,Case in vendita Mattie - Immobili - Subito.it,ALTRO_NON_DETERMINATO,,NO,NON_TARGET,,,,,,,,Agenzia delle Entrate · WMS CP.CadastralParcel,https://www.subito.it/annunci-piemonte/vendita/immobili/torino/mattie/,2026-08-21T12:20:59.475590+00:00,2026-09-03T18:55:24.030560+00:00
M660-184,184,MASTER_660,NO,Mattie,"Casa Indipendente in vendita a Mattie via giordani, 3",CASA_INDIPENDENTE_TERRATETTO,via giordani 3,SI,MAPPALE_VERIFICATO,45.1185119,7.1264908,"Via Giordani, Giordani, Mattie, Torino, Piemonte, 10053, Italia",IT.AGE.PLA.F058_001000.191,F058,001000,191,Agenzia delle Entrate · WMS CP.CadastralParcel,https://www.trovacasa.it/annunci/to-tc-64869-72779648,2026-08-21T12:20:59.475598+00:00,2026-09-03T18:55:24.030566+00:00
M660-185,185,MASTER_660,NO,Meana di Susa,Case in vendita Meana di Susa - Immobili - Subito.it,ALTRO_NON_DETERMINATO,,NO,NON_TARGET,,,,,,,,Agenzia delle Entrate · WMS CP.CadastralParcel,https://www.subito.it/annunci-piemonte/vendita/immobili/torino/meana-di-susa/,2026-08-21T12:20:59.475614+00:00,2026-09-03T18:55:26.075631+00:00
M660-186,186,MASTER_660,NO,Mompantero,Case in vendita Mompantero - Immobili - Subito.it,ALTRO_NON_DETERMINATO,,NO,NON_TARGET,,,,,,,,Agenzia delle Entrate · WMS CP.CadastralParcel,https://www.subito.it/annunci-piemonte/vendita/immobili/torino/mompantero/,2026-08-21T12:20:59.475624+00:00,2026-09-03T18:55:26.075650+00:00
M660-187,187,MASTER_660,NO,Oulx,Annunci di case in vendita a Oulx centro città - Bakeca,PAGINA_RICERCA_CATEGORIA,,NO,NON_TARGET,,,,,,,,Agenzia delle Entrate · WMS CP.CadastralParcel,https://torino.bakeca.it/annunci/vendita-case/luogo/oulx/,2026-08-21T12:20:59.475655+00:00,2026-09-03T18:55:26.075659+00:00
M660-188,188,MASTER_660,NO,Pianezza,Pianezza - Vendita case Piemonte - Subito.it,ALTRO_NON_DETERMINATO,,NO,NON_TARGET,,,,,,,,Agenzia delle Entrate · WMS CP.CadastralParcel,https://www.subito.it/annunci-piemonte/vendita/immobili/?q=pianezza,2026-08-21T12:20:59.475681+00:00,2026-09-03T18:55:26.075665+00:00
M660-189,189,MASTER_660,NO,Pianezza,Case indipendenti e ville a schiera in vendita Pianezza - Subito.it,ALTRO_NON_DETERMINATO,,NO,NON_TARGET,,,,,,,,Agenzia delle Entrate · WMS CP.CadastralParcel,https://www.subito.it/annunci-piemonte/vendita/ville-singole-e-a-schiera/torino/pianezza/,2026-08-21T12:20:59.475686+00:00,2026-09-03T18:55:26.075680+00:00
M660-190,190,MASTER_660,NO,Reano,Case in vendita Reano - Immobili - Subito.it,ALTRO_NON_DETERMINATO,,NO,NON_TARGET,,,,,,,,Agenzia delle Entrate · WMS CP.CadastralParcel,https://www.subito.it/annunci-piemonte/vendita/immobili/torino/reano/,2026-08-21T12:20:59.475775+00:00,2026-09-03T18:55:26.075685+00:00
M660-191,191,MASTER_660,NO,Rubiana,Case in vendita Rubiana - Immobili - Subito.it,ALTRO_NON_DETERMINATO,,NO,NON_TARGET,,,,,,,,Agenzia delle Entrate · WMS CP.CadastralParcel,https://www.subito.it/annunci-piemonte/vendita/immobili/torino/rubiana/,2026-08-21T12:20:59.475827+00:00,2026-09-03T18:55:26.075703+00:00
M660-192,192,MASTER_660,NO,San Giorio,Case in vendita San Giorio di Susa - Immobili - Subito.it,ALTRO_NON_DETERMINATO,,NO,NON_TARGET,,,,,,,,Agenzia delle Entrate · WMS CP.CadastralParcel,https://www.subito.it/annunci-piemonte/vendita/immobili/torino/san-giorio-di-susa/,2026-08-21T12:20:59.475844+00:00,2026-09-03T18:55:26.075709+00:00
M660-193,193,MASTER_660,NO,Sangano,Case in vendita Sangano - Immobili - Subito.it,ALTRO_NON_DETERMINATO,,NO,NON_TARGET,,,,,,,,Agenzia delle Entrate · WMS CP.CadastralParcel,https://www.subito.it/annunci-piemonte/vendita/immobili/torino/sangano/,2026-08-21T12:20:59.475857+00:00,2026-09-03T18:55:26.075714+00:00
M660-194,194,MASTER_660,NO,Val della Torre,Case in vendita Val della Torre - Immobili - Subito.it,ALTRO_NON_DETERMINATO,,NO,NON_TARGET,,,,,,,,Agenzia delle Entrate · WMS CP.CadastralParcel,https://www.subito.it/annunci-piemonte/vendita/immobili/torino/val-della-torre/,2026-08-21T12:20:59.475939+00:00,2026-09-03T18:55:26.075719+00:00
M660-195,195,MASTER_660,NO,Valgioie,Case in vendita Valgioie - Immobili - Subito.it,ALTRO_NON_DETERMINATO,,NO,NON_TARGET,,,,,,,,Agenzia delle Entrate · WMS CP.CadastralParcel,https://www.subito.it/annunci-piemonte/vendita/immobili/torino/valgioie/,2026-08-21T12:20:59.475958+00:00,2026-09-03T18:55:26.075724+00:00
M660-196,196,MASTER_660,NO,Villar Dora,Case in vendita Villar Dora - Immobili - Subito.it,ALTRO_NON_DETERMINATO,,NO,NON_TARGET,,,,,,,,Agenzia delle Entrate · WMS CP.CadastralParcel,https://www.subito.it/annunci-piemonte/vendita/immobili/torino/villar-dora/,2026-08-21T12:20:59.475968+00:00,2026-09-03T18:55:26.075729+00:00
M660-197,197,MASTER_660,NO,Villar Focchiardo,Case in vendita Villar Focchiardo - Immobili - Subito.it,ALTRO_NON_DETERMINATO,,NO,NON_TARGET,,,,,,,,Agenzia delle Entrate · WMS CP.CadastralParcel,https://www.subito.it/annunci-piemonte/vendita/immobili/torino/villar-focchiardo/,2026-08-21T12:20:59.475988+00:00,2026-09-03T18:55:26.075735+00:00
M660-198,198,MASTER_660,NO,Villarbasse,Case in vendita Villarbasse - Immobili - Subito.it,ALTRO_NON_DETERMINATO,,NO,NON_TARGET,,,,,,,,Agenzia delle Entrate · WMS CP.CadastralParcel,https://www.subito.it/annunci-piemonte/vendita/immobili/torino/villarbasse/,2026-08-21T12:20:59.476020+00:00,2026-09-03T18:55:26.075740+00:00
M660-199,199,MASTER_660,NO,Rivoli,Annunci di case in vendita a Rivoli centro città - Bakeca,PAGINA_RICERCA_CATEGORIA,,NO,NON_TARGET,,,,,,,,Agenzia delle Entrate · WMS CP.CadastralParcel,https://torino.bakeca.it/annunci/vendita-case/luogo/Rivoli/,2026-08-22T17:17:15.502735+00:00,2026-09-03T18:55:26.075746+00:00
M660-200,200,MASTER_660,NO,Rivoli,Rivoli - Vendita case - Subito.it,ALTRO_NON_DETERMINATO,,NO,NON_TARGET,,,,,,,,Agenzia delle Entrate · WMS CP.CadastralParcel,https://www.subito.it/annunci-italia/vendita/immobili/?q=rivoli,2026-08-22T17:17:15.502745+00:00,2026-09-03T18:55:26.075750+00:00
M660-201,201,MASTER_660,NO,Rosta,Case in vendita Rosta - Immobili - Subito.it,ALTRO_NON_DETERMINATO,,NO,NON_TARGET,,,,,,,,Agenzia delle Entrate · WMS CP.CadastralParcel,https://www.subito.it/annunci-piemonte/vendita/immobili/torino/rosta/,2026-08-22T17:17:15.502765+00:00,2026-09-03T18:55:26.075757+00:00
M660-202,202,MASTER_660,NO,Sant'Antonino di Susa,Case in vendita Sant'Antonino di Susa - Immobili - Subito.it,ALTRO_NON_DETERMINATO,,NO,NON_TARGET,,,,,,,,Agenzia delle Entrate · WMS CP.CadastralParcel,https://www.subito.it/annunci-piemonte/vendita/immobili/torino/sant-antonino-di-susa/,2026-08-22T17:17:15.502823+00:00,2026-09-03T18:55:26.075763+00:00
M660-203,203,MASTER_660,NO,Susa,Case in vendita Susa - Immobili - Subito.it,ALTRO_NON_DETERMINATO,,NO,NON_TARGET,,,,,,,,Agenzia delle Entrate · WMS CP.CadastralParcel,https://www.subito.it/annunci-piemonte/vendita/immobili/torino/susa/,2026-08-22T17:17:15.502847+00:00,2026-09-03T18:55:26.075768+00:00
M660-204,204,MASTER_660,NO,Bardonecchia,Case in vendita Bardonecchia - Immobili - Subito.it,ALTRO_NON_DETERMINATO,,NO,NON_TARGET,,,,,,,,Agenzia delle Entrate · WMS CP.CadastralParcel,https://www.subito.it/annunci-piemonte/vendita/immobili/torino/bardonecchia/,2026-08-23T09:11:13.222362+00:00,2026-09-03T18:55:26.075772+00:00
M660-205,205,MASTER_660,NO,Condove,Case in vendita Condove - Immobili - Subito.it,ALTRO_NON_DETERMINATO,,NO,NON_TARGET,,,,,,,,Agenzia delle Entrate · WMS CP.CadastralParcel,https://www.subito.it/annunci-piemonte/vendita/immobili/torino/condove/,2026-08-23T09:11:13.222521+00:00,2026-09-03T18:55:26.075776+00:00
M660-206,206,MASTER_660,NO,Trana,Case in vendita Trana - Immobili - Subito.it,ALTRO_NON_DETERMINATO,,NO,NON_TARGET,,,,,,,,Agenzia delle Entrate · WMS CP.CadastralParcel,https://www.subito.it/annunci-piemonte/vendita/immobili/torino/trana/,2026-08-23T09:11:13.222753+00:00,2026-09-03T18:55:26.075780+00:00
M660-207,207,MASTER_660,NO,Vaie,Case in vendita Vaie - Immobili - Subito.it,ALTRO_NON_DETERMINATO,,NO,NON_TARGET,,,,,,,,Agenzia delle Entrate · WMS CP.CadastralParcel,https://www.subito.it/annunci-piemonte/vendita/immobili/torino/vaie/,2026-08-23T09:11:13.222812+00:00,2026-09-03T18:55:26.075785+00:00
M660-208,208,MASTER_660,NO,Pianezza,Case in vendita Pianezza - Immobili - Subito.it,ALTRO_NON_DETERMINATO,,NO,NON_TARGET,,,,,,,,Agenzia delle Entrate · WMS CP.CadastralParcel,https://www.subito.it/annunci-piemonte/vendita/immobili/torino/pianezza/,2026-08-23T17:16:38.786987+00:00,2026-09-03T18:55:26.075790+00:00
M660-209,209,MASTER_660,NO,Bruzolo,Casa Indipendente in vendita a Bruzolo - TrovaCasa,CASA_INDIPENDENTE_TERRATETTO,Via Bologna 1,SI,GEOCODE_NON_TROVATO,,,,,,,,Agenzia delle Entrate · WMS CP.CadastralParcel,https://www.trovacasa.it/annunci/to-tc-96536-72839695,2026-08-27T21:04:17.079539+00:00,2026-09-03T18:55:26.075798+00:00
M660-210,210,MASTER_660,NO,Caprie,Appartamenti in vendita Caprie - Subito.it,ALTRO_NON_DETERMINATO,,NO,NON_TARGET,,,,,,,,Agenzia delle Entrate · WMS CP.CadastralParcel,https://www.subito.it/annunci-piemonte/vendita/appartamenti/torino/caprie/,2026-08-27T21:04:17.079630+00:00,2026-09-03T18:55:26.612769+00:00
M660-211,211,MASTER_660,NO,Chianocco,"Appartamento in vendita a Chianocco frazione Vernetto, 76B",APPARTAMENTO,"frazione Vernetto, 76B",SI,MAPPALE_VERIFICATO,45.1348625,7.1802393,"Frazione Vernetto, Vindrolere, Chianocco, Torino, Piemonte, 10053, Italia",IT.AGE.PLA.C610_002300.639,C610,002300,639,Agenzia delle Entrate · WMS CP.CadastralParcel,https://www.trovacasa.it/annunci/to-tc-15368-72855021,2026-08-27T21:04:17.079723+00:00,2026-09-03T18:55:26.612813+00:00
M660-212,212,MASTER_660,NO,Grugliasco,Case in vendita Grugliasco - Immobili - Subito.it,ALTRO_NON_DETERMINATO,,NO,NON_TARGET,,,,,,,,Agenzia delle Entrate · WMS CP.CadastralParcel,https://www.subito.it/annunci-piemonte/vendita/immobili/torino/grugliasco/,2026-08-27T21:04:17.080208+00:00,2026-09-03T18:55:29.002567+00:00
M660-213,213,MASTER_660,NO,Grugliasco,Appartamenti in vendita Grugliasco - Subito.it,ALTRO_NON_DETERMINATO,,NO,NON_TARGET,,,,,,,,Agenzia delle Entrate · WMS CP.CadastralParcel,https://www.subito.it/annunci-piemonte/vendita/appartamenti/torino/grugliasco/,2026-08-27T21:04:17.080214+00:00,2026-09-03T18:55:29.002584+00:00
M660-214,214,MASTER_660,NO,Mattie,pagamento a riscatto casa Mattie - Ville singole e a schiera In vendita ...,ALTRO_NON_DETERMINATO,,NO,NON_TARGET,,,,,,,,Agenzia delle Entrate · WMS CP.CadastralParcel,https://www.subito.it/ville-singole-e-a-schiera/pagamento-a-riscatto-casa-mattie-torino-657112849.htm,2026-08-27T21:04:17.080300+00:00,2026-09-03T18:55:29.002602+00:00
M660-215,215,MASTER_660,NO,Rivoli,Appartamenti in vendita Rivoli - Subito.it,ALTRO_NON_DETERMINATO,,NO,NON_TARGET,,,,,,,,Agenzia delle Entrate · WMS CP.CadastralParcel,https://www.subito.it/annunci-piemonte/vendita/appartamenti/torino/rivoli/,2026-08-27T21:04:17.080617+00:00,2026-09-03T18:55:29.002608+00:00
M660-216,216,MASTER_660,NO,Rubiana,Appartamenti in vendita Rubiana - Subito.it,ALTRO_NON_DETERMINATO,,NO,NON_TARGET,,,,,,,,Agenzia delle Entrate · WMS CP.CadastralParcel,https://www.subito.it/annunci-piemonte/vendita/appartamenti/torino/rubiana/,2026-08-27T21:04:17.080784+00:00,2026-09-03T18:55:29.002613+00:00
M660-217,217,MASTER_660,NO,Villar Dora,Case indipendenti e ville a schiera in vendita Villar Dora - Subito.it,ALTRO_NON_DETERMINATO,,NO,NON_TARGET,,,,,,,,Agenzia delle Entrate · WMS CP.CadastralParcel,https://www.subito.it/annunci-piemonte/vendita/ville-singole-e-a-schiera/torino/villar-dora/,2026-08-27T21:04:17.081319+00:00,2026-09-03T18:55:29.002620+00:00
M660-218,218,MASTER_660,NO,Rivoli,Case in vendita Rivoli - Immobili - Subito.it,ALTRO_NON_DETERMINATO,,NO,NON_TARGET,,,,,,,,Agenzia delle Entrate · WMS CP.CadastralParcel,https://www.subito.it/annunci-piemonte/vendita/immobili/torino/rivoli/,2026-08-28T05:06:35.531028+00:00,2026-09-03T18:55:29.002625+00:00
M660-219,219,MASTER_660,NO,Giaveno,Immobili in Affitto | Agenzia Tecnorete di Giaveno,PAGINA_AGENZIA_SERVIZIO,,NO,NON_TARGET,,,,,,,,Agenzia delle Entrate · WMS CP.CadastralParcel,https://giaveno1.tecnorete.it/immobili-in-affitto,2026-08-28T05:06:35.530647+00:00,2026-09-03T18:55:29.002631+00:00
M660-220,220,MASTER_660,NO,Giaveno,Locale Commerciale Giaveno - 65 locali comerciali in vendita in Giaveno ...,PAGINA_RICERCA_CATEGORIA,,SI,INDIRIZZO_SENZA_CIVICO,,,,,,,,Agenzia delle Entrate · WMS CP.CadastralParcel,https://www.nuroa.it/vendita-immobili/locale-commerciale-giaveno,2026-08-28T10:58:40.670818+00:00,2026-09-03T18:55:29.002635+00:00
M660-221,221,MASTER_660,NO,San Didero,ALBO PRETORIO DIGITALE - Comune di San Didero,ALTRO_NON_DETERMINATO,,NO,NON_TARGET,,,,,,,,Agenzia delle Entrate · WMS CP.CadastralParcel,https://www.servizipubblicaamministrazione.it/servizi/saturnweb/Home.aspx?CE=snddr1352,2026-08-27T21:04:17.080844+00:00,2026-09-03T18:55:29.002641+00:00
M660-222,222,MASTER_660,NO,Vaie,La Dimora Immobiliare - Vendita immobili a Torino e provincia,ALTRO_NON_DETERMINATO,,NO,NON_TARGET,,,,,,,,Agenzia delle Entrate · WMS CP.CadastralParcel,https://www.ladimoraimmobiliare.com/,2026-08-27T21:04:17.081193+00:00,2026-09-03T18:55:29.002649+00:00
M660-223,223,MASTER_660,NO,Avigliana,11 Capannoni in vendita a Avigliana - Mitula Case,PAGINA_RICERCA_CATEGORIA,,NO,NON_TARGET,,,,,,,,Agenzia delle Entrate · WMS CP.CadastralParcel,https://immobiliare.mitula.it/capannone-avigliana,2026-08-28T05:06:35.529910+00:00,2026-09-03T18:55:29.002655+00:00
M660-224,224,MASTER_660,NO,Bussoleno,"Capannone Strada Monginevro 7/a Pt, 1, Bussoleno, Rif. 65394712 ...",CAPANNONE_MAGAZZINO,Strada Monginevro 7/a,NO,NON_TARGET,,,,,,,,Agenzia delle Entrate · WMS CP.CadastralParcel,https://www.immobiliare.it/annunci/65394712/,2026-08-28T05:06:35.530153+00:00,2026-09-03T18:55:29.002663+00:00
M660-225,225,MASTER_660,NO,Caselette,29 Capannoni in affitto a Caselette - Mitula Case,PAGINA_RICERCA_CATEGORIA,,NO,NON_TARGET,,,,,,,,Agenzia delle Entrate · WMS CP.CadastralParcel,https://immobiliare.mitula.it/affitto-capannone-caselette,2026-08-28T05:06:35.530233+00:00,2026-09-03T18:55:29.002669+00:00
M660-226,226,MASTER_660,NO,Coazze,Casa indipendente in Vendita in Viale Italia 61 61 a Coazze,CASA_INDIPENDENTE_TERRATETTO,Viale Italia 61,SI,NESSUN_MAPPALE_AL_PUNTO,45.0525081,7.3013381,"Viale Italia 61, Ruadamonte, Coazze, Torino, Piemonte, 10094, Italia",,,,,Agenzia delle Entrate · WMS CP.CadastralParcel,https://www.casa.it/immobili/53711092/,2026-08-28T05:06:35.530423+00:00,2026-09-03T19:07:57.864521+00:00
M660-227,227,MASTER_660,NO,Collegno,"Capannone V. Italia 10, Collegno, Rif. 123621457 - Immobiliare.it",CAPANNONE_MAGAZZINO,,NO,NON_TARGET,,,,,,,,Agenzia delle Entrate · WMS CP.CadastralParcel,https://www.immobiliare.it/annunci/123621457/,2026-08-28T05:06:35.530472+00:00,2026-09-03T18:55:30.953347+00:00
M660-228,228,MASTER_660,NO,Collegno,21 Capannoni in affitto a Collegno - Mitula Case,PAGINA_RICERCA_CATEGORIA,,NO,NON_TARGET,,,,,,,,Agenzia delle Entrate · WMS CP.CadastralParcel,https://immobiliare.mitula.it/affitto-capannone-collegno,2026-08-28T05:06:35.530476+00:00,2026-09-03T18:55:30.953364+00:00
M660-229,229,MASTER_660,NO,Grugliasco,"Capannone via primo levi 13, Grugliasco, Rif. 131554842 - Immobiliare.it",CAPANNONE_MAGAZZINO,via primo levi 13,NO,NON_TARGET,,,,,,,,Agenzia delle Entrate · WMS CP.CadastralParcel,https://www.immobiliare.it/annunci/131554842/,2026-08-28T05:06:35.530740+00:00,2026-09-03T18:55:30.953374+00:00
M660-230,230,MASTER_660,NO,Grugliasco,44 locale commerciales in affitto a Grugliasco - Trovit,PAGINA_RICERCA_CATEGORIA,,NO,NON_TARGET,,,,,,,,Agenzia delle Entrate · WMS CP.CadastralParcel,https://case.trovit.it/affitto-negozio-grugliasco,2026-08-28T05:06:35.530744+00:00,2026-09-03T18:55:30.953381+00:00
M660-231,231,MASTER_660,NO,Pianezza,"Vendita Appartamento Pianezza. Trilocale in via gentileschi, 0. Nuovo ...",APPARTAMENTO,"via gentileschi, 0",SI,MAPPALE_VERIFICATO,45.1127719,7.5507304,"Via Artemisia Gentileschi, Pianezza, Torino, Piemonte, 10044, Italia",IT.AGE.PLA.G559_001500.1330,G559,001500,1330,Agenzia delle Entrate · WMS CP.CadastralParcel,https://www.immobiliare.it/annunci/102112746/,2026-08-28T05:06:35.531000+00:00,2026-09-03T18:55:30.953388+00:00
M660-232,232,MASTER_660,NO,Rivoli,111 Capannoni in vendita a Rivoli - Mitula Case,PAGINA_RICERCA_CATEGORIA,,NO,NON_TARGET,,,,,,,,Agenzia delle Entrate · WMS CP.CadastralParcel,https://immobiliare.mitula.it/capannone-rivoli,2026-08-28T05:06:35.531055+00:00,2026-09-03T18:55:33.231404+00:00
M660-233,233,MASTER_660,NO,Rivoli,"Capannone via Cagliari 11, Rivoli, Rif. 129183178 - Immobiliare.it",CAPANNONE_MAGAZZINO,via Cagliari 11,NO,NON_TARGET,,,,,,,,Agenzia delle Entrate · WMS CP.CadastralParcel,https://www.immobiliare.it/annunci/129183178/,2026-08-28T05:06:35.531059+00:00,2026-09-03T18:55:33.231418+00:00
M660-234,234,MASTER_660,NO,San Giorio,"Capannone borgata Malpasso, San Giorio di Susa, Rif. 129015964 ...",CAPANNONE_MAGAZZINO,borgata Malpasso,NO,NON_TARGET,,,,,,,,Agenzia delle Entrate · WMS CP.CadastralParcel,https://www.immobiliare.it/annunci/129015964/,2026-08-28T05:06:35.531295+00:00,2026-09-03T18:55:33.231426+00:00
M660-235,235,MASTER_660,NO,Venaus,280 Immobili in vendita a Venaus - Mitula Case,PAGINA_RICERCA_CATEGORIA,,NO,NON_TARGET,,,,,,,,Agenzia delle Entrate · WMS CP.CadastralParcel,https://immobiliare.mitula.it/venaus,2026-08-22T17:17:15.502944+00:00,2026-09-03T18:55:33.231431+00:00
M660-236,236,MASTER_660,NO,Almese,Vendita Appartamento Almese. Trilocale in via Morsino 74/5. Da ...,APPARTAMENTO,via Morsino 74/5,SI,NESSUN_MAPPALE_AL_PUNTO,45.1147802,7.4147533,"Via Morsino, Rivera, Almese, Torino, Piemonte, 10051, Italia",,,,,Agenzia delle Entrate · WMS CP.CadastralParcel,https://www.immobiliare.it/annunci/127965590/,2026-08-27T21:04:17.079061+00:00,2026-09-03T19:07:58.477418+00:00
M660-237,237,MASTER_660,NO,Avigliana,VENDESI TERRATETTO AD AVIGLIANA | ValsusaOggi,CASA_INDIPENDENTE_TERRATETTO,Corso Laghi 165,SI,NESSUN_MAPPALE_AL_PUNTO,45.0762135,7.4014627,"Corso Laghi, Chiattera, Avigliana, Torino, Piemonte, 10051, Italia",,,,,Agenzia delle Entrate · WMS CP.CadastralParcel,https://www.valsusaoggi.it/vendesi-terratetto-ad-avigliana/,2026-08-27T21:04:17.079212+00:00,2026-09-03T19:07:59.044108+00:00
M660-238,238,MASTER_660,NO,Chianocco,"Negozio all'asta frazione Vernetto 18, Chianocco",NEGOZIO_COMMERCIALE,frazione Vernetto 18,SI,MAPPALE_VERIFICATO,45.1348625,7.1802393,"Frazione Vernetto, Vindrolere, Chianocco, Torino, Piemonte, 10053, Italia",IT.AGE.PLA.C610_002300.639,C610,002300,639,Agenzia delle Entrate · WMS CP.CadastralParcel,https://www.immobiliare.it/annunci/129534704/,2026-08-27T21:04:17.079739+00:00,2026-09-03T18:55:37.435770+00:00
M660-239,239,MASTER_660,NO,Giaglione,"Palazzo - Edificio frazione San Giuseppe Tsèina 36, Giaglione, Rif ...",PALAZZO_EDIFICIO,frazione San Giuseppe Tsèina 36,NO,NON_TARGET,,,,,,,,Agenzia delle Entrate · WMS CP.CadastralParcel,https://www.immobiliare.it/annunci/90130981/,2026-08-27T21:04:17.080059+00:00,2026-09-03T18:55:39.464098+00:00
M660-240,240,MASTER_660,NO,Rosta,"Vendita Appartamento Rosta. Quadrilocale in via Rivoli. Nuovo, piano ...",APPARTAMENTO,via Rivoli. Nuovo,SI,INDIRIZZO_SENZA_CIVICO,,,,,,,,Agenzia delle Entrate · WMS CP.CadastralParcel,https://www.immobiliare.it/annunci/131126214/,2026-08-27T21:04:17.080714+00:00,2026-09-03T18:55:39.464113+00:00
M660-241,241,MASTER_660,NO,San Didero,"Vendita Villa bifamiliare in via A.Abegg 1 San Didero. Nuova, posto ...",VILLA,via A.Abegg 1,SI,GEOCODE_NON_TROVATO,,,,,,,,Agenzia delle Entrate · WMS CP.CadastralParcel,https://www.immobiliare.it/annunci/124218381/,2026-08-27T21:04:17.080867+00:00,2026-09-03T18:55:39.464132+00:00
M660-242,242,MASTER_660,NO,Vaie,"Vendita Villa unifamiliare in via Peirolero 28 Vaie. Buono stato, posto ...",VILLA,via Peirolero 28,SI,NESSUN_MAPPALE_AL_PUNTO,45.1044396,7.2850824,"Via Peirolero, Vaie, Torino, Piemonte, 10055, Italia",,,,,Agenzia delle Entrate · WMS CP.CadastralParcel,https://www.immobiliare.it/annunci/115206585/,2026-08-27T21:04:17.081186+00:00,2026-09-03T19:07:59.599400+00:00
M660-243,243,MASTER_660,NO,Almese,Almese - 236 appartamenti in affito in Almese de Nuroa.it,PAGINA_RICERCA_CATEGORIA,Via Drubiaglio 6,NO,NON_TARGET,,,,,,,,Agenzia delle Entrate · WMS CP.CadastralParcel,https://www.nuroa.it/affitto-case/almese,2026-08-28T05:06:35.529757+00:00,2026-09-03T18:55:42.420598+00:00
M660-244,244,MASTER_660,NO,Alpignano,Alpignano Industrial Park - Ufficio in Vendita Blu Sky1,UFFICIO,,NO,NON_TARGET,,,,,,,,Agenzia delle Entrate · WMS CP.CadastralParcel,https://www.battocchioimmobiliare.com/prodotto/alpignano-industrial-park-ufficio-in-vendita-blu-sky1/,2026-08-28T05:06:35.529817+00:00,2026-09-03T18:55:42.420615+00:00
M660-245,245,MASTER_660,NO,Bardonecchia,Affitto stagionale - Maison Doc - Bardonecchia e Sauze d'Oulx,ALTRO_NON_DETERMINATO,Piazza Europa,NO,NON_TARGET,,,,,,,,Agenzia delle Entrate · WMS CP.CadastralParcel,https://maisondoc.it/affitto-stagionale/,2026-08-28T05:06:35.529990+00:00,2026-09-03T19:08:00.193317+00:00
M660-246,246,MASTER_660,NO,Chianocco,"negozio all'asta frazione Vernetto, 18, Chianocco | 421 m²",NEGOZIO_COMMERCIALE,"frazione Vernetto, 18",SI,MAPPALE_VERIFICATO,45.1348625,7.1802393,"Frazione Vernetto, Vindrolere, Chianocco, Torino, Piemonte, 10053, Italia",IT.AGE.PLA.C610_002300.639,C610,002300,639,Agenzia delle Entrate · WMS CP.CadastralParcel,https://www.immobiliare.it/annunci/130996188/,2026-08-28T05:06:35.530289+00:00,2026-09-03T18:55:42.420631+00:00
M660-247,247,MASTER_660,NO,Condove,"30 locale commerciales reggio emilia in vendita a Bar, Condove",PAGINA_RICERCA_CATEGORIA,,NO,NON_TARGET,,,,,,,,Agenzia delle Entrate · WMS CP.CadastralParcel,https://case.trovit.it/negozio-bar-reggio-emilia,2026-08-28T05:06:35.530551+00:00,2026-09-03T18:55:44.601554+00:00
M660-248,248,MASTER_660,NO,Giaveno,"Locale commerciale via Maurizio Guglielmino 6, Giaveno, Rif. 130105770 ...",NEGOZIO_COMMERCIALE,via Maurizio Guglielmino 6,SI,GEOCODE_NON_TROVATO,,,,,,,,Agenzia delle Entrate · WMS CP.CadastralParcel,https://www.immobiliare.it/annunci/130105770/,2026-08-28T05:06:35.530643+00:00,2026-09-03T18:55:44.601583+00:00
M660-249,249,MASTER_660,NO,Pianezza,"Locale commerciale via 25 Aprile 9, Pianezza, Rif. 131327844 ...",NEGOZIO_COMMERCIALE,via 25 Aprile 9,SI,MAPPALE_VERIFICATO,45.0999427,7.5485506,"9, Via Venticinque Aprile, Pianezza, Torino, Piemonte, 10044, Italia",IT.AGE.PLA.G559_002800.261,G559,002800,261,Agenzia delle Entrate · WMS CP.CadastralParcel,https://www.immobiliare.it/annunci/131327844/,2026-08-28T05:06:35.530961+00:00,2026-09-03T18:55:45.178994+00:00
M660-250,250,MASTER_660,NO,Rivoli,"Locale commerciale, vendita, Via Rombò 29, Rivoli • Commerciali.it",NEGOZIO_COMMERCIALE,Via Rombò 29,SI,NESSUN_MAPPALE_AL_PUNTO,45.0694093,7.5165711,"Via Rombò, Tetti Neirotti, Rivoli, Torino, Piemonte, 10098, Italia",,,,,Agenzia delle Entrate · WMS CP.CadastralParcel,https://www.commerciali.it/locale-commerciale-vendita-rivoli-zona-centro-storico-30467334,2026-08-28T05:06:35.531033+00:00,2026-09-03T19:08:00.193384+00:00
M660-251,251,MASTER_660,NO,Rivoli,Prisma88 - Uffici in affitto temporaneo e Coworking a Rivoli ...,PAGINA_AGENZIA_SERVIZIO,,NO,NON_TARGET,,,,,,,,Agenzia delle Entrate · WMS CP.CadastralParcel,https://www.europalaceufficiorbassano.it/uffici-rivoli/,2026-08-28T05:06:35.531042+00:00,2026-09-03T18:55:49.743305+00:00
M660-252,252,MASTER_660,NO,Rivoli,STUDIO IMMOBILIARE MOCCAGATTA di RIVOLI,PAGINA_AGENZIA_SERVIZIO,,NO,NON_TARGET,,,,,,,,Agenzia delle Entrate · WMS CP.CadastralParcel,https://www.studiomoccagatta.com/,2026-08-28T05:06:35.531046+00:00,2026-09-03T18:55:49.743321+00:00
M660-253,253,MASTER_660,NO,Villar Dora,16 Locali commerciali in affitto a Villar Dora - Mitula Case,PAGINA_RICERCA_CATEGORIA,,NO,NON_TARGET,,,,,,,,Agenzia delle Entrate · WMS CP.CadastralParcel,https://immobiliare.mitula.it/affitto-locale-commerciale-villar-dora,2026-08-28T05:06:35.531690+00:00,2026-09-03T18:55:49.743330+00:00
M660-254,254,MASTER_660,NO,Rosta,Villa unifamiliare in Vendita a Rosta | Euro 330.000 | Mq 190,VILLA,,SI,INDIRIZZO_SENZA_CIVICO,,,,,,,,Agenzia delle Entrate · WMS CP.CadastralParcel,https://tempocasa.it/it/vendita/torino/rosta/villa-unifamiliare/1780932,2026-08-17T16:30:23.634210+00:00,2026-09-03T18:55:49.743339+00:00
M660-255,255,MASTER_660,NO,Almese,"Vendita Villa bifamiliare in via Rubiana 100 Almese. Buono stato, posto ...",VILLA,via Rubiana 100,SI,NESSUN_MAPPALE_AL_PUNTO,45.1288515,7.3952489,"Via Rubiana, Gamba Bosco, Almese, Torino, Piemonte, 10057, Italia",,,,,Agenzia delle Entrate · WMS CP.CadastralParcel,https://www.immobiliare.it/annunci/119867056/,2026-08-21T12:20:59.475206+00:00,2026-09-03T19:08:00.800384+00:00
M660-256,256,MASTER_660,NO,Almese,Vendita Villa unifamiliare in via Montecapretto 24 Almese. Ottimo stato ...,VILLA,via Montecapretto 24,SI,NESSUN_MAPPALE_AL_PUNTO,45.1214284,7.4098577,"Via Montecapretto, Bertolo, Almese, Torino, Piemonte, 10051, Italia",,,,,Agenzia delle Entrate · WMS CP.CadastralParcel,https://www.immobiliare.it/annunci/108146029/,2026-08-21T12:20:59.475211+00:00,2026-09-03T19:08:01.390405+00:00
M660-257,257,MASTER_660,NO,Almese,Vendita Appartamento Almese. Trilocale in via Roma 29. Buono stato ...,APPARTAMENTO,via Roma 29,SI,NESSUN_MAPPALE_AL_PUNTO,45.1172199,7.3908671,"Via Roma, Fucinassa, Almese, Torino, Piemonte, 10057, Italia",,,,,Agenzia delle Entrate · WMS CP.CadastralParcel,https://www.immobiliare.it/annunci/130993624/,2026-08-21T12:20:59.475217+00:00,2026-09-03T19:08:01.979119+00:00
M660-258,258,MASTER_660,NO,Avigliana,"7 immobili in vendita a Villaggio Primavera, Avigliana - Trovit",PAGINA_RICERCA_CATEGORIA,,NO,NON_TARGET,,,,,,,,Agenzia delle Entrate · WMS CP.CadastralParcel,https://case.trovit.it/avigliana-villaggio-primavera,2026-08-21T12:20:59.475257+00:00,2026-09-03T18:55:56.562413+00:00
M660-259,259,MASTER_660,NO,Buttigliera Alta,"19 immobili in vendita a Le Fronde, Buttigliera Alta - Trovit",PAGINA_RICERCA_CATEGORIA,,NO,NON_TARGET,,,,,,,,Agenzia delle Entrate · WMS CP.CadastralParcel,https://case.trovit.it/fronde,2026-08-21T12:20:59.475347+00:00,2026-09-03T18:55:56.562434+00:00
M660-260,260,MASTER_660,NO,Caprie,60 immobili in vendita a Caprie - Trovit,PAGINA_RICERCA_CATEGORIA,,NO,NON_TARGET,,,,,,,,Agenzia delle Entrate · WMS CP.CadastralParcel,https://case.trovit.it/caprie,2026-08-21T12:20:59.475379+00:00,2026-09-03T18:55:56.562441+00:00
M660-261,261,MASTER_660,NO,Chiusa di San Michele,58 immobili in vendita a Chiusa di San Michele - Trovit,PAGINA_RICERCA_CATEGORIA,,NO,NON_TARGET,,,,,,,,Agenzia delle Entrate · WMS CP.CadastralParcel,https://case.trovit.it/chiusa-san-michele,2026-08-21T12:20:59.475439+00:00,2026-09-03T18:55:56.562446+00:00
M660-262,262,MASTER_660,NO,Coazze,66 immobili villa in vendita a Coazze - Trovit,PAGINA_RICERCA_CATEGORIA,,NO,NON_TARGET,,,,,,,,Agenzia delle Entrate · WMS CP.CadastralParcel,https://case.trovit.it/villa-coazze,2026-08-21T12:20:59.475472+00:00,2026-09-03T18:55:56.562451+00:00
M660-263,263,MASTER_660,NO,Coazze,"30 immobili in vendita a Forno, Coazze - Trovit",PAGINA_RICERCA_CATEGORIA,,NO,NON_TARGET,,,,,,,,Agenzia delle Entrate · WMS CP.CadastralParcel,https://case.trovit.it/forno-coazze,2026-08-21T12:20:59.475486+00:00,2026-09-03T18:55:56.562456+00:00
M660-264,264,MASTER_660,NO,Collegno,11 appartamentos viale gramsci collegno in vendita a Torino,PAGINA_RICERCA_CATEGORIA,,NO,NON_TARGET,,,,,,,,Agenzia delle Entrate · WMS CP.CadastralParcel,https://case.trovit.it/appartamento-viale-gramsci-collegno-torino,2026-08-21T12:20:59.475499+00:00,2026-09-03T18:55:56.562461+00:00
M660-265,265,MASTER_660,NO,Condove,163 immobili in vendita a Condove - Trovit,PAGINA_RICERCA_CATEGORIA,,NO,NON_TARGET,,,,,,,,Agenzia delle Entrate · WMS CP.CadastralParcel,https://case.trovit.it/condove,2026-08-21T12:20:59.475516+00:00,2026-09-03T18:55:56.562466+00:00
M660-266,266,MASTER_660,NO,Gravere,49 immobili in vendita a Gravere - Trovit,PAGINA_RICERCA_CATEGORIA,,NO,NON_TARGET,,,,,,,,Agenzia delle Entrate · WMS CP.CadastralParcel,https://case.trovit.it/gravere,2026-08-21T12:20:59.475564+00:00,2026-09-03T18:55:56.562470+00:00
M660-267,267,MASTER_660,NO,Pianezza,"Vendita Appartamento Pianezza. Quadrilocale, Ottimo stato, terzo piano ...",APPARTAMENTO,,SI,INDIRIZZO_SENZA_CIVICO,,,,,,,,Agenzia delle Entrate · WMS CP.CadastralParcel,https://www.immobiliare.it/annunci/130874738/,2026-08-21T12:20:59.475715+00:00,2026-09-03T18:55:56.562485+00:00
M660-268,268,MASTER_660,NO,Pianezza,"Vendita Terratetto unifamiliare Pianezza. Ottimo stato, posto auto, con ...",CASA_INDIPENDENTE_TERRATETTO,,SI,INDIRIZZO_SENZA_CIVICO,,,,,,,,Agenzia delle Entrate · WMS CP.CadastralParcel,https://www.immobiliare.it/annunci/115949989/,2026-08-21T12:20:59.475732+00:00,2026-09-03T18:55:56.562491+00:00
M660-269,269,MASTER_660,NO,Rivoli,57 immobili villa collina in vendita a Rivoli - Trovit,PAGINA_RICERCA_CATEGORIA,,NO,NON_TARGET,,,,,,,,Agenzia delle Entrate · WMS CP.CadastralParcel,https://case.trovit.it/villa-collina-rivoli,2026-08-21T12:20:59.475785+00:00,2026-09-03T18:55:56.562496+00:00
M660-270,270,MASTER_660,NO,Rubiana,128 immobili in vendita a Rubiana - Trovit,PAGINA_RICERCA_CATEGORIA,,NO,NON_TARGET,,,,,,,,Agenzia delle Entrate · WMS CP.CadastralParcel,https://case.trovit.it/rubiana,2026-08-21T12:20:59.475820+00:00,2026-09-03T18:55:56.562502+00:00
M660-271,271,MASTER_660,NO,Sangano,60 immobili villa in vendita a Sangano - Trovit,PAGINA_RICERCA_CATEGORIA,,NO,NON_TARGET,,,,,,,,Agenzia delle Entrate · WMS CP.CadastralParcel,https://case.trovit.it/villa-sangano,2026-08-21T12:20:59.475849+00:00,2026-09-03T18:55:56.562521+00:00
M660-272,272,MASTER_660,NO,Sant'Antonino di Susa,42 immobili in vendita a Sant'Antonino di Susa - Trovit,PAGINA_RICERCA_CATEGORIA,,NO,NON_TARGET,,,,,,,,Agenzia delle Entrate · WMS CP.CadastralParcel,https://case.trovit.it/sant-antonino-susa,2026-08-21T12:20:59.475878+00:00,2026-09-03T18:55:56.562527+00:00
M660-273,273,MASTER_660,NO,Susa,72 immobili in vendita a Susa - Trovit,PAGINA_RICERCA_CATEGORIA,,NO,NON_TARGET,,,,,,,,Agenzia delle Entrate · WMS CP.CadastralParcel,https://case.trovit.it/susa,2026-08-21T12:20:59.475894+00:00,2026-09-03T18:55:56.562532+00:00
M660-274,274,MASTER_660,NO,Villarbasse,65 immobili villa in vendita a Villarbasse - Trovit,PAGINA_RICERCA_CATEGORIA,,NO,NON_TARGET,,,,,,,,Agenzia delle Entrate · WMS CP.CadastralParcel,https://case.trovit.it/villa-villarbasse,2026-08-21T12:20:59.476013+00:00,2026-09-03T18:55:56.562538+00:00
M660-275,275,MASTER_660,NO,Caselette,Quadrilocale in Vendita a Caselette | Euro 258.000 | Mq 200,APPARTAMENTO,,SI,INDIRIZZO_SENZA_CIVICO,,,,,,,,Agenzia delle Entrate · WMS CP.CadastralParcel,https://tempocasa.it/it/vendita/torino/caselette/quadrilocale/6578215,2026-08-22T17:17:15.502523+00:00,2026-09-03T18:55:56.562544+00:00
M660-276,276,MASTER_660,NO,Chianocco,Villetta bifamiliare in vendita a Chianocco - idealista,VILLA,,SI,INDIRIZZO_SENZA_CIVICO,,,,,,,,Agenzia delle Entrate · WMS CP.CadastralParcel,https://www.idealista.it/immobile/36203356/,2026-08-22T17:17:15.502546+00:00,2026-09-03T18:55:56.562551+00:00
M660-277,277,MASTER_660,NO,Coazze,110 casas in vendita a Coazze - Trovit,PAGINA_RICERCA_CATEGORIA,,NO,NON_TARGET,,,,,,,,Agenzia delle Entrate · WMS CP.CadastralParcel,https://case.trovit.it/casa-coazze,2026-08-22T17:17:15.502584+00:00,2026-09-03T18:55:56.562556+00:00
M660-278,278,MASTER_660,NO,Collegno,"63 immobili in vendita a Leumann, Collegno - Trovit",PAGINA_RICERCA_CATEGORIA,,NO,NON_TARGET,,,,,,,,Agenzia delle Entrate · WMS CP.CadastralParcel,https://case.trovit.it/leumann,2026-08-22T17:17:15.502596+00:00,2026-09-03T18:55:56.562562+00:00
M660-279,279,MASTER_660,NO,Giaveno,585 immobili in vendita a Giaveno - Trovit,PAGINA_RICERCA_CATEGORIA,,NO,NON_TARGET,,,,,,,,Agenzia delle Entrate · WMS CP.CadastralParcel,https://case.trovit.it/giaveno,2026-08-22T17:17:15.502625+00:00,2026-09-03T18:55:56.562567+00:00
M660-280,280,MASTER_660,NO,San Giorio,Villetta bifamiliare in vendita a San Giorio di Susa,VILLA,,SI,INDIRIZZO_SENZA_CIVICO,,,,,,,,Agenzia delle Entrate · WMS CP.CadastralParcel,https://www.idealista.it/immobile/36448252/,2026-08-22T17:17:15.502787+00:00,2026-09-03T18:55:56.562573+00:00
M660-281,281,MASTER_660,NO,San Giorio,"1 immobili in vendita a Malpasso, San Giorio di Susa - Trovit",PAGINA_RICERCA_CATEGORIA,,NO,NON_TARGET,,,,,,,,Agenzia delle Entrate · WMS CP.CadastralParcel,https://case.trovit.it/malpasso,2026-08-22T17:17:15.502798+00:00,2026-09-03T18:55:56.562580+00:00
M660-282,282,MASTER_660,NO,Trana,Vendita Appartamento in via Raffaello Sanzio 9. Trana. Buono stato ...,APPARTAMENTO,via Raffaello Sanzio 9,SI,MAPPALE_VERIFICATO,45.0353415,7.3969657,"Via Raffaello Sanzio, Durando, San Bernardino, Trana, Torino, Piemonte, 10051, Italia",IT.AGE.PLA.L327_001400.232,L327,001400,232,Agenzia delle Entrate · WMS CP.CadastralParcel,https://www.immobiliare.it/annunci/129944460/,2026-08-22T17:17:15.502871+00:00,2026-09-03T18:55:56.562586+00:00
M660-283,283,MASTER_660,NO,Trana,Vendita Terratetto unifamiliare in Borgata Udritto 38 Trana. Ottimo ...,CASA_INDIPENDENTE_TERRATETTO,Borgata Udritto 38,SI,MAPPALE_VERIFICATO,45.0388140,7.4091460,"Borgata Udritto, Paiere, Biellese-Belvedere, San Bernardino, Trana, Torino, Piemonte, 10051, Italia",IT.AGE.PLA.L327_000400.161,L327,000400,161,Agenzia delle Entrate · WMS CP.CadastralParcel,https://www.immobiliare.it/annunci/125751817/,2026-08-22T17:17:15.502901+00:00,2026-09-03T18:55:58.822746+00:00
M660-284,284,MASTER_660,NO,Val della Torre,"Vendita Villa unifamiliare Val della Torre. Buono stato, posto auto ...",VILLA,,SI,INDIRIZZO_SENZA_CIVICO,,,,,,,,Agenzia delle Entrate · WMS CP.CadastralParcel,https://www.immobiliare.it/annunci/126465625/,2026-08-22T17:17:15.502924+00:00,2026-09-03T18:56:01.298887+00:00
M660-285,285,MASTER_660,NO,Venaus,"Casa indipendente in vendita in Frazione Bar Cenisio, 24, Venaus ...",CASA_INDIPENDENTE_TERRATETTO,"Frazione Bar Cenisio, 24",SI,GEOCODE_NON_TROVATO,,,,,,,,Agenzia delle Entrate · WMS CP.CadastralParcel,https://www.idealista.it/immobile/36425442/,2026-08-23T17:16:38.787136+00:00,2026-09-03T18:56:01.298902+00:00
M660-286,286,MASTER_660,NO,Almese,"Proprietà rustica in vendita in Via Rubiana, 51, Almese - idealista",ALTRO_NON_DETERMINATO,Via Rubiana 51,NO,NON_TARGET,,,,,,,,Agenzia delle Entrate · WMS CP.CadastralParcel,https://www.idealista.it/immobile/36195511/,2026-08-27T21:04:17.079042+00:00,2026-09-03T18:56:01.981668+00:00
M660-287,287,MASTER_660,NO,Almese,Vendita Terratetto unifamiliare in via Almese Alpignano. Buono stato ...,CASA_INDIPENDENTE_TERRATETTO,via Almese Alpignano. Buono stato,SI,INDIRIZZO_SENZA_CIVICO,,,,,,,,Agenzia delle Entrate · WMS CP.CadastralParcel,https://www.immobiliare.it/annunci/131284786/,2026-08-27T21:04:17.079056+00:00,2026-09-03T18:56:01.981685+00:00
M660-288,288,MASTER_660,NO,Alpignano,"Vendita Appartamento in via 11 Febbraio 51. Alpignano. Buono stato, su ...",APPARTAMENTO,via 11 Febbraio 51,SI,NESSUN_MAPPALE_AL_PUNTO,45.1009085,7.5243454,"Via Undici Febbraio, Alpignano, Torino, Piemonte, 10091, Italia",,,,,Agenzia delle Entrate · WMS CP.CadastralParcel,https://www.immobiliare.it/annunci/125870679/,2026-08-27T21:04:17.079138+00:00,2026-09-03T19:08:02.584900+00:00
M660-289,289,MASTER_660,NO,Alpignano,Vendita Appartamento in villa in via Caselette Alpignano. Ottimo stato ...,VILLA,via Caselette Alpignano. Ottimo stato,SI,INDIRIZZO_SENZA_CIVICO,,,,,,,,Agenzia delle Entrate · WMS CP.CadastralParcel,https://www.immobiliare.it/annunci/125267581/,2026-08-27T21:04:17.079183+00:00,2026-09-03T18:56:04.205513+00:00
M660-290,290,MASTER_660,NO,Alpignano,Vendita Appartamento Alpignano. Quadrilocale in via Lanzo 8. Da ...,APPARTAMENTO,via Lanzo 8,SI,MAPPALE_VERIFICATO,45.1030462,7.5224426,"8, Via Lanzo, Alpignano, Torino, Piemonte, 10091, Italia",IT.AGE.PLA.A222_000700.536,A222,000700,536,Agenzia delle Entrate · WMS CP.CadastralParcel,https://www.immobiliare.it/annunci/128988474/,2026-08-27T21:04:17.079191+00:00,2026-09-03T18:56:04.205530+00:00
M660-291,291,MASTER_660,NO,Avigliana,Vendita Appartamento Avigliana. Quadrilocale in viale roma 8. Buono ...,APPARTAMENTO,viale roma 8,SI,MAPPALE_VERIFICATO,45.0841944,7.3999707,"La casetta di Ivy, 8/A, Viale Roma, Ponte Dora, Grangia, Avigliana, Torino, Piemonte, 10051, Italia",IT.AGE.PLA.A518_001100.657,A518,001100,657,Agenzia delle Entrate · WMS CP.CadastralParcel,https://www.immobiliare.it/annunci/131481726/,2026-08-27T21:04:17.079236+00:00,2026-09-03T18:56:06.432936+00:00
M660-292,292,MASTER_660,NO,Avigliana,Vendita Appartamento Avigliana. Trilocale in piazza del Popolo 4 ...,APPARTAMENTO,piazza del Popolo 4,SI,MAPPALE_VERIFICATO,45.0795241,7.4011522,"Piazza del Popolo, Grangia, Avigliana, Torino, Piemonte, 10051, Italia",IT.AGE.PLA.A518_002800.161,A518,002800,161,Agenzia delle Entrate · WMS CP.CadastralParcel,https://www.immobiliare.it/annunci/127408283/,2026-08-27T21:04:17.079258+00:00,2026-09-03T18:56:08.921630+00:00
M660-293,293,MASTER_660,NO,Bardonecchia,Vendita Appartamento Bardonecchia. Trilocale in via G. F. Medail 100B ...,APPARTAMENTO,via G. F. Medail 100B,SI,GEOCODE_NON_TROVATO,,,,,,,,Agenzia delle Entrate · WMS CP.CadastralParcel,https://www.immobiliare.it/annunci/130514828/,2026-08-27T21:04:17.079390+00:00,2026-09-03T18:56:11.861294+00:00
M660-294,294,MASTER_660,NO,Borgone Susa,Vendita Villa bifamiliare in via Augusto Abegg Borgone Susa. Ottimo ...,VILLA,via Augusto Abegg Borgone Susa. Ottimo,SI,INDIRIZZO_SENZA_CIVICO,,,,,,,,Agenzia delle Entrate · WMS CP.CadastralParcel,https://www.immobiliare.it/annunci/126723751/,2026-08-27T21:04:17.079472+00:00,2026-09-03T18:56:12.250057+00:00
M660-295,295,MASTER_660,NO,Borgone Susa,Vendita Appartamento Borgone Susa. Quadrilocale in via Augusto Abegg 41 ...,APPARTAMENTO,via Augusto Abegg 41,SI,NESSUN_MAPPALE_AL_PUNTO,45.1234039,7.2327258,"Via Augusto Abegg, Achit, Borgone Susa, Torino, Piemonte, Italia",,,,,Agenzia delle Entrate · WMS CP.CadastralParcel,https://www.immobiliare.it/annunci/127550838/,2026-08-27T21:04:17.079502+00:00,2026-09-03T19:08:03.159977+00:00
M660-296,296,MASTER_660,NO,Chiusa di San Michele,Vendita Appartamento Chiusa di San Michele. Quadrilocale in via Torino ...,APPARTAMENTO,via Torino,SI,INDIRIZZO_SENZA_CIVICO,,,,,,,,Agenzia delle Entrate · WMS CP.CadastralParcel,https://www.immobiliare.it/annunci/123533725/,2026-08-27T21:04:17.079786+00:00,2026-09-03T18:56:14.245403+00:00
M660-297,297,MASTER_660,NO,Grugliasco,Vendita Appartamento Grugliasco. Trilocale in via Tripoli 46. Buono ...,APPARTAMENTO,via Tripoli 46,SI,NESSUN_MAPPALE_AL_PUNTO,45.0560477,7.6226080,"46, Via Tripoli, Borgata Lesna (Grugliasco), Grugliasco, Torino, Piemonte, 10142, Italia",,,,,Agenzia delle Entrate · WMS CP.CadastralParcel,https://www.immobiliare.it/annunci/126798329/,2026-08-27T21:04:17.080259+00:00,2026-09-03T19:08:03.739332+00:00
M660-298,298,MASTER_660,NO,Oulx,Vendita Appartamento Oulx. Bilocale in via Monginevro 58. Ottimo stato ...,APPARTAMENTO,via Monginevro 58,SI,NESSUN_MAPPALE_AL_PUNTO,45.0317231,6.8323880,"Via Monginevro, San Marco, Oulx, Torino, Piemonte, 10056, Italia",,,,,Agenzia delle Entrate · WMS CP.CadastralParcel,https://www.immobiliare.it/annunci/131783632/,2026-08-27T21:04:17.080398+00:00,2026-09-03T19:08:04.288861+00:00
M660-299,299,MASTER_660,NO,Rosta,Vendita Villa unifamiliare in via Buttigliera Alta 32 Rosta. Buono ...,VILLA,via Buttigliera Alta 32,SI,NESSUN_MAPPALE_AL_PUNTO,45.0697421,7.4603373,"Via Buttigliera Alta, Ponata, Rosta, Torino, Piemonte, 10040, Italia",,,,,Agenzia delle Entrate · WMS CP.CadastralParcel,https://www.immobiliare.it/annunci/130705532/,2026-08-27T21:04:17.080719+00:00,2026-09-03T19:08:04.883554+00:00
M660-300,300,MASTER_660,NO,Sant'Antonino di Susa,Vendita Appartamento Sant'Antonino di Susa. Trilocale in via Giuseppe ...,APPARTAMENTO,via Giuseppe,SI,INDIRIZZO_SENZA_CIVICO,,,,,,,,Agenzia delle Entrate · WMS CP.CadastralParcel,https://www.immobiliare.it/annunci/126297931/,2026-08-27T21:04:17.080986+00:00,2026-09-03T18:56:21.670745+00:00
M660-301,301,MASTER_660,NO,Val della Torre,Rustico in Vendita a Val della Torre | Euro 89.000 | Mq 150,RUSTICO_CASALE_BAITA,,SI,INDIRIZZO_SENZA_CIVICO,,,,,,,,Agenzia delle Entrate · WMS CP.CadastralParcel,https://tempocasa.it/it/vendita/torino/val-della-torre/rustico/13807432,2026-08-27T21:04:17.081227+00:00,2026-09-03T18:56:21.670765+00:00
M660-302,302,MASTER_660,NO,Villar Focchiardo,"Proprietà rustica all'asta in Via Preinera, 10050, Villar Focchiardo ...",ALTRO_NON_DETERMINATO,Via Preinera,NO,NON_TARGET,,,,,,,,Agenzia delle Entrate · WMS CP.CadastralParcel,https://www.idealista.it/immobile/36647671/,2026-08-27T21:04:17.081370+00:00,2026-09-03T18:56:21.670777+00:00
M660-303,303,MASTER_660,NO,Bruzolo,Torino - ilrinascimentoimmobiliare.it,ALTRO_NON_DETERMINATO,Via Bologna 1,NO,NON_TARGET,,,,,,,,Agenzia delle Entrate · WMS CP.CadastralParcel,https://www.ilrinascimentoimmobiliare.it/web/immobile_print.asp?language=ita&cod_annuncio=2591902&cod_foto=29325481,2026-08-28T05:06:35.530138+00:00,2026-09-03T18:56:21.670786+00:00
M660-304,304,MASTER_660,NO,Alpignano,Agenzia Immobiliare Rivoli - Alpignano - Rosta - Ivrea | CaseItalia Group,PAGINA_AGENZIA_SERVIZIO,,NO,NON_TARGET,,,,,,,,Agenzia delle Entrate · WMS CP.CadastralParcel,https://www.caseitaliagroup.com/,2026-08-27T21:04:17.079131+00:00,2026-09-03T18:56:21.670795+00:00
M660-305,305,MASTER_660,NO,Avigliana,"Teck Immobiliare - Avigliana, Città Metropolitana di Torino",PAGINA_AGENZIA_SERVIZIO,,NO,NON_TARGET,,,,,,,,Agenzia delle Entrate · WMS CP.CadastralParcel,https://odriu.eu/teck-immobiliare/,2026-08-27T21:04:17.079223+00:00,2026-09-03T18:56:21.670803+00:00
M660-306,306,MASTER_660,NO,Bardonecchia,"Agenzia Immobiliare Bardonecchia Amor Mio, Via des Geneys, 3",PAGINA_AGENZIA_SERVIZIO,Via des Geneys 3,NO,NON_TARGET,,,,,,,,Agenzia delle Entrate · WMS CP.CadastralParcel,https://www.bardonecchiaamormio.it/,2026-08-27T21:04:17.079354+00:00,2026-09-03T18:56:21.670810+00:00
M660-307,307,MASTER_660,NO,Giaveno,Immobiliare Centrale E Servizi Vari | Agenzia immobiliare a Giaveno,PAGINA_AGENZIA_SERVIZIO,,NO,NON_TARGET,,,,,,,,Agenzia delle Entrate · WMS CP.CadastralParcel,https://www.immobiliarecentrale.it/,2026-08-27T21:04:17.080087+00:00,2026-09-03T18:56:21.670817+00:00
M660-308,308,MASTER_660,NO,Rivoli,Veronica & Case | Agenzia Immobiliare Rivoli - Provincia di Torino,PAGINA_AGENZIA_SERVIZIO,,NO,NON_TARGET,,,,,,,,Agenzia delle Entrate · WMS CP.CadastralParcel,http://www.veronicaecase.it/,2026-08-27T21:04:17.080642+00:00,2026-09-03T18:56:21.670824+00:00
M660-309,309,MASTER_660,NO,Rivoli,RE/MAX Ingegno di Rivoli | RE/MAX Italia,PAGINA_AGENZIA_SERVIZIO,,NO,NON_TARGET,,,,,,,,Agenzia delle Entrate · WMS CP.CadastralParcel,https://www.remax.it/trova/agenti-agenzie/agenzia/ingegno,2026-08-27T21:04:17.080648+00:00,2026-09-03T18:56:21.670831+00:00
M660-310,310,MASTER_660,SI,San Giorio,ValsusaOggi,PAGINA_AGENZIA_SERVIZIO,,NO,NON_TARGET,,,,,,,,Agenzia delle Entrate · WMS CP.CadastralParcel,https://www.valsusaoggi.it/,2026-08-27T21:04:17.080896+00:00,2026-09-03T18:56:21.670839+00:00
M660-311,311,MASTER_660,NO,Bardonecchia,"Bardonecchia, Vendesi Proprietà Con Giardino in Via San Giorgio",ALTRO_NON_DETERMINATO,Via Medail 37/A,NO,NON_TARGET,,,,,,,,Agenzia delle Entrate · WMS CP.CadastralParcel,https://www.valsusaoggi.it/bardonecchia-vendesi-proprieta-con-giardino-in-via-san-giorgio/,2026-08-28T10:58:40.669943+00:00,2026-09-03T18:56:21.670883+00:00
M660-312,312,MASTER_660,NO,Bussoleno,Bussoleno - 157 case in vendita in Bussoleno de Nuroa.it,PAGINA_RICERCA_CATEGORIA,Via Bussoleno 21,NO,NON_TARGET,,,,,,,,Agenzia delle Entrate · WMS CP.CadastralParcel,https://www.nuroa.it/vendita-immobili/bussoleno,2026-08-28T10:58:40.670178+00:00,2026-09-03T18:56:21.670890+00:00
M660-313,313,MASTER_660,NO,Buttigliera Alta,Vendita Appartamento Buttigliera Alta. Quadrilocale in corso Laghi 81/ ...,APPARTAMENTO,corso Laghi 81,SI,NESSUN_MAPPALE_AL_PUNTO,45.0699500,7.4221357,"Corso Laghi, Le fronde, Ferriera, Buttigliera Alta, Torino, Piemonte, 10051, Italia",,,,,Agenzia delle Entrate · WMS CP.CadastralParcel,https://www.immobiliare.it/annunci/129834162/,2026-08-28T10:58:40.670283+00:00,2026-09-03T19:08:05.712372+00:00
M660-314,314,MASTER_660,NO,Giaveno,Immobili in Vendita | Agenzia Tecnorete di Giaveno,PAGINA_AGENZIA_SERVIZIO,,NO,NON_TARGET,,,,,,,,Agenzia delle Entrate · WMS CP.CadastralParcel,https://giaveno1.tecnorete.it/immobili-in-vendita,2026-08-28T10:58:40.670803+00:00,2026-09-03T18:56:24.070060+00:00
M660-315,315,MASTER_660,NO,Almese,"Villa in vendita in Via Rubiana, 142 /2, Almese - idealista",VILLA,Via Rubiana 142,SI,NESSUN_MAPPALE_AL_PUNTO,45.1288515,7.3952489,"Via Rubiana, Gamba Bosco, Almese, Torino, Piemonte, 10057, Italia",,,,,Agenzia delle Entrate · WMS CP.CadastralParcel,https://www.idealista.it/immobile/36069783/,2026-08-17T16:30:23.634178+00:00,2026-09-03T19:08:06.280688+00:00
M660-316,316,MASTER_660,NO,Rosta,"Villetta bifamiliare in vendita in Via Piave, 53, Rosta - idealista",VILLA,Via Piave 53,SI,MAPPALE_VERIFICATO,45.0743056,7.4589025,"Via Piave, Ponata, Rosta, Torino, Piemonte, 10040, Italia",IT.AGE.PLA.H583_001300.437,H583,001300,437,Agenzia delle Entrate · WMS CP.CadastralParcel,https://www.idealista.it/immobile/35863658/,2026-08-17T16:30:23.634202+00:00,2026-09-03T19:08:06.829489+00:00
M660-317,317,MASTER_660,NO,Sant'Antonino di Susa,Vendita Villa unifamiliare in via Medagli 55 Sant'Antonino di Susa ...,VILLA,via Medagli 55,SI,MAPPALE_VERIFICATO,45.1101666,7.2776503,"Via Medagli, Maisonetta, Sant'Antonino di Susa, Torino, Piemonte, 10055, Italia",IT.AGE.PLA.I296_000200.235,I296,000200,235,Agenzia delle Entrate · WMS CP.CadastralParcel,https://www.immobiliare.it/annunci/131644636/,2026-08-17T16:30:23.634216+00:00,2026-09-03T19:08:07.428524+00:00
M660-318,318,MASTER_660,NO,Vaie,Villa in Vendita in Via Peirolero 28 a Vaie - 250mq - Casa.it,VILLA,Via Peirolero 28,SI,NESSUN_MAPPALE_AL_PUNTO,45.1044396,7.2850824,"Via Peirolero, Vaie, Torino, Piemonte, 10055, Italia",,,,,Agenzia delle Entrate · WMS CP.CadastralParcel,https://www.casa.it/immobili/50035067/,2026-08-17T16:30:23.634223+00:00,2026-09-03T19:08:08.023407+00:00
M660-319,319,MASTER_660,NO,Vaie,"Trilocale in vendita in Vicolo Superiore, 19, Vaie - idealista",APPARTAMENTO,Vicolo Superiore 19,SI,GEOCODE_NON_TROVATO,,,,,,,,Agenzia delle Entrate · WMS CP.CadastralParcel,https://www.idealista.it/immobile/34422440/,2026-08-17T16:30:23.634228+00:00,2026-09-03T18:56:32.901186+00:00
M660-320,320,MASTER_660,NO,Villar Dora,"Trilocale in vendita in Via Celle, 64, Villar Dora - idealista",APPARTAMENTO,Via Celle 64,SI,NESSUN_MAPPALE_AL_PUNTO,45.1284691,7.3753583,"Via Celle, Costa, Villar Dora, Unione Montana Alpi Graie, Torino, Piemonte, 10057, Italia",,,,,Agenzia delle Entrate · WMS CP.CadastralParcel,https://www.idealista.it/immobile/34771243/,2026-08-17T16:30:23.634233+00:00,2026-09-03T19:08:08.593249+00:00
M660-321,321,MASTER_660,NO,Villar Focchiardo,"Villa in vendita in Via Chiesali s.n.c, Villar Focchiardo - idealista",VILLA,Via Chiesali s.n.c,SI,INDIRIZZO_SENZA_CIVICO,,,,,,,,Agenzia delle Entrate · WMS CP.CadastralParcel,https://www.idealista.it/immobile/36499500/,2026-08-17T16:30:23.634238+00:00,2026-09-03T18:56:36.082430+00:00
M660-322,322,MASTER_660,NO,Villar Focchiardo,Villa in Vendita in Via Chiesali a Villar Focchiardo - Casa.it,VILLA,Via Chiesali a Villar Focchiardo,SI,INDIRIZZO_SENZA_CIVICO,,,,,,,,Agenzia delle Entrate · WMS CP.CadastralParcel,https://www.casa.it/immobili/54578481/,2026-08-17T16:30:23.634242+00:00,2026-09-03T18:56:36.082449+00:00
M660-323,323,MASTER_660,NO,Villar Focchiardo,Vendita Villa unifamiliare in via Chiesali Villar Focchiardo. Posto ...,VILLA,via Chiesali Villar Focchiardo. Posto,SI,INDIRIZZO_SENZA_CIVICO,,,,,,,,Agenzia delle Entrate · WMS CP.CadastralParcel,https://www.immobiliare.it/annunci/131750298/,2026-08-17T16:30:23.634247+00:00,2026-09-03T18:56:36.082458+00:00
M660-324,324,MASTER_660,NO,Rosta,Casa bifamiliare in Vendita in Via Piave 53 a Rosta,ALTRO_NON_DETERMINATO,Via Piave 53,NO,NON_TARGET,,,,,,,,Agenzia delle Entrate · WMS CP.CadastralParcel,https://www.casa.it/immobili/54099496/,2026-08-17T16:57:23.953038+00:00,2026-09-03T18:56:36.082467+00:00
M660-325,325,MASTER_660,NO,Buttigliera Alta,"Villa in vendita in Via Conti Carron, 4, Buttigliera Alta - idealista",VILLA,Via Conti Carron 4,SI,GEOCODE_NON_TROVATO,,,,,,,,Agenzia delle Entrate · WMS CP.CadastralParcel,https://www.idealista.it/immobile/33719415/,2026-08-19T14:35:19.760278+00:00,2026-09-03T18:56:36.082475+00:00
M660-326,326,MASTER_660,NO,Avigliana,"Esclusiva villa di 223 mq in vendita VIA MONTE CUNEO, 6, Avigliana ...",VILLA,VIA MONTE CUNEO 6,SI,MAPPALE_VERIFICATO,45.0727785,7.3978532,"Via Monte Cuneo, Chiattera, Avigliana, Torino, Piemonte, 10051, Italia",IT.AGE.PLA.A518_002700.79,A518,002700,79,Agenzia delle Entrate · WMS CP.CadastralParcel,https://www.luxuryestate.com/it/p131147981-villa-for-sale-avigliana,2026-08-19T16:57:29.634998+00:00,2026-09-03T19:08:09.169560+00:00
M660-327,327,MASTER_660,NO,Almese,474 Immobili in vendita a Almese - Mitula Case,PAGINA_RICERCA_CATEGORIA,,NO,NON_TARGET,,,,,,,,Agenzia delle Entrate · WMS CP.CadastralParcel,https://immobiliare.mitula.it/almese,2026-08-21T12:20:59.475199+00:00,2026-09-03T18:56:38.712588+00:00
M660-328,328,MASTER_660,NO,Almese,"Terreno edificabile via Capolo, Almese, rif. 126452785 - Immobiliare.it",TERRENO,via Capolo,NO,NON_TARGET,,,,,,,,Agenzia delle Entrate · WMS CP.CadastralParcel,https://www.immobiliare.it/annunci/126452785/,2026-08-21T12:20:59.475225+00:00,2026-09-03T18:56:38.712618+00:00
M660-329,329,MASTER_660,NO,Almese,"Terreno edificabile via alma bertolo, Almese, rif. 129022660 ...",TERRENO,via alma bertolo,NO,NON_TARGET,,,,,,,,Agenzia delle Entrate · WMS CP.CadastralParcel,https://www.immobiliare.it/annunci/129022660/,2026-08-21T12:20:59.475230+00:00,2026-09-03T18:56:38.712627+00:00
M660-330,330,MASTER_660,NO,Almese,Vendita Terratetto plurifamiliare in frazione Tuberghengo 2 Viù. Da ...,CASA_INDIPENDENTE_TERRATETTO,frazione Tuberghengo 2,SI,GEOCODE_NON_TROVATO,,,,,,,,Agenzia delle Entrate · WMS CP.CadastralParcel,https://www.immobiliare.it/annunci/101503673/,2026-08-21T12:20:59.475235+00:00,2026-09-03T18:56:38.712634+00:00
M660-331,331,MASTER_660,NO,Almese,"Casa indipendente in vendita in Via Almese, 10 - idealista",CASA_INDIPENDENTE_TERRATETTO,Via Almese 10,SI,NESSUN_MAPPALE_AL_PUNTO,45.1010494,7.4030928,"Via Almese, Borgata Malano, Grangia, Avigliana, Torino, Piemonte, 10051, Italia",,,,,Agenzia delle Entrate · WMS CP.CadastralParcel,https://www.idealista.it/immobile/35031076/,2026-08-21T12:20:59.475241+00:00,2026-09-03T19:08:09.753924+00:00
M660-332,332,MASTER_660,NO,Alpignano,26.388 immobili in vendita a Alpignano - Nestoria,PAGINA_RICERCA_CATEGORIA,,NO,NON_TARGET,,,,,,,,Agenzia delle Entrate · WMS CP.CadastralParcel,https://www.nestoria.it/immobiliare/vendita/alpignano,2026-08-21T12:20:59.475251+00:00,2026-09-03T18:56:41.515450+00:00
M660-333,333,MASTER_660,NO,Borgone Susa,Instagram,ALTRO_NON_DETERMINATO,,NO,NON_TARGET,,,,,,,,Agenzia delle Entrate · WMS CP.CadastralParcel,https://www.instagram.com/p/DZKRZL7jUzy/,2026-08-21T12:20:59.475309+00:00,2026-09-03T18:56:41.515470+00:00
M660-334,334,MASTER_660,NO,Bruzolo,"Rustico, casale in Vendita in Via dei Mille 19 a Bruzolo - 55mq - Casa.it",RUSTICO_CASALE_BAITA,Via dei Mille 19,SI,NESSUN_MAPPALE_AL_PUNTO,45.1408430,7.1941733,"Via dei Mille, Brecchi, Bruzolo, Torino, Piemonte, 10053, Italia",,,,,Agenzia delle Entrate · WMS CP.CadastralParcel,https://www.casa.it/immobili/53531383/,2026-08-21T12:20:59.475314+00:00,2026-09-03T19:08:10.336436+00:00
M660-335,335,MASTER_660,NO,Bruzolo,Villetta bifamiliare in vendita a Bruzolo - idealista,VILLA,,SI,INDIRIZZO_SENZA_CIVICO,,,,,,,,Agenzia delle Entrate · WMS CP.CadastralParcel,https://www.idealista.it/immobile/36571633/,2026-08-21T12:20:59.475319+00:00,2026-09-03T18:56:43.632699+00:00
M660-336,336,MASTER_660,NO,Bussoleno,3.485 immobili in vendita a Bussoleno - Nestoria,PAGINA_RICERCA_CATEGORIA,,NO,NON_TARGET,,,,,,,,Agenzia delle Entrate · WMS CP.CadastralParcel,https://www.nestoria.it/immobiliare/vendita/bussoleno,2026-08-21T12:20:59.475330+00:00,2026-09-03T18:56:43.632715+00:00
M660-337,337,MASTER_660,NO,Buttigliera Alta,24.555 immobili in vendita a Ferriera Buttigliera Alta,PAGINA_RICERCA_CATEGORIA,,NO,NON_TARGET,,,,,,,,Agenzia delle Entrate · WMS CP.CadastralParcel,https://www.nestoria.it/immobiliare/vendita/ferriera_buttigliera-alta,2026-08-21T12:20:59.475363+00:00,2026-09-03T18:56:43.632722+00:00
M660-338,338,MASTER_660,NO,Buttigliera Alta,"Prisma Immobili | case in vendita | Buttigliera Alta, Metropolitan City ...",ALTRO_NON_DETERMINATO,,NO,NON_TARGET,,,,,,,,Agenzia delle Entrate · WMS CP.CadastralParcel,https://www.prismaimmobili.it/,2026-08-21T12:20:59.475368+00:00,2026-09-03T18:56:43.632728+00:00
M660-339,339,MASTER_660,NO,Buttigliera Alta,L'osservatorio del mercato immobiliare a Buttigliera Alta.,ALTRO_NON_DETERMINATO,,NO,NON_TARGET,,,,,,,,Agenzia delle Entrate · WMS CP.CadastralParcel,https://www.mercato-immobiliare.info/piemonte/torino/buttigliera-alta.html,2026-08-21T12:20:59.475374+00:00,2026-09-03T18:56:43.632736+00:00
M660-340,340,MASTER_660,NO,Caselette,Vendita Appartamento in Località Favorita 1. Caselette. Buono stato ...,APPARTAMENTO,Località Favorita,SI,INDIRIZZO_SENZA_CIVICO,,,,,,,,Agenzia delle Entrate · WMS CP.CadastralParcel,https://www.immobiliare.it/annunci/126844533/,2026-08-21T12:20:59.475398+00:00,2026-09-03T18:56:43.632745+00:00
M660-341,341,MASTER_660,NO,Caselette,40 Rustici in vendita a Caselette - Mitula Case,PAGINA_RICERCA_CATEGORIA,,NO,NON_TARGET,,,,,,,,Agenzia delle Entrate · WMS CP.CadastralParcel,https://immobiliare.mitula.it/rustico-caselette,2026-08-21T12:20:59.475403+00:00,2026-09-03T18:56:43.632754+00:00
M660-342,342,MASTER_660,NO,Chianocco,Case a Chianocco. Ville in vendita a Chianocco - Nestoria,PAGINA_RICERCA_CATEGORIA,,NO,NON_TARGET,,,,,,,,Agenzia delle Entrate · WMS CP.CadastralParcel,https://www.nestoria.it/case/vendita/chianocco,2026-08-21T12:20:59.475416+00:00,2026-09-03T18:56:43.632761+00:00
M660-343,343,MASTER_660,NO,Chianocco,Casa bifamiliare in Vendita in zona Pavaglione a Chianocco,ALTRO_NON_DETERMINATO,,NO,NON_TARGET,,,,,,,,Agenzia delle Entrate · WMS CP.CadastralParcel,https://www.casa.it/immobili/54591479/,2026-08-21T12:20:59.475428+00:00,2026-09-03T18:56:43.632768+00:00
M660-344,344,MASTER_660,NO,Chiusa di San Michele,12.006 immobili in vendita a Chiusa di San Michele - Nestoria,PAGINA_RICERCA_CATEGORIA,,NO,NON_TARGET,,,,,,,,Agenzia delle Entrate · WMS CP.CadastralParcel,https://www.nestoria.it/immobiliare/vendita/chiusa-di-san-michele,2026-08-21T12:20:59.475434+00:00,2026-09-03T18:56:43.632774+00:00
M660-345,345,MASTER_660,NO,Chiusa di San Michele,Appartamento in vendita a Chiusa di San Michele (Torino) - rif. Chiusa 2,APPARTAMENTO,,SI,INDIRIZZO_SENZA_CIVICO,,,,,,,,Agenzia delle Entrate · WMS CP.CadastralParcel,https://www.denhouseimmobiliare.it/web/immobile_dettaglio.asp?cod_annuncio=371446&language=ita,2026-08-21T12:20:59.475452+00:00,2026-09-03T18:56:43.632780+00:00
M660-346,346,MASTER_660,NO,Chiusa di San Michele,Cascina/Casale in vendita a Chiusa di San Michele Cod. 34221003-1955,RUSTICO_CASALE_BAITA,,SI,INDIRIZZO_SENZA_CIVICO,,,,,,,,Agenzia delle Entrate · WMS CP.CadastralParcel,https://www.fcimmobiliare.it/i-671934-vendita-cascinacasale-chiusa-di-san-michele/,2026-08-21T12:20:59.475457+00:00,2026-09-03T18:56:43.632787+00:00
M660-347,347,MASTER_660,NO,Coazze,Più di dieci ville in vendita a Coazze. - caasa.it,PAGINA_RICERCA_CATEGORIA,via Freinetto 50,NO,NON_TARGET,,,,,,,,Agenzia delle Entrate · WMS CP.CadastralParcel,https://www.caasa.it/torino/coazze/villa/in-vendita.html,2026-08-21T12:20:59.475467+00:00,2026-09-03T18:56:43.632793+00:00
M660-348,348,MASTER_660,NO,Collegno,25 Immobili in vendita gramsci a Collegno - Mitula Case,PAGINA_RICERCA_CATEGORIA,,NO,NON_TARGET,,,,,,,,Agenzia delle Entrate · WMS CP.CadastralParcel,https://immobiliare.mitula.it/gramsci-collegno,2026-08-21T12:20:59.475494+00:00,2026-09-03T18:56:43.632799+00:00
M660-349,349,MASTER_660,NO,Condove,Case e appartamenti a Condove. Immobili in vendita a Condove - Nestoria,PAGINA_RICERCA_CATEGORIA,,NO,NON_TARGET,,,,,,,,Agenzia delle Entrate · WMS CP.CadastralParcel,https://www.nestoria.it/immobiliare/vendita/condove,2026-08-21T12:20:59.475511+00:00,2026-09-03T18:56:43.632804+00:00
M660-350,350,MASTER_660,NO,Condove,172 Case in vendita a Condove - Mitula Case,PAGINA_RICERCA_CATEGORIA,,NO,NON_TARGET,,,,,,,,Agenzia delle Entrate · WMS CP.CadastralParcel,https://immobiliare.mitula.it/casa-condove,2026-08-21T12:20:59.475529+00:00,2026-09-03T18:56:43.632810+00:00
M660-351,351,MASTER_660,NO,Gravere,Case e appartamenti a Gravere. Immobili in vendita a Gravere - Nestoria,PAGINA_RICERCA_CATEGORIA,,NO,NON_TARGET,,,,,,,,Agenzia delle Entrate · WMS CP.CadastralParcel,https://www.nestoria.it/immobiliare/vendita/gravere,2026-08-21T12:20:59.475554+00:00,2026-09-03T18:56:43.632816+00:00
M660-352,352,MASTER_660,NO,Gravere,Case in vendita da Privati a Gravere - CasaDaPrivato.it,ALTRO_NON_DETERMINATO,Via Nazionale 45,NO,NON_TARGET,,,,,,,,Agenzia delle Entrate · WMS CP.CadastralParcel,https://www.casadaprivato.it/annunci-vendita/immobili/torino-gravere,2026-08-21T12:20:59.475559+00:00,2026-09-03T18:56:43.632821+00:00
M660-353,353,MASTER_660,NO,Grugliasco,18 Appartamenti in vendita gramsci a Grugliasco - Mitula Case,PAGINA_RICERCA_CATEGORIA,,NO,NON_TARGET,,,,,,,,Agenzia delle Entrate · WMS CP.CadastralParcel,https://immobiliare.mitula.it/appartamento-gramsci-grugliasco,2026-08-21T12:20:59.475575+00:00,2026-09-03T18:56:43.632826+00:00
M660-354,354,MASTER_660,NO,Grugliasco,Compagnia Immobiliare Grugliasco Grugliasco (TO) - Viale Gramsci 58 ...,ALTRO_NON_DETERMINATO,Viale Gramsci 58,NO,NON_TARGET,,,,,,,,Agenzia delle Entrate · WMS CP.CadastralParcel,https://www.bancadellecase.it/torino/in-vendita/con-planimetrie_compagnia-immobiliare-grugliasco,2026-08-21T12:20:59.475580+00:00,2026-09-03T18:56:43.632834+00:00
M660-355,355,MASTER_660,NO,Grugliasco,5 Case in vendita gramsci a Grugliasco - Mitula Case,PAGINA_RICERCA_CATEGORIA,,NO,NON_TARGET,,,,,,,,Agenzia delle Entrate · WMS CP.CadastralParcel,https://immobiliare.mitula.it/casa-gramsci-grugliasco,2026-08-21T12:20:59.475585+00:00,2026-09-03T18:56:43.632838+00:00
M660-356,356,MASTER_660,NO,Mattie,Case e appartamenti a Via Mattie. Immobili in vendita a Via ... - Nestoria,PAGINA_RICERCA_CATEGORIA,,NO,NON_TARGET,,,,,,,,Agenzia delle Entrate · WMS CP.CadastralParcel,https://www.nestoria.it/immobiliare/vendita/via-mattie,2026-08-21T12:20:59.475603+00:00,2026-09-03T18:56:43.632895+00:00
M660-357,357,MASTER_660,NO,Meana di Susa,Casa indipendente in vendita a Meana di Susa - idealista,CASA_INDIPENDENTE_TERRATETTO,,SI,INDIRIZZO_SENZA_CIVICO,,,,,,,,Agenzia delle Entrate · WMS CP.CadastralParcel,https://www.idealista.it/immobile/35025247/,2026-08-21T12:20:59.475608+00:00,2026-09-03T18:56:43.632905+00:00
M660-358,358,MASTER_660,NO,Meana di Susa,Casa bifamiliare in Vendita in zona Centro a Meana di Susa,ALTRO_NON_DETERMINATO,,NO,NON_TARGET,,,,,,,,Agenzia delle Entrate · WMS CP.CadastralParcel,https://www.casa.it/immobili/54591476/,2026-08-21T12:20:59.475619+00:00,2026-09-03T18:56:43.632914+00:00
M660-359,359,MASTER_660,NO,Mompantero,Villa in Vendita in Frazione San Giuseppe 21 a Mompantero - Casa.it,VILLA,Frazione San Giuseppe 21,SI,MAPPALE_VERIFICATO,45.1488611,7.0343766,"Frazione San Giuseppe, SP209, Berno, Mompantero, Torino, Piemonte, 10059, Italia",IT.AGE.PLA.F318_002000.796,F318,002000,796,Agenzia delle Entrate · WMS CP.CadastralParcel,https://www.casa.it/immobili/54595196/,2026-08-21T12:20:59.475632+00:00,2026-09-03T19:08:10.914878+00:00
M660-360,360,MASTER_660,NO,Pianezza,"Vendita Appartamento Pianezza. Quadrilocale, Buono stato, su più ...",APPARTAMENTO,,SI,INDIRIZZO_SENZA_CIVICO,,,,,,,,Agenzia delle Entrate · WMS CP.CadastralParcel,https://www.immobiliare.it/annunci/130081882/,2026-08-21T12:20:59.475691+00:00,2026-09-03T18:56:45.996251+00:00
M660-361,361,MASTER_660,NO,Pianezza,"Vendita Appartamento Pianezza. Trilocale, Ottimo stato, primo piano ...",APPARTAMENTO,,SI,INDIRIZZO_SENZA_CIVICO,,,,,,,,Agenzia delle Entrate · WMS CP.CadastralParcel,https://www.immobiliare.it/annunci/131046038/,2026-08-21T12:20:59.475699+00:00,2026-09-03T18:56:45.996268+00:00
M660-362,362,MASTER_660,NO,Pianezza,Vendita Appartamento Pianezza. Trilocale in via Mario Lisa 11. Ottimo ...,APPARTAMENTO,via Mario Lisa 11,SI,MAPPALE_VERIFICATO,45.1105539,7.5435064,"Via Mario Lisa, Pianezza, Torino, Piemonte, 10044, Italia",IT.AGE.PLA.G559_001300.861,G559,001300,861,Agenzia delle Entrate · WMS CP.CadastralParcel,https://www.immobiliare.it/annunci/125936073/,2026-08-21T12:20:59.475705+00:00,2026-09-03T19:08:11.490004+00:00
M660-363,363,MASTER_660,NO,Pianezza,"Vendita Appartamento in via La Cassa. Pianezza. Ottimo stato, su più ...",APPARTAMENTO,via La Cassa. Pianezza. Ottimo stato,SI,INDIRIZZO_SENZA_CIVICO,,,,,,,,Agenzia delle Entrate · WMS CP.CadastralParcel,https://www.immobiliare.it/annunci/131155332/,2026-08-21T12:20:59.475710+00:00,2026-09-03T18:56:48.181466+00:00
M660-364,364,MASTER_660,NO,Pianezza,"Vendita Terratetto unifamiliare Pianezza. Da ristrutturare, posto auto ...",CASA_INDIPENDENTE_TERRATETTO,,SI,INDIRIZZO_SENZA_CIVICO,,,,,,,,Agenzia delle Entrate · WMS CP.CadastralParcel,https://www.immobiliare.it/annunci/130283278/,2026-08-21T12:20:59.475722+00:00,2026-09-03T18:56:48.181486+00:00
M660-365,365,MASTER_660,NO,Pianezza,Vendita Appartamento Pianezza. Trilocale in via Torino 18. Ottimo stato ...,APPARTAMENTO,via Torino 18,SI,NESSUN_MAPPALE_AL_PUNTO,45.0954148,7.5659150,"Via Torino, Pianezza, Torino, Piemonte, 10093, Italia",,,,,Agenzia delle Entrate · WMS CP.CadastralParcel,https://www.immobiliare.it/annunci/129231432/,2026-08-21T12:20:59.475727+00:00,2026-09-03T19:08:12.072566+00:00
M660-366,366,MASTER_660,NO,Pianezza,"Vendita Villa a schiera in via Aldo Moro Pianezza. Nuova, posto auto ...",VILLA,via Aldo Moro Pianezza. Nuova,SI,INDIRIZZO_SENZA_CIVICO,,,,,,,,Agenzia delle Entrate · WMS CP.CadastralParcel,https://www.immobiliare.it/annunci/127744706/,2026-08-21T12:20:59.475737+00:00,2026-09-03T18:56:50.477946+00:00
M660-367,367,MASTER_660,NO,Pianezza,Vendita Appartamento Pianezza. Quadrilocale in via Magellano. Buono ...,APPARTAMENTO,via Magellano. Buono,SI,INDIRIZZO_SENZA_CIVICO,,,,,,,,Agenzia delle Entrate · WMS CP.CadastralParcel,https://www.immobiliare.it/annunci/129926542/,2026-08-21T12:20:59.475764+00:00,2026-09-03T18:56:50.477965+00:00
M660-368,368,MASTER_660,NO,Reano,Case e appartamenti a Reano. Immobili in vendita a Reano - Nestoria,PAGINA_RICERCA_CATEGORIA,,NO,NON_TARGET,,,,,,,,Agenzia delle Entrate · WMS CP.CadastralParcel,https://www.nestoria.it/immobiliare/vendita/reano,2026-08-21T12:20:59.475770+00:00,2026-09-03T18:56:50.477977+00:00
M660-369,369,MASTER_660,NO,Rivoli,Case e appartamenti a Rivoli Torino. Immobili in vendita a Rivoli ...,PAGINA_RICERCA_CATEGORIA,,NO,NON_TARGET,,,,,,,,Agenzia delle Entrate · WMS CP.CadastralParcel,https://www.nestoria.it/immobiliare/vendita/rivoli,2026-08-21T12:20:59.475801+00:00,2026-09-03T18:56:50.477984+00:00
M660-370,370,MASTER_660,NO,Rubiana,Case in vendita Rubiana Caprino veronese (Verona) da agenzie immobiliari,ALTRO_NON_DETERMINATO,,NO,NON_TARGET,,,,,,,,Agenzia delle Entrate · WMS CP.CadastralParcel,https://www.caseinvendita360.com/case-vendita-agenzie-rubiana-caprino-veronese-vr,2026-08-21T12:20:59.475833+00:00,2026-09-03T18:56:50.477991+00:00
M660-371,371,MASTER_660,NO,San Didero,Casa bifamiliare in Vendita in Strada Gaudietti 5 a San Didero,ALTRO_NON_DETERMINATO,Strada Gaudietti 5,NO,NON_TARGET,,,,,,,,Agenzia delle Entrate · WMS CP.CadastralParcel,https://www.casa.it/immobili/54513600/,2026-08-21T12:20:59.475838+00:00,2026-09-03T18:56:50.477999+00:00
M660-372,372,MASTER_660,NO,Sant'Antonino di Susa,"Case in vendita a Sant'Antonino di Susa, Valli Susa, Sangone",PAGINA_RICERCA_CATEGORIA,,NO,NON_TARGET,,,,,,,,Agenzia delle Entrate · WMS CP.CadastralParcel,https://caseinvenditainaffitto.it/case-in-vendita/sant-antonino-di-susa-valli-susa-sangone,2026-08-21T12:20:59.475872+00:00,2026-09-03T18:56:50.478005+00:00
M660-373,373,MASTER_660,NO,Sant'Antonino di Susa,Sant'antonino Di Susa - 48 case in vendita in Sant'Antonino Di Susa de ...,PAGINA_RICERCA_CATEGORIA,,NO,NON_TARGET,,,,,,,,Agenzia delle Entrate · WMS CP.CadastralParcel,https://www.nuroa.it/vendita-immobili/sant-antonino-di-susa,2026-08-21T12:20:59.475889+00:00,2026-09-03T18:56:50.478011+00:00
M660-374,374,MASTER_660,NO,Susa,106 Appartamenti in vendita a Susa - Mitula Case,PAGINA_RICERCA_CATEGORIA,,NO,NON_TARGET,,,,,,,,Agenzia delle Entrate · WMS CP.CadastralParcel,https://immobiliare.mitula.it/appartamento-susa,2026-08-21T12:20:59.475902+00:00,2026-09-03T18:56:50.478015+00:00
M660-375,375,MASTER_660,NO,Susa,Casa Val Susa - 14 case in vendita in Susa de Nuroa.it,PAGINA_RICERCA_CATEGORIA,,NO,NON_TARGET,,,,,,,,Agenzia delle Entrate · WMS CP.CadastralParcel,https://www.nuroa.it/vendita-immobili/casa-val-susa,2026-08-21T12:20:59.475907+00:00,2026-09-03T18:56:50.478021+00:00
M660-376,376,MASTER_660,NO,Trana,Case e appartamenti a Trana. Immobili in vendita a Trana - Nestoria,PAGINA_RICERCA_CATEGORIA,,NO,NON_TARGET,,,,,,,,Agenzia delle Entrate · WMS CP.CadastralParcel,https://www.nestoria.it/immobiliare/vendita/trana,2026-08-21T12:20:59.475912+00:00,2026-09-03T18:56:50.478026+00:00
M660-377,377,MASTER_660,NO,Trana,"Case in vendita a Moranda, Trana - Case in Vendita e in Affitto",PAGINA_RICERCA_CATEGORIA,,NO,NON_TARGET,,,,,,,,Agenzia delle Entrate · WMS CP.CadastralParcel,https://caseinvenditainaffitto.it/case-in-vendita/moranda-trana,2026-08-21T12:20:59.475920+00:00,2026-09-03T18:56:50.478031+00:00
M660-378,378,MASTER_660,NO,Val della Torre,Bilocale in Vendita in Via Val della Torre 92 a Torino - Casa.it,APPARTAMENTO,Via Val della Torre 92,SI,NESSUN_MAPPALE_AL_PUNTO,45.1263423,7.4911606,"Via Val della Torre, Grange di Brione, Caselette, Unione Montana di Comuni delle Valli di Lanzo, Ceronda e Casternone, Torino, Piemonte, 10091, Italia",,,,,Agenzia delle Entrate · WMS CP.CadastralParcel,https://www.casa.it/immobili/53921348/,2026-08-21T12:20:59.475947+00:00,2026-09-03T19:08:12.637794+00:00
M660-379,379,MASTER_660,NO,Valgioie,159 Case in vendita a Valgioie - Mitula Case,PAGINA_RICERCA_CATEGORIA,,NO,NON_TARGET,,,,,,,,Agenzia delle Entrate · WMS CP.CadastralParcel,https://immobiliare.mitula.it/casa-valgioie,2026-08-21T12:20:59.475953+00:00,2026-09-03T18:56:53.049266+00:00
M660-380,380,MASTER_660,NO,Venaus,Appartamento in Vendita in mOLINO 20 a Venaus - Casa.it,APPARTAMENTO,,SI,INDIRIZZO_SENZA_CIVICO,,,,,,,,Agenzia delle Entrate · WMS CP.CadastralParcel,https://www.casa.it/immobili/54583364/,2026-08-21T12:20:59.475963+00:00,2026-09-03T18:56:53.049297+00:00
M660-381,381,MASTER_660,NO,Villar Focchiardo,8.128 immobili in vendita a Villar Focchiardo - Nestoria,PAGINA_RICERCA_CATEGORIA,,NO,NON_TARGET,,,,,,,,Agenzia delle Entrate · WMS CP.CadastralParcel,https://www.nestoria.it/immobiliare/vendita/villar-focchiardo,2026-08-21T12:20:59.475977+00:00,2026-09-03T18:56:53.049305+00:00
M660-382,382,MASTER_660,NO,Villar Focchiardo,"Case in vendita a Villar Focchiardo, Valli Susa, Sangone",PAGINA_RICERCA_CATEGORIA,,NO,NON_TARGET,,,,,,,,Agenzia delle Entrate · WMS CP.CadastralParcel,https://caseinvenditainaffitto.it/case-in-vendita/villar-focchiardo-valli-susa-sangone,2026-08-21T12:20:59.475982+00:00,2026-09-03T18:56:53.049312+00:00
M660-383,383,MASTER_660,NO,Villar Focchiardo,Porzione di casa in vendita a Villar Focchiardo Cod. 34221003-1778,CASA_INDIPENDENTE_TERRATETTO,,SI,INDIRIZZO_SENZA_CIVICO,,,,,,,,Agenzia delle Entrate · WMS CP.CadastralParcel,https://www.fcimmobiliare.it/i-671756-vendita-porzione-di-casa-villar-focchiardo/,2026-08-21T12:20:59.475993+00:00,2026-09-03T18:56:53.049319+00:00
M660-384,384,MASTER_660,NO,Villar Focchiardo,Bassa Susa - 46 case in vendita in Susa de Nuroa.it,PAGINA_RICERCA_CATEGORIA,,NO,NON_TARGET,,,,,,,,Agenzia delle Entrate · WMS CP.CadastralParcel,https://www.nuroa.it/vendita-immobili/bassa-susa,2026-08-21T12:20:59.475998+00:00,2026-09-03T18:56:53.049325+00:00
M660-385,385,MASTER_660,NO,Villarbasse,513 Ville Indipendenti in vendita a Villarbasse - Mitula Case,PAGINA_RICERCA_CATEGORIA,,NO,NON_TARGET,,,,,,,,Agenzia delle Entrate · WMS CP.CadastralParcel,https://immobiliare.mitula.it/villa-indipendente-villarbasse,2026-08-21T12:20:59.476028+00:00,2026-09-03T18:56:53.049332+00:00
M660-386,386,MASTER_660,NO,Bardonecchia,Case e appartamenti a Bardonecchia. Immobili in vendita a ... - Nestoria,PAGINA_RICERCA_CATEGORIA,,NO,NON_TARGET,,,,,,,,Agenzia delle Entrate · WMS CP.CadastralParcel,https://www.nestoria.it/immobiliare/vendita/bardonecchia,2026-08-22T17:17:15.502432+00:00,2026-09-03T18:56:53.049339+00:00
M660-387,387,MASTER_660,NO,Bardonecchia,"Quadrilocale in vendita in Via Pollicino, 10, Bardonecchia — idealista ...",APPARTAMENTO,Via Pollicino 10,SI,NESSUN_MAPPALE_AL_PUNTO,45.0780957,6.7017892,"Via Pollicino, Bardonecchia, Torino, Piemonte, 10052, Italia",,,,,Agenzia delle Entrate · WMS CP.CadastralParcel,https://www.idealista.it/immobile/36094722/,2026-08-22T17:17:15.502438+00:00,2026-09-03T19:08:13.239416+00:00
M660-388,388,MASTER_660,NO,Bruzolo,"Casa indipendente in vendita, Bruzolo, Ristrutturato con box, 190 mq ...",GARAGE_BOX,,NO,NON_TARGET,,,,,,,,Agenzia delle Entrate · WMS CP.CadastralParcel,https://www.wikicasa.it/annuncio/30661366,2026-08-22T17:17:15.502464+00:00,2026-09-03T18:56:56.722478+00:00
M660-389,389,MASTER_660,NO,Buttigliera Alta,Vendita Villa unifamiliare in via Allende 13 Buttigliera Alta. Buono ...,VILLA,via Allende 13,SI,MAPPALE_VERIFICATO,45.0718243,7.4181635,"Via Salvador Allende, Le fronde, Ferriera, Buttigliera Alta, Torino, Piemonte, 10051, Italia",IT.AGE.PLA.B305_001100.442,B305,001100,442,Agenzia delle Entrate · WMS CP.CadastralParcel,https://www.immobiliare.it/annunci/131629064/,2026-08-22T17:17:15.502493+00:00,2026-09-03T19:08:13.887569+00:00
M660-390,390,MASTER_660,NO,Chiusa di San Michele,Vendita Terratetto plurifamiliare in vicolo G. Pietro Riva 13 Chiusa di ...,CASA_INDIPENDENTE_TERRATETTO,vicolo G. Pietro Riva 13,SI,GEOCODE_NON_TROVATO,,,,,,,,Agenzia delle Entrate · WMS CP.CadastralParcel,https://www.immobiliare.it/annunci/127844320/,2026-08-22T17:17:15.502572+00:00,2026-09-03T18:56:58.658541+00:00
M660-391,391,MASTER_660,NO,Condove,Casa singola in vendita a Condove Cod. BELLAFUGERA,CASA_INDIPENDENTE_TERRATETTO,,SI,INDIRIZZO_SENZA_CIVICO,,,,,,,,Agenzia delle Entrate · WMS CP.CadastralParcel,https://www.fcimmobiliare.it/i-672094-vendita-casa-singola-condove/,2026-08-22T17:17:15.502611+00:00,2026-09-03T18:56:59.100369+00:00
M660-392,392,MASTER_660,NO,Giaveno,Immobiliare Giavenese,ALTRO_NON_DETERMINATO,,NO,NON_TARGET,,,,,,,,Agenzia delle Entrate · WMS CP.CadastralParcel,https://www.immobiliaregiavenese.it/,2026-08-22T17:17:15.502632+00:00,2026-09-03T18:56:59.100387+00:00
M660-393,393,MASTER_660,NO,Mompantero,Villa singola in vendita a Mompantero - Urbiano Cod. SUSA143,VILLA,,SI,INDIRIZZO_SENZA_CIVICO,,,,,,,,Agenzia delle Entrate · WMS CP.CadastralParcel,https://www.fcimmobiliare.it/i-672129-vendita-villa-singola-mompantero-urbiano/,2026-08-22T17:17:15.502684+00:00,2026-09-03T18:56:59.100396+00:00
M660-394,394,MASTER_660,NO,Reano,"Casa colonica via Principe della Cisterna 63, Reano",RUSTICO_CASALE_BAITA,via Principe della Cisterna 63,SI,GEOCODE_NON_TROVATO,,,,,,,,Agenzia delle Entrate · WMS CP.CadastralParcel,https://www.immobiliare.it/annunci/122985494/,2026-08-22T17:17:15.502718+00:00,2026-09-03T18:56:59.100404+00:00
M660-395,395,MASTER_660,NO,Rosta,"Case in vendita a Rosta, Torino Ovest",PAGINA_RICERCA_CATEGORIA,,NO,NON_TARGET,,,,,,,,Agenzia delle Entrate · WMS CP.CadastralParcel,https://caseinvenditainaffitto.it/case-in-vendita/rosta-torino-ovest,2026-08-22T17:17:15.502755+00:00,2026-09-03T18:56:59.643271+00:00
M660-396,396,MASTER_660,NO,Rubiana,"Appartamento in vendita a Rubiana, 4 locali, 95 mq | PCase.it",PAGINA_RICERCA_CATEGORIA,,NO,NON_TARGET,,,,,,,,Agenzia delle Entrate · WMS CP.CadastralParcel,https://www.pcase.it/immobili/quadrilocale-vendita-rubiana-sc9698461/,2026-08-22T17:17:15.502778+00:00,2026-09-03T18:56:59.643300+00:00
M660-397,397,MASTER_660,NO,Susa,"Case in vendita a Susa, Valli Susa, Sangone",PAGINA_RICERCA_CATEGORIA,,NO,NON_TARGET,,,,,,,,Agenzia delle Entrate · WMS CP.CadastralParcel,https://caseinvenditainaffitto.it/case-in-vendita/susa-valli-susa-sangone,2026-08-22T17:17:15.502835+00:00,2026-09-03T18:56:59.643308+00:00
M660-398,398,MASTER_660,NO,Susa,Case in vendita da Privati a Susa - CasaDaPrivato.it,ALTRO_NON_DETERMINATO,,NO,NON_TARGET,,,,,,,,Agenzia delle Entrate · WMS CP.CadastralParcel,https://www.casadaprivato.it/annunci-vendita/immobili/torino-susa,2026-08-22T17:17:15.502840+00:00,2026-09-03T18:56:59.643314+00:00
M660-399,399,MASTER_660,NO,Trana,Più di dieci ville in vendita a Trana Moranda. - Caasa,PAGINA_RICERCA_CATEGORIA,,NO,NON_TARGET,,,,,,,,Agenzia delle Entrate · WMS CP.CadastralParcel,https://www.caasa.it/torino/trana-zona-moranda/villa/in-vendita.html,2026-08-22T17:17:15.502862+00:00,2026-09-03T18:56:59.643322+00:00
M660-400,400,MASTER_660,NO,Trana,"Vendita Villa unifamiliare in via Vercelli, 3 Trana. Buono stato, posto ...",VILLA,"via Vercelli, 3",SI,GEOCODE_NON_TROVATO,,,,,,,,Agenzia delle Entrate · WMS CP.CadastralParcel,https://www.immobiliare.it/annunci/125972107/,2026-08-22T17:17:15.502867+00:00,2026-09-03T18:56:59.643330+00:00
M660-401,401,MASTER_660,NO,Trana,Vendita Villa bifamiliare in via alessandria 32 Trana. Ottimo stato ...,VILLA,via alessandria 32,SI,MAPPALE_VERIFICATO,45.0328748,7.4312690,"Via Alessandria, Area industriale di Trana, Galletto, Trana, Torino, Piemonte, 10040, Italia",IT.AGE.PLA.L327_001200.379,L327,001200,379,Agenzia delle Entrate · WMS CP.CadastralParcel,https://www.immobiliare.it/annunci/130956906/,2026-08-22T17:17:15.502876+00:00,2026-09-03T19:08:14.540192+00:00
M660-402,402,MASTER_660,NO,Trana,Vendita Terratetto unifamiliare in Borgata Cordero 34 Trana. Posto auto ...,CASA_INDIPENDENTE_TERRATETTO,Borgata Cordero 34,SI,NESSUN_MAPPALE_AL_PUNTO,45.0357005,7.4036964,"Borgata Udritto, Biellese-Belvedere, San Bernardino, Trana, Torino, Piemonte, 10051, Italia",,,,,Agenzia delle Entrate · WMS CP.CadastralParcel,https://www.immobiliare.it/annunci/123141747/,2026-08-22T17:17:15.502887+00:00,2026-09-03T19:08:15.200146+00:00
M660-403,403,MASTER_660,NO,Trana,"Vendita Mansarda in Strada Avigliana 016 Trana. Buono stato, posto auto ...",APPARTAMENTO,Strada Avigliana 016,SI,NESSUN_MAPPALE_AL_PUNTO,45.0492694,7.4032670,"Strada Avigliana, Cordero, San Bernardino, Trana, Torino, Piemonte, 10051, Italia",,,,,Agenzia delle Entrate · WMS CP.CadastralParcel,https://www.immobiliare.it/annunci/131255564/,2026-08-22T17:17:15.502892+00:00,2026-09-03T19:08:15.753495+00:00
M660-404,404,MASTER_660,NO,Trana,"Vendita Rustico in via 20 Settembre Trana. Ottimo stato, posto auto ...",RUSTICO_CASALE_BAITA,via 20 Settembre Trana. Ottimo stato,SI,INDIRIZZO_SENZA_CIVICO,,,,,,,,Agenzia delle Entrate · WMS CP.CadastralParcel,https://www.immobiliare.it/annunci/128140996/,2026-08-22T17:17:15.502896+00:00,2026-09-03T18:57:06.693696+00:00
M660-405,405,MASTER_660,NO,Trana,"Vendita Mansarda in via Dante Alighieri 31 Trana. Con terrazza, rif ...",APPARTAMENTO,via Dante Alighieri 31,SI,MAPPALE_VERIFICATO,45.0379339,7.4222313,"Via Dante Alighieri, Galletto, Trana, Torino, Piemonte, 10040, Italia",IT.AGE.PLA.L327_000600.778,L327,000600,778,Agenzia delle Entrate · WMS CP.CadastralParcel,https://www.immobiliare.it/annunci/124206771/,2026-08-22T17:17:15.502907+00:00,2026-09-03T19:08:16.323588+00:00
M660-406,406,MASTER_660,NO,Trana,"Vendita Villa unifamiliare in via Piave 5 Trana. Buono stato, 83 m² ...",VILLA,via Piave 5,SI,MAPPALE_VERIFICATO,45.0176736,7.3913979,"Via Piave, Pianca, Trana, Torino, Piemonte, 10094, Italia",IT.AGE.PLA.L327_002900.301,L327,002900,301,Agenzia delle Entrate · WMS CP.CadastralParcel,https://www.immobiliare.it/annunci/128419586/,2026-08-22T17:17:15.502912+00:00,2026-09-03T19:08:16.921084+00:00
M660-407,407,MASTER_660,NO,Valgioie,Casa bifamiliare in Vendita in Borgata Chiappero 6 a Valgioie,ALTRO_NON_DETERMINATO,Borgata Chiappero 6,NO,NON_TARGET,,,,,,,,Agenzia delle Entrate · WMS CP.CadastralParcel,https://www.casa.it/immobili/51384296/,2026-08-22T17:17:15.502936+00:00,2026-09-03T18:57:11.247628+00:00
M660-408,408,MASTER_660,NO,Villarbasse,Vendita Ville a Villarbasse: Annunci Immobiliari | YesCasa,ALTRO_NON_DETERMINATO,,NO,NON_TARGET,,,,,,,,Agenzia delle Entrate · WMS CP.CadastralParcel,https://www.yescasa.it/vendita-ville/villarbasse/,2026-08-22T17:17:15.502989+00:00,2026-09-03T18:57:11.247646+00:00
M660-409,409,MASTER_660,NO,Borgone Susa,277 Immobili in vendita a Borgone Susa - Mitula Case,PAGINA_RICERCA_CATEGORIA,,NO,NON_TARGET,,,,,,,,Agenzia delle Entrate · WMS CP.CadastralParcel,https://immobiliare.mitula.it/borgone-susa,2026-08-23T09:11:13.222380+00:00,2026-09-03T18:57:11.247654+00:00
M660-410,410,MASTER_660,NO,Bruzolo,"Vendita Terratetto unifamiliare Bruzolo. Ottimo stato, posto auto ...",CASA_INDIPENDENTE_TERRATETTO,,SI,INDIRIZZO_SENZA_CIVICO,,,,,,,,Agenzia delle Entrate · WMS CP.CadastralParcel,https://www.immobiliare.it/annunci/131842568/,2026-08-23T09:11:13.222398+00:00,2026-09-03T18:57:11.247661+00:00
M660-411,411,MASTER_660,NO,Bussoleno,"Case in vendita a Centro, Bussoleno",PAGINA_RICERCA_CATEGORIA,"Viale Lungo Dora, Bussoleno 160",NO,NON_TARGET,,,,,,,,Agenzia delle Entrate · WMS CP.CadastralParcel,https://caseinvenditainaffitto.it/case-in-vendita/centro-bussoleno,2026-08-23T09:11:13.222408+00:00,2026-09-03T18:57:11.247668+00:00
M660-412,412,MASTER_660,NO,Giaglione,Case a Giaglione. Ville in vendita a Giaglione - Nestoria,PAGINA_RICERCA_CATEGORIA,,NO,NON_TARGET,,,,,,,,Agenzia delle Entrate · WMS CP.CadastralParcel,https://www.nestoria.it/case/vendita/giaglione,2026-08-23T09:11:13.222527+00:00,2026-09-03T18:57:11.247676+00:00
M660-413,413,MASTER_660,NO,Gravere,Vendita Terratetto unifamiliare in via San Lorenzo 1 Gravere. Ottimo ...,CASA_INDIPENDENTE_TERRATETTO,via San Lorenzo 1,SI,GEOCODE_NON_TROVATO,,,,,,,,Agenzia delle Entrate · WMS CP.CadastralParcel,https://www.immobiliare.it/annunci/126652927/,2026-08-23T09:11:13.222545+00:00,2026-09-03T18:57:11.247682+00:00
M660-414,414,MASTER_660,NO,Mattie,"Vendita Appartamento Torino. Bilocale in via Mattie 21. Nuovo, piano ...",APPARTAMENTO,via Mattie 21,SI,NESSUN_MAPPALE_AL_PUNTO,45.1215619,7.0810690,"Via Mattie, Borgata Sarette, Meana di Susa, Torino, Piemonte, 10050, Italia",,,,,Agenzia delle Entrate · WMS CP.CadastralParcel,https://www.immobiliare.it/annunci/130850322/,2026-08-23T09:11:13.222571+00:00,2026-09-03T19:08:17.489020+00:00
M660-415,415,MASTER_660,NO,Meana di Susa,38 immobili in vendita a Meana di Susa - Trovit,PAGINA_RICERCA_CATEGORIA,,NO,NON_TARGET,,,,,,,,Agenzia delle Entrate · WMS CP.CadastralParcel,https://case.trovit.it/meana-susa,2026-08-23T09:11:13.222584+00:00,2026-09-03T18:57:13.656816+00:00
M660-416,416,MASTER_660,NO,Rivoli,"Quadrilocale in vendita in Via Pullino, 14, Centro Storico, Rivoli ...",APPARTAMENTO,Via Pullino 14,SI,NESSUN_MAPPALE_AL_PUNTO,45.0663620,7.5149086,"Via Pullino, Borgo Uriola, Tetti Neirotti, Rivoli, Torino, Piemonte, 10098, Italia",,,,,Agenzia delle Entrate · WMS CP.CadastralParcel,https://www.idealista.it/immobile/35768952/,2026-08-23T09:11:13.222650+00:00,2026-09-03T19:08:18.104528+00:00
M660-417,417,MASTER_660,NO,Rivoli,Prestigioso appartamento con giardino - RIVOLI CENTRO,APPARTAMENTO,via Rossini 8,SI,MAPPALE_VERIFICATO,45.0771125,7.5147863,"8, Via Gioacchino Rossini, Rivoli, Torino, Piemonte, 10098, Italia",IT.AGE.PLA.H355_000800.158,H355,000800,158,Agenzia delle Entrate · WMS CP.CadastralParcel,https://www.vemaimmobiliare.com/it/immobile/3139-prestigioso-appartamento-con-giardino---rivoli-centro.htm,2026-08-23T09:11:13.222664+00:00,2026-09-03T19:08:18.681386+00:00
M660-418,418,MASTER_660,NO,Sant'Antonino di Susa,Villetta bifamiliare in vendita in Strada Pianpalmero s.n.c,VILLA,Strada Pianpalmero s.n.c,SI,INDIRIZZO_SENZA_CIVICO,,,,,,,,Agenzia delle Entrate · WMS CP.CadastralParcel,https://www.idealista.it/immobile/36286405/,2026-08-23T09:11:13.222702+00:00,2026-09-03T18:57:17.482681+00:00
M660-419,419,MASTER_660,NO,Vaie,"Case in vendita a Vaie, Valli Susa, Sangone",PAGINA_RICERCA_CATEGORIA,,NO,NON_TARGET,,,,,,,,Agenzia delle Entrate · WMS CP.CadastralParcel,https://caseinvenditainaffitto.it/case-in-vendita/vaie-valli-susa-sangone,2026-08-23T09:11:13.222802+00:00,2026-09-03T18:57:17.482701+00:00
M660-420,420,MASTER_660,NO,Villar Focchiardo,Monolocali in vendita Villar Focchiardo (TO),PAGINA_RICERCA_CATEGORIA,,NO,NON_TARGET,,,,,,,,Agenzia delle Entrate · WMS CP.CadastralParcel,https://www.caseinvendita360.com/monolocale-vendita-villar-focchiardo-to,2026-08-23T09:11:13.222893+00:00,2026-09-03T18:57:17.482710+00:00
M660-421,421,MASTER_660,NO,Buttigliera Alta,970 Immobili in vendita a Buttigliera Alta - Mitula Case,PAGINA_RICERCA_CATEGORIA,,NO,NON_TARGET,,,,,,,,Agenzia delle Entrate · WMS CP.CadastralParcel,https://immobiliare.mitula.it/buttigliera-alta,2026-08-23T17:16:38.786795+00:00,2026-09-03T18:57:17.482717+00:00
M660-422,422,MASTER_660,NO,Condove,"Proprietà rustica in vendita in Borgata Borlera, 12, Condove ...",ALTRO_NON_DETERMINATO,Borgata Borlera 12,NO,NON_TARGET,,,,,,,,Agenzia delle Entrate · WMS CP.CadastralParcel,https://www.idealista.it/immobile/36228538/,2026-08-23T17:16:38.786881+00:00,2026-09-03T18:57:17.482726+00:00
M660-423,423,MASTER_660,NO,Giaglione,29 Rustici in vendita a Giaglione - Mitula Case,PAGINA_RICERCA_CATEGORIA,,NO,NON_TARGET,,,,,,,,Agenzia delle Entrate · WMS CP.CadastralParcel,https://immobiliare.mitula.it/rustico-giaglione,2026-08-23T17:16:38.786903+00:00,2026-09-03T18:57:17.482733+00:00
M660-424,424,MASTER_660,NO,Gravere,"Bilocale in vendita in Via Terzo Reggimento Alpini, 9, Gravere ...",APPARTAMENTO,Via Terzo Reggimento Alpini 9,SI,MAPPALE_VERIFICATO,45.1283400,7.0115534,"Via Terzo Reggimento Alpini, Villaggio Edelweiss, Mollare, Gravere, Torino, Piemonte, 10059, Italia",IT.AGE.PLA.E154_000100.712,E154,000100,712,Agenzia delle Entrate · WMS CP.CadastralParcel,https://www.idealista.it/immobile/30296520/,2026-08-23T17:16:38.786916+00:00,2026-09-03T19:08:19.273829+00:00
M660-425,425,MASTER_660,NO,Rubiana,"Vendita Appartamento in via Europa 6. Rubiana. Ottimo stato, primo ...",APPARTAMENTO,via Europa 6,SI,MAPPALE_VERIFICATO,45.1345977,7.3889977,"Via Europa, Borgata Bugnone, Rubiana, Unione Montana Alpi Graie, Torino, Piemonte, 10057, Italia",IT.AGE.PLA.H627_004200.470,H627,004200,470,Agenzia delle Entrate · WMS CP.CadastralParcel,https://www.immobiliare.it/annunci/127226565/,2026-08-23T17:16:38.787047+00:00,2026-09-03T19:08:19.854192+00:00
M660-426,426,MASTER_660,NO,Trana,"Villetta a schiera in vendita in Via Santuario, 20, Trana - idealista",VILLA,Via Santuario 20,SI,MAPPALE_VERIFICATO,45.0406236,7.4154821,"Via Santuario, Galletto, San Bernardino, Trana, Torino, Piemonte, 10051, Italia",IT.AGE.PLA.L327_001300.A,L327,001300,A,Agenzia delle Entrate · WMS CP.CadastralParcel,https://www.idealista.it/immobile/35321145/,2026-08-23T17:16:38.787095+00:00,2026-09-03T19:08:20.448349+00:00
M660-427,427,MASTER_660,NO,Almese,Vendita Terratetto unifamiliare in via Braida 18 Almese. Da ...,CASA_INDIPENDENTE_TERRATETTO,via Braida 18,SI,NESSUN_MAPPALE_AL_PUNTO,45.1190964,7.4102295,"Via Braida, Bertolo, Almese, Torino, Piemonte, 10051, Italia",,,,,Agenzia delle Entrate · WMS CP.CadastralParcel,https://www.immobiliare.it/annunci/131901566/,2026-08-27T21:04:17.079049+00:00,2026-09-03T19:08:21.029874+00:00
M660-428,428,MASTER_660,NO,Alpignano,Vendita Appartamento Alpignano. Quadrilocale in via Giacomo Matteotti ...,APPARTAMENTO,via Giacomo Matteotti,SI,INDIRIZZO_SENZA_CIVICO,,,,,,,,Agenzia delle Entrate · WMS CP.CadastralParcel,https://www.immobiliare.it/annunci/131161382/,2026-08-27T21:04:17.079156+00:00,2026-09-03T18:57:26.242893+00:00
M660-429,429,MASTER_660,NO,Alpignano,Vendita Terratetto unifamiliare in via dei Ronchi Alpignano. Nuova ...,CASA_INDIPENDENTE_TERRATETTO,via dei Ronchi Alpignano. Nuova,SI,INDIRIZZO_SENZA_CIVICO,,,,,,,,Agenzia delle Entrate · WMS CP.CadastralParcel,https://www.immobiliare.it/annunci/131549740/,2026-08-27T21:04:17.079162+00:00,2026-09-03T18:57:26.242916+00:00
M660-430,430,MASTER_660,NO,Alpignano,Vendita Villa unifamiliare in via Campagnola Alpignano. Ottimo stato ...,VILLA,via Campagnola Alpignano. Ottimo stato,SI,INDIRIZZO_SENZA_CIVICO,,,,,,,,Agenzia delle Entrate · WMS CP.CadastralParcel,https://www.immobiliare.it/annunci/128025266/,2026-08-27T21:04:17.079167+00:00,2026-09-03T18:57:26.242927+00:00
M660-431,431,MASTER_660,NO,Alpignano,"Vendita Villa bifamiliare in via Provana Alpignano. Buono stato, posto ...",VILLA,via Provana Alpignano. Buono stato,SI,INDIRIZZO_SENZA_CIVICO,,,,,,,,Agenzia delle Entrate · WMS CP.CadastralParcel,https://www.immobiliare.it/annunci/131197914/,2026-08-27T21:04:17.079172+00:00,2026-09-03T18:57:26.242936+00:00
M660-432,432,MASTER_660,NO,Alpignano,"Vendita Villa unifamiliare in via 25 Aprile Alpignano. Posto auto, con ...",VILLA,via 25 Aprile Alpignano. Posto auto,SI,INDIRIZZO_SENZA_CIVICO,,,,,,,,Agenzia delle Entrate · WMS CP.CadastralParcel,https://www.immobiliare.it/annunci/129784374/,2026-08-27T21:04:17.079178+00:00,2026-09-03T18:57:26.242943+00:00
M660-433,433,MASTER_660,NO,Avigliana,Vendita Villa unifamiliare in via Sacra San Michele 17 Avigliana ...,VILLA,via Sacra San Michele 17,SI,NESSUN_MAPPALE_AL_PUNTO,45.0812691,7.3588492,"Via Sacra di San Michele, Mortera, Avigliana, Torino, Piemonte, 10057, Italia",,,,,Agenzia delle Entrate · WMS CP.CadastralParcel,https://www.immobiliare.it/annunci/131895478/,2026-08-27T21:04:17.079217+00:00,2026-09-03T19:08:21.623144+00:00
M660-434,434,MASTER_660,NO,Avigliana,Vendita Appartamento Avigliana. Quadrilocale in via Ailliaud Augusto 8 ...,APPARTAMENTO,via Ailliaud Augusto 8,SI,NESSUN_MAPPALE_AL_PUNTO,45.0820369,7.3969727,"Via Augusto Ailliaud, Ponte Dora, Grangia, Avigliana, Torino, Piemonte, 10051, Italia",,,,,Agenzia delle Entrate · WMS CP.CadastralParcel,https://www.immobiliare.it/annunci/129887012/,2026-08-27T21:04:17.079253+00:00,2026-09-03T19:08:22.228803+00:00
M660-435,435,MASTER_660,NO,Avigliana,Vendita Appartamento Avigliana. Bilocale in via Aldo Carnino 6. Buono ...,APPARTAMENTO,via Aldo Carnino 6,SI,GEOCODE_NON_TROVATO,,,,,,,,Agenzia delle Entrate · WMS CP.CadastralParcel,https://www.immobiliare.it/annunci/131045692/,2026-08-27T21:04:17.079263+00:00,2026-09-03T18:57:30.645792+00:00
M660-436,436,MASTER_660,NO,Avigliana,Vendita Appartamento Avigliana. Quadrilocale in via villar dora 15 ...,APPARTAMENTO,via villar dora 15,SI,NESSUN_MAPPALE_AL_PUNTO,45.1017897,7.3880951,"Via Cuminie, Villar Dora, Torino, Piemonte, 10051, Italia",,,,,Agenzia delle Entrate · WMS CP.CadastralParcel,https://www.immobiliare.it/annunci/130446938/,2026-08-27T21:04:17.079271+00:00,2026-09-03T19:08:22.816316+00:00
M660-437,437,MASTER_660,NO,Avigliana,Vendita Appartamento Avigliana. Trilocale in via 4 Novembre 21. Buono ...,APPARTAMENTO,via 4 Novembre 21,SI,MAPPALE_VERIFICATO,45.0858352,7.3954698,"21, Via Quattro Novembre, Ponte Dora, Grangia, Avigliana, Torino, Piemonte, 10051, Italia",IT.AGE.PLA.A518_001100.1047,A518,001100,1047,Agenzia delle Entrate · WMS CP.CadastralParcel,https://www.immobiliare.it/annunci/130632950/,2026-08-27T21:04:17.079277+00:00,2026-09-03T19:08:23.431454+00:00
M660-438,438,MASTER_660,NO,Avigliana,Vendita Appartamento Avigliana. Trilocale in corso Laghi 238. Ottimo ...,APPARTAMENTO,corso Laghi 238,SI,NESSUN_MAPPALE_AL_PUNTO,45.0762135,7.4014627,"Corso Laghi, Chiattera, Avigliana, Torino, Piemonte, 10051, Italia",,,,,Agenzia delle Entrate · WMS CP.CadastralParcel,https://www.immobiliare.it/annunci/129213392/,2026-08-27T21:04:17.079282+00:00,2026-09-03T19:08:24.003731+00:00
M660-439,439,MASTER_660,NO,Bardonecchia,GLOBAL CASA - Bardonecchia,ALTRO_NON_DETERMINATO,,NO,NON_TARGET,,,,,,,,Agenzia delle Entrate · WMS CP.CadastralParcel,https://bardonecchia.it/strutture/global-casa/,2026-08-27T21:04:17.079348+00:00,2026-09-03T18:57:37.758135+00:00
M660-440,440,MASTER_660,NO,Bardonecchia,Vendita Appartamento Bardonecchia. Bilocale in via Genova 9. Buono ...,APPARTAMENTO,via Genova 9,SI,NESSUN_MAPPALE_AL_PUNTO,45.0798765,6.7050711,"Via Genova, Millaures, Bardonecchia, Torino, Piemonte, 10052, Italia",,,,,Agenzia delle Entrate · WMS CP.CadastralParcel,https://www.immobiliare.it/annunci/131110054/,2026-08-27T21:04:17.079365+00:00,2026-09-03T19:08:24.584653+00:00
M660-441,441,MASTER_660,NO,Bardonecchia,Vendita Appartamento Bardonecchia. Bilocale in via Einaudi 27. Buono ...,APPARTAMENTO,via Einaudi 27,SI,NESSUN_MAPPALE_AL_PUNTO,45.0760755,6.7076907,"Via Luigi Einaudi, Millaures, Bardonecchia, Torino, Piemonte, 10052, Italia",,,,,Agenzia delle Entrate · WMS CP.CadastralParcel,https://www.immobiliare.it/annunci/131784092/,2026-08-27T21:04:17.079384+00:00,2026-09-03T19:08:25.175809+00:00
M660-442,442,MASTER_660,NO,Bardonecchia,Vendita Appartamento Bardonecchia. Bilocale in via Einaudi 27. Buono ...,APPARTAMENTO,via Einaudi 27,SI,NESSUN_MAPPALE_AL_PUNTO,45.0760755,6.7076907,"Via Luigi Einaudi, Millaures, Bardonecchia, Torino, Piemonte, 10052, Italia",,,,,Agenzia delle Entrate · WMS CP.CadastralParcel,https://www.immobiliare.it/annunci/131821402/,2026-08-27T21:04:17.079395+00:00,2026-09-03T19:08:25.752283+00:00
M660-443,443,MASTER_660,NO,Bardonecchia,Vendita Appartamento Bardonecchia. Trilocale in Medail 12. Buono stato ...,APPARTAMENTO,"Via Medail, proponiamo in vendita un appartamento di mq 70",SI,GEOCODE_NON_TROVATO,,,,,,,,Agenzia delle Entrate · WMS CP.CadastralParcel,https://www.immobiliare.it/annunci/126015157/,2026-08-27T21:04:17.079406+00:00,2026-09-03T18:57:42.830633+00:00
M660-444,444,MASTER_660,NO,Bardonecchia,Vendita Appartamento Bardonecchia. Bilocale in via Giuseppe Francesco ...,APPARTAMENTO,via Giuseppe Francesco,SI,INDIRIZZO_SENZA_CIVICO,,,,,,,,Agenzia delle Entrate · WMS CP.CadastralParcel,https://www.immobiliare.it/annunci/130995386/,2026-08-27T21:04:17.079411+00:00,2026-09-03T18:57:43.287172+00:00
M660-445,445,MASTER_660,NO,Bardonecchia,"Vendita Appartamento Bardonecchia. Trilocale, Buono stato, primo piano ...",APPARTAMENTO,,SI,INDIRIZZO_SENZA_CIVICO,,,,,,,,Agenzia delle Entrate · WMS CP.CadastralParcel,https://www.immobiliare.it/annunci/131042994/,2026-08-27T21:04:17.079422+00:00,2026-09-03T18:57:43.287192+00:00
M660-446,446,MASTER_660,NO,Bardonecchia,Vendita Appartamento Bardonecchia. Bilocale in via Montello 7. Ottimo ...,APPARTAMENTO,via Montello 7,SI,NESSUN_MAPPALE_AL_PUNTO,45.0804336,6.7046191,"Via Montello, Bardonecchia, Torino, Piemonte, 10052, Italia",,,,,Agenzia delle Entrate · WMS CP.CadastralParcel,https://www.immobiliare.it/annunci/129900654/,2026-08-27T21:04:17.079427+00:00,2026-09-03T19:08:26.321077+00:00
M660-447,447,MASTER_660,NO,Borgone Susa,"Villetta bifamiliare in vendita in Via Dei Gravè, 4, Borgone Susa ...",VILLA,Via Dei Gravè 4,SI,MAPPALE_VERIFICATO,45.1192251,7.2407188,"Via dei Gravè, Costa, Borgone Susa, Torino, Piemonte, Italia",IT.AGE.PLA.B024_000600.1890,B024,000600,1890,Agenzia delle Entrate · WMS CP.CadastralParcel,https://www.idealista.it/immobile/36637574/,2026-08-27T21:04:17.079448+00:00,2026-09-03T19:08:26.910662+00:00
M660-448,448,MASTER_660,NO,Borgone Susa,Vendita Appartamento Borgone Susa. Trilocale in via Abegg 18. Ottimo ...,APPARTAMENTO,via Abegg 18,SI,MAPPALE_VERIFICATO,45.1220348,7.2380263,"18, Via Augusto Abegg, Costa, Borgone Susa, Torino, Piemonte, 10050, Italia",IT.AGE.PLA.B024_000600.502,B024,000600,502,Agenzia delle Entrate · WMS CP.CadastralParcel,https://www.immobiliare.it/annunci/125219057/,2026-08-27T21:04:17.079477+00:00,2026-09-03T19:08:27.485802+00:00
M660-449,449,MASTER_660,NO,Borgone Susa,"Vendita Appartamento Borgone Susa. Trilocale in via A. Abegg, 18. Buono ...",APPARTAMENTO,via A. Abegg 18,SI,GEOCODE_NON_TROVATO,,,,,,,,Agenzia delle Entrate · WMS CP.CadastralParcel,https://www.immobiliare.it/annunci/131271224/,2026-08-27T21:04:17.079484+00:00,2026-09-03T18:57:49.038421+00:00
M660-450,450,MASTER_660,NO,Borgone Susa,Vendita Villa unifamiliare in via Condove 3 Borgone Susa. Buono stato ...,VILLA,via Condove 3,SI,NESSUN_MAPPALE_AL_PUNTO,45.1174507,7.2539822,"Via Condove, Costa, Borgone Susa, Torino, Piemonte, 10055, Italia",,,,,Agenzia delle Entrate · WMS CP.CadastralParcel,https://www.immobiliare.it/annunci/123006226/,2026-08-27T21:04:17.079492+00:00,2026-09-03T19:08:28.066260+00:00
M660-451,451,MASTER_660,NO,Borgone Susa,"Villa bifamiliare via Augusto Abegg 79, Borgone Susa",VILLA,via Augusto Abegg 79,SI,NESSUN_MAPPALE_AL_PUNTO,45.1234039,7.2327258,"Via Augusto Abegg, Achit, Borgone Susa, Torino, Piemonte, Italia",,,,,Agenzia delle Entrate · WMS CP.CadastralParcel,https://www.immobiliare.it/annunci/116242543/,2026-08-27T21:04:17.079497+00:00,2026-09-03T19:08:28.657679+00:00
M660-452,452,MASTER_660,NO,Borgone Susa,Vendita Appartamento Borgone Susa. Quadrilocale in via Tarro Boiro 5 ...,APPARTAMENTO,via Tarro Boiro 5,SI,NESSUN_MAPPALE_AL_PUNTO,45.1209470,7.2379771,"Via Tarro Boiro, Costa, Borgone Susa, Torino, Piemonte, Italia",,,,,Agenzia delle Entrate · WMS CP.CadastralParcel,https://www.immobiliare.it/annunci/127215327/,2026-08-27T21:04:17.079507+00:00,2026-09-03T19:08:29.262082+00:00
M660-453,453,MASTER_660,NO,Borgone Susa,Vendita Appartamento Borgone Susa. Trilocale in via Tarro Boiro 26 ...,APPARTAMENTO,via Tarro Boiro 26,SI,NESSUN_MAPPALE_AL_PUNTO,45.1209470,7.2379771,"Via Tarro Boiro, Costa, Borgone Susa, Torino, Piemonte, Italia",,,,,Agenzia delle Entrate · WMS CP.CadastralParcel,https://www.immobiliare.it/annunci/117236507/,2026-08-27T21:04:17.079518+00:00,2026-09-03T19:08:29.842710+00:00
M660-454,454,MASTER_660,NO,Borgone Susa,"Vendita Villa bifamiliare Borgone Susa. Ottimo stato, posto auto, con ...",VILLA,,SI,INDIRIZZO_SENZA_CIVICO,,,,,,,,Agenzia delle Entrate · WMS CP.CadastralParcel,https://www.immobiliare.it/annunci/108745377/,2026-08-27T21:04:17.079523+00:00,2026-09-03T18:57:58.986019+00:00
M660-455,455,MASTER_660,NO,Bussoleno,"Capannone Strada Monginevro 7/a Pt, 1, Bussoleno, Rif. 106297853 ...",CAPANNONE_MAGAZZINO,Strada Monginevro 7/a,NO,NON_TARGET,,,,,,,,Agenzia delle Entrate · WMS CP.CadastralParcel,https://www.immobiliare.it/annunci/106297853/,2026-08-27T21:04:17.079582+00:00,2026-09-03T18:57:58.986038+00:00
M660-456,456,MASTER_660,NO,Bussoleno,Vendita Terratetto unifamiliare in Borgata coldimosso Susa. Da ...,CASA_INDIPENDENTE_TERRATETTO,Borgata coldimosso Susa. Da,SI,INDIRIZZO_SENZA_CIVICO,,,,,,,,Agenzia delle Entrate · WMS CP.CadastralParcel,https://www.immobiliare.it/annunci/106722631/,2026-08-27T21:04:17.079587+00:00,2026-09-03T18:57:58.986046+00:00
M660-457,457,MASTER_660,NO,Caprie,"Vendita Appartamento Torino. Bilocale in via Caprie. Buono stato, piano ...",APPARTAMENTO,via Caprie. Buono stato,SI,INDIRIZZO_SENZA_CIVICO,,,,,,,,Agenzia delle Entrate · WMS CP.CadastralParcel,https://www.immobiliare.it/annunci/129986868/,2026-08-27T21:04:17.079646+00:00,2026-09-03T18:57:58.986055+00:00
M660-458,458,MASTER_660,NO,Chianocco,Appartamento in vendita a Chianocco - Vernetto Cod. VERNETTO,APPARTAMENTO,,SI,INDIRIZZO_SENZA_CIVICO,,,,,,,,Agenzia delle Entrate · WMS CP.CadastralParcel,https://www.fcimmobiliare.it/i-672130-vendita-appartamento-chianocco-vernetto/,2026-08-27T21:04:17.079717+00:00,2026-09-03T18:57:58.986065+00:00
M660-459,459,MASTER_660,NO,Chianocco,"Vendita Casale in frazione Pavaglione 169 Chianocco. Buono stato, 60 m² ...",RUSTICO_CASALE_BAITA,frazione Pavaglione 169,SI,GEOCODE_NON_TROVATO,,,,,,,,Agenzia delle Entrate · WMS CP.CadastralParcel,https://www.immobiliare.it/annunci/131964796/,2026-08-27T21:04:17.079734+00:00,2026-09-03T18:57:58.986072+00:00
M660-460,460,MASTER_660,NO,Chiusa di San Michele,Casa Chiusa Di San Michele - 16 case in vendita in Chiusa Di San ...,PAGINA_RICERCA_CATEGORIA,,NO,NON_TARGET,,,,,,,,Agenzia delle Entrate · WMS CP.CadastralParcel,https://www.nuroa.it/vendita-immobili/casa-chiusa-di-san-michele,2026-08-27T21:04:17.079759+00:00,2026-09-03T18:57:59.448079+00:00
M660-461,461,MASTER_660,NO,Chiusa di San Michele,Vendita Appartamento Chiusa di San Michele. Trilocale in vicolo Nuovo ...,APPARTAMENTO,vicolo Nuovo,SI,INDIRIZZO_SENZA_CIVICO,,,,,,,,Agenzia delle Entrate · WMS CP.CadastralParcel,https://www.immobiliare.it/annunci/129824558/,2026-08-27T21:04:17.079765+00:00,2026-09-03T18:57:59.448109+00:00
M660-462,462,MASTER_660,NO,Chiusa di San Michele,Vendita Appartamento Chiusa di San Michele. Trilocale in via Generale ...,APPARTAMENTO,via Generale,SI,INDIRIZZO_SENZA_CIVICO,,,,,,,,Agenzia delle Entrate · WMS CP.CadastralParcel,https://www.immobiliare.it/annunci/123077057/,2026-08-27T21:04:17.079770+00:00,2026-09-03T18:57:59.448119+00:00
M660-463,463,MASTER_660,NO,Chiusa di San Michele,Vendita Appartamento Chiusa di San Michele. Trilocale in via Susa 63 ...,APPARTAMENTO,via Susa 63,SI,MAPPALE_VERIFICATO,45.1059833,7.3189088,"Buondì, 63, Via Susa, Ponte Rosso, Chiusa di San Michele, Torino, Piemonte, 10050, Italia",IT.AGE.PLA.C655_000200.134,C655,000200,134,Agenzia delle Entrate · WMS CP.CadastralParcel,https://www.immobiliare.it/annunci/126597219/,2026-08-27T21:04:17.079775+00:00,2026-09-03T19:08:30.441224+00:00
M660-464,464,MASTER_660,NO,Chiusa di San Michele,Vendita Appartamento Chiusa di San Michele. Quadrilocale in via Susa 95 ...,APPARTAMENTO,via Susa 95,SI,MAPPALE_VERIFICATO,45.1061381,7.3129900,"Motorcity, 95, Via Susa, Ponte Rosso, Chiusa di San Michele, Torino, Piemonte, 10050, Italia",IT.AGE.PLA.C655_000100.39,C655,000100,39,Agenzia delle Entrate · WMS CP.CadastralParcel,https://www.immobiliare.it/annunci/128186392/,2026-08-27T21:04:17.079781+00:00,2026-09-03T19:08:30.980543+00:00
M660-465,465,MASTER_660,NO,Chiusa di San Michele,Vendita Appartamento Chiusa di San Michele. Trilocale in via Susa 12 ...,APPARTAMENTO,via Susa 12,SI,MAPPALE_VERIFICATO,45.1060417,7.3226724,"12, Via Susa, Ponte Rosso, Chiusa di San Michele, Torino, Piemonte, 10050, Italia",IT.AGE.PLA.C655_000200.714,C655,000200,714,Agenzia delle Entrate · WMS CP.CadastralParcel,https://www.immobiliare.it/annunci/113214711/,2026-08-27T21:04:17.079795+00:00,2026-09-03T19:08:31.605382+00:00
M660-466,466,MASTER_660,NO,Chiusa di San Michele,Vendita Villa unifamiliare in via Roma 67 Chiusa di San Michele. Buono ...,VILLA,via Roma 67,SI,MAPPALE_VERIFICATO,45.1016940,7.3292731,"67, Via Roma, Chiusa di San Michele, Torino, Piemonte, 10050, Italia",IT.AGE.PLA.C655_000700.506,C655,000700,506,Agenzia delle Entrate · WMS CP.CadastralParcel,https://www.immobiliare.it/annunci/118486069/,2026-08-27T21:04:17.079800+00:00,2026-09-03T19:08:32.195107+00:00
M660-467,467,MASTER_660,NO,Chiusa di San Michele,"Vendita Appartamento Chiusa di San Michele. Trilocale, Buono stato ...",APPARTAMENTO,,SI,INDIRIZZO_SENZA_CIVICO,,,,,,,,Agenzia delle Entrate · WMS CP.CadastralParcel,https://www.immobiliare.it/annunci/115516565/,2026-08-27T21:04:17.079807+00:00,2026-09-03T18:58:08.214625+00:00
M660-468,468,MASTER_660,NO,Chiusa di San Michele,Vendita Appartamento Chiusa di San Michele. Quadrilocale in via Ex ...,APPARTAMENTO,via Ex,SI,INDIRIZZO_SENZA_CIVICO,,,,,,,,Agenzia delle Entrate · WMS CP.CadastralParcel,https://www.immobiliare.it/annunci/99522756/,2026-08-27T21:04:17.079812+00:00,2026-09-03T18:58:08.214640+00:00
M660-469,469,MASTER_660,NO,Coazze,Case in vendita da Privati a Coazze - CasaDaPrivato.it,ALTRO_NON_DETERMINATO,,NO,NON_TARGET,,,,,,,,Agenzia delle Entrate · WMS CP.CadastralParcel,https://www.casadaprivato.it/annunci-vendita/immobili/torino-coazze,2026-08-27T21:04:17.079817+00:00,2026-09-03T18:58:08.214651+00:00
M660-470,470,MASTER_660,NO,Coazze,"Vendita Appartamento Coazze. Trilocale in via Giaveno, 6/B. Buono stato ...",APPARTAMENTO,"via Giaveno, 6/B",SI,MAPPALE_VERIFICATO,45.0484574,7.2881788,"Via Montenero, Borgata Sangonetto, Coazze, Torino, Piemonte, 10094, Italia",IT.AGE.PLA.C803_005500.598,C803,005500,598,Agenzia delle Entrate · WMS CP.CadastralParcel,https://www.immobiliare.it/annunci/123443009/,2026-08-27T21:04:17.079859+00:00,2026-09-03T19:08:32.796083+00:00
M660-471,471,MASTER_660,NO,Coazze,Vendita Appartamento Coazze. Trilocale in via freinetto 51. Ottimo ...,APPARTAMENTO,via freinetto 51,SI,NESSUN_MAPPALE_AL_PUNTO,45.0525286,7.2902549,"Via Freinetto, Castagna, Coazze, Torino, Piemonte, 10094, Italia",,,,,Agenzia delle Entrate · WMS CP.CadastralParcel,https://www.immobiliare.it/annunci/120243018/,2026-08-27T21:04:17.079865+00:00,2026-09-03T19:08:33.378972+00:00
M660-472,472,MASTER_660,NO,Coazze,Vendita Appartamento Coazze. Monolocale in via Giaveno 8. Ottimo stato ...,APPARTAMENTO,via Giaveno 8,SI,MAPPALE_VERIFICATO,45.0484574,7.2881788,"Via Montenero, Borgata Sangonetto, Coazze, Torino, Piemonte, 10094, Italia",IT.AGE.PLA.C803_005500.598,C803,005500,598,Agenzia delle Entrate · WMS CP.CadastralParcel,https://www.immobiliare.it/annunci/130488700/,2026-08-27T21:04:17.079870+00:00,2026-09-03T19:08:33.967016+00:00
M660-473,473,MASTER_660,NO,Coazze,Vendita Terratetto plurifamiliare in via coazze 15 Giaveno. Buono stato ...,CASA_INDIPENDENTE_TERRATETTO,via coazze 15,SI,NESSUN_MAPPALE_AL_PUNTO,45.0500099,7.3043679,"Via Matteotti, Ruadamonte, Coazze, Torino, Piemonte, 10094, Italia",,,,,Agenzia delle Entrate · WMS CP.CadastralParcel,https://www.immobiliare.it/annunci/131502528/,2026-08-27T21:04:17.079875+00:00,2026-09-03T19:08:34.551290+00:00
M660-474,474,MASTER_660,NO,Collegno,Vendita Appartamento Collegno. Bilocale in corso Francia. Buono stato ...,APPARTAMENTO,corso Francia. Buono stato,SI,INDIRIZZO_SENZA_CIVICO,,,,,,,,Agenzia delle Entrate · WMS CP.CadastralParcel,https://www.immobiliare.it/annunci/129634170/,2026-08-27T21:04:17.079904+00:00,2026-09-03T18:58:16.857761+00:00
M660-475,475,MASTER_660,NO,Collegno,Vendita Appartamento Collegno. Bilocale in via Luigi Galvani 9. Buono ...,APPARTAMENTO,via Luigi Galvani 9,SI,NESSUN_MAPPALE_AL_PUNTO,45.0770204,7.6029831,"9, Via Luigi Galvani, Borgata Paradiso, Collegno, Torino, Piemonte, 10993, Italia",,,,,Agenzia delle Entrate · WMS CP.CadastralParcel,https://www.immobiliare.it/annunci/131078454/,2026-08-27T21:04:17.079909+00:00,2026-09-03T19:08:35.143077+00:00
M660-476,476,MASTER_660,NO,Collegno,Vendita Appartamento Collegno. Trilocale in via Giorgio La Pira 5 ...,APPARTAMENTO,via Giorgio La Pira 5,SI,NESSUN_MAPPALE_AL_PUNTO,45.0885332,7.5689566,"Via Giorgio La Pira, Villaggio Dora, Leumann, Collegno, Torino, Piemonte, 10093, Italia",,,,,Agenzia delle Entrate · WMS CP.CadastralParcel,https://www.immobiliare.it/annunci/131303452/,2026-08-27T21:04:17.079921+00:00,2026-09-03T19:08:35.722275+00:00
M660-477,477,MASTER_660,NO,Collegno,Vendita Appartamento Collegno. Quadrilocale in via Podgora 12. Ottimo ...,APPARTAMENTO,via Podgora 12,SI,MAPPALE_VERIFICATO,45.0723709,7.6021561,"Via Podgora, Borgata Paradiso, Collegno, Torino, Piemonte, 10195, Italia",IT.AGE.PLA.C860_001000.1489,C860,001000,1489,Agenzia delle Entrate · WMS CP.CadastralParcel,https://www.immobiliare.it/annunci/130165128/,2026-08-27T21:04:17.079927+00:00,2026-09-03T19:08:36.303249+00:00
M660-478,478,MASTER_660,NO,Collegno,Vendita Appartamento Collegno. Trilocale in via Vincenzo Gioberti ...,APPARTAMENTO,via Vincenzo Gioberti,SI,INDIRIZZO_SENZA_CIVICO,,,,,,,,Agenzia delle Entrate · WMS CP.CadastralParcel,https://www.immobiliare.it/annunci/131509758/,2026-08-27T21:04:17.079932+00:00,2026-09-03T18:58:23.612247+00:00
M660-479,479,MASTER_660,NO,Collegno,Vendita Appartamento Collegno. Quadrilocale in corso palmiro togliatti ...,APPARTAMENTO,corso palmiro togliatti,SI,INDIRIZZO_SENZA_CIVICO,,,,,,,,Agenzia delle Entrate · WMS CP.CadastralParcel,https://www.immobiliare.it/annunci/130278486/,2026-08-27T21:04:17.079945+00:00,2026-09-03T18:58:23.612265+00:00
M660-480,480,MASTER_660,NO,Collegno,Vendita Appartamento Collegno. Bilocale in via Avigliana 13. Nuovo ...,APPARTAMENTO,via Avigliana 13,SI,NESSUN_MAPPALE_AL_PUNTO,45.0765632,7.5622076,"Via Avigliana, Terracorta, Leumann, Collegno, Torino, Piemonte, 10093, Italia",,,,,Agenzia delle Entrate · WMS CP.CadastralParcel,https://www.immobiliare.it/annunci/130994920/,2026-08-27T21:04:17.079957+00:00,2026-09-03T19:08:36.912076+00:00
M660-481,481,MASTER_660,NO,Condove,Rustico in vendita a Condove Cod. 34221003-2080,RUSTICO_CASALE_BAITA,,SI,INDIRIZZO_SENZA_CIVICO,,,,,,,,Agenzia delle Entrate · WMS CP.CadastralParcel,https://www.fcimmobiliare.it/i-672099-vendita-rustico-condove/,2026-08-27T21:04:17.079975+00:00,2026-09-03T18:58:25.557272+00:00
M660-482,482,MASTER_660,NO,Condove,Vendita Terratetto unifamiliare in Borgata Belle Fugera Condove. Da ...,CASA_INDIPENDENTE_TERRATETTO,Borgata Belle Fugera Condove. Da,SI,INDIRIZZO_SENZA_CIVICO,,,,,,,,Agenzia delle Entrate · WMS CP.CadastralParcel,https://www.immobiliare.it/annunci/131400328/,2026-08-27T21:04:17.079981+00:00,2026-09-03T18:58:25.557287+00:00
M660-483,483,MASTER_660,NO,Condove,"Vendita Rustico in Borgata Belle Fugera 11 Condove. Buono stato, 122 m² ...",RUSTICO_CASALE_BAITA,Borgata Belle Fugera 11,SI,GEOCODE_NON_TROVATO,,,,,,,,Agenzia delle Entrate · WMS CP.CadastralParcel,https://www.immobiliare.it/annunci/130667076/,2026-08-27T21:04:17.079986+00:00,2026-09-03T18:58:25.557295+00:00
M660-484,484,MASTER_660,NO,Condove,Vendita Rustico in Strada Comunale Condove-Mocchie 39 Condove. Da ...,RUSTICO_CASALE_BAITA,Strada Comunale Condove-Mocchie 39,SI,NESSUN_MAPPALE_AL_PUNTO,45.1369932,7.2891913,"Strada Comunale della Portiglia, Mocchie, Condove, Torino, Piemonte, 10055, Italia",,,,,Agenzia delle Entrate · WMS CP.CadastralParcel,https://www.immobiliare.it/annunci/130817214/,2026-08-27T21:04:17.079992+00:00,2026-09-03T19:08:37.523464+00:00
M660-485,485,MASTER_660,NO,Condove,Vendita Terratetto unifamiliare in Borgata Alotti Condove. Buono stato ...,CASA_INDIPENDENTE_TERRATETTO,Borgata Alotti Condove. Buono stato,SI,INDIRIZZO_SENZA_CIVICO,,,,,,,,Agenzia delle Entrate · WMS CP.CadastralParcel,https://www.immobiliare.it/annunci/124174757/,2026-08-27T21:04:17.080004+00:00,2026-09-03T18:58:28.119404+00:00
M660-486,486,MASTER_660,NO,Condove,"Appartamento all'asta via G. Matteotti, Condove",APPARTAMENTO,via G. Matteotti,SI,INDIRIZZO_SENZA_CIVICO,,,,,,,,Agenzia delle Entrate · WMS CP.CadastralParcel,https://www.immobiliare.it/annunci/131981672/,2026-08-27T21:04:17.080009+00:00,2026-09-03T18:58:28.119422+00:00
M660-487,487,MASTER_660,NO,Condove,Vendita Appartamento Sant'Antonino di Susa. Trilocale in via Superga 43 ...,APPARTAMENTO,via Superga 43,SI,GEOCODE_NON_TROVATO,,,,,,,,Agenzia delle Entrate · WMS CP.CadastralParcel,https://www.immobiliare.it/annunci/127962114/,2026-08-27T21:04:17.080014+00:00,2026-09-03T18:58:28.119430+00:00
M660-488,488,MASTER_660,NO,Condove,"Asta per appartamento, via Leopardi, Centro Condove, rif. 131978636 ...",APPARTAMENTO,via Leopardi,SI,INDIRIZZO_SENZA_CIVICO,,,,,,,,Agenzia delle Entrate · WMS CP.CadastralParcel,https://www.immobiliare.it/annunci/131978636/,2026-08-27T21:04:17.080020+00:00,2026-09-03T18:58:28.637995+00:00
M660-489,489,MASTER_660,NO,Giaglione,"Baita/chalet in vendita in Frazione Rastella, 34 - idealista",RUSTICO_CASALE_BAITA,"Frazione Rastella, 34",SI,MAPPALE_VERIFICATO,45.1425766,7.0101140,"34, Frazione Rastella, Giaglione, Torino, Piemonte, 10050, Italia",IT.AGE.PLA.E009_002500.2204,E009,002500,2204,Agenzia delle Entrate · WMS CP.CadastralParcel,https://www.idealista.it/immobile/24663313/,2026-08-27T21:04:17.080041+00:00,2026-09-03T19:08:38.104793+00:00
M660-490,490,MASTER_660,NO,Giaglione,Casa indipendente in Vendita in Frazione San Giovanni a Giaglione,CASA_INDIPENDENTE_TERRATETTO,Frazione San Giovanni a Giaglione,SI,INDIRIZZO_SENZA_CIVICO,,,,,,,,Agenzia delle Entrate · WMS CP.CadastralParcel,https://www.casa.it/immobili/52309620/,2026-08-27T21:04:17.080053+00:00,2026-09-03T18:58:30.971831+00:00
M660-491,491,MASTER_660,NO,Giaveno,Vendita Appartamento Giaveno. Trilocale in via san michele 61. Buono ...,APPARTAMENTO,via san michele 61,SI,NESSUN_MAPPALE_AL_PUNTO,45.0391969,7.3560043,"Via San Michele, Giaveno, Torino, Piemonte, 10094, Italia",,,,,Agenzia delle Entrate · WMS CP.CadastralParcel,https://www.immobiliare.it/annunci/131876920/,2026-08-27T21:04:17.080103+00:00,2026-09-03T19:08:38.696333+00:00
M660-492,492,MASTER_660,NO,Giaveno,Vendita Villa plurifamiliare in via genolino 57 Giaveno. Buono stato ...,VILLA,via genolino 57,SI,MAPPALE_VERIFICATO,45.0401471,7.3426897,"Via Genolino, Case Tetti Brandol, Giaveno, Torino, Piemonte, 10094, Italia",IT.AGE.PLA.E020_009400.757,E020,009400,757,Agenzia delle Entrate · WMS CP.CadastralParcel,https://www.immobiliare.it/annunci/124432485/,2026-08-27T21:04:17.080108+00:00,2026-09-03T19:08:39.274091+00:00
M660-493,493,MASTER_660,NO,Giaveno,Vendita Appartamento Giaveno. Trilocale in piazza san rocco 6. Buono ...,APPARTAMENTO,piazza san rocco 6,SI,GEOCODE_NON_TROVATO,,,,,,,,Agenzia delle Entrate · WMS CP.CadastralParcel,https://www.immobiliare.it/annunci/118506353/,2026-08-27T21:04:17.080113+00:00,2026-09-03T18:58:35.131613+00:00
M660-494,494,MASTER_660,NO,Giaveno,Vendita Appartamento Giaveno. Trilocale in via Garnier Valletti 3 ...,APPARTAMENTO,via Garnier Valletti 3,SI,MAPPALE_VERIFICATO,45.0449128,7.3471648,"Via Garnier Valletti, Ruata Ollasio, Sala, Giaveno, Torino, Piemonte, 10094, Italia",IT.AGE.PLA.E020_008000.136,E020,008000,136,Agenzia delle Entrate · WMS CP.CadastralParcel,https://www.immobiliare.it/annunci/129690260/,2026-08-27T21:04:17.080119+00:00,2026-09-03T19:08:39.906096+00:00
M660-495,495,MASTER_660,NO,Giaveno,Vendita Appartamento Giaveno. Trilocale in via San Luigi 50. Nuovo ...,APPARTAMENTO,via San Luigi 50,SI,NESSUN_MAPPALE_AL_PUNTO,45.0510010,7.3664254,"Via San Luigi, Sala, Giaveno, Torino, Piemonte, 10094, Italia",,,,,Agenzia delle Entrate · WMS CP.CadastralParcel,https://www.immobiliare.it/annunci/127915862/,2026-08-27T21:04:17.080124+00:00,2026-09-03T19:08:40.501110+00:00
M660-496,496,MASTER_660,NO,Giaveno,Vendita Appartamento Giaveno. Trilocale in via martiri della libertà 5 ...,APPARTAMENTO,via martiri della libertà 5,SI,NESSUN_MAPPALE_AL_PUNTO,45.0478367,7.3496361,"Via Martiri della Libertà, Ruata Ollasio, Sala, Giaveno, Torino, Piemonte, 10094, Italia",,,,,Agenzia delle Entrate · WMS CP.CadastralParcel,https://www.immobiliare.it/annunci/123612449/,2026-08-27T21:04:17.080130+00:00,2026-09-03T19:08:41.103513+00:00
M660-497,497,MASTER_660,NO,Giaveno,Vendita Villa unifamiliare in via colle del vento 59 Giaveno. Nuova ...,VILLA,via colle del vento 59,SI,NESSUN_MAPPALE_AL_PUNTO,45.0445885,7.3226550,"Via Colle del Vento, Giué, Giaveno, Torino, Piemonte, 10094, Italia",,,,,Agenzia delle Entrate · WMS CP.CadastralParcel,https://www.immobiliare.it/annunci/119350083/,2026-08-27T21:04:17.080136+00:00,2026-09-03T19:08:41.704297+00:00
M660-498,498,MASTER_660,NO,Giaveno,Vendita Appartamento in via Canonico Pio Rolla 17. Giaveno. Buono stato ...,APPARTAMENTO,via Canonico Pio Rolla 17,SI,NESSUN_MAPPALE_AL_PUNTO,45.0373008,7.3527894,"Via Canonico Pio Rolla, Ciausi, Giaveno, Torino, Piemonte, 10094, Italia",,,,,Agenzia delle Entrate · WMS CP.CadastralParcel,https://www.immobiliare.it/annunci/128104366/,2026-08-27T21:04:17.080155+00:00,2026-09-03T19:08:42.283137+00:00
M660-499,499,MASTER_660,NO,Giaveno,Vendita Terratetto unifamiliare in Borgata Verna 61 Giaveno. Ottimo ...,CASA_INDIPENDENTE_TERRATETTO,Borgata Verna 61,SI,GEOCODE_NON_TROVATO,,,,,,,,Agenzia delle Entrate · WMS CP.CadastralParcel,https://www.immobiliare.it/annunci/119442703/,2026-08-27T21:04:17.080161+00:00,2026-09-03T18:58:46.971535+00:00
M660-500,500,MASTER_660,NO,Grugliasco,Vendita Appartamento Grugliasco. Trilocale in Strada della Pronda 165 ...,APPARTAMENTO,Strada della Pronda 165,SI,MAPPALE_VERIFICATO,45.0654015,7.6096624,"165, Strada della Pronda, Borgata Quaglia, Grugliasco, Torino, Piemonte, 10095, Italia",IT.AGE.PLA.E216_001100.167,E216,001100,167,Agenzia delle Entrate · WMS CP.CadastralParcel,https://www.immobiliare.it/annunci/124222393/,2026-08-27T21:04:17.080231+00:00,2026-09-03T19:08:42.856509+00:00
M660-501,501,MASTER_660,NO,Grugliasco,Vendita Appartamento Grugliasco. Trilocale in via Silvio Allason 20/7 ...,APPARTAMENTO,via Silvio Allason 20/7,SI,NESSUN_MAPPALE_AL_PUNTO,45.0391055,7.6161456,"Via Silvio Allason, Centro Europa, Mirafiori Nord, Circoscrizione 2, Torino, Piemonte, 10137, Italia",,,,,Agenzia delle Entrate · WMS CP.CadastralParcel,https://www.immobiliare.it/annunci/127997782/,2026-08-27T21:04:17.080236+00:00,2026-09-03T19:08:43.470676+00:00
M660-502,502,MASTER_660,NO,Grugliasco,Vendita Appartamento Grugliasco. Bilocale in corso Adriatico. Buono ...,APPARTAMENTO,corso Adriatico. Buono,SI,INDIRIZZO_SENZA_CIVICO,,,,,,,,Agenzia delle Entrate · WMS CP.CadastralParcel,https://www.immobiliare.it/annunci/128520118/,2026-08-27T21:04:17.080241+00:00,2026-09-03T18:58:51.735931+00:00
M660-503,503,MASTER_660,NO,Grugliasco,Vendita Appartamento Grugliasco. Bilocale in via Crea 43. Da ...,APPARTAMENTO,via Crea 43,SI,MAPPALE_VERIFICATO,45.0572221,7.6148048,"Via Crea, Shopville Le Gru, Grugliasco, Torino, Piemonte, 10195, Italia",IT.AGE.PLA.E216_001300.565,E216,001300,565,Agenzia delle Entrate · WMS CP.CadastralParcel,https://www.immobiliare.it/annunci/131263920/,2026-08-27T21:04:17.080247+00:00,2026-09-03T19:08:44.019291+00:00
M660-504,504,MASTER_660,NO,Grugliasco,Vendita Appartamento Grugliasco. Trilocale in viale Fabrizio De Andrè ...,APPARTAMENTO,viale Fabrizio De Andrè,SI,INDIRIZZO_SENZA_CIVICO,,,,,,,,Agenzia delle Entrate · WMS CP.CadastralParcel,https://www.immobiliare.it/annunci/127295393/,2026-08-27T21:04:17.080252+00:00,2026-09-03T18:58:53.740190+00:00
M660-505,505,MASTER_660,NO,Grugliasco,Vendita Appartamento Grugliasco. Quadrilocale in via Severino Doppi 31 ...,APPARTAMENTO,via Severino Doppi 31,SI,MAPPALE_VERIFICATO,45.0411161,7.6162800,"Via Severino Doppi, Gerbido, Grugliasco, Torino, Piemonte, 10137, Italia",IT.AGE.PLA.E216_001500.479,E216,001500,479,Agenzia delle Entrate · WMS CP.CadastralParcel,https://www.immobiliare.it/annunci/125581333/,2026-08-27T21:04:17.080266+00:00,2026-09-03T19:08:44.618095+00:00
M660-506,506,MASTER_660,NO,Grugliasco,Vendita Appartamento Grugliasco. Quadrilocale in via Giovanni Tobanelli ...,APPARTAMENTO,via Giovanni Tobanelli,SI,INDIRIZZO_SENZA_CIVICO,,,,,,,,Agenzia delle Entrate · WMS CP.CadastralParcel,https://www.immobiliare.it/annunci/130165320/,2026-08-27T21:04:17.080272+00:00,2026-09-03T18:58:55.777127+00:00
M660-507,507,MASTER_660,NO,Grugliasco,Vendita Appartamento Grugliasco. Bilocale in via Panealbo 63. Ottimo ...,APPARTAMENTO,via Panealbo 63,SI,MAPPALE_VERIFICATO,45.0644701,7.5836326,"63, Via Panealbo, Grugliasco, Torino, Piemonte, 10095, Italia",IT.AGE.PLA.E216_000700.1559,E216,000700,1559,Agenzia delle Entrate · WMS CP.CadastralParcel,https://www.immobiliare.it/annunci/131272958/,2026-08-27T21:04:17.080277+00:00,2026-09-03T19:08:45.193600+00:00
M660-508,508,MASTER_660,NO,Grugliasco,Vendita Appartamento Grugliasco. Quadrilocale in via E. Montanaro 17 ...,APPARTAMENTO,via E. Montanaro 17,SI,GEOCODE_NON_TROVATO,,,,,,,,Agenzia delle Entrate · WMS CP.CadastralParcel,https://www.immobiliare.it/annunci/128600174/,2026-08-27T21:04:17.080283+00:00,2026-09-03T18:58:57.964940+00:00
M660-509,509,MASTER_660,NO,Mattie,20 casas in vendita a Mattie - Trovit,PAGINA_RICERCA_CATEGORIA,,NO,NON_TARGET,,,,,,,,Agenzia delle Entrate · WMS CP.CadastralParcel,https://case.trovit.it/casa-mattie,2026-08-27T21:04:17.080289+00:00,2026-09-03T18:58:58.527968+00:00
M660-510,510,MASTER_660,NO,Mattie,Vendita Terratetto plurifamiliare in via Torino 7 Mattie. Buono stato ...,CASA_INDIPENDENTE_TERRATETTO,via Torino 7,SI,NESSUN_MAPPALE_AL_PUNTO,45.1187990,7.1140076,"Via Torino, Vallone, Mattie, Torino, Piemonte, 10050, Italia",,,,,Agenzia delle Entrate · WMS CP.CadastralParcel,https://www.immobiliare.it/annunci/127657942/,2026-08-27T21:04:17.080310+00:00,2026-09-03T19:08:45.775958+00:00
M660-511,511,MASTER_660,NO,Mattie,"Vendita Appartamento in via Grandi Tanze 39. Mattie. Buono stato, su ...",APPARTAMENTO,via Grandi Tanze 39,SI,MAPPALE_VERIFICATO,45.1201747,7.0999599,"Via Grandi Tanze, Grandi Tanze, Mattie, Torino, Piemonte, 10050, Italia",IT.AGE.PLA.F058_000100.2058,F058,000100,2058,Agenzia delle Entrate · WMS CP.CadastralParcel,https://www.immobiliare.it/annunci/130635102/,2026-08-27T21:04:17.080315+00:00,2026-09-03T19:08:46.364502+00:00
M660-512,512,MASTER_660,NO,Meana di Susa,Case e appartamenti a Meana di Susa. Immobili in vendita a ... - Nestoria,PAGINA_RICERCA_CATEGORIA,,NO,NON_TARGET,,,,,,,,Agenzia delle Entrate · WMS CP.CadastralParcel,https://www.nestoria.it/immobiliare/vendita/meana-di-susa,2026-08-27T21:04:17.080328+00:00,2026-09-03T18:59:02.790452+00:00
M660-513,513,MASTER_660,NO,Meana di Susa,Vendita Appartamento Meana di Susa. Quadrilocale in via armona. Da ...,APPARTAMENTO,via armona. Da,SI,INDIRIZZO_SENZA_CIVICO,,,,,,,,Agenzia delle Entrate · WMS CP.CadastralParcel,https://www.immobiliare.it/annunci/131674966/,2026-08-27T21:04:17.080355+00:00,2026-09-03T18:59:02.790480+00:00
M660-514,514,MASTER_660,NO,Mompantero,Villa a schiera in vendita a Mompantero - Urbiano Cod. SUSA143,VILLA,,SI,INDIRIZZO_SENZA_CIVICO,,,,,,,,Agenzia delle Entrate · WMS CP.CadastralParcel,https://www.fcimmobiliare.it/i-672129-vendita-villa-a-schiera-mompantero-urbiano/,2026-08-27T21:04:17.080366+00:00,2026-09-03T18:59:02.790491+00:00
M660-515,515,MASTER_660,NO,Oulx,Vendita Appartamento Oulx. Quadrilocale in via Cotolivier 59. Buono ...,APPARTAMENTO,via Cotolivier 59,SI,NESSUN_MAPPALE_AL_PUNTO,45.0330377,6.8301377,"Via Cotolivier, Pierremenaud, Oulx, Torino, Piemonte, 10056, Italia",,,,,Agenzia delle Entrate · WMS CP.CadastralParcel,https://www.immobiliare.it/annunci/128523994/,2026-08-27T21:04:17.080403+00:00,2026-09-03T19:08:46.969114+00:00
M660-516,516,MASTER_660,NO,Oulx,Vendita Appartamento Oulx. Bilocale in via Bardonecchia 20. Ottimo ...,APPARTAMENTO,via Bardonecchia 20,SI,NESSUN_MAPPALE_AL_PUNTO,45.0422679,6.8175437,"Via Bardonecchia, Beaume, Oulx, Torino, Piemonte, 10056, Italia",,,,,Agenzia delle Entrate · WMS CP.CadastralParcel,https://www.immobiliare.it/annunci/127803216/,2026-08-27T21:04:17.080408+00:00,2026-09-03T19:08:47.560905+00:00
M660-517,517,MASTER_660,NO,Oulx,"Vendita Appartamento Oulx. Trilocale in via Roma, 49. Buono stato ...",APPARTAMENTO,"via Roma, 49",SI,NESSUN_MAPPALE_AL_PUNTO,45.0334097,6.8347730,"Via Roma, Oulx, Torino, Piemonte, 10056, Italia",,,,,Agenzia delle Entrate · WMS CP.CadastralParcel,https://www.immobiliare.it/annunci/127772530/,2026-08-27T21:04:17.080414+00:00,2026-09-03T19:08:48.122365+00:00
M660-518,518,MASTER_660,NO,Oulx,"Vendita Appartamento Oulx. Bilocale in vicolo Bouchard, 6. Buono stato ...",APPARTAMENTO,"vicolo Bouchard, 6",SI,NESSUN_MAPPALE_AL_PUNTO,45.0329329,6.8348384,"Vicolo Bouchard, Oulx, Torino, Piemonte, 10056, Italia",,,,,Agenzia delle Entrate · WMS CP.CadastralParcel,https://www.immobiliare.it/annunci/130837728/,2026-08-27T21:04:17.080420+00:00,2026-09-03T19:08:48.738162+00:00
M660-519,519,MASTER_660,NO,Oulx,Vendita Appartamento Oulx. Trilocale in via Riccardo Ghiotti 148. Da ...,APPARTAMENTO,via Riccardo Ghiotti 148,SI,NESSUN_MAPPALE_AL_PUNTO,45.0419647,6.8468997,"Via Riccardo Ghiotti, Gad, Oulx, Torino, Piemonte, 10056, Italia",,,,,Agenzia delle Entrate · WMS CP.CadastralParcel,https://www.immobiliare.it/annunci/131821096/,2026-08-27T21:04:17.080426+00:00,2026-09-03T19:08:49.282653+00:00
M660-520,520,MASTER_660,NO,Oulx,Vendita Appartamento Oulx. Trilocale in via dei Laghi 21. Ottimo stato ...,APPARTAMENTO,via dei Laghi 21,SI,NESSUN_MAPPALE_AL_PUNTO,45.0345927,6.8285730,"Via dei Laghi, Beaume, Oulx, Torino, Piemonte, 10056, Italia",,,,,Agenzia delle Entrate · WMS CP.CadastralParcel,https://www.immobiliare.it/annunci/130810436/,2026-08-27T21:04:17.080432+00:00,2026-09-03T19:08:49.886238+00:00
M660-521,521,MASTER_660,NO,Oulx,Vendita Appartamento Oulx. Trilocale in via Papa Giovanni XXIII 21 ...,APPARTAMENTO,via Papa Giovanni XXIII 21,SI,NESSUN_MAPPALE_AL_PUNTO,45.0368918,6.8240547,"Via Papa Giovanni Ventitreesimo, Beaume, Oulx, Torino, Piemonte, 10056, Italia",,,,,Agenzia delle Entrate · WMS CP.CadastralParcel,https://www.immobiliare.it/annunci/130919890/,2026-08-27T21:04:17.080437+00:00,2026-09-03T19:08:50.483457+00:00
M660-522,522,MASTER_660,NO,Oulx,Vendita Appartamento Oulx. Bilocale in via dei Laghi 21. Buono stato ...,APPARTAMENTO,via dei Laghi 21,SI,NESSUN_MAPPALE_AL_PUNTO,45.0345927,6.8285730,"Via dei Laghi, Beaume, Oulx, Torino, Piemonte, 10056, Italia",,,,,Agenzia delle Entrate · WMS CP.CadastralParcel,https://www.immobiliare.it/annunci/127499684/,2026-08-27T21:04:17.080443+00:00,2026-09-03T19:08:51.073545+00:00
M660-523,523,MASTER_660,NO,Oulx,Vendita Appartamento Oulx. Trilocale in via dei Laghi 15. Buono stato ...,APPARTAMENTO,via dei Laghi 15,SI,NESSUN_MAPPALE_AL_PUNTO,45.0345927,6.8285730,"Via dei Laghi, Beaume, Oulx, Torino, Piemonte, 10056, Italia",,,,,Agenzia delle Entrate · WMS CP.CadastralParcel,https://www.immobiliare.it/annunci/126409423/,2026-08-27T21:04:17.080448+00:00,2026-09-03T19:08:51.861661+00:00
M660-524,524,MASTER_660,NO,Pianezza,Vendita Terratetto plurifamiliare in via San Gillio 46 Pianezza. Buono ...,CASA_INDIPENDENTE_TERRATETTO,via San Gillio 46,SI,NESSUN_MAPPALE_AL_PUNTO,45.1096942,7.5307626,"Via San Gillio, Pianezza, Torino, Piemonte, 10044, Italia",,,,,Agenzia delle Entrate · WMS CP.CadastralParcel,https://www.immobiliare.it/annunci/131472472/,2026-08-27T21:04:17.080507+00:00,2026-09-03T19:08:52.449782+00:00
M660-525,525,MASTER_660,NO,Pianezza,Vendita Appartamento Pianezza. Trilocale in via San Pancrazio No Number ...,APPARTAMENTO,via San Pancrazio No Number,SI,INDIRIZZO_SENZA_CIVICO,,,,,,,,Agenzia delle Entrate · WMS CP.CadastralParcel,https://www.immobiliare.it/annunci/127558102/,2026-08-27T21:04:17.080545+00:00,2026-09-03T18:59:23.612123+00:00
M660-526,526,MASTER_660,NO,Pianezza,"Vendita Appartamento in via Bachelet 13. Pianezza. Ottimo stato, piano ...",APPARTAMENTO,via Bachelet 13,SI,MAPPALE_VERIFICATO,45.1107329,7.5350689,"Via Bachelet, Pianezza, Torino, Piemonte, 10044, Italia",IT.AGE.PLA.G559_001200.345,G559,001200,345,Agenzia delle Entrate · WMS CP.CadastralParcel,https://www.immobiliare.it/annunci/128427944/,2026-08-27T21:04:17.080550+00:00,2026-09-03T19:08:53.034498+00:00
M660-527,527,MASTER_660,NO,Reano,Appartamenti in vendita a Reano - case in vendita e affitto,PAGINA_RICERCA_CATEGORIA,,NO,NON_TARGET,,,,,,,,Agenzia delle Entrate · WMS CP.CadastralParcel,https://www.case24.it/immobili/piemonte/torino/reano/,2026-08-27T21:04:17.080571+00:00,2026-09-03T18:59:25.606758+00:00
M660-528,528,MASTER_660,NO,Reano,Case in vendita a Reano - Wikicasa,PAGINA_RICERCA_CATEGORIA,,NO,NON_TARGET,,,,,,,,Agenzia delle Entrate · WMS CP.CadastralParcel,https://www.wikicasa.it/vendita-case/reano/,2026-08-27T21:04:17.080576+00:00,2026-09-03T18:59:25.606772+00:00
M660-529,529,MASTER_660,NO,Reano,"Asta per villa, via valgrana Reano, rif. 131981532 - Immobiliare.it",VILLA,via valgrana Reano,SI,INDIRIZZO_SENZA_CIVICO,,,,,,,,Agenzia delle Entrate · WMS CP.CadastralParcel,https://www.immobiliare.it/annunci/131981532/,2026-08-27T21:04:17.080586+00:00,2026-09-03T18:59:25.606786+00:00
M660-530,530,MASTER_660,NO,Rivoli,Vendita Appartamento Rivoli. Trilocale in via Giorgio Vecco 44. Buono ...,APPARTAMENTO,via Giorgio Vecco 44,SI,MAPPALE_VERIFICATO,45.0742247,7.5192932,"44, Via Giorgio Vecco, Cascine Vica, Rivoli, Torino, Piemonte, 10098, Italia",IT.AGE.PLA.H355_000900.272,H355,000900,272,Agenzia delle Entrate · WMS CP.CadastralParcel,https://www.immobiliare.it/annunci/131593822/,2026-08-27T21:04:17.080653+00:00,2026-09-03T19:08:53.654621+00:00
M660-531,531,MASTER_660,NO,Rivoli,Vendita Rustico in via Giovanni Battista Rossano 24 Rivoli. Da ...,RUSTICO_CASALE_BAITA,via Giovanni Battista Rossano 24,SI,MAPPALE_VERIFICATO,45.0465899,7.5314270,"Via Giovanni Battista Rossano, Tetti Neirotti, Rivoli, Torino, Piemonte, 10098, Italia",IT.AGE.PLA.H355_005800.56,H355,005800,56,Agenzia delle Entrate · WMS CP.CadastralParcel,https://www.immobiliare.it/annunci/121791604/,2026-08-27T21:04:17.080659+00:00,2026-09-03T19:08:54.252059+00:00
M660-532,532,MASTER_660,NO,Rivoli,Vendita Appartamento Rivoli. Quadrilocale in via Unità d'Italia 1 ...,APPARTAMENTO,via Unità d'Italia 1,SI,MAPPALE_VERIFICATO,45.0731587,7.5202928,"Via Unità d'Italia, Cascine Vica, Rivoli, Torino, Piemonte, 10098, Italia",IT.AGE.PLA.H355_001000.270,H355,001000,270,Agenzia delle Entrate · WMS CP.CadastralParcel,https://www.immobiliare.it/annunci/131345686/,2026-08-27T21:04:17.080672+00:00,2026-09-03T19:08:54.831145+00:00
M660-533,533,MASTER_660,NO,Rivoli,Vendita Appartamento Rivoli. Quadrilocale in via Monte Rosa 35. Ottimo ...,APPARTAMENTO,via Monte Rosa 35,SI,MAPPALE_VERIFICATO,45.0747546,7.4998769,"35, Via Monte Rosa, Borgo Nuovo, Rivoli, Torino, Piemonte, 10098, Italia",IT.AGE.PLA.H355_004100.404,H355,004100,404,Agenzia delle Entrate · WMS CP.CadastralParcel,https://www.immobiliare.it/annunci/131548616/,2026-08-27T21:04:17.080678+00:00,2026-09-03T19:08:55.414241+00:00
M660-534,534,MASTER_660,NO,Rivoli,Vendita Appartamento Rivoli. Trilocale in via omegna 5. Ottimo stato ...,APPARTAMENTO,via omegna 5,SI,NESSUN_MAPPALE_AL_PUNTO,45.0700212,7.5442091,"Via Omegna, Cascine Vica, Tetti Neirotti, Rivoli, Torino, Piemonte, 10098, Italia",,,,,Agenzia delle Entrate · WMS CP.CadastralParcel,https://www.immobiliare.it/annunci/128878218/,2026-08-27T21:04:17.080683+00:00,2026-09-03T19:08:55.963877+00:00
M660-535,535,MASTER_660,NO,Rivoli,Vendita Appartamento Rivoli. Trilocale in via ivrea 8. Ottimo stato ...,APPARTAMENTO,via ivrea 8,SI,NESSUN_MAPPALE_AL_PUNTO,45.0667921,7.5485151,"Via Ivrea, Zona industriale di Rivoli, Cascine Vica, Tetti Neirotti, Rivoli, Torino, Piemonte, 10098, Italia",,,,,Agenzia delle Entrate · WMS CP.CadastralParcel,https://www.immobiliare.it/annunci/130344492/,2026-08-27T21:04:17.080688+00:00,2026-09-03T19:08:56.546811+00:00
M660-536,536,MASTER_660,NO,Rivoli,Vendita Terratetto unifamiliare in via capra 21 Rivoli. Da ...,CASA_INDIPENDENTE_TERRATETTO,via capra 21,SI,NESSUN_MAPPALE_AL_PUNTO,45.0751920,7.5155714,"Via Capra, Rivoli, Torino, Piemonte, 10098, Italia",,,,,Agenzia delle Entrate · WMS CP.CadastralParcel,https://www.immobiliare.it/annunci/131988316/,2026-08-27T21:04:17.080693+00:00,2026-09-03T19:08:57.144382+00:00
M660-537,537,MASTER_660,NO,Rivoli,Vendita Appartamento Rivoli. Trilocale in via Aosta 19. Ottimo stato ...,APPARTAMENTO,via Aosta 19,SI,NESSUN_MAPPALE_AL_PUNTO,45.0692742,7.5480676,"Via Aosta, Maiasco, Cascine Vica, Tetti Neirotti, Rivoli, Torino, Piemonte, 10098, Italia",,,,,Agenzia delle Entrate · WMS CP.CadastralParcel,https://www.immobiliare.it/annunci/126971709/,2026-08-27T21:04:17.080698+00:00,2026-09-03T19:08:57.680719+00:00
M660-538,538,MASTER_660,NO,Rivoli,Vendita Appartamento Rivoli. Bilocale in via Fratelli Macario 7. Ottimo ...,APPARTAMENTO,via Fratelli Macario 7,SI,NESSUN_MAPPALE_AL_PUNTO,45.0670941,7.5376026,"Via Fratelli Macario, Cascine Vica, Tetti Neirotti, Rivoli, Torino, Piemonte, 10098, Italia",,,,,Agenzia delle Entrate · WMS CP.CadastralParcel,https://www.immobiliare.it/annunci/130233618/,2026-08-27T21:04:17.080704+00:00,2026-09-03T19:08:58.275437+00:00
M660-539,539,MASTER_660,NO,Rosta,Vendita Villa unifamiliare in via corbiglia 36 Rosta. Buono stato ...,VILLA,via corbiglia 36,SI,NESSUN_MAPPALE_AL_PUNTO,45.0669603,7.4630136,"Via Corbiglia, Ponata, Rosta, Torino, Piemonte, 10040, Italia",,,,,Agenzia delle Entrate · WMS CP.CadastralParcel,https://www.immobiliare.it/annunci/122421324/,2026-08-27T21:04:17.080727+00:00,2026-09-03T19:08:58.890242+00:00
M660-540,540,MASTER_660,NO,Rosta,"Vendita Appartamento Reggio Emilia. Quadrilocale, Da ristrutturare ...",APPARTAMENTO,,SI,INDIRIZZO_SENZA_CIVICO,,,,,,,,Agenzia delle Entrate · WMS CP.CadastralParcel,https://www.immobiliare.it/annunci/131542006/,2026-08-27T21:04:17.080732+00:00,2026-09-03T18:59:47.280829+00:00
M660-541,541,MASTER_660,NO,Rosta,"Vendita Casale in via Rosta 185 Rivoli. Da ristrutturare, 242 m², rif ...",RUSTICO_CASALE_BAITA,via Rosta 185,SI,MAPPALE_VERIFICATO,45.0525788,7.4726935,"Via Rosta, Rosta, Torino, Piemonte, 10040, Italia",IT.AGE.PLA.H583_002300.192,H583,002300,192,Agenzia delle Entrate · WMS CP.CadastralParcel,https://www.immobiliare.it/annunci/125478555/,2026-08-27T21:04:17.080739+00:00,2026-09-03T19:08:59.477235+00:00
M660-542,542,MASTER_660,NO,Rosta,"Vendita Villa bifamiliare in via Piave 53 Rosta. Buono stato, posto ...",VILLA,via Piave 53,SI,MAPPALE_VERIFICATO,45.0743056,7.4589025,"Via Piave, Ponata, Rosta, Torino, Piemonte, 10040, Italia",IT.AGE.PLA.H583_001300.437,H583,001300,437,Agenzia delle Entrate · WMS CP.CadastralParcel,https://www.immobiliare.it/annunci/129504650/,2026-08-27T21:04:17.080744+00:00,2026-09-03T19:09:00.056468+00:00
M660-543,543,MASTER_660,NO,Rosta,"Locale commerciale piazza san michele 1, Rosta, Rif. 129761124 ...",NEGOZIO_COMMERCIALE,piazza san michele 1,SI,NESSUN_MAPPALE_AL_PUNTO,45.0693884,7.4645713,"Piazza San Michele, Ponata, Rosta, Torino, Piemonte, Italia",,,,,Agenzia delle Entrate · WMS CP.CadastralParcel,https://www.immobiliare.it/annunci/129761124/,2026-08-27T21:04:17.080754+00:00,2026-09-03T19:09:00.668308+00:00
M660-544,544,MASTER_660,NO,Rosta,"Vendita Villa bifamiliare in via Rivoli 118 Rosta. Ottimo stato, posto ...",VILLA,via Rivoli 118,SI,MAPPALE_VERIFICATO,45.0696112,7.4743640,"Via Rivoli, Ponata, Rosta, Torino, Piemonte, 10040, Italia",IT.AGE.PLA.H583_001800.787,H583,001800,787,Agenzia delle Entrate · WMS CP.CadastralParcel,https://www.immobiliare.it/annunci/118150377/,2026-08-27T21:04:17.080760+00:00,2026-09-03T19:09:01.243682+00:00
M660-545,545,MASTER_660,NO,Rubiana,"Villa in vendita in Borgata Grattasola, 14, Rubiana - idealista",VILLA,"Borgata Grattasola, 14",SI,GEOCODE_NON_TROVATO,,,,,,,,Agenzia delle Entrate · WMS CP.CadastralParcel,https://www.idealista.it/immobile/36620961/,2026-08-27T21:04:17.080767+00:00,2026-09-03T18:59:54.735492+00:00
M660-546,546,MASTER_660,NO,Rubiana,15.241 immobili in vendita a Rubiana Torino - Nestoria,PAGINA_RICERCA_CATEGORIA,,NO,NON_TARGET,,,,,,,,Agenzia delle Entrate · WMS CP.CadastralParcel,https://www.nestoria.it/immobiliare/vendita/rubiana_torino,2026-08-27T21:04:17.080790+00:00,2026-09-03T18:59:55.164759+00:00
M660-547,547,MASTER_660,NO,Rubiana,"Case in vendita a Rubiana, Valli Susa, Sangone",PAGINA_RICERCA_CATEGORIA,,NO,NON_TARGET,,,,,,,,Agenzia delle Entrate · WMS CP.CadastralParcel,https://caseinvenditainaffitto.it/case-in-vendita/rubiana-valli-susa-sangone,2026-08-27T21:04:17.080795+00:00,2026-09-03T18:59:55.164779+00:00
M660-548,548,MASTER_660,NO,Rubiana,Vendita Appartamento Rubiana. Bilocale in Borgata Ruatta 2. Ottimo ...,APPARTAMENTO,Borgata Ruatta 2,SI,GEOCODE_NON_TROVATO,,,,,,,,Agenzia delle Entrate · WMS CP.CadastralParcel,https://www.immobiliare.it/annunci/119974160/,2026-08-27T21:04:17.080800+00:00,2026-09-03T18:59:55.164796+00:00
M660-549,549,MASTER_660,NO,Rubiana,"Vendita Casa colonica in Borgata Favella 1 Rubiana. Buono stato, posto ...",RUSTICO_CASALE_BAITA,Borgata Favella 1,SI,GEOCODE_NON_TROVATO,,,,,,,,Agenzia delle Entrate · WMS CP.CadastralParcel,https://www.immobiliare.it/annunci/127662822/,2026-08-27T21:04:17.080813+00:00,2026-09-03T18:59:55.719694+00:00
M660-550,550,MASTER_660,NO,Rubiana,Vendita Terratetto plurifamiliare in Ferro Raimondo 10 Rubiana. Buono ...,CASA_INDIPENDENTE_TERRATETTO,,SI,INDIRIZZO_SENZA_CIVICO,,,,,,,,Agenzia delle Entrate · WMS CP.CadastralParcel,https://www.immobiliare.it/annunci/122249368/,2026-08-27T21:04:17.080818+00:00,2026-09-03T18:59:56.244608+00:00
M660-551,551,MASTER_660,NO,San Didero,Vendita Villa bifamiliare in via Augusto Abegg 5b San Didero. Nuova ...,VILLA,via Augusto Abegg 5b,SI,NESSUN_MAPPALE_AL_PUNTO,45.1312845,7.2147309,"Via Augusto Abegg, Leitera Inferiore, San Didero, Torino, Piemonte, Italia",,,,,Agenzia delle Entrate · WMS CP.CadastralParcel,https://www.immobiliare.it/annunci/124448323/,2026-08-27T21:04:17.080849+00:00,2026-09-03T19:09:01.855670+00:00
M660-552,552,MASTER_660,NO,San Didero,Vendita Appartamento San Didero. Bilocale in via A. Abegg 38. Buono ...,APPARTAMENTO,via A. Abegg 38,SI,GEOCODE_NON_TROVATO,,,,,,,,Agenzia delle Entrate · WMS CP.CadastralParcel,https://www.immobiliare.it/annunci/111808991/,2026-08-27T21:04:17.080854+00:00,2026-09-03T18:59:58.678970+00:00
M660-553,553,MASTER_660,NO,San Didero,Vendita Villa bifamiliare in via Braida 9 San Didero. Buono stato ...,VILLA,via Braida 9,SI,MAPPALE_VERIFICATO,45.1344191,7.2124639,"9, Via Braida, Leitera Inferiore, San Didero, Torino, Piemonte, 10050, Italia",IT.AGE.PLA.H820_000600.372,H820,000600,372,Agenzia delle Entrate · WMS CP.CadastralParcel,https://www.immobiliare.it/annunci/113302205/,2026-08-27T21:04:17.080877+00:00,2026-09-03T19:09:02.427200+00:00
M660-554,554,MASTER_660,NO,San Valeriano,"Appartamento all'asta via San Valeriano, 20, Robbio",APPARTAMENTO,"via San Valeriano, 20",SI,MAPPALE_VERIFICATO,45.1135330,7.2705646,"Via dei Pioppi, San Valeriano, Borgone Susa, Torino, Piemonte, 10055, Italia",IT.AGE.PLA.B024_001000.515,B024,001000,515,Agenzia delle Entrate · WMS CP.CadastralParcel,https://www.immobiliare.it/annunci/130353692/,2026-08-27T21:04:17.080904+00:00,2026-09-03T19:09:03.016116+00:00
M660-555,555,MASTER_660,NO,San Valeriano,"Appartamento all'asta via San Valeriano, 20, Robbio",APPARTAMENTO,"via San Valeriano, 20",SI,MAPPALE_VERIFICATO,45.1135330,7.2705646,"Via dei Pioppi, San Valeriano, Borgone Susa, Torino, Piemonte, 10055, Italia",IT.AGE.PLA.B024_001000.515,B024,001000,515,Agenzia delle Entrate · WMS CP.CadastralParcel,https://www.immobiliare.it/annunci/105614909/,2026-08-27T21:04:17.080909+00:00,2026-09-03T19:09:03.604834+00:00
M660-556,556,MASTER_660,NO,San Valeriano,"Appartamento all'asta via San Valeriano, 20, Robbio",APPARTAMENTO,"via San Valeriano, 20",SI,MAPPALE_VERIFICATO,45.1135330,7.2705646,"Via dei Pioppi, San Valeriano, Borgone Susa, Torino, Piemonte, 10055, Italia",IT.AGE.PLA.B024_001000.515,B024,001000,515,Agenzia delle Entrate · WMS CP.CadastralParcel,https://www.immobiliare.it/annunci/104816493/,2026-08-27T21:04:17.080914+00:00,2026-09-03T19:09:04.462874+00:00
M660-557,557,MASTER_660,NO,San Valeriano,"Appartamento all'asta via San Valeriano 20, Robbio",APPARTAMENTO,via San Valeriano 20,SI,NESSUN_MAPPALE_AL_PUNTO,45.1141009,7.2674056,"Via S.S.24, San Valeriano, Borgone Susa, Torino, Piemonte, 10055, Italia",,,,,Agenzia delle Entrate · WMS CP.CadastralParcel,https://www.immobiliare.it/annunci/104565399/,2026-08-27T21:04:17.080919+00:00,2026-09-03T19:09:05.054200+00:00
M660-558,558,MASTER_660,NO,Sangano,Cerca case - rt rcis - Sangano,PAGINA_RICERCA_CATEGORIA,,NO,NON_TARGET,,,,,,,,Agenzia delle Entrate · WMS CP.CadastralParcel,https://www.studioimmobiliarert.it/web/immobili.asp?language=ita,2026-08-27T21:04:17.080935+00:00,2026-09-03T19:00:07.725401+00:00
M660-559,559,MASTER_660,NO,Sant'Antonino di Susa,Case in vendita da Privati a Sant'Antonino di Susa,ALTRO_NON_DETERMINATO,,NO,NON_TARGET,,,,,,,,Agenzia delle Entrate · WMS CP.CadastralParcel,https://www.casadaprivato.it/annunci-vendita/immobili/torino-sant_antonino_di_susa,2026-08-27T21:04:17.080965+00:00,2026-09-03T19:00:07.725414+00:00
M660-560,560,MASTER_660,NO,Sant'Antonino di Susa,Vendita Appartamento Sant'Antonino di Susa. Quadrilocale in via Superga ...,APPARTAMENTO,via Superga,SI,INDIRIZZO_SENZA_CIVICO,,,,,,,,Agenzia delle Entrate · WMS CP.CadastralParcel,https://www.immobiliare.it/annunci/129885150/,2026-08-27T21:04:17.080975+00:00,2026-09-03T19:00:07.725421+00:00
M660-561,561,MASTER_660,NO,Sant'Antonino di Susa,Vendita Appartamento Sant'Antonino di Susa. Trilocale in via Medagli 38 ...,APPARTAMENTO,via Medagli 38,SI,MAPPALE_VERIFICATO,45.1101666,7.2776503,"Via Medagli, Maisonetta, Sant'Antonino di Susa, Torino, Piemonte, 10055, Italia",IT.AGE.PLA.I296_000200.235,I296,000200,235,Agenzia delle Entrate · WMS CP.CadastralParcel,https://www.immobiliare.it/annunci/127496748/,2026-08-27T21:04:17.080980+00:00,2026-09-03T19:09:05.668604+00:00
M660-562,562,MASTER_660,NO,Sant'Antonino di Susa,Vendita Appartamento Sant'Antonino di Susa. Trilocale in via Mario ...,APPARTAMENTO,via Mario,SI,INDIRIZZO_SENZA_CIVICO,,,,,,,,Agenzia delle Entrate · WMS CP.CadastralParcel,https://www.immobiliare.it/annunci/129972694/,2026-08-27T21:04:17.080994+00:00,2026-09-03T19:00:11.931531+00:00
M660-563,563,MASTER_660,NO,Sant'Antonino di Susa,Vendita Appartamento Sant'Antonino di Susa. Quadrilocale in via medagli ...,APPARTAMENTO,via medagli,SI,INDIRIZZO_SENZA_CIVICO,,,,,,,,Agenzia delle Entrate · WMS CP.CadastralParcel,https://www.immobiliare.it/annunci/127522378/,2026-08-27T21:04:17.080999+00:00,2026-09-03T19:00:11.931549+00:00
M660-564,564,MASTER_660,NO,Sant'Antonino di Susa,Vendita Appartamento Sant'Antonino di Susa. Trilocale in via Moncenisio ...,APPARTAMENTO,via Moncenisio,SI,INDIRIZZO_SENZA_CIVICO,,,,,,,,Agenzia delle Entrate · WMS CP.CadastralParcel,https://www.immobiliare.it/annunci/126480489/,2026-08-27T21:04:17.081005+00:00,2026-09-03T19:00:11.931557+00:00
M660-565,565,MASTER_660,NO,Sant'Antonino di Susa,Vendita Appartamento Sant'Antonino di Susa. Trilocale in via Assietta 1 ...,APPARTAMENTO,via Assietta 1,SI,MAPPALE_VERIFICATO,45.1065859,7.2800009,"Via Assietta, Cresto, Sant'Antonino di Susa, Torino, Piemonte, 10055, Italia",IT.AGE.PLA.I296_000800.1162,I296,000800,1162,Agenzia delle Entrate · WMS CP.CadastralParcel,https://www.immobiliare.it/annunci/130983230/,2026-08-27T21:04:17.081010+00:00,2026-09-03T19:09:06.261514+00:00
M660-566,566,MASTER_660,NO,Sant'Antonino di Susa,Vendita Appartamento in via Torino. Sant'Antonino di Susa. Ottimo stato ...,APPARTAMENTO,via Torino. Sant'Antonino di Susa. Ottimo stato,SI,INDIRIZZO_SENZA_CIVICO,,,,,,,,Agenzia delle Entrate · WMS CP.CadastralParcel,https://www.immobiliare.it/annunci/125755035/,2026-08-27T21:04:17.081015+00:00,2026-09-03T19:00:14.215642+00:00
M660-567,567,MASTER_660,NO,Susa,"Appartamento all'asta in Via Martiri della Libertà, 14, Susa ...",APPARTAMENTO,"Via Martiri della Libertà, 14",SI,MAPPALE_VERIFICATO,45.1364558,7.0451123,"14, Via Martiri della Libertà, Borgo Storico, Balma di Grosso, Susa, Torino, Piemonte, 10059, Italia",IT.AGE.PLA.L013_000400.178,L013,000400,178,Agenzia delle Entrate · WMS CP.CadastralParcel,https://www.idealista.it/immobile/35959937/,2026-08-27T21:04:17.081043+00:00,2026-09-03T19:09:06.840227+00:00
M660-568,568,MASTER_660,NO,Susa,Vendita Appartamento Milano. Bilocale in piazzale Susa 7. Ottimo stato ...,APPARTAMENTO,,SI,INDIRIZZO_SENZA_CIVICO,,,,,,,,Agenzia delle Entrate · WMS CP.CadastralParcel,https://www.immobiliare.it/annunci/131901380/,2026-08-27T21:04:17.081067+00:00,2026-09-03T19:00:16.677216+00:00
M660-569,569,MASTER_660,NO,Susa,"Vendita Appartamento in corso stati uniti. Susa. Buono stato, secondo ...",APPARTAMENTO,corso stati uniti. Susa. Buono stato,SI,INDIRIZZO_SENZA_CIVICO,,,,,,,,Agenzia delle Entrate · WMS CP.CadastralParcel,https://www.immobiliare.it/annunci/126437697/,2026-08-27T21:04:17.081072+00:00,2026-09-03T19:00:16.677232+00:00
M660-570,570,MASTER_660,NO,Susa,Vendita Appartamento Susa. Quadrilocale in via dei sei martiri. Buono ...,APPARTAMENTO,via dei sei martiri. Buono,SI,INDIRIZZO_SENZA_CIVICO,,,,,,,,Agenzia delle Entrate · WMS CP.CadastralParcel,https://www.immobiliare.it/annunci/109230925/,2026-08-27T21:04:17.081078+00:00,2026-09-03T19:00:16.677243+00:00
M660-571,571,MASTER_660,NO,Susa,Vendita Appartamento Susa. Bilocale in corso Luciano Couvert 18. Buono ...,APPARTAMENTO,corso Luciano Couvert 18,SI,MAPPALE_VERIFICATO,45.1391043,7.0555563,"Nemo Stefano, 18, Corso Luciano Couvert, Borgo dei Cappuccini, Balma di Grosso, Susa, Torino, Piemonte, 10059, Italia",IT.AGE.PLA.L013_001000.410,L013,001000,410,Agenzia delle Entrate · WMS CP.CadastralParcel,https://www.immobiliare.it/annunci/125818695/,2026-08-27T21:04:17.081084+00:00,2026-09-03T19:09:07.381382+00:00
M660-572,572,MASTER_660,NO,Susa,Vendita Appartamento Bardonecchia. Bilocale in via Susa 13. Ottimo ...,APPARTAMENTO,via Susa 13,SI,MAPPALE_VERIFICATO,45.1280702,7.0433642,"Via Susa, Colfacero, Gravere, Torino, Piemonte, 10059, Italia",IT.AGE.PLA.E154_000800.624,E154,000800,624,Agenzia delle Entrate · WMS CP.CadastralParcel,https://www.immobiliare.it/annunci/125737541/,2026-08-27T21:04:17.081090+00:00,2026-09-03T19:09:07.958669+00:00
M660-573,573,MASTER_660,NO,Susa,Vendita Appartamento Susa. Quadrilocale in via dei Sei Martiri 2 ...,APPARTAMENTO,via dei Sei Martiri 2,SI,MAPPALE_VERIFICATO,45.1357272,7.0495455,"Via dei Sei Martiri, Borgo dei Nobili, Balma di Grosso, Susa, Torino, Piemonte, 10059, Italia",IT.AGE.PLA.L013_001100.989,L013,001100,989,Agenzia delle Entrate · WMS CP.CadastralParcel,https://www.immobiliare.it/annunci/120695008/,2026-08-27T21:04:17.081095+00:00,2026-09-03T19:09:08.548538+00:00
M660-574,574,MASTER_660,NO,Trana,"Vendita Appartamento in via Lunga 47. San Mauro Torinese. Nuovo, piano ...",APPARTAMENTO,via Lunga 47,SI,GEOCODE_NON_TROVATO,,,,,,,,Agenzia delle Entrate · WMS CP.CadastralParcel,https://www.immobiliare.it/annunci/123857501/,2026-08-27T21:04:17.081164+00:00,2026-09-03T19:00:29.439989+00:00
M660-575,575,MASTER_660,NO,Vaie,"Vendita Appartamento Vaie. Trilocale in via Torino 23. Ottimo stato, su ...",APPARTAMENTO,via Torino 23,SI,MAPPALE_VERIFICATO,45.1062247,7.2981103,"Via Torino, Vaie, Torino, Piemonte, 10055, Italia",IT.AGE.PLA.L538_000300.412,L538,000300,412,Agenzia delle Entrate · WMS CP.CadastralParcel,https://www.immobiliare.it/annunci/106396335/,2026-08-27T21:04:17.081199+00:00,2026-09-03T19:09:09.148518+00:00
M660-576,576,MASTER_660,NO,Vaie,Vendita Appartamento Vaie. Bilocale in piazza del Priore 2. Ottimo ...,APPARTAMENTO,piazza del Priore 2,SI,MAPPALE_VERIFICATO,45.1022914,7.2900788,"Piazza del Priore, Vaie, Torino, Piemonte, Italia",IT.AGE.PLA.L538_000400.417,L538,000400,417,Agenzia delle Entrate · WMS CP.CadastralParcel,https://www.immobiliare.it/annunci/130665830/,2026-08-27T21:04:17.081204+00:00,2026-09-03T19:09:09.748163+00:00
M660-577,577,MASTER_660,NO,Vaie,Vendita Appartamento Vaie. Monolocale in via I Maggio 53. Ottimo stato ...,APPARTAMENTO,via I Maggio 53,SI,NESSUN_MAPPALE_AL_PUNTO,45.1024660,7.2844283,"Via Primo Maggio, Vaie, Torino, Piemonte, 10055, Italia",,,,,Agenzia delle Entrate · WMS CP.CadastralParcel,https://www.immobiliare.it/annunci/112430743/,2026-08-27T21:04:17.081209+00:00,2026-09-03T19:09:10.310273+00:00
M660-578,578,MASTER_660,NO,Val della Torre,Vendita Appartamento in villa in via Borgo Nuovo 18 Val della Torre ...,VILLA,via Borgo Nuovo 18,SI,GEOCODE_NON_TROVATO,,,,,,,,Agenzia delle Entrate · WMS CP.CadastralParcel,https://www.immobiliare.it/annunci/126543177/,2026-08-27T21:04:17.081234+00:00,2026-09-03T19:00:39.544342+00:00
M660-579,579,MASTER_660,NO,Valgioie,Vendita Appartamento Torino. Quadrilocale in via Valgioie 60. Buono ...,APPARTAMENTO,via Valgioie 60,SI,NESSUN_MAPPALE_AL_PUNTO,45.0653808,7.3587268,"Via Sala, Case Mastropietro, Valgioie, Torino, Piemonte, 10094, Italia",,,,,Agenzia delle Entrate · WMS CP.CadastralParcel,https://www.immobiliare.it/annunci/131854878/,2026-08-27T21:04:17.081256+00:00,2026-09-03T19:09:10.998044+00:00
M660-580,580,MASTER_660,NO,Valgioie,Vendita Villa unifamiliare in Colle Braida 40 Valgioie. Ottimo stato ...,VILLA,,SI,INDIRIZZO_SENZA_CIVICO,,,,,,,,Agenzia delle Entrate · WMS CP.CadastralParcel,https://www.immobiliare.it/annunci/126433467/,2026-08-27T21:04:17.081267+00:00,2026-09-03T19:00:55.339949+00:00
M660-581,581,MASTER_660,NO,Valgioie,Vendita Terratetto plurifamiliare in Borgata Chiapero 44 Valgioie ...,CASA_INDIPENDENTE_TERRATETTO,Borgata Chiapero 44,SI,GEOCODE_NON_TROVATO,,,,,,,,Agenzia delle Entrate · WMS CP.CadastralParcel,https://www.immobiliare.it/annunci/128293754/,2026-08-27T21:04:17.081272+00:00,2026-09-03T19:00:55.339965+00:00
M660-582,582,MASTER_660,NO,Valgioie,Vendita Villa bifamiliare in Borgata Chiapero 6 Valgioie. Da ...,VILLA,Borgata Chiapero 6,SI,GEOCODE_NON_TROVATO,,,,,,,,Agenzia delle Entrate · WMS CP.CadastralParcel,https://www.immobiliare.it/annunci/113536897/,2026-08-27T21:04:17.081278+00:00,2026-09-03T19:00:55.807979+00:00
M660-583,583,MASTER_660,NO,Venaus,Casa indipendente in Vendita in Frazione Bar Cenisio 24 a Venaus,CASA_INDIPENDENTE_TERRATETTO,Frazione Bar Cenisio 24,SI,GEOCODE_NON_TROVATO,,,,,,,,Agenzia delle Entrate · WMS CP.CadastralParcel,https://www.casa.it/immobili/54545291/,2026-08-27T21:04:17.081303+00:00,2026-09-03T19:00:56.293980+00:00
M660-584,584,MASTER_660,NO,Venaus,"Case in affitto a Ar Cenisio, Venaus - Case in Vendita e in Affitto",ALTRO_NON_DETERMINATO,,NO,NON_TARGET,,,,,,,,Agenzia delle Entrate · WMS CP.CadastralParcel,https://caseinvenditainaffitto.it/case-in-affitto/ar-cenisio-venaus,2026-08-27T21:04:17.081308+00:00,2026-09-03T19:00:56.963003+00:00
M660-585,585,MASTER_660,NO,Villar Focchiardo,Vendita Appartamento Villar Focchiardo. Quadrilocale in via Copotti 2 ...,APPARTAMENTO,via Copotti 2,SI,MAPPALE_VERIFICATO,45.1113565,7.2425094,"Via Copotti, Truna, Villar Focchiardo, Torino, Piemonte, Italia",IT.AGE.PLA.M007_000500.9,M007,000500,9,Agenzia delle Entrate · WMS CP.CadastralParcel,https://www.immobiliare.it/annunci/124112589/,2026-08-27T21:04:17.081385+00:00,2026-09-03T19:09:11.535070+00:00
M660-586,586,MASTER_660,NO,Villarbasse,Case e appartamenti a Villarbasse. Immobili in vendita a ... - Nestoria,PAGINA_RICERCA_CATEGORIA,,NO,NON_TARGET,,,,,,,,Agenzia delle Entrate · WMS CP.CadastralParcel,https://www.nestoria.it/immobiliare/vendita/villarbasse,2026-08-27T21:04:17.081392+00:00,2026-09-03T19:00:58.934459+00:00
M660-587,587,MASTER_660,NO,Villarbasse,"Vendita Villa unifamiliare in regione Carlevè, 36 Villarbasse. Ottimo ...",VILLA,,SI,INDIRIZZO_SENZA_CIVICO,,,,,,,,Agenzia delle Entrate · WMS CP.CadastralParcel,https://www.immobiliare.it/annunci/123034933/,2026-08-27T21:04:17.081417+00:00,2026-09-03T19:00:58.934488+00:00
M660-588,588,MASTER_660,NO,Villarbasse,Vendita Villa unifamiliare in via Fratelli Roasio 9 Villarbasse. Ottimo ...,VILLA,via Fratelli Roasio 9,SI,GEOCODE_NON_TROVATO,,,,,,,,Agenzia delle Entrate · WMS CP.CadastralParcel,https://www.immobiliare.it/annunci/130691968/,2026-08-27T21:04:17.081422+00:00,2026-09-03T19:00:58.934496+00:00
M660-589,589,MASTER_660,NO,Villarbasse,"Vendita Casale in via casotto 1 Villarbasse. Da ristrutturare, posto ...",RUSTICO_CASALE_BAITA,via casotto 1,SI,MAPPALE_VERIFICATO,45.0498563,7.4878056,"Via Casotto, Corbiglia, Villarbasse, Torino, Piemonte, 10040, Italia",IT.AGE.PLA.M002_002200.271,M002,002200,271,Agenzia delle Entrate · WMS CP.CadastralParcel,https://www.immobiliare.it/annunci/124437845/,2026-08-27T21:04:17.081427+00:00,2026-09-03T19:09:12.128719+00:00
M660-590,590,MASTER_660,NO,Villarbasse,Vendita Terratetto plurifamiliare in Strada Camporosso 6 Villarbasse ...,CASA_INDIPENDENTE_TERRATETTO,Strada Camporosso 6,SI,GEOCODE_NON_TROVATO,,,,,,,,Agenzia delle Entrate · WMS CP.CadastralParcel,https://www.immobiliare.it/annunci/122078736/,2026-08-27T21:04:17.081432+00:00,2026-09-03T19:01:01.327433+00:00
M660-591,591,MASTER_660,NO,Villarbasse,"Asta per villa, Villarbasse, Uriola - Scaravaglio Rivoli, rif ...",VILLA,,SI,INDIRIZZO_SENZA_CIVICO,,,,,,,,Agenzia delle Entrate · WMS CP.CadastralParcel,https://www.immobiliare.it/annunci/131967142/,2026-08-27T21:04:17.081451+00:00,2026-09-03T19:01:01.844730+00:00
M660-592,592,MASTER_660,NO,Villarbasse,"Asta per villa, via Villarbasse, 68, Uriola - Scaravaglio Rivoli, rif ...",VILLA,"via Villarbasse, 68",SI,NESSUN_MAPPALE_AL_PUNTO,45.0354049,7.4548414,"Via Villarbasse, Sangano, Torino, Piemonte, 10040, Italia",,,,,Agenzia delle Entrate · WMS CP.CadastralParcel,https://www.immobiliare.it/annunci/131283938/,2026-08-27T21:04:17.081457+00:00,2026-09-03T19:09:12.714508+00:00
M660-593,593,MASTER_660,NO,Villarbasse,Vendita Villa unifamiliare in via Villarbasse 68 Rivoli. Buono stato ...,VILLA,via Villarbasse 68,SI,NESSUN_MAPPALE_AL_PUNTO,45.0354049,7.4548414,"Via Villarbasse, Sangano, Torino, Piemonte, 10040, Italia",,,,,Agenzia delle Entrate · WMS CP.CadastralParcel,https://www.immobiliare.it/annunci/131931692/,2026-08-27T21:04:17.081462+00:00,2026-09-03T19:09:13.271714+00:00
M660-594,594,MASTER_660,NO,Bardonecchia,Vendita Appartamento Bardonecchia. Quadrilocale in via Campo Principe ...,APPARTAMENTO,via Campo Principe,SI,INDIRIZZO_SENZA_CIVICO,,,,,,,,Agenzia delle Entrate · WMS CP.CadastralParcel,https://www.immobiliare.it/annunci/131964500/,2026-08-28T05:06:35.530017+00:00,2026-09-03T19:01:06.526113+00:00
M660-595,595,MASTER_660,NO,Borgone Susa,"Vendita Appartamento in via Montenero 2A. Borgone Susa. Buono stato, su ...",APPARTAMENTO,via Montenero 2A,SI,NESSUN_MAPPALE_AL_PUNTO,45.1152550,7.2689535,"Via Montenero, San Valeriano, Borgone Susa, Torino, Piemonte, 10055, Italia",,,,,Agenzia delle Entrate · WMS CP.CadastralParcel,https://www.immobiliare.it/annunci/122849092/,2026-08-28T05:06:35.530107+00:00,2026-09-03T19:09:13.819069+00:00
M660-596,596,MASTER_660,NO,Caselette,"Asta per appartamento, Roma, Centro Caselette, rif. 131984330 ...",APPARTAMENTO,,SI,INDIRIZZO_SENZA_CIVICO,,,,,,,,Agenzia delle Entrate · WMS CP.CadastralParcel,https://www.immobiliare.it/annunci/131984330/,2026-08-28T05:06:35.530247+00:00,2026-09-03T19:01:08.435639+00:00
M660-597,597,MASTER_660,NO,Collegno,Vendita Appartamento Collegno. Trilocale in piazza Sandro Pertini 6 ...,APPARTAMENTO,piazza Sandro Pertini 6,SI,MAPPALE_VERIFICATO,45.0787081,7.6062565,"6, Piazza Sandro Pertini, Borgata Paradiso, Collegno, Torino, Piemonte, 10093, Italia",IT.AGE.PLA.C860_0010A0.1726,C860,0010A0,1726,Agenzia delle Entrate · WMS CP.CadastralParcel,https://www.immobiliare.it/annunci/130636456/,2026-08-28T05:06:35.530527+00:00,2026-09-03T19:09:14.424735+00:00
M660-598,598,MASTER_660,NO,Collegno,Vendita Appartamento Collegno. Quadrilocale in via Cristoforo Colombo 7 ...,APPARTAMENTO,via Cristoforo Colombo 7,SI,MAPPALE_VERIFICATO,45.0807506,7.5701510,"7, Via Cristoforo Colombo, Leumann, Collegno, Torino, Piemonte, 10090, Italia",IT.AGE.PLA.C860_000700.2069,C860,000700,2069,Agenzia delle Entrate · WMS CP.CadastralParcel,https://www.immobiliare.it/annunci/125735645/,2026-08-28T05:06:35.530532+00:00,2026-09-03T19:09:15.015634+00:00
M660-599,599,MASTER_660,NO,Grugliasco,Vendita Appartamento Grugliasco. Bilocale in via alessandro la marmora ...,APPARTAMENTO,via alessandro la marmora,SI,INDIRIZZO_SENZA_CIVICO,,,,,,,,Agenzia delle Entrate · WMS CP.CadastralParcel,https://www.immobiliare.it/annunci/131080622/,2026-08-28T05:06:35.530795+00:00,2026-09-03T19:01:12.958353+00:00
M660-600,600,MASTER_660,NO,Mattie,"Vendita Appartamento Torino. Bilocale in via Mattie 21. Nuovo, piano ...",APPARTAMENTO,via Mattie 21,SI,NESSUN_MAPPALE_AL_PUNTO,45.1215619,7.0810690,"Via Mattie, Borgata Sarette, Meana di Susa, Torino, Piemonte, 10050, Italia",,,,,Agenzia delle Entrate · WMS CP.CadastralParcel,https://www.immobiliare.it/annunci/132002754/,2026-08-28T05:06:35.530838+00:00,2026-09-03T19:09:15.602182+00:00
M660-601,601,MASTER_660,NO,Novalesa,Case a Via Novalesa. Ville in vendita a Via Novalesa - Nestoria,PAGINA_RICERCA_CATEGORIA,Via Novalesa. Ville in vendita a Via Novalesa,NO,NON_TARGET,,,,,,,,Agenzia delle Entrate · WMS CP.CadastralParcel,https://www.nestoria.it/case/vendita/via-novalesa,2026-08-28T05:06:35.530888+00:00,2026-09-03T19:01:13.568753+00:00
M660-602,602,MASTER_660,NO,Rubiana,"Appartamento all'asta via Roma, Rubiana - Immobiliare.it",APPARTAMENTO,via Roma,SI,INDIRIZZO_SENZA_CIVICO,,,,,,,,Agenzia delle Entrate · WMS CP.CadastralParcel,https://www.immobiliare.it/annunci/131983712/,2026-08-28T05:06:35.531264+00:00,2026-09-03T19:01:13.568769+00:00
M660-603,603,MASTER_660,NO,Rubiana,"Asta per appartamento, Borgata Balma Rubiana, rif. 131977024 ...",APPARTAMENTO,Borgata Balma Rubiana,SI,INDIRIZZO_SENZA_CIVICO,,,,,,,,Agenzia delle Entrate · WMS CP.CadastralParcel,https://www.immobiliare.it/annunci/131977024/,2026-08-28T05:06:35.531268+00:00,2026-09-03T19:01:13.568779+00:00
M660-604,604,MASTER_660,NO,San Giorio,Case e appartamenti a San Giorio. Immobili in vendita a San ... - Nestoria,PAGINA_RICERCA_CATEGORIA,,NO,NON_TARGET,,,,,,,,Agenzia delle Entrate · WMS CP.CadastralParcel,https://www.nestoria.it/immobiliare/vendita/san-giorio,2026-08-28T05:06:35.531285+00:00,2026-09-03T19:01:13.568789+00:00
M660-605,605,MASTER_660,NO,Sant'Antonino di Susa,Vendita Appartamento Sant'Antonino di Susa. Bilocale in via Maisonetta ...,APPARTAMENTO,via Maisonetta,SI,INDIRIZZO_SENZA_CIVICO,,,,,,,,Agenzia delle Entrate · WMS CP.CadastralParcel,https://www.immobiliare.it/annunci/129275710/,2026-08-28T05:06:35.531405+00:00,2026-09-03T19:01:13.568795+00:00
M660-606,606,MASTER_660,NO,Sant'Antonino di Susa,Vendita Appartamento Sant'Antonino di Susa. Trilocale in via Vignassa ...,APPARTAMENTO,via Vignassa,SI,INDIRIZZO_SENZA_CIVICO,,,,,,,,Agenzia delle Entrate · WMS CP.CadastralParcel,https://www.immobiliare.it/annunci/126232995/,2026-08-28T05:06:35.531420+00:00,2026-09-03T19:01:13.568802+00:00
M660-607,607,MASTER_660,NO,Susa,Vendita Appartamento Torino. Quadrilocale in via Susa 40. Ottimo stato ...,APPARTAMENTO,via Susa 40,SI,MAPPALE_VERIFICATO,45.1099841,7.2657666,"40, Via Susa, Maisonetta, Sant'Antonino di Susa, Torino, Piemonte, 10050, Italia",IT.AGE.PLA.I296_000100.170,I296,000100,170,Agenzia delle Entrate · WMS CP.CadastralParcel,https://www.immobiliare.it/annunci/131174330/,2026-08-28T05:06:35.531476+00:00,2026-09-03T19:09:16.200518+00:00
M660-608,608,MASTER_660,NO,Susa,Vendita Terratetto plurifamiliare in via Suffis Meana di Susa. Da ...,CASA_INDIPENDENTE_TERRATETTO,via Suffis Meana di Susa. Da,SI,INDIRIZZO_SENZA_CIVICO,,,,,,,,Agenzia delle Entrate · WMS CP.CadastralParcel,https://www.immobiliare.it/annunci/120740486/,2026-08-28T05:06:35.531481+00:00,2026-09-03T19:01:16.104388+00:00
M660-609,609,MASTER_660,NO,Villar Dora,Case e appartamenti a Villar Dora. Immobili in vendita a ... - Nestoria,PAGINA_RICERCA_CATEGORIA,,NO,NON_TARGET,,,,,,,,Agenzia delle Entrate · WMS CP.CadastralParcel,https://www.nestoria.it/immobiliare/vendita/villar-dora,2026-08-28T05:06:35.531668+00:00,2026-09-03T19:01:16.104409+00:00
M660-610,610,MASTER_660,NO,Collegno,Vendita e Affitto Immobili a Collegno Torino| Agenzia Immobiliare ...,PAGINA_AGENZIA_SERVIZIO,,NO,NON_TARGET,,,,,,,,Agenzia delle Entrate · WMS CP.CadastralParcel,https://www.immobiliareprimaveraenicolo.it/,2026-08-27T21:04:17.079899+00:00,2026-09-03T19:01:16.104419+00:00
M660-611,611,MASTER_660,NO,Avigliana,"Valsusa, Affittasi Locale Commerciale: Offerta Ad Avigliana",NEGOZIO_COMMERCIALE,Corso Laghi 70,SI,NESSUN_MAPPALE_AL_PUNTO,45.0762135,7.4014627,"Corso Laghi, Chiattera, Avigliana, Torino, Piemonte, 10051, Italia",,,,,Agenzia delle Entrate · WMS CP.CadastralParcel,https://www.valsusaoggi.it/valsusa-affittasi-locale-commerciale-offerta-ad-avigliana/,2026-08-28T05:06:35.529905+00:00,2026-09-03T19:09:16.769467+00:00
M660-612,612,MASTER_660,NO,Susa,"SUSA, AFFITTASI LOCALE COMMERCIALE RISTRUTTURATO - ValsusaOggi",NEGOZIO_COMMERCIALE,,SI,INDIRIZZO_SENZA_CIVICO,,,,,,,,Agenzia delle Entrate · WMS CP.CadastralParcel,https://www.valsusaoggi.it/susa-affittasi-locale-commerciale-ristrutturato/,2026-08-28T05:06:35.531437+00:00,2026-09-03T19:01:18.287713+00:00
M660-613,613,MASTER_660,NO,Alpignano,Immobili in vendita a Alpignano | Gabetti,PAGINA_RICERCA_CATEGORIA,Via Della costa 41,NO,NON_TARGET,,,,,,,,Agenzia delle Entrate · WMS CP.CadastralParcel,https://www.gabetti.it/vendita/alpignano,2026-08-21T12:20:59.475246+00:00,2026-09-03T19:01:18.287730+00:00
M660-614,614,MASTER_660,NO,Avigliana,Immobili in Vendita | Agenzia Tecnorete di Avigliana,PAGINA_AGENZIA_SERVIZIO,Via Sacra San Michele - Laghi 6,NO,NON_TARGET,,,,,,,,Agenzia delle Entrate · WMS CP.CadastralParcel,https://avigliana1.tecnorete.it/immobili-in-vendita,2026-08-21T12:20:59.475265+00:00,2026-09-03T19:01:18.287737+00:00
M660-615,615,MASTER_660,NO,Bardonecchia,Immobili in vendita a Bardonecchia | Gabetti,PAGINA_RICERCA_CATEGORIA,Via Sommeiller 8,NO,NON_TARGET,,,,,,,,Agenzia delle Entrate · WMS CP.CadastralParcel,https://www.gabetti.it/vendita/bardonecchia,2026-08-21T12:20:59.475278+00:00,2026-09-03T19:01:18.287743+00:00
M660-616,616,MASTER_660,NO,Mompantero,Rustico in Vendita a Mompantero | Euro 15.000 | Mq 130,RUSTICO_CASALE_BAITA,,SI,INDIRIZZO_SENZA_CIVICO,,,,,,,,Agenzia delle Entrate · WMS CP.CadastralParcel,https://tempocasa.it/it/vendita/torino/mompantero/rustico/15026729,2026-08-21T12:20:59.475638+00:00,2026-09-03T19:01:18.287750+00:00
M660-617,617,MASTER_660,NO,Pianezza,Villa unifamiliare in Vendita a Pianezza | Euro 339.000 | Mq 151,VILLA,,SI,INDIRIZZO_SENZA_CIVICO,,,,,,,,Agenzia delle Entrate · WMS CP.CadastralParcel,https://tempocasa.it/it/vendita/torino/pianezza/villa-unifamiliare/17114622,2026-08-21T12:20:59.475668+00:00,2026-09-03T19:01:18.287757+00:00
M660-618,618,MASTER_660,NO,Villarbasse,Case in vendita a Villarbasse - Wikicasa,PAGINA_RICERCA_CATEGORIA,,NO,NON_TARGET,,,,,,,,Agenzia delle Entrate · WMS CP.CadastralParcel,https://www.wikicasa.it/vendita-case/villarbasse/,2026-08-21T12:20:59.476005+00:00,2026-09-03T19:01:18.287762+00:00
M660-619,619,MASTER_660,NO,Buttigliera Alta,Case in vendita a Buttigliera Alta - Wikicasa,PAGINA_RICERCA_CATEGORIA,Strada del Closio 39,NO,NON_TARGET,,,,,,,,Agenzia delle Entrate · WMS CP.CadastralParcel,https://www.wikicasa.it/vendita-case/buttigliera-alta/,2026-08-23T17:16:38.786783+00:00,2026-09-03T19:01:18.287768+00:00
M660-620,620,MASTER_660,NO,Buttigliera Alta,Immobili in Vendita | Agenzia Tecnorete di Buttigliera Alta,PAGINA_AGENZIA_SERVIZIO,Via IV Novembre 5,NO,NON_TARGET,,,,,,,,Agenzia delle Entrate · WMS CP.CadastralParcel,https://buttiglieraalta1.tecnorete.it/immobili-in-vendita,2026-08-23T17:16:38.786789+00:00,2026-09-03T19:01:18.287774+00:00
M660-621,621,MASTER_660,NO,Bardonecchia,Agenzia Immobiliare RockAgent a Bardonecchia,PAGINA_AGENZIA_SERVIZIO,Via Giolitti 15,NO,NON_TARGET,,,,,,,,Agenzia delle Entrate · WMS CP.CadastralParcel,https://www.rockagent.it/agenzie-immobiliari/bardonecchia,2026-08-27T21:04:17.079370+00:00,2026-09-03T19:01:18.287780+00:00
M660-622,622,MASTER_660,NO,Bussoleno,Vendita Appartamento Torino. Quadrilocale in via bussoleno 26. Ottimo ...,APPARTAMENTO,via bussoleno 26,SI,NESSUN_MAPPALE_AL_PUNTO,45.1373040,7.1424089,"26, Via Carlo Trattenero, Santa Petronilla, Foresto, Bussoleno, Torino, Piemonte, 10053, Italia",,,,,Agenzia delle Entrate · WMS CP.CadastralParcel,https://www.immobiliare.it/annunci/128788718/,2026-08-27T21:04:17.079572+00:00,2026-09-03T19:09:17.381806+00:00
M660-623,623,MASTER_660,NO,Villar Dora,Case indipendenti in vendita a Villar Dora - Wikicasa,ALTRO_NON_DETERMINATO,,NO,NON_TARGET,,,,,,,,Agenzia delle Entrate · WMS CP.CadastralParcel,https://www.wikicasa.it/vendita-case-indipendenti/villar-dora/,2026-08-27T21:04:17.081324+00:00,2026-09-03T19:01:20.534431+00:00
M660-624,624,MASTER_660,NO,Almese,Case e appartamenti a Almese. Immobili in vendita a Almese - Nestoria,PAGINA_RICERCA_CATEGORIA,,NO,NON_TARGET,,,,,,,,Agenzia delle Entrate · WMS CP.CadastralParcel,https://www.nestoria.it/immobiliare/vendita/almese,2026-08-21T12:20:59.475192+00:00,2026-09-03T19:01:20.534446+00:00
M660-625,625,MASTER_660,NO,Borgone Susa,Case e appartamenti a Borgone Susa. Immobili in vendita a ... - Nestoria,PAGINA_RICERCA_CATEGORIA,VIA AUGUSTO ABEGG 68,NO,NON_TARGET,,,,,,,,Agenzia delle Entrate · WMS CP.CadastralParcel,https://www.nestoria.it/immobiliare/vendita/borgone-susa,2026-08-21T12:20:59.475298+00:00,2026-09-03T19:01:20.534455+00:00
M660-626,626,MASTER_660,NO,Borgone Susa,"Cerco casa, portale dedicato alle ricerca di appartamenti in vendita e ...",PAGINA_RICERCA_CATEGORIA,Via dei Gravè 5,NO,NON_TARGET,,,,,,,,Agenzia delle Entrate · WMS CP.CadastralParcel,https://www.tecnorete.it/annunci/immobili/piemonte/torino/borgone-susa.html,2026-08-21T12:20:59.475304+00:00,2026-09-03T19:01:20.534461+00:00
M660-627,627,MASTER_660,NO,Caselette,Immobili in vendita a Caselette | Gabetti,PAGINA_RICERCA_CATEGORIA,Via Ciriè 15,NO,NON_TARGET,,,,,,,,Agenzia delle Entrate · WMS CP.CadastralParcel,https://www.gabetti.it/vendita/caselette,2026-08-21T12:20:59.475393+00:00,2026-09-03T19:01:20.534467+00:00
M660-628,628,MASTER_660,NO,Condove,"Casa indipendente in vendita in Via Moncenisio, 72 - idealista",CASA_INDIPENDENTE_TERRATETTO,Via Moncenisio 72,SI,NESSUN_MAPPALE_AL_PUNTO,45.1149631,7.3004521,"Via Moncenisio, Poisatto, Condove, Torino, Piemonte, 10055, Italia",,,,,Agenzia delle Entrate · WMS CP.CadastralParcel,https://www.idealista.it/immobile/33250712/,2026-08-21T12:20:59.475523+00:00,2026-09-03T19:09:17.977175+00:00
M660-629,629,MASTER_660,NO,Giaglione,Instagram,ALTRO_NON_DETERMINATO,,NO,NON_TARGET,,,,,,,,Agenzia delle Entrate · WMS CP.CadastralParcel,https://www.instagram.com/p/DZcPoC0jctl/,2026-08-21T12:20:59.475542+00:00,2026-09-03T19:01:22.449003+00:00
M660-630,630,MASTER_660,NO,Giaveno,Immobili in vendita a Giaveno | Gabetti,PAGINA_RICERCA_CATEGORIA,Borgata Selvaggio Sotto 31,NO,NON_TARGET,,,,,,,,Agenzia delle Entrate · WMS CP.CadastralParcel,https://www.gabetti.it/vendita/giaveno,2026-08-21T12:20:59.475547+00:00,2026-09-03T19:01:22.449020+00:00
M660-631,631,MASTER_660,NO,Oulx,Immobili in vendita a Oulx | Gabetti,PAGINA_RICERCA_CATEGORIA,vicolo Bouchard 6,NO,NON_TARGET,,,,,,,,Agenzia delle Entrate · WMS CP.CadastralParcel,https://www.gabetti.it/vendita/oulx,2026-08-21T12:20:59.475663+00:00,2026-09-03T19:01:22.449027+00:00
M660-632,632,MASTER_660,NO,Pianezza,Immobili in vendita a Pianezza | Gabetti,PAGINA_RICERCA_CATEGORIA,Via Calvino 0,NO,NON_TARGET,,,,,,,,Agenzia delle Entrate · WMS CP.CadastralParcel,https://www.gabetti.it/vendita/pianezza,2026-08-21T12:20:59.475676+00:00,2026-09-03T19:01:22.449033+00:00
M660-633,633,MASTER_660,NO,Reano,61 Rustici in vendita a Reano - Mitula Case,PAGINA_RICERCA_CATEGORIA,,NO,NON_TARGET,,,,,,,,Agenzia delle Entrate · WMS CP.CadastralParcel,https://immobiliare.mitula.it/rustico-reano,2026-08-21T12:20:59.475780+00:00,2026-09-03T19:01:22.449041+00:00
M660-634,634,MASTER_660,NO,Rivoli,Immobili in vendita a Rivoli | Gabetti,PAGINA_RICERCA_CATEGORIA,,NO,NON_TARGET,,,,,,,,Agenzia delle Entrate · WMS CP.CadastralParcel,https://www.gabetti.it/vendita/rivoli,2026-08-21T12:20:59.475793+00:00,2026-09-03T19:01:22.449046+00:00
M660-635,635,MASTER_660,NO,Sangano,Pragma Case,PAGINA_AGENZIA_SERVIZIO,,NO,NON_TARGET,,,,,,,,Agenzia delle Entrate · WMS CP.CadastralParcel,https://pragmacase.it/,2026-08-21T12:20:59.475864+00:00,2026-09-03T19:01:22.449052+00:00
M660-636,636,MASTER_660,NO,Trana,Case in vendita a Trana - Wikicasa,PAGINA_RICERCA_CATEGORIA,,NO,NON_TARGET,,,,,,,,Agenzia delle Entrate · WMS CP.CadastralParcel,https://www.wikicasa.it/vendita-case/trana/,2026-08-21T12:20:59.475925+00:00,2026-09-03T19:01:22.449057+00:00
M660-637,637,MASTER_660,NO,Almese,Immobili in Vendita | Agenzia Tecnorete di Almese,PAGINA_AGENZIA_SERVIZIO,Borgata Carello inferiore - Mompellato 4,NO,NON_TARGET,,,,,,,,Agenzia delle Entrate · WMS CP.CadastralParcel,https://almese1.tecnorete.it/immobili-in-vendita,2026-08-22T17:17:15.502399+00:00,2026-09-03T19:01:22.449063+00:00
M660-638,638,MASTER_660,NO,Caselette,Vendita Villa a schiera in via San Giovanni Bosco Caselette. Buono ...,VILLA,via San Giovanni Bosco Caselette. Buono,SI,INDIRIZZO_SENZA_CIVICO,,,,,,,,Agenzia delle Entrate · WMS CP.CadastralParcel,https://www.immobiliare.it/annunci/130528404/,2026-08-22T17:17:15.502516+00:00,2026-09-03T19:01:22.449070+00:00
M660-639,639,MASTER_660,NO,Trana,Vendita Appartamento Trana. Trilocale in via Roma 38. Ottimo stato ...,APPARTAMENTO,via Roma 38,SI,NESSUN_MAPPALE_AL_PUNTO,45.0380401,7.4191931,"Via Roma, Galletto, San Bernardino, Trana, Torino, Piemonte, 10051, Italia",,,,,Agenzia delle Entrate · WMS CP.CadastralParcel,https://www.immobiliare.it/annunci/130836570/,2026-08-22T17:17:15.502881+00:00,2026-09-03T19:09:18.553678+00:00
M660-640,640,MASTER_660,NO,Borgone Susa,Case a Borgone Susa. Ville in vendita a Borgone Susa - Nestoria,PAGINA_RICERCA_CATEGORIA,,NO,NON_TARGET,,,,,,,,Agenzia delle Entrate · WMS CP.CadastralParcel,https://www.nestoria.it/case/vendita/borgone-susa,2026-08-23T09:11:13.222374+00:00,2026-09-03T19:01:24.698916+00:00
M660-641,641,MASTER_660,NO,Buttigliera Alta,"Cerco casa, portale dedicato alle ricerca di appartamenti in vendita e ...",PAGINA_RICERCA_CATEGORIA,Via IV Novembre 5,NO,NON_TARGET,,,,,,,,Agenzia delle Entrate · WMS CP.CadastralParcel,https://www.tecnorete.it/annunci/immobili/piemonte/torino/buttigliera-alta.html,2026-08-23T09:11:13.222426+00:00,2026-09-03T19:01:24.698931+00:00
M660-642,642,MASTER_660,NO,Collegno,13.960 immobili in vendita a Viale Antonio Gramsci Collegno,PAGINA_RICERCA_CATEGORIA,,NO,NON_TARGET,,,,,,,,Agenzia delle Entrate · WMS CP.CadastralParcel,https://www.nestoria.it/immobiliare/vendita/viale-antonio-gramsci_collegno,2026-08-23T09:11:13.222500+00:00,2026-09-03T19:01:24.698939+00:00
M660-643,643,MASTER_660,NO,Avigliana,22.987 immobili in vendita a Avigliana - Nestoria,PAGINA_RICERCA_CATEGORIA,,NO,NON_TARGET,,,,,,,,Agenzia delle Entrate · WMS CP.CadastralParcel,https://www.nestoria.it/immobiliare/vendita/avigliana,2026-08-23T17:16:38.786702+00:00,2026-09-03T19:01:24.698945+00:00
M660-644,644,MASTER_660,NO,Avigliana,Immobiliare Castello Srl - Avigliana | Agenzia Tecnorete di Avigliana,PAGINA_AGENZIA_SERVIZIO,Corso Laghi 208,NO,NON_TARGET,,,,,,,,Agenzia delle Entrate · WMS CP.CadastralParcel,https://avigliana1.tecnorete.it/avigliana/avigliana/,2026-08-23T17:16:38.786710+00:00,2026-09-03T19:01:24.698954+00:00
M660-645,645,MASTER_660,NO,Rivoli,Ghigo agenzia immobiliare a Rivoli - Trova o vendi casa,PAGINA_AGENZIA_SERVIZIO,,NO,NON_TARGET,,,,,,,,Agenzia delle Entrate · WMS CP.CadastralParcel,https://www.ghigoimmobiliare.it/,2026-08-23T17:16:38.787017+00:00,2026-09-03T19:01:24.698961+00:00
M660-646,646,MASTER_660,NO,Avigliana,Vendita Appartamento Avigliana. Trilocale in viale Roma. Ottimo stato ...,APPARTAMENTO,viale Roma. Ottimo stato,SI,INDIRIZZO_SENZA_CIVICO,,,,,,,,Agenzia delle Entrate · WMS CP.CadastralParcel,https://www.immobiliare.it/annunci/126967969/,2026-08-27T21:04:17.079241+00:00,2026-09-03T19:01:24.698967+00:00
M660-647,647,MASTER_660,NO,Avigliana,Vendita Appartamento Avigliana. Quadrilocale in via IV novembre. Ottimo ...,APPARTAMENTO,via IV novembre. Ottimo,SI,INDIRIZZO_SENZA_CIVICO,,,,,,,,Agenzia delle Entrate · WMS CP.CadastralParcel,https://www.immobiliare.it/annunci/130119076/,2026-08-27T21:04:17.079247+00:00,2026-09-03T19:01:24.698976+00:00
M660-648,648,MASTER_660,NO,Borgone Susa,Annunci case e appartamenti in vendita e in affitto - Tecnocasa.it,PAGINA_RICERCA_CATEGORIA,Via Monte Bianco 60/A,NO,NON_TARGET,,,,,,,,Agenzia delle Entrate · WMS CP.CadastralParcel,https://www.tecnocasa.it/vendita/ville/torino/borgone-susa/61255852.html,2026-08-27T21:04:17.079466+00:00,2026-09-03T19:01:24.698983+00:00
M660-649,649,MASTER_660,NO,Bussoleno,Vendita Appartamento Torino. Trilocale in via bussoleno 7. Buono stato ...,APPARTAMENTO,via bussoleno 7,SI,NESSUN_MAPPALE_AL_PUNTO,45.1380376,7.1461223,"7, Via Carlo Trattenero, Santa Petronilla, Foresto, Bussoleno, Torino, Piemonte, 10053, Italia",,,,,Agenzia delle Entrate · WMS CP.CadastralParcel,https://www.immobiliare.it/annunci/129460110/,2026-08-27T21:04:17.079577+00:00,2026-09-03T19:09:19.151509+00:00
M660-650,650,MASTER_660,NO,Caselette,Casa Semindipendente in Vendita Caselette 45671003-52 | RE/MAX Italia,PAGINA_AGENZIA_SERVIZIO,corso Susa 192,NO,NON_TARGET,,,,,,,,Agenzia delle Entrate · WMS CP.CadastralParcel,https://www.remax.it/trova/immobile/Casa-Semindipendente-In-Vendita-Caselette_45671003-52,2026-08-27T21:04:17.079671+00:00,2026-09-03T19:01:26.826392+00:00
M660-651,651,MASTER_660,NO,Pianezza,Immobiliare Pianezza Centro tantissimi annunci immobiliari pubblicati ...,ALTRO_NON_DETERMINATO,,NO,NON_TARGET,,,,,,,,Agenzia delle Entrate · WMS CP.CadastralParcel,https://www.pianezzacentro.it/,2026-08-27T21:04:17.080501+00:00,2026-09-03T19:01:26.826412+00:00
M660-652,652,MASTER_660,NO,Pianezza,"Vendita Villa bifamiliare in via druento Pianezza. Buono stato, posto ...",VILLA,via druento Pianezza. Buono stato,SI,INDIRIZZO_SENZA_CIVICO,,,,,,,,Agenzia delle Entrate · WMS CP.CadastralParcel,https://www.immobiliare.it/annunci/121363772/,2026-08-27T21:04:17.080556+00:00,2026-09-03T19:01:26.826420+00:00
M660-653,653,MASTER_660,NO,Rivoli,Immobilis Rivoli - Immobilis,ALTRO_NON_DETERMINATO,,NO,NON_TARGET,,,,,,,,Agenzia delle Entrate · WMS CP.CadastralParcel,https://immobilis.it/agenzia/immobilis-rivoli/,2026-08-27T21:04:17.080592+00:00,2026-09-03T19:01:26.826430+00:00
M660-654,654,MASTER_660,NO,Rivoli,Vendita Appartamento Rivoli. Trilocale in via Rita Levi Montalcini ...,APPARTAMENTO,via Rita Levi Montalcini,SI,INDIRIZZO_SENZA_CIVICO,,,,,,,,Agenzia delle Entrate · WMS CP.CadastralParcel,https://www.immobiliare.it/annunci/129982044/,2026-08-27T21:04:17.080665+00:00,2026-09-03T19:01:26.826437+00:00
M660-655,655,MASTER_660,NO,Rosta,Vendita Appartamento Torino. Trilocale in via rosta 12. Buono stato ...,APPARTAMENTO,via rosta 12,SI,MAPPALE_VERIFICATO,45.0525788,7.4726935,"Via Rosta, Rosta, Torino, Piemonte, 10040, Italia",IT.AGE.PLA.H583_002300.192,H583,002300,192,Agenzia delle Entrate · WMS CP.CadastralParcel,https://www.immobiliare.it/annunci/130152860/,2026-08-27T21:04:17.080749+00:00,2026-09-03T19:09:19.736050+00:00
M660-656,656,MASTER_660,NO,Trana,"Gruppo Immobiliare Progedimm | Trana, Via Vercelli 5 ... - Instagram",ALTRO_NON_DETERMINATO,Via Vercelli 5,NO,NON_TARGET,,,,,,,,Agenzia delle Entrate · WMS CP.CadastralParcel,https://www.instagram.com/p/C4oYimmIgLl/,2026-08-27T21:04:17.081123+00:00,2026-09-03T19:01:28.971581+00:00
M660-657,657,MASTER_660,NO,Valgioie,"Cerco casa, portale dedicato alle ricerca di appartamenti in vendita e ...",PAGINA_RICERCA_CATEGORIA,,NO,NON_TARGET,,,,,,,,Agenzia delle Entrate · WMS CP.CadastralParcel,https://www.tecnorete.it/annunci/immobili/piemonte/torino/valgioie.html,2026-08-27T21:04:17.081251+00:00,2026-09-03T19:01:28.971597+00:00
M660-658,658,MASTER_660,NO,Valgioie,Vendita Appartamento Torino. Trilocale in via Valgioie 88. Ottimo stato ...,APPARTAMENTO,via Valgioie 88,SI,NESSUN_MAPPALE_AL_PUNTO,45.0653808,7.3587268,"Via Sala, Case Mastropietro, Valgioie, Torino, Piemonte, 10094, Italia",,,,,Agenzia delle Entrate · WMS CP.CadastralParcel,https://www.immobiliare.it/annunci/130920012/,2026-08-27T21:04:17.081262+00:00,2026-09-03T19:09:20.381692+00:00
M660-659,659,MASTER_660,NO,Villarbasse,"Vendita Appartamento in via Rivoli. Villarbasse. Ottimo stato, su più ...",APPARTAMENTO,via Rivoli. Villarbasse. Ottimo stato,SI,INDIRIZZO_SENZA_CIVICO,,,,,,,,Agenzia delle Entrate · WMS CP.CadastralParcel,https://www.immobiliare.it/annunci/131896744/,2026-08-27T21:04:17.081437+00:00,2026-09-03T19:01:31.709302+00:00
M660-660,660,MASTER_660,NO,Mattie,"ValsusaOggi | VALSUSA, VENDESI CASA CON BOX AUTO MATTIE (redazionale ...",GARAGE_BOX,,NO,NON_TARGET,,,,,,,,Agenzia delle Entrate · WMS CP.CadastralParcel,https://www.instagram.com/reel/DbvIaMeOW10/,2026-08-28T05:06:35.530833+00:00,2026-09-03T19:01:31.709323+00:00
LIVE-9e359edf6bbd22d7,,RADAR_LIVE,SI,Villar Dora,"Appartamento in vendita a Villar Dora via Sant'Anastasio, 6",NON_CLASSIFICATO,"via Sant'Anastasio, 6",NO,NON_TARGET,,,,,,,,Agenzia delle Entrate · WMS CP.CadastralParcel,https://www.trovacasa.it/annunci/to-tc-95641-72867715,2026-09-03T18:47:06.319873+00:00,2026-09-03T19:09:20.950356+00:00
LIVE-0cfd48edba831499,,RADAR_LIVE,NO,Giaglione,Vendita terreni e rustici a Torino Settembre 2026 su Bakeca,NON_CLASSIFICATO,,NO,NON_TARGET,,,,,,,,Agenzia delle Entrate · WMS CP.CadastralParcel,https://torino.bakeca.it/annunci/terreni-rustici/contrattotipo/vendita/,2026-09-01T18:58:42.120149+00:00,2026-09-03T19:01:31.709334+00:00
LIVE-13923c4420b602c3,,RADAR_LIVE,SI,Meana di Susa,Case indipendenti e ville a schiera in vendita Meana di Susa - Subito.it,NON_CLASSIFICATO,,NO,NON_TARGET,,,,,,,,Agenzia delle Entrate · WMS CP.CadastralParcel,https://www.subito.it/annunci-piemonte/vendita/ville-singole-e-a-schiera/torino/meana-di-susa/,2026-09-02T16:09:34.324747+00:00,2026-09-03T19:01:31.709347+00:00
LIVE-4bacd8491bbac017,,RADAR_LIVE,SI,Coazze,Case indipendenti e ville a schiera in vendita Coazze - Subito.it,NON_CLASSIFICATO,,NO,NON_TARGET,,,,,,,,Agenzia delle Entrate · WMS CP.CadastralParcel,https://www.subito.it/annunci-piemonte/vendita/ville-singole-e-a-schiera/torino/coazze/,2026-09-03T18:47:06.318329+00:00,2026-09-03T19:09:20.950395+00:00
LIVE-21c6f50a5116e43e,,RADAR_LIVE,SI,Rivoli,Case indipendenti e ville a schiera in vendita Rivoli - Subito.it,NON_CLASSIFICATO,,NO,NON_TARGET,,,,,,,,Agenzia delle Entrate · WMS CP.CadastralParcel,https://www.subito.it/annunci-piemonte/vendita/ville-singole-e-a-schiera/torino/rivoli/,2026-09-03T18:47:06.319064+00:00,2026-09-03T19:09:20.950405+00:00
LIVE-45218b316d3e0a9b,,RADAR_LIVE,SI,Borgone Susa,3 Capannoni in affitto a Borgone Susa - Mitula Case,NON_CLASSIFICATO,,NO,NON_TARGET,,,,,,,,Agenzia delle Entrate · WMS CP.CadastralParcel,https://immobiliare.mitula.it/affitto-capannone-borgone-susa,2026-09-03T18:47:06.317916+00:00,2026-09-03T19:09:20.950414+00:00
LIVE-564c488516c72d94,,RADAR_LIVE,SI,Condove,"Casa Indipendente in Borgata Pratobottrile, Condove (TO)",NON_CLASSIFICATO,Borgata Pratobottrile,NO,NON_TARGET,,,,,,,,Agenzia delle Entrate · WMS CP.CadastralParcel,https://www.gabetti.it/vendita/condove/terratetto-unifamiliare/3336331,2026-09-03T18:47:06.318507+00:00,2026-09-03T19:09:20.950424+00:00
LIVE-8cdbfc2efb31d1bf,,RADAR_LIVE,SI,San Valeriano,Vendita Appartamento Borgone Susa. Bilocale in via Ponte Dora 7. Nuovo ...,NON_CLASSIFICATO,via Ponte Dora 7,NO,NON_TARGET,,,,,,,,Agenzia delle Entrate · WMS CP.CadastralParcel,https://www.immobiliare.it/annunci/109382193/,2026-09-02T16:09:34.325620+00:00,2026-09-03T19:01:31.709364+00:00
LIVE-5ec941292fd7b20d,,RADAR_LIVE,SI,Almese,"Locale commerciale piazza Martiri della Libertà 31, Almese, Rif ...",NON_CLASSIFICATO,piazza Martiri della Libertà 31,SI,NESSUN_MAPPALE_AL_PUNTO,45.1172896,7.3950990,"Piazza Martiri della Libertà, Fucinassa, Almese, Torino, Piemonte, 10051, Italia",,,,,Agenzia delle Entrate · WMS CP.CadastralParcel,https://www.immobiliare.it/annunci/113407257/,2026-09-03T18:47:06.317571+00:00,2026-09-03T19:09:20.950443+00:00
LIVE-ab500015206766fb,,RADAR_LIVE,SI,Alpignano,232 Locali commerciali in affitto a Alpignano - Mitula Case,NON_CLASSIFICATO,,NO,NON_TARGET,,,,,,,,Agenzia delle Entrate · WMS CP.CadastralParcel,https://immobiliare.mitula.it/affitto-locale-commerciale-alpignano,2026-09-03T18:47:06.317636+00:00,2026-09-03T19:09:22.847823+00:00
LIVE-0ae11a0318891a0e,,RADAR_LIVE,SI,Avigliana,PromoGest di Dott. Giovanni Sanchesi | Vendita e Affitto Immobili Torino,NON_CLASSIFICATO,,NO,NON_TARGET,,,,,,,,Agenzia delle Entrate · WMS CP.CadastralParcel,https://www.promogest.org/,2026-09-03T18:47:06.317743+00:00,2026-09-03T19:09:22.847845+00:00
LIVE-abaaca4cf9d1a058,,RADAR_LIVE,SI,Bardonecchia,Locale Commerciale Bardonecchia - 43 locali comerciali in affito in ...,NON_CLASSIFICATO,Via Bardonecchia 134,SI,NESSUN_MAPPALE_AL_PUNTO,45.1126301,6.7464628,"Via Bardonecchia, Rochemolles, Bardonecchia, Torino, Piemonte, 10052, Italia",,,,,Agenzia delle Entrate · WMS CP.CadastralParcel,https://www.nuroa.it/affitto-case/locale-commerciale-bardonecchia,2026-09-03T18:47:06.317830+00:00,2026-09-03T19:09:22.847856+00:00
LIVE-372aa82ad766df61,,RADAR_LIVE,SI,Rosta,"Vendita Attico in via Faran Rosta. Nuovo, posto auto, con balcone, rif ...",NON_CLASSIFICATO,via Faran Rosta. Nuovo,NO,NON_TARGET,,,,,,,,Agenzia delle Entrate · WMS CP.CadastralParcel,https://www.immobiliare.it/annunci/130847992/,2026-09-03T18:47:06.319193+00:00,2026-09-03T19:09:24.860501+00:00
LIVE-c7f47eaabb71eaea,,RADAR_LIVE,NO,Caprie,"Capannone in affitto a Caprie via Roma, 12 - TrovaCasa",NON_CLASSIFICATO,via Roma 12,NO,NON_TARGET,,,,,,,,Agenzia delle Entrate · WMS CP.CadastralParcel,https://www.trovacasa.it/annunci/to-tc-95641-72900561,2026-09-01T18:58:42.119401+00:00,2026-09-03T19:01:31.709372+00:00
LIVE-f851def82932c424,,RADAR_LIVE,NO,Collegno,Magazzino - Cantina - Property Rentals - Collegno - Facebook,NON_CLASSIFICATO,,NO,NON_TARGET,,,,,,,,Agenzia delle Entrate · WMS CP.CadastralParcel,https://www.facebook.com/marketplace/item/862434829880128/,2026-09-01T23:36:27.690842+00:00,2026-09-03T19:01:31.709378+00:00
LIVE-b79112848f5fd4b8,,RADAR_LIVE,NO,Collegno,Immobile di 148 m² con 5 locali a Collegno | Subito,NON_CLASSIFICATO,,NO,NON_TARGET,,,,,,,,Agenzia delle Entrate · WMS CP.CadastralParcel,https://www.subito.it/uffici-locali-commerciali/immobile-di-148-m%C2%B2-con-5-locali-a-collegno-torino-658721243.htm,2026-09-01T18:58:42.119842+00:00,2026-09-03T19:01:31.709384+00:00
LIVE-3781060c1f300689,,RADAR_LIVE,NO,Chiomonte,NEGOZIO A CHIOMONTE | Subito,NON_CLASSIFICATO,,SI,INDIRIZZO_SENZA_CIVICO,,,,,,,,Agenzia delle Entrate · WMS CP.CadastralParcel,https://www.subito.it/uffici-locali-commerciali/negozio-a-chiomonte-torino-659200618.htm,2026-09-02T07:11:25.325658+00:00,2026-09-03T19:01:31.709389+00:00
LIVE-39fddaea64717085,,RADAR_LIVE,SI,Borgone Susa,Vendita Villa unifamiliare in via Felice Falco 6 Borgone Susa. Ottimo ...,NON_CLASSIFICATO,via Felice Falco 6,NO,NON_TARGET,,,,,,,,Agenzia delle Entrate · WMS CP.CadastralParcel,https://www.immobiliare.it/annunci/128787806/,2026-09-02T16:09:34.323677+00:00,2026-09-03T19:01:31.709522+00:00
LIVE-c4dda70ce32a8c1f,,RADAR_LIVE,SI,Rubiana,"Appartamento in vendita in Borgata Gabaira, 1, Rubiana — idealista, N.1 ...",NON_CLASSIFICATO,"Borgata Gabaira, 1",NO,NON_TARGET,,,,,,,,Agenzia delle Entrate · WMS CP.CadastralParcel,https://www.idealista.it/immobile/35411020/,2026-09-03T18:47:06.319285+00:00,2026-09-03T19:09:24.860590+00:00
LIVE-b2bbca16018b98df,,RADAR_LIVE,SI,Rubiana,"Quadrilocale all'asta in Via Roma, Rubiana - idealista",NON_CLASSIFICATO,Via Roma,NO,NON_TARGET,,,,,,,,Agenzia delle Entrate · WMS CP.CadastralParcel,https://www.idealista.it/immobile/36714383/,2026-09-03T18:47:06.319292+00:00,2026-09-03T19:09:24.860612+00:00
LIVE-d72a1182ce12da25,,RADAR_LIVE,SI,Rubiana,"Villetta bifamiliare in vendita in Via Rubiana, 700 - idealista",NON_CLASSIFICATO,"Via Rubiana, 700",NO,NON_TARGET,,,,,,,,Agenzia delle Entrate · WMS CP.CadastralParcel,https://www.idealista.it/immobile/36683726/,2026-09-03T18:47:06.319305+00:00,2026-09-03T19:09:24.860620+00:00
LIVE-9c79005a1ba234a4,,RADAR_LIVE,NO,Caprie,"Capannone via Roma 12, Caprie, Rif. 132000372 - Immobiliare.it",NON_CLASSIFICATO,via Roma 12,NO,NON_TARGET,,,,,,,,Agenzia delle Entrate · WMS CP.CadastralParcel,https://www.immobiliare.it/annunci/132000372/,2026-09-01T18:58:42.119394+00:00,2026-09-03T19:01:31.709395+00:00
LIVE-a735ff361a5086d3,,RADAR_LIVE,SI,Alpignano,Vendita Villa a schiera in Strada della Costa 91 Alpignano. Da ...,NON_CLASSIFICATO,Strada della Costa 91,NO,NON_TARGET,,,,,,,,Agenzia delle Entrate · WMS CP.CadastralParcel,https://www.immobiliare.it/annunci/121671340/,2026-09-02T12:02:41.369378+00:00,2026-09-03T19:01:31.709451+00:00
LIVE-485124a8f0841051,,RADAR_LIVE,SI,Avigliana,"Vendita Appartamento Torino. Quadrilocale in via Avigliana, 2 bis ...",NON_CLASSIFICATO,via Avigliana 2,NO,NON_TARGET,,,,,,,,Agenzia delle Entrate · WMS CP.CadastralParcel,https://www.immobiliare.it/annunci/129828138/,2026-09-02T12:02:41.369455+00:00,2026-09-03T19:01:31.709456+00:00
LIVE-cacff9e5300b360d,,RADAR_LIVE,SI,Grugliasco,Vendita Appartamento Grugliasco. Bilocale in via Odoardo Santorelli ...,NON_CLASSIFICATO,via Odoardo Santorelli,NO,NON_TARGET,,,,,,,,Agenzia delle Entrate · WMS CP.CadastralParcel,https://www.immobiliare.it/annunci/124659221/,2026-09-02T12:02:41.370328+00:00,2026-09-03T19:01:31.709471+00:00
LIVE-70edc8e818cfc2cf,,RADAR_LIVE,SI,Moncenisio,Trilocale in Vendita in Via Moncenisio 75 a Sant'Antonino di Susa - Casa.it,NON_CLASSIFICATO,Via Moncenisio 75,NO,NON_TARGET,,,,,,,,Agenzia delle Entrate · WMS CP.CadastralParcel,https://www.casa.it/immobili/54627017/,2026-09-02T12:02:41.370427+00:00,2026-09-03T19:01:31.709476+00:00
LIVE-f9e882688814f4c7,,RADAR_LIVE,SI,Oulx,Vendita Appartamento Oulx. Bilocale in via Vittorio Emanuele 49. Buono ...,NON_CLASSIFICATO,via Vittorio Emanuele 49,NO,NON_TARGET,,,,,,,,Agenzia delle Entrate · WMS CP.CadastralParcel,https://www.immobiliare.it/annunci/132032368/,2026-09-02T12:02:41.370499+00:00,2026-09-03T19:01:31.709481+00:00
LIVE-8b92472aa7dba8ac,,RADAR_LIVE,SI,San Didero,Vendita Appartamento San Didero. Quadrilocale in via Braida. Nuovo ...,NON_CLASSIFICATO,via Braida. Nuovo,NO,NON_TARGET,,,,,,,,Agenzia delle Entrate · WMS CP.CadastralParcel,https://www.immobiliare.it/annunci/99607084/,2026-09-02T12:02:41.370905+00:00,2026-09-03T19:01:31.709486+00:00
LIVE-0382c4ab9610943f,,RADAR_LIVE,SI,San Giorio di Susa,"Appartamento in vendita Via Susa 2, San Giorio di Susa",NON_CLASSIFICATO,Via Susa 2,NO,NON_TARGET,,,,,,,,Agenzia delle Entrate · WMS CP.CadastralParcel,https://www.attico.it/immobile-appartamento-piemonte-san-giorio-di-susa-54636207/,2026-09-02T12:02:41.370938+00:00,2026-09-03T19:01:31.709490+00:00
LIVE-162a1cb9864c5966,,RADAR_LIVE,SI,San Giorio di Susa,"Appartamento in vendita, San Giorio Di Susa con balcone, box, giardino ...",NON_CLASSIFICATO,,NO,NON_TARGET,,,,,,,,Agenzia delle Entrate · WMS CP.CadastralParcel,https://www.wikicasa.it/annuncio/30721707,2026-09-02T12:02:41.370943+00:00,2026-09-03T19:01:31.709495+00:00
LIVE-3521e6bdad0aa4f7,,RADAR_LIVE,SI,San Giorio di Susa,"Villa in vendita in Via Combattenti, 17 - idealista",NON_CLASSIFICATO,"Via Combattenti, 17",NO,NON_TARGET,,,,,,,,Agenzia delle Entrate · WMS CP.CadastralParcel,https://www.idealista.it/immobile/35924204/,2026-09-02T12:02:41.370999+00:00,2026-09-03T19:01:31.709500+00:00
LIVE-21fc1f5fe3bf1713,,RADAR_LIVE,SI,San Giorio di Susa,"Quadrilocale in vendita in Via Susa, 2 - idealista",NON_CLASSIFICATO,"Via Susa, 2",NO,NON_TARGET,,,,,,,,Agenzia delle Entrate · WMS CP.CadastralParcel,https://www.idealista.it/immobile/35043964/,2026-09-02T12:02:41.371003+00:00,2026-09-03T19:01:31.709504+00:00
LIVE-c3a89b3fd36c4849,,RADAR_LIVE,SI,San Giorio di Susa,"Casa indipendente in vendita in Via Carlo Carli, 39 - idealista",NON_CLASSIFICATO,"Via Carlo Carli, 39",NO,NON_TARGET,,,,,,,,Agenzia delle Entrate · WMS CP.CadastralParcel,https://www.idealista.it/immobile/25577570/,2026-09-02T12:02:41.371007+00:00,2026-09-03T19:01:31.709509+00:00
LIVE-3e4d99f4301e38ec,,RADAR_LIVE,SI,San Giorio di Susa,"Villetta bifamiliare in vendita in via Carlo Carli, 44 - idealista",NON_CLASSIFICATO,"via Carlo Carli, 44",NO,NON_TARGET,,,,,,,,Agenzia delle Entrate · WMS CP.CadastralParcel,https://www.idealista.it/immobile/31602163/,2026-09-02T12:02:41.371011+00:00,2026-09-03T19:01:31.709513+00:00
LIVE-94dbca271c7a6534,,RADAR_LIVE,SI,Avigliana,Vendita Villa unifamiliare in via Tetti Colombo 7 Avigliana. Buono ...,NON_CLASSIFICATO,via Tetti Colombo 7,NO,NON_TARGET,,,,,,,,Agenzia delle Entrate · WMS CP.CadastralParcel,https://www.immobiliare.it/annunci/132047290/,2026-09-02T16:09:34.323518+00:00,2026-09-03T19:01:31.709518+00:00
LIVE-f4456ded5f683c8d,,RADAR_LIVE,SI,Collegno,Vendita Appartamento Collegno. Trilocale in via Fabio Filzi 2. Buono ...,NON_CLASSIFICATO,via Fabio Filzi 2,NO,NON_TARGET,,,,,,,,Agenzia delle Entrate · WMS CP.CadastralParcel,https://www.immobiliare.it/annunci/132086592/,2026-09-02T16:09:34.324226+00:00,2026-09-03T19:01:31.709536+00:00
LIVE-2a6e384c68a451f4,,RADAR_LIVE,SI,Collegno,Vendita Appartamento Collegno. Quadrilocale in via Sestriere 50. Ottimo ...,NON_CLASSIFICATO,via Sestriere 50,NO,NON_TARGET,,,,,,,,Agenzia delle Entrate · WMS CP.CadastralParcel,https://www.immobiliare.it/annunci/132072222/,2026-09-02T16:09:34.324238+00:00,2026-09-03T19:01:31.709541+00:00
LIVE-cc8747c60f6a0af8,,RADAR_LIVE,SI,Grugliasco,Vendita Appartamento Grugliasco. Trilocale in via michelangelo ...,NON_CLASSIFICATO,via michelangelo,NO,NON_TARGET,,,,,,,,Agenzia delle Entrate · WMS CP.CadastralParcel,https://www.immobiliare.it/annunci/131198256/,2026-09-02T16:09:34.324630+00:00,2026-09-03T19:01:31.709550+00:00
LIVE-857c21daaaeed7a0,,RADAR_LIVE,SI,Grugliasco,Vendita Appartamento Grugliasco. Bilocale in via Guglielmo d'Amico ...,NON_CLASSIFICATO,via Guglielmo d'Amico,NO,NON_TARGET,,,,,,,,Agenzia delle Entrate · WMS CP.CadastralParcel,https://www.immobiliare.it/annunci/115311989/,2026-09-02T16:09:34.324687+00:00,2026-09-03T19:01:31.709554+00:00
LIVE-3c32e1dad5e206cb,,RADAR_LIVE,SI,Rivoli,"Casa indipendente 6 locali, 139 m² in Via Rivoli 238, Roma (RM)",NON_CLASSIFICATO,Via Rivoli 238,NO,NON_TARGET,,,,,,,,Agenzia delle Entrate · WMS CP.CadastralParcel,https://asteflorio.it/aste/casa-indipendente-6-locali-a-roma-rm-roma-1,2026-09-02T16:09:34.325113+00:00,2026-09-03T19:01:31.709563+00:00
LIVE-2c22a8698e668da0,,RADAR_LIVE,SI,San Valeriano,"Appartamento all'asta via San Valeriano 20, Robbio",NON_CLASSIFICATO,via San Valeriano 20,NO,NON_TARGET,,,,,,,,Agenzia delle Entrate · WMS CP.CadastralParcel,https://www.immobiliare.it/annunci/105133149/,2026-09-02T16:09:34.325638+00:00,2026-09-03T19:01:31.709585+00:00
LIVE-9ed253bac39f0b3e,,RADAR_LIVE,SI,Venaus,Quanto vale una casa a Venaus (TO) — prezzi al m² 2° semestre 2025,NON_CLASSIFICATO,,NO,NON_TARGET,,,,,,,,Agenzia delle Entrate · WMS CP.CadastralParcel,https://tuttocalcolo.it/valore-immobili/to/venaus,2026-09-02T16:09:34.326051+00:00,2026-09-03T19:01:31.709590+00:00
LIVE-cea1e0d4773691ee,,RADAR_LIVE,SI,Avigliana,Vendita Villa unifamiliare in via Tetti Colombo 7 Avigliana. Buono ...,NON_CLASSIFICATO,via Tetti Colombo 7,NO,NON_TARGET,,,,,,,,Agenzia delle Entrate · WMS CP.CadastralParcel,https://www.immobiliare.it/annunci/130992664/,2026-09-03T18:47:06.317785+00:00,2026-09-03T19:09:24.860792+00:00
LIVE-df4e48f87ebc3746,,RADAR_LIVE,SI,Avigliana,"Vendita Appartamento in corso Laghi 259. Avigliana. Buono stato, piano ...",NON_CLASSIFICATO,corso Laghi 259,NO,NON_TARGET,,,,,,,,Agenzia delle Entrate · WMS CP.CadastralParcel,https://www.immobiliare.it/annunci/132126730/,2026-09-03T18:47:06.317797+00:00,2026-09-03T19:09:24.860802+00:00
LIVE-3d6b835294098a8c,,RADAR_LIVE,SI,Bardonecchia,Vendita Appartamento Bardonecchia. Trilocale in via Montenero 22. Buono ...,NON_CLASSIFICATO,via Montenero 22,NO,NON_TARGET,,,,,,,,Agenzia delle Entrate · WMS CP.CadastralParcel,https://www.immobiliare.it/annunci/131109262/,2026-09-03T18:47:06.317871+00:00,2026-09-03T19:09:24.860809+00:00
LIVE-ada123f86e3f84aa,,RADAR_LIVE,SI,Borgone Susa,"Vendita Villa unifamiliare Borgone Susa. Ottimo stato, posto auto, con ...",NON_CLASSIFICATO,,NO,NON_TARGET,,,,,,,,Agenzia delle Entrate · WMS CP.CadastralParcel,https://www.immobiliare.it/annunci/106559825/,2026-09-03T18:47:06.317943+00:00,2026-09-03T19:09:24.860818+00:00
LIVE-66496381fd1df32f,,RADAR_LIVE,SI,Caprie,"Terratetto unifamiliare Generale Armando Pezzana, 19, Caprie",NON_CLASSIFICATO,,NO,NON_TARGET,,,,,,,,Agenzia delle Entrate · WMS CP.CadastralParcel,https://www.immobiliare.it/annunci/127036535/,2026-09-03T18:47:06.318079+00:00,2026-09-03T19:09:24.860825+00:00
LIVE-e793cddd2f3290b8,,RADAR_LIVE,SI,Caprie,"Vendita Villa bifamiliare in via Peroldrado 22 Caprie. Posto auto, con ...",NON_CLASSIFICATO,via Peroldrado 22,NO,NON_TARGET,,,,,,,,Agenzia delle Entrate · WMS CP.CadastralParcel,https://www.immobiliare.it/annunci/132084518/,2026-09-03T18:47:06.318091+00:00,2026-09-03T19:09:24.860833+00:00
LIVE-20f1daa94cd66bb7,,RADAR_LIVE,SI,Caselette,"Asta per appartamento, Roma, Centro Caselette, rif. 132147586 ...",NON_CLASSIFICATO,,NO,NON_TARGET,,,,,,,,Agenzia delle Entrate · WMS CP.CadastralParcel,https://www.immobiliare.it/annunci/132147586/,2026-09-03T18:47:06.318150+00:00,2026-09-03T19:09:24.860842+00:00
LIVE-62e1d71a31097375,,RADAR_LIVE,SI,Chiomonte,Vendita Appartamento Chiomonte. Trilocale in via III Reggimento Alpini ...,NON_CLASSIFICATO,via III Reggimento Alpini,NO,NON_TARGET,,,,,,,,Agenzia delle Entrate · WMS CP.CadastralParcel,https://www.immobiliare.it/annunci/132125990/,2026-09-03T18:47:06.318234+00:00,2026-09-03T19:09:24.860850+00:00
LIVE-98f3dea7339033b8,,RADAR_LIVE,SI,Chiusa di San Michele,Quanto vale una casa a Chiusa Di San Michele (TO),NON_CLASSIFICATO,,NO,NON_TARGET,,,,,,,,Agenzia delle Entrate · WMS CP.CadastralParcel,https://tuttocalcolo.it/valore-immobili/to/chiusa-di-san-michele,2026-09-03T18:47:06.318260+00:00,2026-09-03T19:09:24.860858+00:00
LIVE-f00da1cd0c3cec01,,RADAR_LIVE,SI,Coazze,Casa indipendente in Vendita in Borgata Brando 2 a Coazze,NON_CLASSIFICATO,Borgata Brando 2,NO,NON_TARGET,,,,,,,,Agenzia delle Entrate · WMS CP.CadastralParcel,https://www.casa.it/immobili/54357600/,2026-09-03T18:47:06.318339+00:00,2026-09-03T19:09:24.860866+00:00
LIVE-a84dc2aee957bd31,,RADAR_LIVE,SI,Collegno,Vendita Appartamento Collegno. Trilocale in via Carlo Donat Cattin 2 ...,NON_CLASSIFICATO,via Carlo Donat Cattin 2,NO,NON_TARGET,,,,,,,,Agenzia delle Entrate · WMS CP.CadastralParcel,https://www.immobiliare.it/annunci/132114358/,2026-09-03T18:47:06.318436+00:00,2026-09-03T19:09:24.860874+00:00
LIVE-f439328feef211a3,,RADAR_LIVE,SI,Collegno,"Vendita Appartamento in via Alpignano. Collegno. Buono stato, piano ...",NON_CLASSIFICATO,via Alpignano. Collegno. Buono stato,NO,NON_TARGET,,,,,,,,Agenzia delle Entrate · WMS CP.CadastralParcel,https://www.immobiliare.it/annunci/126857607/,2026-09-03T18:47:06.318464+00:00,2026-09-03T19:09:24.860883+00:00
LIVE-49a9e17986c126eb,,RADAR_LIVE,SI,Collegno,5 Bedrooms Apartment for sale in Collegno [675674] | Gate-away®,NON_CLASSIFICATO,,NO,NON_TARGET,,,,,,,,Agenzia delle Entrate · WMS CP.CadastralParcel,https://www.gate-away.com/properties/piedmont/turin/collegno/id/675674,2026-09-03T18:47:06.318470+00:00,2026-09-03T19:09:24.860890+00:00
LIVE-a9153eb6cfa7e45c,,RADAR_LIVE,SI,Condove,"Appartamento all'asta via G. Matteotti, Condove",NON_CLASSIFICATO,via G. Matteotti,NO,NON_TARGET,,,,,,,,Agenzia delle Entrate · WMS CP.CadastralParcel,https://www.immobiliare.it/annunci/132144818/,2026-09-03T18:47:06.318543+00:00,2026-09-03T19:09:24.860899+00:00
LIVE-8b9388454ca3512c,,RADAR_LIVE,SI,Exilles,"Vendita Attico in via Exilles 70 Torino. Ottimo stato, posto auto, con ...",NON_CLASSIFICATO,via Exilles 70,NO,NON_TARGET,,,,,,,,Agenzia delle Entrate · WMS CP.CadastralParcel,https://www.immobiliare.it/annunci/132170686/,2026-09-03T18:47:06.318582+00:00,2026-09-03T19:09:24.860908+00:00
LIVE-08100e38b9e0f4a9,,RADAR_LIVE,SI,Gravere,Vendita Appartamento Gravere. Trilocale in via III Reggimento Alpini 9 ...,NON_CLASSIFICATO,via III Reggimento Alpini 9,NO,NON_TARGET,,,,,,,,Agenzia delle Entrate · WMS CP.CadastralParcel,https://www.immobiliare.it/annunci/128385108/,2026-09-03T18:47:06.318647+00:00,2026-09-03T19:09:24.860917+00:00
LIVE-52b6d2ac492ffd12,,RADAR_LIVE,SI,Gravere,"Vendita Appartamento Torino. Trilocale, Ottimo stato, quarto piano, con ...",NON_CLASSIFICATO,,NO,NON_TARGET,,,,,,,,Agenzia delle Entrate · WMS CP.CadastralParcel,https://www.immobiliare.it/annunci/129565278/,2026-09-03T18:47:06.318670+00:00,2026-09-03T19:09:24.860925+00:00
LIVE-99b6bdabfe6d25ae,,RADAR_LIVE,SI,Grugliasco,Vendita Terratetto unifamiliare in via Antonio Cotta 15 Grugliasco ...,NON_CLASSIFICATO,via Antonio Cotta 15,NO,NON_TARGET,,,,,,,,Agenzia delle Entrate · WMS CP.CadastralParcel,https://www.immobiliare.it/annunci/119818710/,2026-09-03T18:47:06.318729+00:00,2026-09-03T19:09:24.860959+00:00
LIVE-09094ea338659aa6,,RADAR_LIVE,SI,Mattie,Vendita Appartamento Meana di Susa. Trilocale in via Mattie. Da ...,NON_CLASSIFICATO,via Mattie. Da,NO,NON_TARGET,,,,,,,,Agenzia delle Entrate · WMS CP.CadastralParcel,https://www.immobiliare.it/annunci/132166626/,2026-09-03T18:47:06.318779+00:00,2026-09-03T19:09:24.860967+00:00
LIVE-cd3fe61a9f15726a,,RADAR_LIVE,SI,Meana di Susa,"Valsusa, Vendesi Casa Con Balcone E Cortile: Scopri L'Offerta",NON_CLASSIFICATO,,NO,NON_TARGET,,,,,,,,Agenzia delle Entrate · WMS CP.CadastralParcel,https://www.valsusaoggi.it/valsusa-vendesi-casa-con-balcone-e-cortile-scopri-lofferta/,2026-09-03T18:47:06.318798+00:00,2026-09-03T19:09:24.860976+00:00
LIVE-50522adf3f279c05,,RADAR_LIVE,SI,Moncenisio,"Appartamento all'asta via Moncenisio, Gioia del Colle",NON_CLASSIFICATO,via Moncenisio,NO,NON_TARGET,,,,,,,,Agenzia delle Entrate · WMS CP.CadastralParcel,https://www.immobiliare.it/annunci/132130406/,2026-09-03T18:47:06.318856+00:00,2026-09-03T19:09:24.860984+00:00
LIVE-c305cd15b56775a4,,RADAR_LIVE,SI,Novalesa,"Vendita Terratetto unifamiliare Novalesa. Ottimo stato, con balcone ...",NON_CLASSIFICATO,,NO,NON_TARGET,,,,,,,,Agenzia delle Entrate · WMS CP.CadastralParcel,https://www.immobiliare.it/annunci/116964785/,2026-09-03T18:47:06.318867+00:00,2026-09-03T19:09:24.860993+00:00
LIVE-d206348fea74db13,,RADAR_LIVE,SI,Oulx,Vendita Appartamento Oulx. Bilocale in via Des Ambrois 23. Ottimo stato ...,NON_CLASSIFICATO,via Des Ambrois 23,NO,NON_TARGET,,,,,,,,Agenzia delle Entrate · WMS CP.CadastralParcel,https://www.immobiliare.it/annunci/130839288/,2026-09-03T18:47:06.318910+00:00,2026-09-03T19:09:24.861000+00:00
LIVE-e46708627da6a013,,RADAR_LIVE,SI,Pianezza,"Vendita Appartamento Pianezza. Quadrilocale, Ottimo stato, primo piano ...",NON_CLASSIFICATO,,NO,NON_TARGET,,,,,,,,Agenzia delle Entrate · WMS CP.CadastralParcel,https://www.immobiliare.it/annunci/132163972/,2026-09-03T18:47:06.318987+00:00,2026-09-03T19:09:24.861008+00:00
LIVE-390f3172ad107ff4,,RADAR_LIVE,SI,Reano,"Asta per villa, via valgrana Reano, rif. 132144684 - Immobiliare.it",NON_CLASSIFICATO,via valgrana Reano,NO,NON_TARGET,,,,,,,,Agenzia delle Entrate · WMS CP.CadastralParcel,https://www.immobiliare.it/annunci/132144684/,2026-09-03T18:47:06.319037+00:00,2026-09-03T19:09:24.861016+00:00
LIVE-731cdd5e22982ed6,,RADAR_LIVE,SI,Rivoli,Vendita Appartamento Rivoli. Quadrilocale in piazza Martiri della ...,NON_CLASSIFICATO,piazza Martiri della,NO,NON_TARGET,,,,,,,,Agenzia delle Entrate · WMS CP.CadastralParcel,https://www.immobiliare.it/annunci/132156048/,2026-09-03T18:47:06.319114+00:00,2026-09-03T19:09:24.861025+00:00
LIVE-f5a0598135e1605b,,RADAR_LIVE,SI,Rivoli,Vendita Appartamento Rivoli. Quadrilocale in via Felisio 14. Buono ...,NON_CLASSIFICATO,via Felisio 14,NO,NON_TARGET,,,,,,,,Agenzia delle Entrate · WMS CP.CadastralParcel,https://www.immobiliare.it/annunci/132165680/,2026-09-03T18:47:06.319125+00:00,2026-09-03T19:09:24.861032+00:00
LIVE-43ff1cc44514a08a,,RADAR_LIVE,SI,Rivoli,"Vendita Appartamento in via Bessaneisa 24. Rivoli. Buono stato, piano ...",NON_CLASSIFICATO,via Bessaneisa 24,NO,NON_TARGET,,,,,,,,Agenzia delle Entrate · WMS CP.CadastralParcel,https://www.immobiliare.it/annunci/127915596/,2026-09-03T18:47:06.319135+00:00,2026-09-03T19:09:24.861040+00:00
LIVE-89439f45d63a16ee,,RADAR_LIVE,SI,Rubiana,Vendita Terratetto unifamiliare in Borgata Favella 41 Rubiana. Da ...,NON_CLASSIFICATO,Borgata Favella 41,NO,NON_TARGET,,,,,,,,Agenzia delle Entrate · WMS CP.CadastralParcel,https://www.immobiliare.it/annunci/121858536/,2026-09-03T18:47:06.319256+00:00,2026-09-03T19:09:24.861049+00:00
LIVE-8d0d31531c4b9d9d,,RADAR_LIVE,SI,Rubiana,"Terratetto plurifamiliare Borgata ferro raimondo 14, Rubiana",NON_CLASSIFICATO,Borgata ferro raimondo 14,NO,NON_TARGET,,,,,,,,Agenzia delle Entrate · WMS CP.CadastralParcel,https://www.immobiliare.it/annunci/130498200/,2026-09-03T18:47:06.319265+00:00,2026-09-03T19:09:24.861057+00:00
LIVE-9782252d28af61ed,,RADAR_LIVE,SI,Rubiana,"Appartamento all'asta via Roma, Rubiana - Immobiliare.it",NON_CLASSIFICATO,via Roma,NO,NON_TARGET,,,,,,,,Agenzia delle Entrate · WMS CP.CadastralParcel,https://www.immobiliare.it/annunci/132147024/,2026-09-03T18:47:06.319280+00:00,2026-09-03T19:09:24.861065+00:00
LIVE-380818c31b854ac5,,RADAR_LIVE,SI,Salbertrand,"Vendita Appartamento Torino. Bilocale in via SALBERTRAND, 81. Da ...",NON_CLASSIFICATO,"via SALBERTRAND, 81",NO,NON_TARGET,,,,,,,,Agenzia delle Entrate · WMS CP.CadastralParcel,https://www.immobiliare.it/annunci/132122640/,2026-09-03T18:47:06.319338+00:00,2026-09-03T19:09:24.861074+00:00
LIVE-7414e4a4e71da9b2,,RADAR_LIVE,SI,San Giorio di Susa,"Quadrilocale in vendita in Via Susa, 2, San Giorio di Susa — idealista ...",NON_CLASSIFICATO,"Via Susa, 2",NO,NON_TARGET,,,,,,,,Agenzia delle Entrate · WMS CP.CadastralParcel,https://www.idealista.it/immobile/36679117/,2026-09-03T18:47:06.319396+00:00,2026-09-03T19:09:24.861083+00:00
LIVE-34320a3d0475ccc9,,RADAR_LIVE,SI,San Valeriano,"Appartamento all'asta via San Valeriano, 20, Robbio",NON_CLASSIFICATO,"via San Valeriano, 20",NO,NON_TARGET,,,,,,,,Agenzia delle Entrate · WMS CP.CadastralParcel,https://www.immobiliare.it/annunci/109640477/,2026-09-03T18:47:06.319518+00:00,2026-09-03T19:09:24.861091+00:00
LIVE-50944f8c053e1630,,RADAR_LIVE,SI,Sangano,"Appartamento in vendita, Sangano con terrazzo, box, giardino ...",NON_CLASSIFICATO,,NO,NON_TARGET,,,,,,,,Agenzia delle Entrate · WMS CP.CadastralParcel,https://www.wikicasa.it/annuncio/30705018,2026-09-03T18:47:06.319533+00:00,2026-09-03T19:09:24.861099+00:00
LIVE-94dcf6f61ea7288a,,RADAR_LIVE,SI,Sant'Ambrogio di Torino,Vendita Appartamento Sant'Ambrogio di Torino. Bilocale in via Umberto I ...,NON_CLASSIFICATO,via Umberto I,NO,NON_TARGET,,,,,,,,Agenzia delle Entrate · WMS CP.CadastralParcel,https://www.immobiliare.it/annunci/105213851/,2026-09-03T18:47:06.319575+00:00,2026-09-03T19:09:24.861107+00:00
LIVE-892cd97622e53604,,RADAR_LIVE,SI,Sant'Antonino di Susa,Vendita Appartamento Sant'Antonino di Susa. Quadrilocale in via Vaie 34 ...,NON_CLASSIFICATO,via Vaie 34,NO,NON_TARGET,,,,,,,,Agenzia delle Entrate · WMS CP.CadastralParcel,https://www.immobiliare.it/annunci/121672876/,2026-09-03T18:47:06.319625+00:00,2026-09-03T19:09:24.861114+00:00
LIVE-1ca59888c29a0123,,RADAR_LIVE,SI,Sant'Antonino di Susa,Vendita Villa unifamiliare in via Medagli 20 Sant'Antonino di Susa ...,NON_CLASSIFICATO,via Medagli 20,NO,NON_TARGET,,,,,,,,Agenzia delle Entrate · WMS CP.CadastralParcel,https://www.immobiliare.it/annunci/121338016/,2026-09-03T18:47:06.319630+00:00,2026-09-03T19:09:24.861122+00:00
LIVE-e317a49ad1a5b975,,RADAR_LIVE,SI,Sant'Antonino di Susa,Vendita Appartamento Sant'Antonino di Susa. Bilocale in via Medagli 57 ...,NON_CLASSIFICATO,via Medagli 57,NO,NON_TARGET,,,,,,,,Agenzia delle Entrate · WMS CP.CadastralParcel,https://www.immobiliare.it/annunci/114026933/,2026-09-03T18:47:06.319642+00:00,2026-09-03T19:09:24.861129+00:00
LIVE-42d457a06fcfae9a,,RADAR_LIVE,SI,Trana,Vendita Appartamento Trana. Trilocale in piazza Libertà. Ottimo stato ...,NON_CLASSIFICATO,piazza Libertà. Ottimo stato,NO,NON_TARGET,,,,,,,,Agenzia delle Entrate · WMS CP.CadastralParcel,https://www.immobiliare.it/annunci/132099946/,2026-09-03T18:47:06.319728+00:00,2026-09-03T19:09:24.861138+00:00
LIVE-657b5deb9b59def0,,RADAR_LIVE,SI,Trana,Vendita Appartamento Trana. Bilocale in Borgata Colombè Inferiore ...,NON_CLASSIFICATO,Borgata Colombè Inferiore,NO,NON_TARGET,,,,,,,,Agenzia delle Entrate · WMS CP.CadastralParcel,https://www.immobiliare.it/annunci/132097634/,2026-09-03T18:47:06.319742+00:00,2026-09-03T19:09:24.861147+00:00
LIVE-a655b7acf3b32aed,,RADAR_LIVE,SI,Venaus,"Asta per appartamento, sv, Centro Venaus, rif. 132132158 - Immobiliare.it",NON_CLASSIFICATO,,NO,NON_TARGET,,,,,,,,Agenzia delle Entrate · WMS CP.CadastralParcel,https://www.immobiliare.it/annunci/132132158/,2026-09-03T18:47:06.319854+00:00,2026-09-03T19:09:24.861155+00:00
LIVE-50d3e3cddd93283e,,RADAR_LIVE,SI,Villar Focchiardo,"VALSUSA, VENDESI CASA INDIPENDENTE CON GIARDINO | ValsusaOggi",NON_CLASSIFICATO,,NO,NON_TARGET,,,,,,,,Agenzia delle Entrate · WMS CP.CadastralParcel,https://www.valsusaoggi.it/valsusa-vendesi-casa-indipendente-con-giardino-3/,2026-09-03T18:47:06.319912+00:00,2026-09-03T19:09:24.861163+00:00
LIVE-9c1a67a838fb13ab,,RADAR_LIVE,SI,Villarbasse,"Vendita Appartamento in via Rivoli 116. Villarbasse. Ottimo stato, su ...",NON_CLASSIFICATO,via Rivoli 116,NO,NON_TARGET,,,,,,,,Agenzia delle Entrate · WMS CP.CadastralParcel,https://www.immobiliare.it/annunci/130809952/,2026-09-03T18:47:06.319947+00:00,2026-09-03T19:09:24.861171+00:00
LIVE-cd8940c58da0c286,,RADAR_LIVE,SI,Villarbasse,Vendita Villa plurifamiliare in via Fratelli Vitrani 20 Villarbasse ...,NON_CLASSIFICATO,via Fratelli Vitrani 20,NO,NON_TARGET,,,,,,,,Agenzia delle Entrate · WMS CP.CadastralParcel,https://www.immobiliare.it/annunci/130489556/,2026-09-03T18:47:06.319961+00:00,2026-09-03T19:09:24.861179+00:00
LIVE-a5782f11210c33d0,,RADAR_LIVE,SI,Villarbasse,"Asta per villa, Villarbasse, Uriola - Scaravaglio Rivoli, rif ...",NON_CLASSIFICATO,,NO,NON_TARGET,,,,,,,,Agenzia delle Entrate · WMS CP.CadastralParcel,https://www.immobiliare.it/annunci/132130654/,2026-09-03T18:47:06.319971+00:00,2026-09-03T19:09:24.861187+00:00
LIVE-db8c14653c20df16,,RADAR_LIVE,NO,Reano,"Vendita Appartamento in via Monginevro. Rivoli. Nuovo, su più livelli ...",NON_CLASSIFICATO,via Monginevro. Rivoli. Nuovo,NO,NON_TARGET,,,,,,,,Agenzia delle Entrate · WMS CP.CadastralParcel,https://www.immobiliare.it/annunci/129501390/,2026-09-01T18:58:42.120828+00:00,2026-09-03T19:01:31.709596+00:00
LIVE-6d62da555386bf9a,,RADAR_LIVE,NO,Mompantero,Annunci di villa in vendita a Mompantero centro città Settembre 2026 su ...,NON_CLASSIFICATO,,NO,NON_TARGET,,,,,,,,Agenzia delle Entrate · WMS CP.CadastralParcel,https://torino.bakeca.it/annunci/vendita-case/luogo/Mompantero/tipoimmobile/villa/,2026-09-01T18:58:42.120516+00:00,2026-09-03T19:01:31.709602+00:00
LIVE-01d41e4047eedb4e,,RADAR_LIVE,NO,San Giorio di Susa,Appartamento in vendita a San Giorio di Susa via Don Cesare Martinetti ...,NON_CLASSIFICATO,via Don Cesare Martinetti,NO,NON_TARGET,,,,,,,,Agenzia delle Entrate · WMS CP.CadastralParcel,https://www.trovacasa.it/annunci/to-tc-75697-72872337,2026-09-01T20:55:16.173949+00:00,2026-09-03T19:01:31.709608+00:00
LIVE-a2ca6012d0e20d31,,RADAR_LIVE,NO,Alpignano,Case indipendenti e ville a schiera in vendita Alpignano - Subito.it,NON_CLASSIFICATO,,NO,NON_TARGET,,,,,,,,Agenzia delle Entrate · WMS CP.CadastralParcel,https://www.subito.it/annunci-piemonte/vendita/ville-singole-e-a-schiera/torino/alpignano/,2026-09-02T12:02:41.369329+00:00,2026-09-03T19:01:31.709613+00:00
LIVE-d9bc585dbf0a10f8,,RADAR_LIVE,NO,Villarbasse,Case indipendenti e ville a schiera in vendita Villarbasse - Subito.it,NON_CLASSIFICATO,,NO,NON_TARGET,,,,,,,,Agenzia delle Entrate · WMS CP.CadastralParcel,https://www.subito.it/annunci-piemonte/vendita/ville-singole-e-a-schiera/torino/villarbasse/,2026-09-02T12:02:41.371373+00:00,2026-09-03T19:01:31.709618+00:00
LIVE-c65df27fbde6a4f8,,RADAR_LIVE,NO,Borgone Susa,Case indipendenti e ville a schiera in vendita Borgone Susa - Subito.it,NON_CLASSIFICATO,,NO,NON_TARGET,,,,,,,,Agenzia delle Entrate · WMS CP.CadastralParcel,https://www.subito.it/annunci-piemonte/vendita/ville-singole-e-a-schiera/torino/borgone-susa/,2026-09-02T16:09:34.323633+00:00,2026-09-03T19:01:31.709341+00:00
LIVE-f8c124ab41bbd682,,RADAR_LIVE,NO,Coazze,Vendita Terratetto plurifamiliare in via matteotti 112 Coazze. Da ...,NON_CLASSIFICATO,via matteotti 112,NO,NON_TARGET,,,,,,,,Agenzia delle Entrate · WMS CP.CadastralParcel,https://www.immobiliare.it/annunci/129611050/,2026-09-01T18:58:42.119766+00:00,2026-09-03T19:01:31.709896+00:00
LIVE-c9901ebc3a1daf7d,,RADAR_LIVE,NO,Exilles,"Vendita Rustico in Grangie Solliet Exilles. 60 m², rif. 98347312",NON_CLASSIFICATO,,NO,NON_TARGET,,,,,,,,Agenzia delle Entrate · WMS CP.CadastralParcel,https://www.immobiliare.it/annunci/98347312/,2026-09-01T18:58:42.120070+00:00,2026-09-03T19:01:31.709624+00:00
LIVE-070a0e12796a0638,,RADAR_LIVE,NO,Pianezza,20 Capannoni in affitto a Pianezza - Mitula Case,NON_CLASSIFICATO,,NO,NON_TARGET,,,,,,,,Agenzia delle Entrate · WMS CP.CadastralParcel,https://immobiliare.mitula.it/affitto-capannone-pianezza,2026-09-01T18:58:42.120716+00:00,2026-09-03T19:01:31.709629+00:00
LIVE-83b2f7bee1d73a12,,RADAR_LIVE,NO,Rosta,16 Capannoni in affitto a Rosta - Mitula Case,NON_CLASSIFICATO,,NO,NON_TARGET,,,,,,,,Agenzia delle Entrate · WMS CP.CadastralParcel,https://immobiliare.mitula.it/affitto-capannone-rosta,2026-09-01T18:58:42.121042+00:00,2026-09-03T19:01:31.709634+00:00
LIVE-15e0dac9119ef6bb,,RADAR_LIVE,NO,Trana,Articoli legno per magazzinaggio | Trana | F. A. Imballaggi,NON_CLASSIFICATO,,NO,NON_TARGET,,,,,,,,Agenzia delle Entrate · WMS CP.CadastralParcel,https://www.faimballaggisrl.it/,2026-09-01T18:58:42.121906+00:00,2026-09-03T19:01:31.709640+00:00
LIVE-f5612e4225d69515,,RADAR_LIVE,NO,Val della Torre,"Capannone via Val della Torre 184, Alpignano, Rif. 127148161 ...",NON_CLASSIFICATO,via Val della Torre 184,NO,NON_TARGET,,,,,,,,Agenzia delle Entrate · WMS CP.CadastralParcel,https://www.immobiliare.it/annunci/127148161/,2026-09-01T18:58:42.122044+00:00,2026-09-03T19:01:31.709645+00:00
LIVE-bf51b8df41d9fa60,,RADAR_LIVE,NO,Grugliasco,Capannone in Vendita in Via Primo Levi 13 a Grugliasco,NON_CLASSIFICATO,Via Primo Levi 13,NO,NON_TARGET,,,,,,,,Agenzia delle Entrate · WMS CP.CadastralParcel,https://www.casa.it/immobili/54628426/,2026-09-01T20:55:16.173082+00:00,2026-09-03T19:01:31.709650+00:00
LIVE-a81d5c4782ad7730,,RADAR_LIVE,NO,Oulx,Grandhoche | Sito internet dello studio immobiliare grandhoche,NON_CLASSIFICATO,,NO,NON_TARGET,,,,,,,,Agenzia delle Entrate · WMS CP.CadastralParcel,https://www.grandhoche.com/,2026-09-01T23:36:27.691337+00:00,2026-09-03T19:01:31.709655+00:00
LIVE-d75be598f313609b,,RADAR_LIVE,NO,Giaveno,"Capannone via Caduti sul Lavoro 18, Giaveno, Rif. 131961856 ...",NON_CLASSIFICATO,via Caduti sul Lavoro 18,NO,NON_TARGET,,,,,,,,Agenzia delle Entrate · WMS CP.CadastralParcel,https://www.immobiliare.it/annunci/131961856/,2026-09-02T07:11:25.326017+00:00,2026-09-03T19:01:31.709665+00:00
LIVE-e6697a8ca14a2352,,RADAR_LIVE,NO,Almese,3 Capannoni in affitto a Almese - Mitula Case,NON_CLASSIFICATO,,NO,NON_TARGET,,,,,,,,Agenzia delle Entrate · WMS CP.CadastralParcel,https://immobiliare.mitula.it/affitto-capannone-almese,2026-09-02T12:02:41.369296+00:00,2026-09-03T19:01:31.709671+00:00
LIVE-e1f317bdf403eb90,,RADAR_LIVE,NO,Condove,Aziende di Condove - Rete Imprese,NON_CLASSIFICATO,,NO,NON_TARGET,,,,,,,,Agenzia delle Entrate · WMS CP.CadastralParcel,https://www.reteimprese.it/condove,2026-09-01T18:58:42.119968+00:00,2026-09-03T19:01:31.709676+00:00
LIVE-e33caf5f4210bbb7,,RADAR_LIVE,NO,Rosta,"Ufficio - Studio corso Moncenisio 43, Rosta, Rif. 112890539 ...",NON_CLASSIFICATO,corso Moncenisio 43,NO,NON_TARGET,,,,,,,,Agenzia delle Entrate · WMS CP.CadastralParcel,https://www.immobiliare.it/annunci/112890539/,2026-09-01T18:58:42.121035+00:00,2026-09-03T19:01:31.709681+00:00
LIVE-07589949e3214337,,RADAR_LIVE,NO,Villarbasse,Vendita Villa unifamiliare in via Giuseppe Castaudi 14 Villarbasse ...,NON_CLASSIFICATO,via Giuseppe Castaudi 14,NO,NON_TARGET,,,,,,,,Agenzia delle Entrate · WMS CP.CadastralParcel,https://www.immobiliare.it/annunci/130233380/,2026-09-01T18:58:42.122242+00:00,2026-09-03T19:01:31.709686+00:00
LIVE-3736000af536ca2d,,RADAR_LIVE,NO,Collegno,228 Locali commerciali in affitto a Collegno - Mitula Case,NON_CLASSIFICATO,,NO,NON_TARGET,,,,,,,,Agenzia delle Entrate · WMS CP.CadastralParcel,https://immobiliare.mitula.it/affitto-locale-commerciale-collegno,2026-09-01T20:55:16.172553+00:00,2026-09-03T19:01:31.709691+00:00
LIVE-41a8cdc4987e2729,,RADAR_LIVE,NO,Collegno,"Appartamento in vendita in Via Torino, 47, Borgata Paradiso, Collegno ...",NON_CLASSIFICATO,"Via Torino, 47",NO,NON_TARGET,,,,,,,,Agenzia delle Entrate · WMS CP.CadastralParcel,https://www.idealista.it/immobile/35606479/,2026-09-01T20:55:16.172640+00:00,2026-09-03T19:01:31.709697+00:00
LIVE-b643faa708359b9e,,RADAR_LIVE,NO,Sangano,Subito - Tecnorete - STUDIO SANGANO sas - 4 LOCALI A SANGANO ...,NON_CLASSIFICATO,,NO,NON_TARGET,,,,,,,,Agenzia delle Entrate · WMS CP.CadastralParcel,https://www.subito.it/appartamenti/4-locali-a-sangano-torino-658728639.htm,2026-09-01T20:55:16.174091+00:00,2026-09-03T19:01:31.709702+00:00
LIVE-ce00a23b96e2f348,,RADAR_LIVE,NO,Villar Focchiardo,Capannone in Vendita in Via Preinera a Villar Focchiardo,NON_CLASSIFICATO,Via Preinera a Villar Focchiardo,NO,NON_TARGET,,,,,,,,Agenzia delle Entrate · WMS CP.CadastralParcel,https://www.casa.it/immobili/54638886/,2026-09-01T20:55:16.174627+00:00,2026-09-03T19:01:31.709707+00:00
LIVE-2cb1c0e00a8a6eaf,,RADAR_LIVE,NO,Grugliasco,"Nuove Costruzioni in vendita a Grugliasco, rif. 128036196 - Immobiliare.it",NON_CLASSIFICATO,,NO,NON_TARGET,,,,,,,,Agenzia delle Entrate · WMS CP.CadastralParcel,https://www.immobiliare.it/annunci/128036196/,2026-09-01T23:36:27.691205+00:00,2026-09-03T19:01:31.709712+00:00
LIVE-81b9077e8d4b4f4a,,RADAR_LIVE,NO,Bussoleno,NEGOZIO A BUSSOLENO | Subito,NON_CLASSIFICATO,,SI,NON_TARGET,,,,,,,,Agenzia delle Entrate · WMS CP.CadastralParcel,https://www.subito.it/uffici-locali-commerciali/negozio-a-bussoleno-torino-659200349.htm,2026-09-02T07:11:25.325375+00:00,2026-09-03T19:01:31.709660+00:00
LIVE-1103c4cbd27758d4,,RADAR_LIVE,NO,Collegno,Locale Commerciale Collegno - 38 locali comerciali in affito in ...,NON_CLASSIFICATO,,SI,INDIRIZZO_SENZA_CIVICO,,,,,,,,Agenzia delle Entrate · WMS CP.CadastralParcel,https://www.nuroa.it/affitto-case/locale-commerciale-collegno,2026-09-02T07:11:25.325699+00:00,2026-09-03T19:01:31.709353+00:00
LIVE-cba65d17ed07e2d3,,RADAR_LIVE,NO,San Valeriano,Subito - TECNOCASA - STUDIO SVILUPPO SAS - 3 LOCALI A BORGONE SUSA ...,NON_CLASSIFICATO,,NO,NON_TARGET,,,,,,,,Agenzia delle Entrate · WMS CP.CadastralParcel,https://www.subito.it/appartamenti/3-locali-a-borgone-susa-torino-659201345.htm,2026-09-02T07:11:25.327135+00:00,2026-09-03T19:01:31.709718+00:00
LIVE-6cae99a2be62ef14,,RADAR_LIVE,NO,San Valeriano,Vendita Appartamento Borgone Susa. Bilocale in via ponte dora 7. Nuovo ...,NON_CLASSIFICATO,via ponte dora 7,NO,NON_TARGET,,,,,,,,Agenzia delle Entrate · WMS CP.CadastralParcel,https://www.immobiliare.it/annunci/109382155/,2026-09-02T07:11:25.327154+00:00,2026-09-03T19:01:31.709359+00:00
LIVE-8ee1ff3064c1efd8,,RADAR_LIVE,SI,Bardonecchia,Fiminter Bardonecchia Bardonecchia. Agenzia immobiliare di Bardonecchia ...,NON_CLASSIFICATO,borgata pre richard 25,NO,NON_TARGET,,,,,,,,Agenzia delle Entrate · WMS CP.CadastralParcel,https://www.pcase.it/agenzie-immobiliari/fiminter-bardonecchia_bardonecchia_ag18483/,2026-09-02T12:02:41.369491+00:00,2026-09-03T19:01:31.709723+00:00
LIVE-9a6c52b40038e4cd,,RADAR_LIVE,NO,Almese,"Vendita Villa a schiera in via Almese 73 Avigliana. Ottimo stato, posto ...",NON_CLASSIFICATO,via Almese 73,NO,NON_TARGET,,,,,,,,Agenzia delle Entrate · WMS CP.CadastralParcel,https://www.immobiliare.it/annunci/125159231/,2026-09-01T18:58:42.118846+00:00,2026-09-03T19:01:31.709729+00:00
LIVE-0b0172ecafa12304,,RADAR_LIVE,NO,Alpignano,Vendita Appartamento Alpignano. Quadrilocale in via Beinasco 13. Ottimo ...,NON_CLASSIFICATO,via Beinasco 13,NO,NON_TARGET,,,,,,,,Agenzia delle Entrate · WMS CP.CadastralParcel,https://www.immobiliare.it/annunci/129515200/,2026-09-01T18:58:42.118972+00:00,2026-09-03T19:01:31.709734+00:00
LIVE-55fa7cbe6eb350a8,,RADAR_LIVE,NO,Bardonecchia,Vendita Appartamento Bardonecchia. Trilocale in via Pollicino 10. Buono ...,NON_CLASSIFICATO,via Pollicino 10,NO,NON_TARGET,,,,,,,,Agenzia delle Entrate · WMS CP.CadastralParcel,https://www.immobiliare.it/annunci/128966152/,2026-09-01T18:58:42.119090+00:00,2026-09-03T19:01:31.709739+00:00
LIVE-efbbd2de82c92dc4,,RADAR_LIVE,NO,Bussoleno,"Vendita Villa plurifamiliare in via Torino Mattie. Buono stato, posto ...",NON_CLASSIFICATO,via Torino Mattie. Buono stato,NO,NON_TARGET,,,,,,,,Agenzia delle Entrate · WMS CP.CadastralParcel,https://www.immobiliare.it/annunci/129054684/,2026-09-01T18:58:42.119349+00:00,2026-09-03T19:01:31.709745+00:00
LIVE-7e17279632034c33,,RADAR_LIVE,NO,Caprie,"Vendita Casa colonica in Borgata Peroldrado Caprie. Buono stato, posto ...",NON_CLASSIFICATO,"Borgata Peroldrado, proponiamo una soluzione indipendente risalente al 1940",NO,NON_TARGET,,,,,,,,Agenzia delle Entrate · WMS CP.CadastralParcel,https://www.immobiliare.it/annunci/131999318/,2026-09-01T18:58:42.119408+00:00,2026-09-03T19:01:31.709753+00:00
LIVE-c1565f65b66f4ed0,,RADAR_LIVE,NO,Chiomonte,"Vendita Villa unifamiliare Chiomonte. Da ristrutturare, con balcone ...",NON_CLASSIFICATO,,NO,NON_TARGET,,,,,,,,Agenzia delle Entrate · WMS CP.CadastralParcel,https://www.immobiliare.it/annunci/132052058/,2026-09-01T18:58:42.119609+00:00,2026-09-03T19:01:31.709758+00:00
LIVE-4b307646f0207282,,RADAR_LIVE,NO,Sant'Ambrogio di Torino,Vendita Villa a schiera in Strada Antica di Francia 22 Sant'Ambrogio di ...,NON_CLASSIFICATO,Strada Antica di Francia 22,NO,NON_TARGET,,,,,,,,Agenzia delle Entrate · WMS CP.CadastralParcel,https://www.immobiliare.it/annunci/114664521/,2026-09-01T18:58:42.121587+00:00,2026-09-03T19:01:31.709764+00:00
LIVE-f3b593490ffa0968,,RADAR_LIVE,NO,Sant'Ambrogio di Torino,Vendita Appartamento Sant'Ambrogio di Torino. Trilocale in corso ...,NON_CLASSIFICATO,,NO,NON_TARGET,,,,,,,,Agenzia delle Entrate · WMS CP.CadastralParcel,https://www.immobiliare.it/annunci/126812571/,2026-09-01T18:58:42.121596+00:00,2026-09-03T19:01:31.709769+00:00
LIVE-a8f2a411710256cf,,RADAR_LIVE,NO,Sant'Ambrogio di Torino,"Vendita Villa a schiera Sant'Ambrogio di Torino. Buono stato, posto ...",NON_CLASSIFICATO,,NO,NON_TARGET,,,,,,,,Agenzia delle Entrate · WMS CP.CadastralParcel,https://www.immobiliare.it/annunci/84072604/,2026-09-01T18:58:42.121612+00:00,2026-09-03T19:01:31.709774+00:00
LIVE-53a706d153e08ddc,,RADAR_LIVE,NO,Susa,"Trilocale in vendita a Gravere, Valli Susa - Sangone, Torino ...",NON_CLASSIFICATO,,NO,NON_TARGET,,,,,,,,Agenzia delle Entrate · WMS CP.CadastralParcel,https://www.idealista.it/immobile/36672800/,2026-09-01T18:58:42.121838+00:00,2026-09-03T19:01:31.709779+00:00
LIVE-d2974681314a767b,,RADAR_LIVE,NO,Bruzolo,NEWS COMMERCIALI - ValsusaOggi,NON_CLASSIFICATO,Piazza del Moro 6/8,NO,NON_TARGET,,,,,,,,Agenzia delle Entrate · WMS CP.CadastralParcel,https://www.valsusaoggi.it/News-Commerciali/,2026-09-01T20:55:16.172184+00:00,2026-09-03T19:01:31.709784+00:00
LIVE-98d07fb30ea1588b,,RADAR_LIVE,NO,Collegno,"Trilocale in vendita in Via Fabio Filzi, 2, Regina Margherita, Collegno ...",NON_CLASSIFICATO,"Via Fabio Filzi, 2",NO,NON_TARGET,,,,,,,,Agenzia delle Entrate · WMS CP.CadastralParcel,https://www.idealista.it/immobile/36684754/,2026-09-01T20:55:16.172652+00:00,2026-09-03T19:01:31.709789+00:00
LIVE-894970ef867d2253,,RADAR_LIVE,NO,Collegno,"Bilocale in vendita in Via Monte Nero, 6, Regina Margherita, Collegno ...",NON_CLASSIFICATO,"Via Monte Nero, 6",NO,NON_TARGET,,,,,,,,Agenzia delle Entrate · WMS CP.CadastralParcel,https://www.idealista.it/immobile/36680219/,2026-09-01T20:55:16.172667+00:00,2026-09-03T19:01:31.709794+00:00
LIVE-71124c57a1c97ce0,,RADAR_LIVE,NO,Gravere,Trilocale in Vendita in zona Centro a Gravere - 87mq - Casa.it,NON_CLASSIFICATO,,NO,NON_TARGET,,,,,,,,Agenzia delle Entrate · WMS CP.CadastralParcel,https://www.casa.it/immobili/54632569/,2026-09-01T20:55:16.173028+00:00,2026-09-03T19:01:31.709799+00:00
LIVE-a1b24d06a2ceb17c,,RADAR_LIVE,NO,Bardonecchia,Vendita Appartamento Bardonecchia. Monolocale in via Campo Principe 27 ...,NON_CLASSIFICATO,via Campo Principe 27,NO,NON_TARGET,,,,,,,,Agenzia delle Entrate · WMS CP.CadastralParcel,https://www.immobiliare.it/annunci/127130063/,2026-09-01T23:36:27.690204+00:00,2026-09-03T19:01:31.709805+00:00
LIVE-e6998d49f3afd677,,RADAR_LIVE,NO,San Giorio di Susa,"San Giorio Di Susa, Vendesi Appartamento a 42.000 € Con Box Auto",NON_CLASSIFICATO,,NO,NON_TARGET,,,,,,,,Agenzia delle Entrate · WMS CP.CadastralParcel,https://www.valsusaoggi.it/san-giorio-di-susa-vendesi-appartamento-a-42-000-e-con-box-auto/,2026-09-01T23:36:27.691860+00:00,2026-09-03T19:01:31.709810+00:00
LIVE-bc2361bba00763a4,,RADAR_LIVE,NO,San Valeriano,"Appartamento all'asta via San Valeriano 20, Robbio",NON_CLASSIFICATO,via San Valeriano 20,NO,NON_TARGET,,,,,,,,Agenzia delle Entrate · WMS CP.CadastralParcel,https://www.immobiliare.it/annunci/105830053/,2026-09-02T07:11:25.327199+00:00,2026-09-03T19:01:31.709815+00:00
LIVE-fdf75934c573ea76,,RADAR_LIVE,NO,Susa,"Vendita Villa unifamiliare Meana di Susa. Buono stato, con terrazza ...",NON_CLASSIFICATO,,NO,NON_TARGET,,,,,,,,Agenzia delle Entrate · WMS CP.CadastralParcel,https://www.immobiliare.it/annunci/132052080/,2026-09-02T07:11:25.327432+00:00,2026-09-03T19:01:31.709820+00:00
LIVE-6482fbd88bbaa04d,,RADAR_LIVE,SI,Condove,Vendita Terratetto unifamiliare in via Bergera 5/chiodo Susa. Buono ...,NON_CLASSIFICATO,via Bergera 5/chiodo,NO,NON_TARGET,,,,,,,,Agenzia delle Entrate · WMS CP.CadastralParcel,https://www.immobiliare.it/annunci/132124018/,2026-09-03T18:47:06.318549+00:00,2026-09-03T19:09:24.861600+00:00
LIVE-7a299fec46476eca,,RADAR_LIVE,NO,Bardonecchia,Vendita Appartamento Bardonecchia. Bilocale in via La Rho 19. Ottimo ...,NON_CLASSIFICATO,via La Rho 19,NO,NON_TARGET,,,,,,,,Agenzia delle Entrate · WMS CP.CadastralParcel,https://www.immobiliare.it/annunci/124664157/,2026-09-01T18:58:42.119064+00:00,2026-09-03T19:01:31.709833+00:00
LIVE-1db124fdd8869d9f,,RADAR_LIVE,NO,Bardonecchia,"Vendita Appartamento Bardonecchia. Buono stato, secondo piano ...",NON_CLASSIFICATO,,NO,NON_TARGET,,,,,,,,Agenzia delle Entrate · WMS CP.CadastralParcel,https://www.immobiliare.it/annunci/131628316/,2026-09-01T18:58:42.119106+00:00,2026-09-03T19:01:31.709838+00:00
LIVE-f03f08815b6ea0e8,,RADAR_LIVE,NO,Bardonecchia,Vendita Appartamento Bardonecchia. Bilocale in viale Callet 19. Buono ...,NON_CLASSIFICATO,viale Callet 19,NO,NON_TARGET,,,,,,,,Agenzia delle Entrate · WMS CP.CadastralParcel,https://www.immobiliare.it/annunci/125028809/,2026-09-01T18:58:42.119120+00:00,2026-09-03T19:01:31.709865+00:00
LIVE-be7e2ebba6308498,,RADAR_LIVE,NO,Borgone Susa,Vendita Appartamento Borgone Susa. Bilocale in via Tenente Mario Tacca ...,NON_CLASSIFICATO,via Tenente Mario Tacca,NO,NON_TARGET,,,,,,,,Agenzia delle Entrate · WMS CP.CadastralParcel,https://www.immobiliare.it/annunci/109957701/,2026-09-01T18:58:42.119243+00:00,2026-09-03T19:01:31.709872+00:00
LIVE-04d701824dc63e0e,,RADAR_LIVE,NO,Bussoleno,Vendita Appartamento Carmagnola. Bilocale in via Bussoleno 3. Ottimo ...,NON_CLASSIFICATO,via Bussoleno 3,NO,NON_TARGET,,,,,,,,Agenzia delle Entrate · WMS CP.CadastralParcel,https://www.immobiliare.it/annunci/132018520/,2026-09-01T18:58:42.119316+00:00,2026-09-03T19:01:31.709878+00:00
LIVE-220bba175fb23370,,RADAR_LIVE,NO,Caselette,Vendita Appartamento Caselette. Bilocale in via Alpignano 146. Secondo ...,NON_CLASSIFICATO,via Alpignano 146,NO,NON_TARGET,,,,,,,,Agenzia delle Entrate · WMS CP.CadastralParcel,https://www.immobiliare.it/annunci/109429209/,2026-09-01T18:58:42.119471+00:00,2026-09-03T19:01:31.709884+00:00
LIVE-aad18289365975e6,,RADAR_LIVE,NO,Chiomonte,Vendita Villa unifamiliare in Villaggio La Quiete 33 Chiomonte. Buono ...,NON_CLASSIFICATO,,NO,NON_TARGET,,,,,,,,Agenzia delle Entrate · WMS CP.CadastralParcel,https://www.immobiliare.it/annunci/132055808/,2026-09-01T18:58:42.119593+00:00,2026-09-03T19:01:31.709890+00:00
LIVE-51d1c27ecef25ca8,,RADAR_LIVE,NO,Coazze,Vendita Appartamento Giaveno. Quadrilocale in via Coazze. Ottimo stato ...,NON_CLASSIFICATO,via Coazze. Ottimo stato,NO,NON_TARGET,,,,,,,,Agenzia delle Entrate · WMS CP.CadastralParcel,https://www.immobiliare.it/annunci/132055924/,2026-09-01T18:58:42.119806+00:00,2026-09-03T19:01:31.709902+00:00
LIVE-894845e21ad32444,,RADAR_LIVE,NO,Coazze,Vendita Terratetto plurifamiliare in SELVAGGIO Borgata prialli 1 ...,NON_CLASSIFICATO,Borgata prialli 1,NO,NON_TARGET,,,,,,,,Agenzia delle Entrate · WMS CP.CadastralParcel,https://www.immobiliare.it/annunci/124062855/,2026-09-01T18:58:42.119812+00:00,2026-09-03T19:01:31.709907+00:00
LIVE-4a0a0bde543f56df,,RADAR_LIVE,NO,Collegno,Vendita Appartamento Collegno. Trilocale in via Marco Minghetti. Ottimo ...,NON_CLASSIFICATO,via Marco Minghetti. Ottimo,NO,NON_TARGET,,,,,,,,Agenzia delle Entrate · WMS CP.CadastralParcel,https://www.immobiliare.it/annunci/130815226/,2026-09-01T18:58:42.119885+00:00,2026-09-03T19:01:31.709913+00:00
LIVE-2bbfe97745efd7d7,,RADAR_LIVE,NO,Collegno,Vendita Terratetto unifamiliare in via della Croce Collegno. Buono ...,NON_CLASSIFICATO,via della Croce Collegno. Buono,NO,NON_TARGET,,,,,,,,Agenzia delle Entrate · WMS CP.CadastralParcel,https://www.immobiliare.it/annunci/123534005/,2026-09-01T18:58:42.119901+00:00,2026-09-03T19:01:31.709919+00:00
LIVE-b2c1e692d0839f71,,RADAR_LIVE,NO,Collegno,Vendita Appartamento Collegno. Trilocale in via Castagnevizza 24. Nuovo ...,NON_CLASSIFICATO,via Castagnevizza 24,NO,NON_TARGET,,,,,,,,Agenzia delle Entrate · WMS CP.CadastralParcel,https://www.immobiliare.it/annunci/122446628/,2026-09-01T18:58:42.119916+00:00,2026-09-03T19:01:31.709925+00:00
LIVE-2e8887820fc6c55f,,RADAR_LIVE,NO,Collegno,Vendita Appartamento Collegno. Trilocale in corso Francia 48. Buono ...,NON_CLASSIFICATO,corso Francia 48,NO,NON_TARGET,,,,,,,,Agenzia delle Entrate · WMS CP.CadastralParcel,https://www.immobiliare.it/annunci/123495325/,2026-09-01T18:58:42.119933+00:00,2026-09-03T19:01:31.709930+00:00
LIVE-64fc2e86e4858279,,RADAR_LIVE,NO,Condove,"Appartamento 5 locali, 125 m² in Via LEOPARDI 8/A, Condove (TO)",NON_CLASSIFICATO,Via LEOPARDI 8/A,NO,NON_TARGET,,,,,,,,Agenzia delle Entrate · WMS CP.CadastralParcel,https://asteflorio.it/aste/appartamento-5-5-locali-a-condove-to-condove,2026-09-01T18:58:42.119954+00:00,2026-09-03T19:01:31.709936+00:00
LIVE-010be7445746cfd1,,RADAR_LIVE,NO,Condove,"Vendita Terratetto unifamiliare in Moni Condove. Ottimo stato, posto ...",NON_CLASSIFICATO,,NO,NON_TARGET,,,,,,,,Agenzia delle Entrate · WMS CP.CadastralParcel,https://www.immobiliare.it/annunci/120943146/,2026-09-01T18:58:42.120007+00:00,2026-09-03T19:01:31.709942+00:00
LIVE-f74d92de967c1da1,,RADAR_LIVE,NO,Condove,Vendita Terratetto unifamiliare in Borgata Colombo 7 Villar Dora. Da ...,NON_CLASSIFICATO,Borgata Colombo 7,NO,NON_TARGET,,,,,,,,Agenzia delle Entrate · WMS CP.CadastralParcel,https://www.immobiliare.it/annunci/126549253/,2026-09-01T18:58:42.120020+00:00,2026-09-03T19:01:31.709947+00:00
LIVE-c1903eb592dbf889,,RADAR_LIVE,NO,Exilles,"Casa di paese in vendita in Strada di San Colombano s.n.c, Exilles ...",NON_CLASSIFICATO,Strada di San Colombano s.n.c,NO,NON_TARGET,,,,,,,,Agenzia delle Entrate · WMS CP.CadastralParcel,https://www.idealista.it/immobile/30857803/,2026-09-01T18:58:42.120056+00:00,2026-09-03T19:01:31.709955+00:00
LIVE-dcb434b95c5db4d2,,RADAR_LIVE,NO,Exilles,Vendita Appartamento Torino. Trilocale in via Exilles 45. Buono stato ...,NON_CLASSIFICATO,via Exilles 45,NO,NON_TARGET,,,,,,,,Agenzia delle Entrate · WMS CP.CadastralParcel,https://www.immobiliare.it/annunci/132066874/,2026-09-01T18:58:42.120076+00:00,2026-09-03T19:01:31.709960+00:00
LIVE-da39580538fcb912,,RADAR_LIVE,NO,Exilles,Vendita Appartamento Torino. Quadrilocale in via Exilles 33. Ottimo ...,NON_CLASSIFICATO,via Exilles 33,NO,NON_TARGET,,,,,,,,Agenzia delle Entrate · WMS CP.CadastralParcel,https://www.immobiliare.it/annunci/127962714/,2026-09-01T18:58:42.120082+00:00,2026-09-03T19:01:31.709965+00:00
LIVE-1fd679ce7edc095d,,RADAR_LIVE,NO,Exilles,Vendita Appartamento Torino. Quadrilocale in via exilles 84. Ottimo ...,NON_CLASSIFICATO,via exilles 84,NO,NON_TARGET,,,,,,,,Agenzia delle Entrate · WMS CP.CadastralParcel,https://www.immobiliare.it/annunci/131138930/,2026-09-01T18:58:42.120088+00:00,2026-09-03T19:01:31.709970+00:00
LIVE-a9c230105c41220b,,RADAR_LIVE,NO,Exilles,"Vendita Attico in via Exilles 36 Torino. Buono stato, con terrazza, rif ...",NON_CLASSIFICATO,via Exilles 36,NO,NON_TARGET,,,,,,,,Agenzia delle Entrate · WMS CP.CadastralParcel,https://www.immobiliare.it/annunci/128415124/,2026-09-01T18:58:42.120094+00:00,2026-09-03T19:01:31.709976+00:00
LIVE-f9239e82a199ce0a,,RADAR_LIVE,NO,Exilles,Vendita Terratetto unifamiliare in frazione Cels Rif Exilles. Buono ...,NON_CLASSIFICATO,frazione Cels Rif Exilles. Buono,NO,NON_TARGET,,,,,,,,Agenzia delle Entrate · WMS CP.CadastralParcel,https://www.immobiliare.it/annunci/131247504/,2026-09-01T18:58:42.120100+00:00,2026-09-03T19:01:31.709982+00:00
LIVE-a4f8527a5d5cee83,,RADAR_LIVE,NO,Giaveno,"Vendita Terratetto plurifamiliare Giaveno. Da ristrutturare, posto auto ...",NON_CLASSIFICATO,,NO,NON_TARGET,,,,,,,,Agenzia delle Entrate · WMS CP.CadastralParcel,https://www.immobiliare.it/annunci/129762344/,2026-09-01T18:58:42.120225+00:00,2026-09-03T19:01:31.709987+00:00
LIVE-31947ce1a88427b2,,RADAR_LIVE,NO,Giaveno,"Vendita Villa unifamiliare Giaveno. Buono stato, posto auto, con ...",NON_CLASSIFICATO,,NO,NON_TARGET,,,,,,,,Agenzia delle Entrate · WMS CP.CadastralParcel,https://www.immobiliare.it/annunci/130329472/,2026-09-01T18:58:42.120238+00:00,2026-09-03T19:01:31.709993+00:00
LIVE-cf77f99f6afde5ba,,RADAR_LIVE,NO,Giaveno,Vendita Villa bifamiliare in Borgata San Filippo 1 Giaveno. Buono stato ...,NON_CLASSIFICATO,Borgata San Filippo 1,NO,NON_TARGET,,,,,,,,Agenzia delle Entrate · WMS CP.CadastralParcel,https://www.immobiliare.it/annunci/132029894/,2026-09-01T18:58:42.120251+00:00,2026-09-03T19:01:31.709999+00:00
LIVE-099282e23acd95c8,,RADAR_LIVE,NO,Giaveno,Vendita Terratetto unifamiliare in via Pontepietra Giaveno. Ottimo ...,NON_CLASSIFICATO,via Pontepietra Giaveno. Ottimo,NO,NON_TARGET,,,,,,,,Agenzia delle Entrate · WMS CP.CadastralParcel,https://www.immobiliare.it/annunci/130872056/,2026-09-01T18:58:42.120274+00:00,2026-09-03T19:01:31.710005+00:00
LIVE-e2530949e4cb9436,,RADAR_LIVE,NO,Gravere,"Vendita Appartamento Gravere. Trilocale, Buono stato, piano terra ...",NON_CLASSIFICATO,,NO,NON_TARGET,,,,,,,,Agenzia delle Entrate · WMS CP.CadastralParcel,https://www.immobiliare.it/annunci/132057058/,2026-09-01T18:58:42.120322+00:00,2026-09-03T19:01:31.710010+00:00
LIVE-b591d6b737c3b996,,RADAR_LIVE,NO,Grugliasco,Vendita Appartamento Grugliasco. Trilocale in via Enrico Toti 10 ...,NON_CLASSIFICATO,via Enrico Toti 10,NO,NON_TARGET,,,,,,,,Agenzia delle Entrate · WMS CP.CadastralParcel,https://www.immobiliare.it/annunci/128623470/,2026-09-01T18:58:42.120365+00:00,2026-09-03T19:01:31.710015+00:00
LIVE-2f061ddea9d6d892,,RADAR_LIVE,NO,Grugliasco,Vendita Appartamento Grugliasco. Quadrilocale in via giotto 31. Buono ...,NON_CLASSIFICATO,via giotto 31,NO,NON_TARGET,,,,,,,,Agenzia delle Entrate · WMS CP.CadastralParcel,https://www.immobiliare.it/annunci/132044336/,2026-09-01T18:58:42.120396+00:00,2026-09-03T19:01:31.710019+00:00
LIVE-0d4c4222684d9ef9,,RADAR_LIVE,NO,Meana di Susa,Vendita Villa unifamiliare in via Mattie 16 Meana di Susa. Buono stato ...,NON_CLASSIFICATO,via Mattie 16,NO,NON_TARGET,,,,,,,,Agenzia delle Entrate · WMS CP.CadastralParcel,https://www.immobiliare.it/annunci/129789220/,2026-09-01T18:58:42.120500+00:00,2026-09-03T19:01:31.710025+00:00
LIVE-7edb1c5b01306388,,RADAR_LIVE,NO,Moncenisio,"Trilocale in vendita in Via Moncenisio, 75 - idealista",NON_CLASSIFICATO,"Via Moncenisio, 75",NO,NON_TARGET,,,,,,,,Agenzia delle Entrate · WMS CP.CadastralParcel,https://www.idealista.it/immobile/36664850/,2026-09-01T18:58:42.120556+00:00,2026-09-03T19:01:31.710030+00:00
LIVE-427954c10dc28062,,RADAR_LIVE,NO,Moncenisio,Vendita Appartamento Sant'Antonino di Susa. Trilocale in via Moncenisio ...,NON_CLASSIFICATO,via Moncenisio,NO,NON_TARGET,,,,,,,,Agenzia delle Entrate · WMS CP.CadastralParcel,https://www.immobiliare.it/annunci/132031318/,2026-09-01T18:58:42.120571+00:00,2026-09-03T19:01:31.710035+00:00
LIVE-c81542868f86290b,,RADAR_LIVE,NO,Oulx,Vendita Appartamento Oulx. Trilocale in piazza Europa 4. Buono stato ...,NON_CLASSIFICATO,piazza Europa 4,NO,NON_TARGET,,,,,,,,Agenzia delle Entrate · WMS CP.CadastralParcel,https://www.immobiliare.it/annunci/129566996/,2026-09-01T18:58:42.120609+00:00,2026-09-03T19:01:31.710039+00:00
LIVE-14d261327d2b3db2,,RADAR_LIVE,NO,Pianezza,"Capannone, Pianezza, Rif. 126069461 - Immobiliare.it",NON_CLASSIFICATO,,NO,NON_TARGET,,,,,,,,Agenzia delle Entrate · WMS CP.CadastralParcel,https://www.immobiliare.it/annunci/126069461/,2026-09-01T18:58:42.120722+00:00,2026-09-03T19:01:31.710043+00:00
LIVE-df8440b894ada80b,,RADAR_LIVE,NO,Pianezza,Vendita Appartamento Pianezza. Quadrilocale in via Sandro Pertini 23 ...,NON_CLASSIFICATO,via Sandro Pertini 23,NO,NON_TARGET,,,,,,,,Agenzia delle Entrate · WMS CP.CadastralParcel,https://www.immobiliare.it/annunci/130067120/,2026-09-01T18:58:42.120729+00:00,2026-09-03T19:01:31.710049+00:00
LIVE-14c349bb2dc66dcf,,RADAR_LIVE,NO,Pianezza,"Vendita Appartamento Roma. Trilocale in via Pianezza. Nuovo, primo ...",NON_CLASSIFICATO,via Pianezza. Nuovo,NO,NON_TARGET,,,,,,,,Agenzia delle Entrate · WMS CP.CadastralParcel,https://www.immobiliare.it/annunci/132013556/,2026-09-01T18:58:42.120736+00:00,2026-09-03T19:01:31.710054+00:00
LIVE-440f67f37f7646f0,,RADAR_LIVE,NO,Pianezza,Vendita Appartamento Pianezza. Trilocale in via Caduti per la Libertà 3 ...,NON_CLASSIFICATO,via Caduti per la Libertà 3,NO,NON_TARGET,,,,,,,,Agenzia delle Entrate · WMS CP.CadastralParcel,https://www.immobiliare.it/annunci/126623863/,2026-09-01T18:58:42.120759+00:00,2026-09-03T19:01:31.710059+00:00
LIVE-ed504b0eb9a39819,,RADAR_LIVE,NO,Pianezza,Vendita Appartamento Pianezza. Quadrilocale in via Rubiana 6. Buono ...,NON_CLASSIFICATO,via Rubiana 6,NO,NON_TARGET,,,,,,,,Agenzia delle Entrate · WMS CP.CadastralParcel,https://www.immobiliare.it/annunci/127804294/,2026-09-01T18:58:42.120765+00:00,2026-09-03T19:01:31.710064+00:00
LIVE-3a2051465592b8a7,,RADAR_LIVE,NO,Pianezza,Vendita Appartamento Pianezza. Quadrilocale in via Alcide De Gasperi ...,NON_CLASSIFICATO,via Alcide De Gasperi,NO,NON_TARGET,,,,,,,,Agenzia delle Entrate · WMS CP.CadastralParcel,https://www.immobiliare.it/annunci/132011556/,2026-09-01T18:58:42.120780+00:00,2026-09-03T19:01:31.710069+00:00
LIVE-002582c682919782,,RADAR_LIVE,NO,Rivoli,Vendita Appartamento Rivoli. Quadrilocale in Soluzione Unica via ...,NON_CLASSIFICATO,,NO,NON_TARGET,,,,,,,,Agenzia delle Entrate · WMS CP.CadastralParcel,https://www.immobiliare.it/annunci/132044316/,2026-09-01T18:58:42.120936+00:00,2026-09-03T19:01:31.710074+00:00
LIVE-afb2d9909aaeb5c1,,RADAR_LIVE,NO,Rivoli,Vendita Appartamento Rivoli. Quadrilocale in via Garessio 9. Buono ...,NON_CLASSIFICATO,via Garessio 9,NO,NON_TARGET,,,,,,,,Agenzia delle Entrate · WMS CP.CadastralParcel,https://www.immobiliare.it/annunci/131930534/,2026-09-01T18:58:42.120942+00:00,2026-09-03T19:01:31.710079+00:00
LIVE-578d5c83a66b82f6,,RADAR_LIVE,NO,Rivoli,Vendita Appartamento Rivoli. Quadrilocale in via Cuorgnè 24. Ottimo ...,NON_CLASSIFICATO,via Cuorgnè 24,NO,NON_TARGET,,,,,,,,Agenzia delle Entrate · WMS CP.CadastralParcel,https://www.immobiliare.it/annunci/127710282/,2026-09-01T18:58:42.120957+00:00,2026-09-03T19:01:31.710084+00:00
LIVE-dd7715effca7a848,,RADAR_LIVE,NO,Rivoli,Vendita Appartamento Rivoli. Bilocale in via Rombò 27. Buono stato ...,NON_CLASSIFICATO,via Rombò 27,NO,NON_TARGET,,,,,,,,Agenzia delle Entrate · WMS CP.CadastralParcel,https://www.immobiliare.it/annunci/131405284/,2026-09-01T18:58:42.120963+00:00,2026-09-03T19:01:31.710089+00:00
LIVE-b80e9aaaa0ce872d,,RADAR_LIVE,NO,Rivoli,Vendita Appartamento Rivoli. Bilocale in via monte sabotino 20. Buono ...,NON_CLASSIFICATO,via monte sabotino 20,NO,NON_TARGET,,,,,,,,Agenzia delle Entrate · WMS CP.CadastralParcel,https://www.immobiliare.it/annunci/131521662/,2026-09-01T18:58:42.120970+00:00,2026-09-03T19:01:31.710095+00:00
LIVE-709fa87539d746e0,,RADAR_LIVE,NO,Rosta,Vendita Appartamento in via Sant\'Antonio di Ranverso 2/c. Rosta ...,NON_CLASSIFICATO,,NO,NON_TARGET,,,,,,,,Agenzia delle Entrate · WMS CP.CadastralParcel,https://www.immobiliare.it/annunci/132055570/,2026-09-01T18:58:42.121056+00:00,2026-09-03T19:01:31.710099+00:00
LIVE-18f1389c5413693b,,RADAR_LIVE,NO,Rosta,Vendita Appartamento Rosta. Trilocale in via Gabriele D'Annunzio 17 ...,NON_CLASSIFICATO,via Gabriele D'Annunzio 17,NO,NON_TARGET,,,,,,,,Agenzia delle Entrate · WMS CP.CadastralParcel,https://www.immobiliare.it/annunci/131469708/,2026-09-01T18:58:42.121071+00:00,2026-09-03T19:01:31.710104+00:00
LIVE-2ba9b14f860e93d3,,RADAR_LIVE,NO,Rosta,"Vendita Appartamento Reggio Emilia. Trilocale, Buono stato, con balcone ...",NON_CLASSIFICATO,,NO,NON_TARGET,,,,,,,,Agenzia delle Entrate · WMS CP.CadastralParcel,https://www.immobiliare.it/annunci/131121076/,2026-09-01T18:58:42.121077+00:00,2026-09-03T19:01:31.710109+00:00
LIVE-081aee6c3c949851,,RADAR_LIVE,NO,Rosta,"Vendita Appartamento Reggio Emilia. Ottimo stato, piano rialzato, posto ...",NON_CLASSIFICATO,,NO,NON_TARGET,,,,,,,,Agenzia delle Entrate · WMS CP.CadastralParcel,https://www.immobiliare.it/annunci/124757033/,2026-09-01T18:58:42.121107+00:00,2026-09-03T19:01:31.710114+00:00
LIVE-7fae895062b34ec8,,RADAR_LIVE,NO,Rubiana,Vendita Terratetto unifamiliare in borgata franchino 3 Rubiana. Da ...,NON_CLASSIFICATO,borgata franchino 3,NO,NON_TARGET,,,,,,,,Agenzia delle Entrate · WMS CP.CadastralParcel,https://www.immobiliare.it/annunci/112604041/,2026-09-01T18:58:42.121172+00:00,2026-09-03T19:01:31.710119+00:00
LIVE-a5e055d325b5f56d,,RADAR_LIVE,NO,Salbertrand,Vendita Villa unifamiliare in frazione San Romano Salbertrand. Buono ...,NON_CLASSIFICATO,frazione San Romano Salbertrand. Buono,NO,NON_TARGET,,,,,,,,Agenzia delle Entrate · WMS CP.CadastralParcel,https://www.immobiliare.it/annunci/132039012/,2026-09-01T18:58:42.121216+00:00,2026-09-03T19:01:31.710125+00:00
LIVE-936a514c36ad6883,,RADAR_LIVE,NO,Salbertrand,"Vendita Rifugio in alpe le selle Salbertrand. Buono stato, 570 m², rif ...",NON_CLASSIFICATO,,NO,NON_TARGET,,,,,,,,Agenzia delle Entrate · WMS CP.CadastralParcel,https://www.immobiliare.it/annunci/127361401/,2026-09-01T18:58:42.121222+00:00,2026-09-03T19:01:31.710130+00:00
LIVE-71d1d7731c717df6,,RADAR_LIVE,NO,Salbertrand,Vendita Appartamento Torino. Quadrilocale in via Salbertrand. Buono ...,NON_CLASSIFICATO,via Salbertrand. Buono,NO,NON_TARGET,,,,,,,,Agenzia delle Entrate · WMS CP.CadastralParcel,https://www.immobiliare.it/annunci/129398306/,2026-09-01T18:58:42.121228+00:00,2026-09-03T19:01:31.710135+00:00
LIVE-21e9fa21960dc9d1,,RADAR_LIVE,NO,Salbertrand,Vendita Appartamento Torino. Bilocale in via Millaures 16. Buono stato ...,NON_CLASSIFICATO,via Millaures 16,NO,NON_TARGET,,,,,,,,Agenzia delle Entrate · WMS CP.CadastralParcel,https://www.immobiliare.it/annunci/130721316/,2026-09-01T18:58:42.121243+00:00,2026-09-03T19:01:31.710139+00:00
LIVE-202af9b3bed6099c,,RADAR_LIVE,NO,San Didero,Quanto vale una casa a San Didero (TO) — prezzi al m² 2° semestre 2025,NON_CLASSIFICATO,,NO,NON_TARGET,,,,,,,,Agenzia delle Entrate · WMS CP.CadastralParcel,https://tuttocalcolo.it/valore-immobili/to/san-didero,2026-09-01T18:58:42.121260+00:00,2026-09-03T19:01:31.710145+00:00
LIVE-1355fc9c728edcda,,RADAR_LIVE,NO,San Giorio di Susa,Vendita Appartamento San Giorio di Susa. Trilocale in via Carlo Carli ...,NON_CLASSIFICATO,via Carlo Carli,NO,NON_TARGET,,,,,,,,Agenzia delle Entrate · WMS CP.CadastralParcel,https://www.immobiliare.it/annunci/123436821/,2026-09-01T18:58:42.121356+00:00,2026-09-03T19:01:31.710150+00:00
LIVE-480c9b83195ad471,,RADAR_LIVE,NO,San Giorio di Susa,Vendita Appartamento San Giorio di Susa. Trilocale in via Carlo Carli ...,NON_CLASSIFICATO,via Carlo Carli,NO,NON_TARGET,,,,,,,,Agenzia delle Entrate · WMS CP.CadastralParcel,https://www.immobiliare.it/annunci/123308807/,2026-09-01T18:58:42.121433+00:00,2026-09-03T19:01:31.710155+00:00
LIVE-954e725b040ff18e,,RADAR_LIVE,NO,Sangano,Vendita Appartamento Sangano. Quadrilocale in piazza Marco Matta 1 ...,NON_CLASSIFICATO,piazza Marco Matta 1,NO,NON_TARGET,,,,,,,,Agenzia delle Entrate · WMS CP.CadastralParcel,https://www.immobiliare.it/annunci/132011910/,2026-09-01T18:58:42.121553+00:00,2026-09-03T19:01:31.710159+00:00
LIVE-051fdec1cd16e691,,RADAR_LIVE,NO,Sangano,Vendita Villa bifamiliare in via Venezia 20A Sangano. Buono stato ...,NON_CLASSIFICATO,via Venezia 20A,NO,NON_TARGET,,,,,,,,Agenzia delle Entrate · WMS CP.CadastralParcel,https://www.immobiliare.it/annunci/102247182/,2026-09-01T18:58:42.121560+00:00,2026-09-03T19:01:31.710165+00:00
LIVE-92f992ca0a3c5840,,RADAR_LIVE,NO,Sant'Ambrogio di Torino,Vendita Appartamento in villa in via ex internati 1 Sant'Ambrogio di ...,NON_CLASSIFICATO,via ex internati 1,NO,NON_TARGET,,,,,,,,Agenzia delle Entrate · WMS CP.CadastralParcel,https://www.immobiliare.it/annunci/124345991/,2026-09-01T18:58:42.121574+00:00,2026-09-03T19:01:31.710170+00:00
LIVE-3f44bff156d9447f,,RADAR_LIVE,NO,Sant'Ambrogio di Torino,Vendita Villa unifamiliare in via Pautassi Sant'Ambrogio di Torino ...,NON_CLASSIFICATO,via Pautassi Sant'Ambrogio di Torino,NO,NON_TARGET,,,,,,,,Agenzia delle Entrate · WMS CP.CadastralParcel,https://www.immobiliare.it/annunci/125753009/,2026-09-01T18:58:42.121581+00:00,2026-09-03T19:01:31.710175+00:00
LIVE-3c2bbc89864403bf,,RADAR_LIVE,NO,Sant'Ambrogio di Torino,Vendita Appartamento Sant'Ambrogio di Torino. Quadrilocale in via ...,NON_CLASSIFICATO,,NO,NON_TARGET,,,,,,,,Agenzia delle Entrate · WMS CP.CadastralParcel,https://www.immobiliare.it/annunci/121580984/,2026-09-01T18:58:42.121605+00:00,2026-09-03T19:01:31.710180+00:00
LIVE-5526c782bd8c7182,,RADAR_LIVE,NO,Susa,"Vendita Villa unifamiliare Susa. Da ristrutturare, con balcone, 190 m² ...",NON_CLASSIFICATO,,NO,NON_TARGET,,,,,,,,Agenzia delle Entrate · WMS CP.CadastralParcel,https://www.immobiliare.it/annunci/132052052/,2026-09-01T18:58:42.121763+00:00,2026-09-03T19:01:31.710186+00:00
LIVE-37da9b3fdb489c12,,RADAR_LIVE,NO,Susa,Vendita Villa a schiera in via Antica di Susa 14 Pinerolo. Buono stato ...,NON_CLASSIFICATO,via Antica di Susa 14,NO,NON_TARGET,,,,,,,,Agenzia delle Entrate · WMS CP.CadastralParcel,https://www.immobiliare.it/annunci/132019300/,2026-09-01T18:58:42.121778+00:00,2026-09-03T19:01:31.710192+00:00
LIVE-52169d723eee7ecb,,RADAR_LIVE,NO,Susa,Vendita Appartamento Rivoli. Quadrilocale in corso Susa 237. Ottimo ...,NON_CLASSIFICATO,corso Susa 237,NO,NON_TARGET,,,,,,,,Agenzia delle Entrate · WMS CP.CadastralParcel,https://www.immobiliare.it/annunci/125195475/,2026-09-01T18:58:42.121802+00:00,2026-09-03T19:01:31.710197+00:00
LIVE-c294421475ffbd1c,,RADAR_LIVE,NO,Susa,"Vendita Villa unifamiliare Meana di Susa. Da ristrutturare, 135 m², rif ...",NON_CLASSIFICATO,,NO,NON_TARGET,,,,,,,,Agenzia delle Entrate · WMS CP.CadastralParcel,https://www.immobiliare.it/annunci/132052054/,2026-09-01T18:58:42.121809+00:00,2026-09-03T19:01:31.710202+00:00
LIVE-7c7810a0f451d445,,RADAR_LIVE,NO,Susa,"Villetta a schiera in vendita in Via Antica di Susa, 14",NON_CLASSIFICATO,"Via Antica di Susa, 14",NO,NON_TARGET,,,,,,,,Agenzia delle Entrate · WMS CP.CadastralParcel,https://www.idealista.it/immobile/36661306/,2026-09-01T18:58:42.121832+00:00,2026-09-03T19:01:31.710207+00:00
LIVE-bee025b0b05cc1fc,,RADAR_LIVE,NO,Susa,"Appartamento in vendita in Via Susa, 8 - idealista",NON_CLASSIFICATO,"Via Susa, 8",NO,NON_TARGET,,,,,,,,Agenzia delle Entrate · WMS CP.CadastralParcel,https://www.idealista.it/immobile/36664312/,2026-09-01T18:58:42.121866+00:00,2026-09-03T19:01:31.710211+00:00
LIVE-65d8b4c0d0d78d13,,RADAR_LIVE,NO,Trana,Decine di ville in vendita a Trana Galletto. - Caasa,NON_CLASSIFICATO,,NO,NON_TARGET,,,,,,,,Agenzia delle Entrate · WMS CP.CadastralParcel,https://www.caasa.it/torino/trana-zona-galletto/villa/in-vendita.html,2026-09-01T18:58:42.121892+00:00,2026-09-03T19:01:31.710216+00:00
LIVE-a556de2618acb329,,RADAR_LIVE,NO,Valgioie,Vendita Terratetto unifamiliare in Borgata Chiappero 58 Valgioie. Buono ...,NON_CLASSIFICATO,Borgata Chiappero 58,NO,NON_TARGET,,,,,,,,Agenzia delle Entrate · WMS CP.CadastralParcel,https://www.immobiliare.it/annunci/124514105/,2026-09-01T18:58:42.122075+00:00,2026-09-03T19:01:31.710221+00:00
LIVE-8d655127c71a0a6e,,RADAR_LIVE,NO,Villar Dora,Vendita Appartamento Villar Dora. Trilocale in via Celle 64. Ottimo ...,NON_CLASSIFICATO,via Celle 64,NO,NON_TARGET,,,,,,,,Agenzia delle Entrate · WMS CP.CadastralParcel,https://www.immobiliare.it/annunci/126460417/,2026-09-01T18:58:42.122113+00:00,2026-09-03T19:01:31.710226+00:00
LIVE-16b8b1772339664b,,RADAR_LIVE,NO,Villar Dora,Vendita Appartamento Villar Dora. Bilocale in vicolo Genta 10. Buono ...,NON_CLASSIFICATO,vicolo Genta 10,NO,NON_TARGET,,,,,,,,Agenzia delle Entrate · WMS CP.CadastralParcel,https://www.immobiliare.it/annunci/118957947/,2026-09-01T18:58:42.122140+00:00,2026-09-03T19:01:31.710231+00:00
LIVE-8db440fb585692fa,,RADAR_LIVE,NO,Villar Focchiardo,Vendita Appartamento Villar Focchiardo. Quadrilocale in via Chiesali ...,NON_CLASSIFICATO,via Chiesali,NO,NON_TARGET,,,,,,,,Agenzia delle Entrate · WMS CP.CadastralParcel,https://www.immobiliare.it/annunci/130136494/,2026-09-01T18:58:42.122195+00:00,2026-09-03T19:01:31.710237+00:00
LIVE-d3f6ad6f41d39546,,RADAR_LIVE,NO,Villarbasse,"Villa unifamiliare Strada Truc Carlevè 45, Villarbasse",NON_CLASSIFICATO,Strada Truc Carlevè 45,NO,NON_TARGET,,,,,,,,Agenzia delle Entrate · WMS CP.CadastralParcel,https://www.immobiliare.it/annunci/124431573/,2026-09-01T18:58:42.122235+00:00,2026-09-03T19:01:31.710242+00:00
LIVE-c1ded8c4178db767,,RADAR_LIVE,NO,Villarbasse,Vendita Appartamento Villarbasse. Trilocale in via Frejus 3. Ottimo ...,NON_CLASSIFICATO,via Frejus 3,NO,NON_TARGET,,,,,,,,Agenzia delle Entrate · WMS CP.CadastralParcel,https://www.immobiliare.it/annunci/127004787/,2026-09-01T18:58:42.122248+00:00,2026-09-03T19:01:31.710247+00:00
LIVE-27cba4929aa6019c,,RADAR_LIVE,NO,Avigliana,Vendita Villa bifamiliare in via Monte Pirchiriano 14 Avigliana. Buono ...,NON_CLASSIFICATO,via Monte Pirchiriano 14,NO,NON_TARGET,,,,,,,,Agenzia delle Entrate · WMS CP.CadastralParcel,https://www.immobiliare.it/annunci/130847028/,2026-09-01T20:55:16.172002+00:00,2026-09-03T19:01:31.710252+00:00
LIVE-1d9275fe6fc6a086,,RADAR_LIVE,NO,Avigliana,Vendita Villa bifamiliare in via Monte Cuneo 6 Avigliana. Buono stato ...,NON_CLASSIFICATO,via Monte Cuneo 6,NO,NON_TARGET,,,,,,,,Agenzia delle Entrate · WMS CP.CadastralParcel,https://www.immobiliare.it/annunci/117894169/,2026-09-01T20:55:16.172018+00:00,2026-09-03T19:01:31.710257+00:00
LIVE-149f2522b4425195,,RADAR_LIVE,NO,Avigliana,"Vendita Rustico in via Oscar Borgesa 19 Avigliana. Buono stato, 50 m² ...",NON_CLASSIFICATO,via Oscar Borgesa 19,NO,NON_TARGET,,,,,,,,Agenzia delle Entrate · WMS CP.CadastralParcel,https://www.immobiliare.it/annunci/127109565/,2026-09-01T20:55:16.172046+00:00,2026-09-03T19:01:31.710263+00:00
LIVE-8a5ac5c794745dc3,,RADAR_LIVE,NO,Avigliana,Vendita Villa bifamiliare in via Chiattera 56 Avigliana. Buono stato ...,NON_CLASSIFICATO,via Chiattera 56,NO,NON_TARGET,,,,,,,,Agenzia delle Entrate · WMS CP.CadastralParcel,https://www.immobiliare.it/annunci/128300848/,2026-09-01T20:55:16.172053+00:00,2026-09-03T19:01:31.710268+00:00
LIVE-630670361081fd42,,RADAR_LIVE,NO,Borgone Susa,Vendita Appartamento Borgone Susa. Bilocale in via Augusto Abegg ...,NON_CLASSIFICATO,via Augusto Abegg,NO,NON_TARGET,,,,,,,,Agenzia delle Entrate · WMS CP.CadastralParcel,https://www.immobiliare.it/annunci/119071905/,2026-09-01T20:55:16.172128+00:00,2026-09-03T19:01:31.710273+00:00
LIVE-52f902468dddffa9,,RADAR_LIVE,NO,Chianocco,"Rustico, casale in Vendita in Frazione Pavaglione 169 a Chianocco",NON_CLASSIFICATO,Frazione Pavaglione 169,NO,NON_TARGET,,,,,,,,Agenzia delle Entrate · WMS CP.CadastralParcel,https://www.casa.it/immobili/54627174/,2026-09-01T20:55:16.172386+00:00,2026-09-03T19:01:31.710278+00:00
LIVE-08dca210184b674f,,RADAR_LIVE,NO,Chianocco,"Appartamento in vendita, Chianocco con box, 96 mq • Wikicasa",NON_CLASSIFICATO,,NO,NON_TARGET,,,,,,,,Agenzia delle Entrate · WMS CP.CadastralParcel,https://www.wikicasa.it/annuncio/30695067,2026-09-01T20:55:16.172392+00:00,2026-09-03T19:01:31.710284+00:00
LIVE-f9ddc276022546f1,,RADAR_LIVE,NO,Chiusa di San Michele,Vendita Appartamento Chiusa di San Michele. Trilocale in via E. L ...,NON_CLASSIFICATO,via E. L,NO,NON_TARGET,,,,,,,,Agenzia delle Entrate · WMS CP.CadastralParcel,https://www.immobiliare.it/annunci/108101505/,2026-09-01T20:55:16.172541+00:00,2026-09-03T19:01:31.710288+00:00
LIVE-396b85c0c13c9c55,,RADAR_LIVE,NO,Collegno,Quadrilocale in vendita in Via Sacra S. Michele - idealista,NON_CLASSIFICATO,Via Sacra S. Michele,NO,NON_TARGET,,,,,,,,Agenzia delle Entrate · WMS CP.CadastralParcel,https://www.idealista.it/immobile/36680870/,2026-09-01T20:55:16.172646+00:00,2026-09-03T19:01:31.710294+00:00
LIVE-bb3eaee301990131,,RADAR_LIVE,NO,Collegno,Quadrilocale in vendita in Via Antico Filatoio - idealista,NON_CLASSIFICATO,Via Antico Filatoio,NO,NON_TARGET,,,,,,,,Agenzia delle Entrate · WMS CP.CadastralParcel,https://www.idealista.it/immobile/36680874/,2026-09-01T20:55:16.172661+00:00,2026-09-03T19:01:31.710298+00:00
LIVE-f864b0392f1aa083,,RADAR_LIVE,NO,Collegno,"Quadrilocale in vendita in Via Giovanni Tobanelli, 9",NON_CLASSIFICATO,"Via Giovanni Tobanelli, 9",NO,NON_TARGET,,,,,,,,Agenzia delle Entrate · WMS CP.CadastralParcel,https://www.idealista.it/immobile/36106536/,2026-09-01T20:55:16.172675+00:00,2026-09-03T19:01:31.710304+00:00
LIVE-8a7fcf08e4063b22,,RADAR_LIVE,NO,Giaveno,Vendita Villa unifamiliare in Borgata Piancera Giaveno. Ottimo stato ...,NON_CLASSIFICATO,Borgata Piancera Giaveno. Ottimo stato,NO,NON_TARGET,,,,,,,,Agenzia delle Entrate · WMS CP.CadastralParcel,https://www.immobiliare.it/annunci/132067598/,2026-09-01T20:55:16.173002+00:00,2026-09-03T19:01:31.710309+00:00
LIVE-35423fc21e105c6f,,RADAR_LIVE,NO,Mattie,Vendita Terratetto unifamiliare in via Bellando 24 Mattie. Buono stato ...,NON_CLASSIFICATO,via Bellando 24,NO,NON_TARGET,,,,,,,,Agenzia delle Entrate · WMS CP.CadastralParcel,https://www.immobiliare.it/annunci/131552508/,2026-09-01T20:55:16.173195+00:00,2026-09-03T19:01:31.710314+00:00
LIVE-01784bb314fe191f,,RADAR_LIVE,NO,Mompantero,Quanto vale una casa a Mompantero (TO) — prezzi al m² 2° semestre 2025,NON_CLASSIFICATO,,NO,NON_TARGET,,,,,,,,Agenzia delle Entrate · WMS CP.CadastralParcel,https://tuttocalcolo.it/valore-immobili/to/mompantero,2026-09-01T20:55:16.173257+00:00,2026-09-03T19:01:31.710320+00:00
LIVE-7ef590e6f208400f,,RADAR_LIVE,NO,Moncenisio,Quanto vale una casa a Moncenisio (TO) — prezzi al m² 2° semestre 2025,NON_CLASSIFICATO,,NO,NON_TARGET,,,,,,,,Agenzia delle Entrate · WMS CP.CadastralParcel,https://tuttocalcolo.it/valore-immobili/to/moncenisio,2026-09-01T20:55:16.173300+00:00,2026-09-03T19:01:31.710325+00:00
LIVE-c0bde0e34a9d5380,,RADAR_LIVE,NO,Pianezza,Vendita Appartamento in Strada Pianezza 180. Torino. Ottimo stato ...,NON_CLASSIFICATO,Strada Pianezza 180,NO,NON_TARGET,,,,,,,,Agenzia delle Entrate · WMS CP.CadastralParcel,https://www.immobiliare.it/annunci/128106210/,2026-09-01T20:55:16.173493+00:00,2026-09-03T19:01:31.710330+00:00
LIVE-d6031b31bebf685f,,RADAR_LIVE,NO,Rivoli,Vendita Villa bifamiliare in Strada Bastone 10/4 Rivoli. Posto auto ...,NON_CLASSIFICATO,Strada Bastone 10/4,NO,NON_TARGET,,,,,,,,Agenzia delle Entrate · WMS CP.CadastralParcel,https://www.immobiliare.it/annunci/131899574/,2026-09-01T20:55:16.173613+00:00,2026-09-03T19:01:31.710336+00:00
LIVE-03b4da60242f96fa,,RADAR_LIVE,NO,Rivoli,Vendita Appartamento Rivoli. Trilocale in corso Francia 217. Ottimo ...,NON_CLASSIFICATO,corso Francia 217,NO,NON_TARGET,,,,,,,,Agenzia delle Entrate · WMS CP.CadastralParcel,https://www.immobiliare.it/annunci/131911816/,2026-09-01T20:55:16.173661+00:00,2026-09-03T19:01:31.710340+00:00
LIVE-c7c7613d6c8b3df0,,RADAR_LIVE,NO,San Didero,Vendita Villa bifamiliare in via Braida 18 San Didero. Buono stato ...,NON_CLASSIFICATO,via Braida 18,NO,NON_TARGET,,,,,,,,Agenzia delle Entrate · WMS CP.CadastralParcel,https://www.immobiliare.it/annunci/119867038/,2026-09-01T20:55:16.173909+00:00,2026-09-03T19:01:31.710346+00:00
LIVE-54a66a44d82c1040,,RADAR_LIVE,NO,San Giorio di Susa,Quanto vale una casa a San Giorio Di Susa (TO),NON_CLASSIFICATO,,NO,NON_TARGET,,,,,,,,Agenzia delle Entrate · WMS CP.CadastralParcel,https://tuttocalcolo.it/valore-immobili/to/san-giorio-di-susa,2026-09-01T20:55:16.173955+00:00,2026-09-03T19:01:31.710351+00:00
LIVE-52ad819fdd49b799,,RADAR_LIVE,NO,San Giorio di Susa,Vendita Rustico in via Carlo Carli 77 San Giorio di Susa. Da ...,NON_CLASSIFICATO,via Carlo Carli 77,NO,NON_TARGET,,,,,,,,Agenzia delle Entrate · WMS CP.CadastralParcel,https://www.immobiliare.it/annunci/123612265/,2026-09-01T20:55:16.174036+00:00,2026-09-03T19:01:31.710356+00:00
LIVE-f9713f7d39b057de,,RADAR_LIVE,NO,Vaie,"Villetta bifamiliare in vendita in Via Roma, 23, Vaie - idealista",NON_CLASSIFICATO,"Via Roma, 23",NO,NON_TARGET,,,,,,,,Agenzia delle Entrate · WMS CP.CadastralParcel,https://www.idealista.it/immobile/33453126/,2026-09-01T20:55:16.174434+00:00,2026-09-03T19:01:31.710361+00:00
LIVE-c9094048600da129,,RADAR_LIVE,NO,Villar Dora,Vendita Appartamento Villar Dora. Bilocale in via Celle 67. Buono stato ...,NON_CLASSIFICATO,via Celle 67,NO,NON_TARGET,,,,,,,,Agenzia delle Entrate · WMS CP.CadastralParcel,https://www.immobiliare.it/annunci/130667066/,2026-09-01T20:55:16.174597+00:00,2026-09-03T19:01:31.710365+00:00
LIVE-d8c4daadd6d1771b,,RADAR_LIVE,NO,Avigliana,Vendita Villa bifamiliare in via Monte Cuneo 6 Avigliana. Buono stato ...,NON_CLASSIFICATO,via Monte Cuneo 6,NO,NON_TARGET,,,,,,,,Agenzia delle Entrate · WMS CP.CadastralParcel,https://www.immobiliare.it/annunci/113651037/,2026-09-01T23:36:27.690129+00:00,2026-09-03T19:01:31.710370+00:00
LIVE-28594d97ba1c9e3a,,RADAR_LIVE,NO,Caselette,"Vendita Terratetto plurifamiliare Caselette. Ottimo stato, con terrazza ...",NON_CLASSIFICATO,,NO,NON_TARGET,,,,,,,,Agenzia delle Entrate · WMS CP.CadastralParcel,https://www.immobiliare.it/annunci/120660848/,2026-09-01T23:36:27.690538+00:00,2026-09-03T19:01:31.710375+00:00
LIVE-1c0fe03156daf651,,RADAR_LIVE,NO,Coazze,"Appartamento in vendita in Borgata Freinetto, 19 - idealista",NON_CLASSIFICATO,"Borgata Freinetto, 19",NO,NON_TARGET,,,,,,,,Agenzia delle Entrate · WMS CP.CadastralParcel,https://www.idealista.it/immobile/36099205/,2026-09-01T23:36:27.690718+00:00,2026-09-03T19:01:31.710380+00:00
LIVE-27a858682f560304,,RADAR_LIVE,NO,Coazze,Vendita Terratetto unifamiliare in Borgata Bue 6 Coazze. Ottimo stato ...,NON_CLASSIFICATO,Borgata Bue 6,NO,NON_TARGET,,,,,,,,Agenzia delle Entrate · WMS CP.CadastralParcel,https://www.immobiliare.it/annunci/131533040/,2026-09-01T23:36:27.690771+00:00,2026-09-03T19:01:31.710385+00:00
LIVE-a24f1c8cf08a0d75,,RADAR_LIVE,NO,Giaveno,Vendita Terratetto plurifamiliare in Colle del vento 94b Giaveno. Buono ...,NON_CLASSIFICATO,,NO,NON_TARGET,,,,,,,,Agenzia delle Entrate · WMS CP.CadastralParcel,https://www.immobiliare.it/annunci/126967023/,2026-09-01T23:36:27.691071+00:00,2026-09-03T19:01:31.710390+00:00
LIVE-bfd134379b3600d1,,RADAR_LIVE,NO,Grugliasco,Vendita Appartamento Grugliasco. Bilocale in via Gorizia 6. Buono stato ...,NON_CLASSIFICATO,via Gorizia 6,NO,NON_TARGET,,,,,,,,Agenzia delle Entrate · WMS CP.CadastralParcel,https://www.immobiliare.it/annunci/131135370/,2026-09-01T23:36:27.691232+00:00,2026-09-03T19:01:31.710395+00:00
LIVE-4234d3ca1b5c4c0b,,RADAR_LIVE,NO,Oulx,Vendita Appartamento Oulx. Bilocale in piazza Federico Mistral 8. Buono ...,NON_CLASSIFICATO,piazza Federico Mistral 8,NO,NON_TARGET,,,,,,,,Agenzia delle Entrate · WMS CP.CadastralParcel,https://www.immobiliare.it/annunci/128758850/,2026-09-01T23:36:27.691399+00:00,2026-09-03T19:01:31.710401+00:00
LIVE-4ada4f97e0479af1,,RADAR_LIVE,NO,Rivoli,Vendita Appartamento Rivoli. Quadrilocale in via L. Gatti 40. Ottimo ...,NON_CLASSIFICATO,via L. Gatti 40,NO,NON_TARGET,,,,,,,,Agenzia delle Entrate · WMS CP.CadastralParcel,https://www.immobiliare.it/annunci/131546628/,2026-09-01T23:36:27.691600+00:00,2026-09-03T19:01:31.710430+00:00
LIVE-e4d223f61e7063cc,,RADAR_LIVE,NO,Rivoli,Vendita Appartamento Rivoli. Trilocale in via Pasubio. Ottimo stato ...,NON_CLASSIFICATO,via Pasubio. Ottimo stato,NO,NON_TARGET,,,,,,,,Agenzia delle Entrate · WMS CP.CadastralParcel,https://www.immobiliare.it/annunci/128582184/,2026-09-01T23:36:27.691619+00:00,2026-09-03T19:01:31.710435+00:00
LIVE-3ac8655b04e55602,,RADAR_LIVE,NO,Rivoli,"Vendita Appartamento Rivoli. Trilocale in via Alpignano, 159/4. Buono ...",NON_CLASSIFICATO,"via Alpignano, 159/4",NO,NON_TARGET,,,,,,,,Agenzia delle Entrate · WMS CP.CadastralParcel,https://www.immobiliare.it/annunci/129199650/,2026-09-01T23:36:27.691645+00:00,2026-09-03T19:01:31.710442+00:00
LIVE-506477e93cd1441e,,RADAR_LIVE,NO,Rosta,Decine di ville in vendita a Rosta. - Caasa,NON_CLASSIFICATO,,NO,NON_TARGET,,,,,,,,Agenzia delle Entrate · WMS CP.CadastralParcel,https://www.caasa.it/torino/rosta/villa/in-vendita.html,2026-09-01T23:36:27.691666+00:00,2026-09-03T19:01:31.710448+00:00
LIVE-caf17a04107cbf44,,RADAR_LIVE,NO,Rosta,Vendita Villa bifamiliare in via Rosta Quinto di Treviso. Ottimo stato ...,NON_CLASSIFICATO,via Rosta Quinto di Treviso. Ottimo stato,NO,NON_TARGET,,,,,,,,Agenzia delle Entrate · WMS CP.CadastralParcel,https://www.immobiliare.it/annunci/132046648/,2026-09-01T23:36:27.691733+00:00,2026-09-03T19:01:31.710455+00:00
LIVE-4c133ad8f0df9f37,,RADAR_LIVE,NO,Rubiana,Vendita Villa bifamiliare in via Dosso di Rubiana 100 Caprino Veronese ...,NON_CLASSIFICATO,via Dosso di Rubiana 100,NO,NON_TARGET,,,,,,,,Agenzia delle Entrate · WMS CP.CadastralParcel,https://www.immobiliare.it/annunci/132088000/,2026-09-01T23:36:27.691771+00:00,2026-09-03T19:01:31.710462+00:00
LIVE-b12ddd592a3ddb6d,,RADAR_LIVE,NO,San Giorio di Susa,Vendita Villa unifamiliare in via Susa 5 San Giorio di Susa. Ottimo ...,NON_CLASSIFICATO,via Susa 5,NO,NON_TARGET,,,,,,,,Agenzia delle Entrate · WMS CP.CadastralParcel,https://www.immobiliare.it/annunci/85451518/,2026-09-01T23:36:27.691931+00:00,2026-09-03T19:01:31.710468+00:00
LIVE-c10deb7411f3b5eb,,RADAR_LIVE,NO,San Giorio di Susa,Vendita Appartamento in via Carlo Carli 166. San Giorio di Susa. Buono ...,NON_CLASSIFICATO,via Carlo Carli 166,NO,NON_TARGET,,,,,,,,Agenzia delle Entrate · WMS CP.CadastralParcel,https://www.immobiliare.it/annunci/106409325/,2026-09-01T23:36:27.691950+00:00,2026-09-03T19:01:31.710474+00:00
LIVE-c83dc0c986e8f8f0,,RADAR_LIVE,NO,San Giorio di Susa,Vendita Appartamento San Giorio di Susa. Trilocale in via Walter Fontan ...,NON_CLASSIFICATO,via Walter Fontan,NO,NON_TARGET,,,,,,,,Agenzia delle Entrate · WMS CP.CadastralParcel,https://www.immobiliare.it/annunci/100790439/,2026-09-01T23:36:27.691962+00:00,2026-09-03T19:01:31.710479+00:00
LIVE-79e1f5f76f926095,,RADAR_LIVE,NO,Sangano,Quanto vale una casa a Sangano (TO) — prezzi al m² 2° semestre 2025,NON_CLASSIFICATO,,NO,NON_TARGET,,,,,,,,Agenzia delle Entrate · WMS CP.CadastralParcel,https://tuttocalcolo.it/valore-immobili/to/sangano,2026-09-01T23:36:27.692027+00:00,2026-09-03T19:01:31.710485+00:00
LIVE-836b4b7703aab3aa,,RADAR_LIVE,NO,Sant'Ambrogio di Torino,Quanto vale una casa a Sant'ambrogio Di Torino (TO),NON_CLASSIFICATO,,NO,NON_TARGET,,,,,,,,Agenzia delle Entrate · WMS CP.CadastralParcel,https://tuttocalcolo.it/valore-immobili/to/sant-ambrogio-di-torino,2026-09-01T23:36:27.692051+00:00,2026-09-03T19:01:31.710492+00:00
LIVE-d09ab4d9f3a7e4cf,,RADAR_LIVE,NO,Sant'Ambrogio di Torino,Vendita Villa unifamiliare in via Giaveno Sant'Ambrogio di Torino. Da ...,NON_CLASSIFICATO,via Giaveno Sant'Ambrogio di Torino. Da,NO,NON_TARGET,,,,,,,,Agenzia delle Entrate · WMS CP.CadastralParcel,https://www.immobiliare.it/annunci/125740567/,2026-09-01T23:36:27.692063+00:00,2026-09-03T19:01:31.710498+00:00
LIVE-257e46550a87dddc,,RADAR_LIVE,NO,Sant'Ambrogio di Torino,Vendita Appartamento Sant'Ambrogio di Torino. Quadrilocale in via 1 ...,NON_CLASSIFICATO,,NO,NON_TARGET,,,,,,,,Agenzia delle Entrate · WMS CP.CadastralParcel,https://www.immobiliare.it/annunci/125746217/,2026-09-01T23:36:27.692069+00:00,2026-09-03T19:01:31.710504+00:00
LIVE-552092d09fdcd935,,RADAR_LIVE,NO,Bardonecchia,Vendita Appartamento Bardonecchia. Trilocale in viale Bramafam 39 ...,NON_CLASSIFICATO,viale Bramafam 39,NO,NON_TARGET,,,,,,,,Agenzia delle Entrate · WMS CP.CadastralParcel,https://www.immobiliare.it/annunci/131382180/,2026-09-02T07:11:25.325248+00:00,2026-09-03T19:01:31.709401+00:00
LIVE-2f4e7171a4205d18,,RADAR_LIVE,NO,Caprie,Trilocale in Vendita in Viale Kennedy 27 a Caprie - Casa.it,NON_CLASSIFICATO,Viale Kennedy 27,NO,NON_TARGET,,,,,,,,Agenzia delle Entrate · WMS CP.CadastralParcel,https://www.casa.it/immobili/54638195/,2026-09-02T07:11:25.325505+00:00,2026-09-03T19:01:31.709406+00:00
LIVE-654d7db54ec6a685,,RADAR_LIVE,NO,Chianocco,Quanto vale una casa a Chianocco (TO) — prezzi al m² 2° semestre 2025,NON_CLASSIFICATO,,NO,NON_TARGET,,,,,,,,Agenzia delle Entrate · WMS CP.CadastralParcel,https://tuttocalcolo.it/valore-immobili/to/chianocco,2026-09-02T07:11:25.325624+00:00,2026-09-03T19:01:31.709416+00:00
LIVE-928071d74bac723c,,RADAR_LIVE,NO,Collegno,Vendita Appartamento Collegno. Trilocale in via Podgora 12. Ottimo ...,NON_CLASSIFICATO,via Podgora 12,NO,NON_TARGET,,,,,,,,Agenzia delle Entrate · WMS CP.CadastralParcel,https://www.immobiliare.it/annunci/128709902/,2026-09-02T07:11:25.325776+00:00,2026-09-03T19:01:31.709421+00:00
LIVE-c0562dd1112d001a,,RADAR_LIVE,NO,Grugliasco,Vendita Appartamento Grugliasco. Bilocale in via Stampalia. Da ...,NON_CLASSIFICATO,via Stampalia. Da,NO,NON_TARGET,,,,,,,,Agenzia delle Entrate · WMS CP.CadastralParcel,https://www.immobiliare.it/annunci/132086794/,2026-09-02T07:11:25.326202+00:00,2026-09-03T19:01:31.710509+00:00
LIVE-bdf6a44eaf07dd5a,,RADAR_LIVE,NO,Grugliasco,Vendita Appartamento Grugliasco. Quadrilocale in via Severino Doppi ...,NON_CLASSIFICATO,via Severino Doppi,NO,NON_TARGET,,,,,,,,Agenzia delle Entrate · WMS CP.CadastralParcel,https://www.immobiliare.it/annunci/132081010/,2026-09-02T07:11:25.326234+00:00,2026-09-03T19:01:31.710515+00:00
LIVE-72c1e7b0c2359916,,RADAR_LIVE,NO,Mompantero,"Rustico - casale all'asta frazione Seghino, 2, Mompantero",NON_CLASSIFICATO,"frazione Seghino, 2",NO,NON_TARGET,,,,,,,,Agenzia delle Entrate · WMS CP.CadastralParcel,https://www.immobiliare.it/annunci/130939356/,2026-09-02T07:11:25.326309+00:00,2026-09-03T19:01:31.710520+00:00
LIVE-62945b1a2cd05f38,,RADAR_LIVE,NO,Moncenisio,Vendita Appartamento Monza. Quadrilocale in via Moncenisio 10. Ottimo ...,NON_CLASSIFICATO,via Moncenisio 10,NO,NON_TARGET,,,,,,,,Agenzia delle Entrate · WMS CP.CadastralParcel,https://www.immobiliare.it/annunci/114155643/,2026-09-02T07:11:25.326370+00:00,2026-09-03T19:01:31.710525+00:00
LIVE-5931a307364d4f14,,RADAR_LIVE,NO,Pianezza,Vendita Appartamento Pianezza. Trilocale in via Giorgio La Pira. Ottimo ...,NON_CLASSIFICATO,via Giorgio La Pira. Ottimo,NO,NON_TARGET,,,,,,,,Agenzia delle Entrate · WMS CP.CadastralParcel,https://www.immobiliare.it/annunci/132081406/,2026-09-02T07:11:25.326547+00:00,2026-09-03T19:01:31.709426+00:00
LIVE-56f71ebcb27879c1,,RADAR_LIVE,NO,Reano,Vendita Appartamento Reano. Bilocale in via Maria Vittoria 11. Ottimo ...,NON_CLASSIFICATO,via Maria Vittoria 11,NO,NON_TARGET,,,,,,,,Agenzia delle Entrate · WMS CP.CadastralParcel,https://www.immobiliare.it/annunci/119068555/,2026-09-02T07:11:25.326593+00:00,2026-09-03T19:01:31.710531+00:00
LIVE-3e9668ce52defae2,,RADAR_LIVE,NO,Rubiana,Vendita Appartamento Rubiana. Bilocale in Borgata Meinà 15. Buono stato ...,NON_CLASSIFICATO,Borgata Meinà 15,NO,NON_TARGET,,,,,,,,Agenzia delle Entrate · WMS CP.CadastralParcel,https://www.immobiliare.it/annunci/132068702/,2026-09-02T07:11:25.326928+00:00,2026-09-03T19:01:31.710536+00:00
LIVE-d78622b6887ae36c,,RADAR_LIVE,NO,San Valeriano,Vendita Appartamento Robbio. Trilocale in via San Valeriano. Buono ...,NON_CLASSIFICATO,via San Valeriano. Buono,NO,NON_TARGET,,,,,,,,Agenzia delle Entrate · WMS CP.CadastralParcel,https://www.immobiliare.it/annunci/114133523/,2026-09-02T07:11:25.327141+00:00,2026-09-03T19:01:31.710542+00:00
LIVE-c5a6bf62ceb69963,,RADAR_LIVE,NO,San Valeriano,"Appartamento all'asta via San Valeriano ,20, Robbio",NON_CLASSIFICATO,"via San Valeriano ,20",NO,NON_TARGET,,,,,,,,Agenzia delle Entrate · WMS CP.CadastralParcel,https://www.immobiliare.it/annunci/110372645/,2026-09-02T07:11:25.327160+00:00,2026-09-03T19:01:31.709431+00:00
LIVE-d7639596e0c2db6e,,RADAR_LIVE,NO,San Valeriano,"Asta per appartamento, San Valeriano Robbio - Immobiliare.it",NON_CLASSIFICATO,,NO,NON_TARGET,,,,,,,,Agenzia delle Entrate · WMS CP.CadastralParcel,https://www.immobiliare.it/annunci/98818816/,2026-09-02T07:11:25.327192+00:00,2026-09-03T19:01:31.710548+00:00
LIVE-629240b090ba3d88,,RADAR_LIVE,NO,Sant'Antonino di Susa,Vendita Appartamento Sant'Antonino di Susa. Trilocale in via Medagli 62 ...,NON_CLASSIFICATO,via Medagli 62,NO,NON_TARGET,,,,,,,,Agenzia delle Entrate · WMS CP.CadastralParcel,https://www.immobiliare.it/annunci/125935117/,2026-09-02T07:11:25.327331+00:00,2026-09-03T19:01:31.709436+00:00
LIVE-f90cb58e71b10f7f,,RADAR_LIVE,NO,Sant'Antonino di Susa,Vendita Appartamento Sant'Antonino di Susa. Quadrilocale in via Mario ...,NON_CLASSIFICATO,via Mario,NO,NON_TARGET,,,,,,,,Agenzia delle Entrate · WMS CP.CadastralParcel,https://www.immobiliare.it/annunci/124107479/,2026-09-02T07:11:25.327357+00:00,2026-09-03T19:01:31.709441+00:00
LIVE-d82b304686cf6f1f,,RADAR_LIVE,NO,Sant'Antonino di Susa,Vendita Appartamento Sant'Antonino di Susa. Quadrilocale in via ...,NON_CLASSIFICATO,,NO,NON_TARGET,,,,,,,,Agenzia delle Entrate · WMS CP.CadastralParcel,https://www.immobiliare.it/annunci/128885698/,2026-09-02T07:11:25.327378+00:00,2026-09-03T19:01:31.709446+00:00
LIVE-1c23e6cd78c76cbd,,RADAR_LIVE,NO,Susa,Vendita Terratetto unifamiliare in via Traverse Meana di Susa. Buono ...,NON_CLASSIFICATO,via Traverse Meana di Susa. Buono,NO,NON_TARGET,,,,,,,,Agenzia delle Entrate · WMS CP.CadastralParcel,https://www.immobiliare.it/annunci/120783370/,2026-09-02T07:11:25.327444+00:00,2026-09-03T19:01:31.710555+00:00
LIVE-1fb3900b8b4f31e8,,RADAR_LIVE,NO,Susa,Vendita Appartamento Meana di Susa. Trilocale in via Traverse. Buono ...,NON_CLASSIFICATO,via Traverse. Buono,NO,NON_TARGET,,,,,,,,Agenzia delle Entrate · WMS CP.CadastralParcel,https://www.immobiliare.it/annunci/120783960/,2026-09-02T07:11:25.327456+00:00,2026-09-03T19:01:31.710560+00:00
LIVE-3a95cef86c8c00ba,,RADAR_LIVE,NO,Borgone Susa,"Villa unifamiliare via Augusto Abegg 68, Borgone Susa",NON_CLASSIFICATO,via Augusto Abegg 68,NO,NON_TARGET,,,,,,,,Agenzia delle Entrate · WMS CP.CadastralParcel,https://www.immobiliare.it/annunci/116053317/,2026-09-02T12:02:41.369595+00:00,2026-09-03T19:01:31.710565+00:00
LIVE-9e0c6d6aea3b08e6,,RADAR_LIVE,NO,Bruzolo,Quanto vale una casa a Bruzolo (TO) — prezzi al m² 2° semestre 2025,NON_CLASSIFICATO,,NO,NON_TARGET,,,,,,,,Agenzia delle Entrate · WMS CP.CadastralParcel,https://tuttocalcolo.it/valore-immobili/to/bruzolo,2026-09-02T12:02:41.369623+00:00,2026-09-03T19:01:31.710571+00:00
LIVE-479a7025e37c0630,,RADAR_LIVE,NO,Giaveno,"Vendita Appartamento Giaveno. Bilocale in via Calvettera, 122. Nuovo ...",NON_CLASSIFICATO,"via Calvettera, 122",NO,NON_TARGET,,,,,,,,Agenzia delle Entrate · WMS CP.CadastralParcel,https://www.immobiliare.it/annunci/132090664/,2026-09-02T12:02:41.370201+00:00,2026-09-03T19:01:31.710576+00:00
LIVE-31f7b1af5c12368d,,RADAR_LIVE,NO,Grugliasco,Vendita Villa unifamiliare in via Moncalieri 134 Grugliasco. Ottimo ...,NON_CLASSIFICATO,via Moncalieri 134,NO,NON_TARGET,,,,,,,,Agenzia delle Entrate · WMS CP.CadastralParcel,https://www.immobiliare.it/annunci/132092854/,2026-09-02T12:02:41.370308+00:00,2026-09-03T19:01:31.709461+00:00
LIVE-bc469561dd7b57e2,,RADAR_LIVE,NO,Grugliasco,Vendita Villa unifamiliare in via Moncalieri 136 Grugliasco. Ottimo ...,NON_CLASSIFICATO,via Moncalieri 136,NO,NON_TARGET,,,,,,,,Agenzia delle Entrate · WMS CP.CadastralParcel,https://www.immobiliare.it/annunci/132095186/,2026-09-02T12:02:41.370323+00:00,2026-09-03T19:01:31.709466+00:00
LIVE-49ba7994e64de7e6,,RADAR_LIVE,NO,Rivoli,Vendita Appartamento Rivoli. Quadrilocale in via Fratelli Rosselli 6 ...,NON_CLASSIFICATO,via Fratelli Rosselli 6,NO,NON_TARGET,,,,,,,,Agenzia delle Entrate · WMS CP.CadastralParcel,https://www.immobiliare.it/annunci/132112390/,2026-09-02T12:02:41.370683+00:00,2026-09-03T19:01:31.710581+00:00
LIVE-503a01e8ea371b87,,RADAR_LIVE,NO,Rivoli,Vendita Appartamento in via Leumann Napoleone. Rivoli. Ottimo stato ...,NON_CLASSIFICATO,via Leumann Napoleone. Rivoli. Ottimo stato,NO,NON_TARGET,,,,,,,,Agenzia delle Entrate · WMS CP.CadastralParcel,https://www.immobiliare.it/annunci/128702022/,2026-09-02T12:02:41.370699+00:00,2026-09-03T19:01:31.710587+00:00
LIVE-0f975b467c27abf5,,RADAR_LIVE,NO,San Valeriano,"Appartamento all'asta via San Valeriano 20, Robbio",NON_CLASSIFICATO,via San Valeriano 20,NO,NON_TARGET,,,,,,,,Agenzia delle Entrate · WMS CP.CadastralParcel,https://www.immobiliare.it/annunci/110410465/,2026-09-02T12:02:41.371039+00:00,2026-09-03T19:01:31.710592+00:00
LIVE-441b5c56730db689,,RADAR_LIVE,NO,San Valeriano,"Appartamento all'asta via San Valeriano ,20, Robbio",NON_CLASSIFICATO,"via San Valeriano ,20",NO,NON_TARGET,,,,,,,,Agenzia delle Entrate · WMS CP.CadastralParcel,https://www.immobiliare.it/annunci/105946175/,2026-09-02T12:02:41.371047+00:00,2026-09-03T19:01:31.710597+00:00
LIVE-936dcd00062d3f46,,RADAR_LIVE,NO,Caprie,"Vendita Appartamento in via Caprie 12. Torino. Ottimo stato, primo ...",NON_CLASSIFICATO,via Caprie 12,NO,NON_TARGET,,,,,,,,Agenzia delle Entrate · WMS CP.CadastralParcel,https://www.immobiliare.it/annunci/128454554/,2026-09-02T16:09:34.323827+00:00,2026-09-03T19:01:31.709527+00:00
LIVE-57c5769492439926,,RADAR_LIVE,NO,Chiomonte,Vendita Villa bifamiliare in via Villa Ferraro 4 Chiomonte. Da ...,NON_CLASSIFICATO,via Villa Ferraro 4,NO,NON_TARGET,,,,,,,,Agenzia delle Entrate · WMS CP.CadastralParcel,https://www.immobiliare.it/annunci/132077308/,2026-09-02T16:09:34.323998+00:00,2026-09-03T19:01:31.709531+00:00
LIVE-599da40d1360a061,,RADAR_LIVE,NO,Collegno,Vendita Appartamento Collegno. Trilocale in via giuseppe verdi 44 ...,NON_CLASSIFICATO,via giuseppe verdi 44,NO,NON_TARGET,,,,,,,,Agenzia delle Entrate · WMS CP.CadastralParcel,https://www.immobiliare.it/annunci/129562532/,2026-09-02T16:09:34.324254+00:00,2026-09-03T19:01:31.709545+00:00
LIVE-9be576a85c5c2d07,,RADAR_LIVE,NO,Pianezza,"Vendita Villa plurifamiliare Pianezza. Da ristrutturare, posto auto ...",NON_CLASSIFICATO,,NO,NON_TARGET,,,,,,,,Agenzia delle Entrate · WMS CP.CadastralParcel,https://www.immobiliare.it/annunci/125652297/,2026-09-02T16:09:34.324978+00:00,2026-09-03T19:01:31.709558+00:00
LIVE-6860892aaec86613,,RADAR_LIVE,NO,Rosta,"Prestigiosa villa in vendita Rosta, Piemonte - 132054500",NON_CLASSIFICATO,,NO,NON_TARGET,,,,,,,,Agenzia delle Entrate · WMS CP.CadastralParcel,https://www.luxuryestate.com/it/p132054500-villa-for-sale-rosta,2026-09-02T16:09:34.325256+00:00,2026-09-03T19:01:31.709568+00:00
LIVE-da0c6105e1e3d299,,RADAR_LIVE,NO,Rosta,Vendita Appartamento Rosta. Quadrilocale in Strada Bucet 42. Ottimo ...,NON_CLASSIFICATO,Strada Bucet 42,NO,NON_TARGET,,,,,,,,Agenzia delle Entrate · WMS CP.CadastralParcel,https://www.immobiliare.it/annunci/131598038/,2026-09-02T16:09:34.325295+00:00,2026-09-03T19:01:31.709572+00:00
LIVE-394313d97e41ce9a,,RADAR_LIVE,NO,Rosta,"Vendita Appartamento in via stazione 59. Rosta. Buono stato, primo ...",NON_CLASSIFICATO,via stazione 59,NO,NON_TARGET,,,,,,,,Agenzia delle Entrate · WMS CP.CadastralParcel,https://www.immobiliare.it/annunci/127769292/,2026-09-02T16:09:34.325302+00:00,2026-09-03T19:01:31.709576+00:00
LIVE-5169e27101ce5a7c,,RADAR_LIVE,NO,Rosta,"Vendita Appartamento Rosta. Quadrilocale in via Faran. Nuovo, piano ...",NON_CLASSIFICATO,via Faran. Nuovo,NO,NON_TARGET,,,,,,,,Agenzia delle Entrate · WMS CP.CadastralParcel,https://www.immobiliare.it/annunci/81805810/,2026-09-02T16:09:34.325308+00:00,2026-09-03T19:01:31.709581+00:00
LIVE-92ed3a2b60e2b9c7,,RADAR_LIVE,NO,Condove,ELENCO IMMOBILI - La Dimora Immobiliare - Agenzia Immobiliare,NON_CLASSIFICATO,,NO,NON_TARGET,,,,,,,,Agenzia delle Entrate · WMS CP.CadastralParcel,https://www.ladimoraimmobiliare.com/elenco-immobili/,2026-09-01T18:58:42.119960+00:00,2026-09-03T19:01:31.710604+00:00
LIVE-0d4b49f2139cf3fb,,RADAR_LIVE,NO,Salbertrand,"Locale commerciale via Salbertrand, Torino, Rif. 131456602 - Immobiliare.it",NON_CLASSIFICATO,via Salbertrand,SI,INDIRIZZO_SENZA_CIVICO,,,,,,,,Agenzia delle Entrate · WMS CP.CadastralParcel,https://www.immobiliare.it/annunci/131456602/,2026-09-01T18:58:42.121209+00:00,2026-09-03T19:01:31.710609+00:00
LIVE-681964b0c284015e,,RADAR_LIVE,NO,Villarbasse,"Vendita Villa unifamiliare in via Castaudi 30 Villarbasse. Nuova, posto ...",NON_CLASSIFICATO,via Castaudi 30,NO,NON_TARGET,,,,,,,,Agenzia delle Entrate · WMS CP.CadastralParcel,https://www.immobiliare.it/annunci/125067197/,2026-09-01T18:58:42.122254+00:00,2026-09-03T19:01:31.710615+00:00
LIVE-b2f96dbc5ea8e77e,,RADAR_LIVE,NO,Grugliasco,"Locale commerciale via Rieti, Grugliasco, Rif. 132055932 - Immobiliare.it",NON_CLASSIFICATO,via Rieti,SI,INDIRIZZO_SENZA_CIVICO,,,,,,,,Agenzia delle Entrate · WMS CP.CadastralParcel,https://www.immobiliare.it/annunci/132055932/,2026-09-01T23:36:27.691155+00:00,2026-09-03T19:01:31.710619+00:00
LIVE-b988cb830bf8c5c4,,RADAR_LIVE,NO,Borgone Susa,Vendita Appartamento Borgone Susa. Trilocale in via A. Abegg 18. Piano ...,NON_CLASSIFICATO,via A. Abegg 18,NO,NON_TARGET,,,,,,,,Agenzia delle Entrate · WMS CP.CadastralParcel,https://www.immobiliare.it/annunci/129563936/,2026-09-01T18:58:42.119236+00:00,2026-09-03T19:01:31.710625+00:00
LIVE-820b1f16bc4a8723,,RADAR_LIVE,NO,Sangano,"Immobile Appartamento in Via Gino, Sangano (TO) 210.000 €, 92 m², 3 ...",NON_CLASSIFICATO,Via Gino,NO,NON_TARGET,,,,,,,,Agenzia delle Entrate · WMS CP.CadastralParcel,https://www.gabetti.it/vendita/sangano/appartamento/3260260,2026-09-01T18:58:42.121499+00:00,2026-09-03T19:01:31.710631+00:00
LIVE-ca73a454f4bc4fc3,,RADAR_LIVE,NO,Coazze,Stabile - Palazzo in Vendita a Coazze | Euro 129.000 | Mq 255,NON_CLASSIFICATO,,NO,NON_TARGET,,,,,,,,Agenzia delle Entrate · WMS CP.CadastralParcel,https://tempocasa.it/it/vendita/torino/coazze/stabile-palazzo/8766059,2026-09-02T12:02:41.369912+00:00,2026-09-03T19:01:31.710636+00:00
LIVE-f4f6135713c01547,,RADAR_LIVE,NO,Alpignano,Vendita Terratetto unifamiliare in via Collegno Alpignano. Posto auto ...,NON_CLASSIFICATO,via Collegno Alpignano. Posto auto,NO,NON_TARGET,,,,,,,,Agenzia delle Entrate · WMS CP.CadastralParcel,https://www.immobiliare.it/annunci/132055308/,2026-09-01T18:58:42.118916+00:00,2026-09-03T19:01:31.710643+00:00
LIVE-fffbcfb56d971e3a,,RADAR_LIVE,NO,Condove,Vendita Appartamento Villar Dora. Bilocale in Borgata Bert 43. Ottimo ...,NON_CLASSIFICATO,Borgata Bert 43,NO,NON_TARGET,,,,,,,,Agenzia delle Entrate · WMS CP.CadastralParcel,https://www.immobiliare.it/annunci/118120171/,2026-09-01T18:58:42.120041+00:00,2026-09-03T19:01:31.710648+00:00
LIVE-3439841ebde6619a,,RADAR_LIVE,NO,Giaglione,"ValsusaOggi | VALSUSA, VENDESI CASA CON GRANDE AUTORIMESSA: SCOPRI L ...",NON_CLASSIFICATO,,NO,NON_TARGET,,,,,,,,Agenzia delle Entrate · WMS CP.CadastralParcel,https://www.instagram.com/reel/DZcP9_hOjvd/,2026-09-01T18:58:42.120130+00:00,2026-09-03T19:01:31.710653+00:00
LIVE-e3f5436e20f6c42f,,RADAR_LIVE,NO,Susa,"Appartamento in vendita in Corso Susa, 1 - idealista",NON_CLASSIFICATO,"Corso Susa, 1",NO,NON_TARGET,,,,,,,,Agenzia delle Entrate · WMS CP.CadastralParcel,https://www.idealista.it/immobile/36368236/,2026-09-01T18:58:42.121850+00:00,2026-09-03T19:01:31.710659+00:00
LIVE-85cdcf9181551a8e,,RADAR_LIVE,NO,Villarbasse,Vendita Villa unifamiliare in via Villarbasse 1 Piossasco. Buono stato ...,NON_CLASSIFICATO,via Villarbasse 1,NO,NON_TARGET,,,,,,,,Agenzia delle Entrate · WMS CP.CadastralParcel,https://www.immobiliare.it/annunci/130844152/,2026-09-01T18:58:42.122268+00:00,2026-09-03T19:01:31.710665+00:00
LIVE-8cc8fd2a16214687,,RADAR_LIVE,NO,Avigliana,Vendita Villa unifamiliare in via Sant'Agostino Avigliana. Ottimo stato ...,NON_CLASSIFICATO,via Sant'Agostino Avigliana. Ottimo stato,NO,NON_TARGET,,,,,,,,Agenzia delle Entrate · WMS CP.CadastralParcel,https://www.immobiliare.it/annunci/125502795/,2026-09-01T20:55:16.172011+00:00,2026-09-03T19:01:31.710670+00:00
LIVE-6625477d1ab49ae2,,RADAR_LIVE,NO,Rivoli,Vendita Villa unifamiliare in via Caraglio 11 Rivoli. Buono stato ...,NON_CLASSIFICATO,via Caraglio 11,NO,NON_TARGET,,,,,,,,Agenzia delle Entrate · WMS CP.CadastralParcel,https://www.immobiliare.it/annunci/132017882/,2026-09-01T20:55:16.173642+00:00,2026-09-03T19:01:31.710675+00:00
LIVE-c14bbedc24d2bb6c,,RADAR_LIVE,NO,Collegno,"Vendita Appartamento Collegno. Trilocale in via minghetti. Nuovo, terzo ...",NON_CLASSIFICATO,via minghetti. Nuovo,NO,NON_TARGET,,,,,,,,Agenzia delle Entrate · WMS CP.CadastralParcel,https://www.immobiliare.it/annunci/131288882/,2026-09-02T16:09:34.324207+00:00,2026-09-03T19:01:31.709826+00:00
