FONTE,COMUNE,STATO,ULTIMO_CONTROLLO,RISULTATI_GREZZI,ACCETTATI,MESSAGGIO,QUERY
Mercato residenziale,Almese,ERROR,2026-10-03T17:09:42.347010+00:00,0,0,Google: nessun risultato organico parsabile; DDG verifica umana / rate limit,"""Almese"" (""in vendita"" OR vendesi OR vendita) (casa OR appartamento OR villa OR immobile)"
Tipologie residenziali,Almese,ERROR,2026-10-03T17:09:51.394776+00:00,0,0,Google: nessun risultato organico parsabile; DDG verifica umana / rate limit,"""Almese"" (appartamento OR villa OR rustico OR casale OR cascina OR ""casa indipendente"" OR mansarda OR attico) (""in vendita"" OR vendita OR vendesi)"
Ribassi,Almese,ERROR,2026-10-03T17:10:00.362764+00:00,0,0,Google: nessun risultato organico parsabile; DDG verifica umana / rate limit,"""Almese"" (ribassato OR ribasso OR ""prezzo ridotto"" OR ""prezzo trattabile"") (casa OR appartamento OR villa OR rustico OR immobile)"
Aste,Almese,ERROR,2026-10-03T17:10:09.729225+00:00,0,0,Google: nessun risultato organico parsabile; DDG verifica umana / rate limit,"""Almese"" (""asta giudiziaria"" OR ""vendita giudiziaria"" OR ""asta immobiliare"" OR tribunale) (casa OR appartamento OR villa OR immobile)"
Privati,Almese,ERROR,2026-10-03T17:10:18.482689+00:00,0,0,Google: nessun risultato organico parsabile; DDG verifica umana / rate limit,"""Almese"" (""privato vende"" OR ""no agenzie"" OR ""astenersi agenzie"" OR ""da privato"") (casa OR appartamento OR villa OR rustico)"
Storico uscite,Almese,OK,2026-10-03T17:10:27.383757+00:00,10,0,,"""Almese"" (venduto OR ""annuncio non disponibile"" OR ""immobile non disponibile"" OR ""annuncio rimosso"") (casa OR appartamento OR villa OR immobile)"
Commerciale negozi/locali,Almese,ERROR,2026-10-03T17:10:36.353568+00:00,0,0,Google: nessun risultato organico parsabile; DDG verifica umana / rate limit,"""Almese"" (negozio OR ""locale commerciale"" OR showroom) (vendita OR affitto OR locazione OR cedesi)"
Uffici e direzionale,Almese,ERROR,2026-10-03T17:10:45.399547+00:00,0,0,Google: nessun risultato organico parsabile; DDG verifica umana / rate limit,"""Almese"" (ufficio OR studio OR direzionale) (vendita OR affitto OR locazione)"
Capannoni logistica,Almese,ERROR,2026-10-03T17:10:54.341620+00:00,0,0,Google: nessun risultato organico parsabile; DDG verifica umana / rate limit,"""Almese"" (capannone OR magazzino OR laboratorio OR deposito OR logistica) (vendita OR affitto OR locazione)"
Cessione attività,Almese,OK,2026-10-03T17:11:03.391965+00:00,10,0,,"""Almese"" (""cessione attività"" OR ""cedesi attività"" OR ""attività in vendita"" OR ""azienda in vendita"" OR subentro) (bar OR ristorante OR negozio OR azienda OR attività)"
Terreni e sviluppo,Almese,ERROR,2026-10-03T17:11:12.413599+00:00,0,0,Google: nessun risultato organico parsabile; DDG verifica umana / rate limit,"""Almese"" (""terreno edificabile"" OR ""area edificabile"" OR ""lotto edificabile"" OR lottizzazione OR ""area commerciale"") (vendita OR progetto OR costruzione)"
Nuove costruzioni e cantieri,Almese,ERROR,2026-10-03T17:11:21.420712+00:00,0,0,Google HTTP 429; DDG verifica umana / rate limit,"""Almese"" (cantiere OR ""nuova costruzione"" OR ""nuove costruzioni"" OR ""in costruzione"" OR ""lavori in corso"" OR ""nuovo complesso"" OR ""nuova residenza"")"
Imprese edili con progetti,Almese,ERROR,2026-10-03T17:11:30.403283+00:00,0,0,Google HTTP 429; DDG verifica umana / rate limit,"""Almese"" (""impresa edile"" OR ""impresa costruzioni"" OR costruttore OR ""società di costruzioni"") (cantiere OR progetto OR ""nuova costruzione"" OR ""lavori in corso"" OR residenza)"
Progetti autorizzati,Almese,ERROR,2026-10-03T17:11:39.378481+00:00,0,0,Google HTTP 429; DDG verifica umana / rate limit,"""Almese"" (""permesso di costruire"" OR SCIA OR PEC OR ""piano esecutivo"" OR lottizzazione OR ""progetto approvato"") (residenziale OR commerciale OR costruzione OR edilizia)"
PDF urbanistica e permessi,Almese,ERROR,2026-10-03T17:11:48.588028+00:00,0,0,Google HTTP 429; DDG verifica umana / rate limit,"""Almese"" filetype:pdf (""permesso di costruire"" OR SCIA OR ""piano esecutivo"" OR lottizzazione OR ""variante urbanistica"")"
PDF cantieri e progetti,Almese,ERROR,2026-10-03T17:11:57.382569+00:00,0,0,Google: nessun risultato organico parsabile; DDG verifica umana / rate limit,"""Almese"" filetype:pdf (cantiere OR ""nuova costruzione"" OR ""progetto approvato"" OR edilizia OR urbanistica)"
PDF Albo Pretorio edilizia,Almese,ERROR,2026-10-03T17:12:06.409392+00:00,0,0,Google HTTP 429; DDG verifica umana / rate limit,"""Almese"" filetype:pdf (""albo pretorio"" OR ""amministrazione trasparente"" OR delibera OR determina) (edilizia OR urbanistica OR lottizzazione OR costruire)"
Immobiliare.it,Almese,ERROR,2026-10-03T17:12:15.390885+00:00,0,0,Google HTTP 429; DDG verifica umana / rate limit,"site:immobiliare.it/annunci/ ""Almese"" vendita (casa OR appartamento OR villa)"
Idealista,Almese,ERROR,2026-10-03T17:12:24.379195+00:00,0,0,Google HTTP 429; DDG verifica umana / rate limit,"site:idealista.it/immobile/ ""Almese"" vendita (casa OR appartamento OR villa)"
Casa.it,Almese,ERROR,2026-10-03T17:12:33.353206+00:00,0,0,Google HTTP 429; DDG verifica umana / rate limit,"site:casa.it/immobili/ ""Almese"" vendita (casa OR appartamento OR villa)"
TrovaCasa privati,Almese,OK,2026-10-03T17:12:42.433621+00:00,10,0,,"site:trovacasa.it/annunci/ ""Almese"" (""da privato"" OR ""no agenzie"" OR ""privato vende"")"
Wikicasa,Almese,OK,2026-10-03T17:12:51.354491+00:00,10,0,,"site:wikicasa.it ""Almese"" vendita (casa OR appartamento OR villa)"
Subito privati,Almese,OK,2026-10-03T17:13:00.381547+00:00,10,0,,"site:subito.it ""Almese"" vendita (appartamento OR casa OR villa) (privato OR ""da privati"")"
Bakeca privati,Almese,ERROR,2026-10-03T17:13:09.362831+00:00,0,0,Google HTTP 429; DDG verifica umana / rate limit,"site:bakeca.it/annunci/vendita-case/ ""Almese"" (privato OR ""vendo"")"
Trovit,Almese,ERROR,2026-10-03T17:13:18.402132+00:00,0,0,Google HTTP 429; DDG verifica umana / rate limit,"site:trovit.it ""Almese"" vendita (casa OR appartamento OR villa)"
Nestoria,Almese,OK,2026-10-03T17:13:27.427193+00:00,10,0,,"site:nestoria.it ""Almese"" vendita (casa OR appartamento OR villa)"
Gate-away,Almese,ERROR,2026-10-03T17:13:36.366086+00:00,0,0,Google HTTP 429; DDG verifica umana / rate limit,"site:gate-away.com ""Almese"" property sale house"
VendereCasa,Almese,ERROR,2026-10-03T17:13:45.508661+00:00,0,0,Google HTTP 429; DDG verifica umana / rate limit,"site:venderecasa.com ""Almese"" vendita (casa OR appartamento OR villa)"
TuttoCasa,Almese,OK,2026-10-03T17:13:54.374337+00:00,10,0,,"site:tuttocasa.it ""Almese"" vendita (casa OR appartamento OR villa)"
Tecnocasa,Almese,ERROR,2026-10-03T17:14:03.381013+00:00,0,0,Google HTTP 429; DDG verifica umana / rate limit,"site:tecnocasa.it/vendita/ ""Almese"" vendita"
Tecnorete,Almese,ERROR,2026-10-03T17:14:12.389713+00:00,0,0,Google HTTP 429; DDG verifica umana / rate limit,"site:tecnorete.it ""Almese"" ""in vendita"""
Tempocasa,Almese,ERROR,2026-10-03T17:14:21.433648+00:00,0,0,Google HTTP 429; DDG verifica umana / rate limit,"site:tempocasa.it/it/vendita/ ""Almese"" vendita"
Facebook Marketplace,Almese,ERROR,2026-10-03T17:14:30.342447+00:00,0,0,Google HTTP 429; DDG verifica umana / rate limit,"site:facebook.com/marketplace/item/ ""Almese"" (casa OR appartamento OR villa) vendita"
Gruppi Facebook locali,Almese,ERROR,2026-10-03T17:14:39.386272+00:00,0,0,Google HTTP 429; DDG verifica umana / rate limit,"site:facebook.com/groups/ ""Almese"" (""vendo casa"" OR ""privato vende"" OR ""no agenzie"")"
Web generale,Almese,ERROR,2026-10-03T17:14:48.419982+00:00,0,0,Google HTTP 429; DDG verifica umana / rate limit,"""Almese"" (""privato vende"" OR ""no agenzie"") (casa OR appartamento OR villa) vendita"
Bacheche locali,Almese,ERROR,2026-10-03T17:14:57.444346+00:00,0,0,Google HTTP 429; DDG verifica umana / rate limit,"""Almese"" (""annuncio privato"" OR ""vendo appartamento"" OR ""vendo casa"") -immobiliare.it -idealista.it -casa.it"
Mercato residenziale,Alpignano,OK,2026-10-03T17:09:47.257237+00:00,10,3,,"""Alpignano"" (""in vendita"" OR vendesi OR vendita) (casa OR appartamento OR villa OR immobile)"
Tipologie residenziali,Alpignano,ERROR,2026-10-03T17:09:55.580902+00:00,0,0,Google: nessun risultato organico parsabile,"""Alpignano"" (appartamento OR villa OR rustico OR casale OR cascina OR ""casa indipendente"" OR mansarda OR attico) (""in vendita"" OR vendita OR vendesi)"
Ribassi,Alpignano,ERROR,2026-10-03T17:10:04.585680+00:00,0,0,Google: nessun risultato organico parsabile,"""Alpignano"" (ribassato OR ribasso OR ""prezzo ridotto"" OR ""prezzo trattabile"") (casa OR appartamento OR villa OR rustico OR immobile)"
Aste,Alpignano,ERROR,2026-10-03T17:10:13.761220+00:00,0,0,Google: nessun risultato organico parsabile,"""Alpignano"" (""asta giudiziaria"" OR ""vendita giudiziaria"" OR ""asta immobiliare"" OR tribunale) (casa OR appartamento OR villa OR immobile)"
Privati,Alpignano,ERROR,2026-10-03T17:10:22.577102+00:00,0,0,Google: nessun risultato organico parsabile,"""Alpignano"" (""privato vende"" OR ""no agenzie"" OR ""astenersi agenzie"" OR ""da privato"") (casa OR appartamento OR villa OR rustico)"
Storico uscite,Alpignano,ERROR,2026-10-03T17:10:31.590316+00:00,0,0,Google: nessun risultato organico parsabile,"""Alpignano"" (venduto OR ""annuncio non disponibile"" OR ""immobile non disponibile"" OR ""annuncio rimosso"") (casa OR appartamento OR villa OR immobile)"
Commerciale negozi/locali,Alpignano,OK,2026-10-03T17:10:38.107799+00:00,3,0,,"""Alpignano"" (negozio OR ""locale commerciale"" OR showroom) (vendita OR affitto OR locazione OR cedesi)"
Uffici e direzionale,Alpignano,OK,2026-10-03T17:10:44.158864+00:00,10,0,,"""Alpignano"" (ufficio OR studio OR direzionale) (vendita OR affitto OR locazione)"
Capannoni logistica,Alpignano,OK,2026-10-03T17:10:50.143611+00:00,10,5,,"""Alpignano"" (capannone OR magazzino OR laboratorio OR deposito OR logistica) (vendita OR affitto OR locazione)"
Cessione attività,Alpignano,ERROR,2026-10-03T17:10:58.601901+00:00,0,0,Google: nessun risultato organico parsabile,"""Alpignano"" (""cessione attività"" OR ""cedesi attività"" OR ""attività in vendita"" OR ""azienda in vendita"" OR subentro) (bar OR ristorante OR negozio OR azienda OR attività)"
Terreni e sviluppo,Alpignano,ERROR,2026-10-03T17:11:07.581876+00:00,0,0,Google: nessun risultato organico parsabile,"""Alpignano"" (""terreno edificabile"" OR ""area edificabile"" OR ""lotto edificabile"" OR lottizzazione OR ""area commerciale"") (vendita OR progetto OR costruzione)"
Nuove costruzioni e cantieri,Alpignano,ERROR,2026-10-03T17:11:16.587353+00:00,0,0,Google: nessun risultato organico parsabile,"""Alpignano"" (cantiere OR ""nuova costruzione"" OR ""nuove costruzioni"" OR ""in costruzione"" OR ""lavori in corso"" OR ""nuovo complesso"" OR ""nuova residenza"")"
Imprese edili con progetti,Alpignano,OK,2026-10-03T17:11:25.611413+00:00,10,0,,"""Alpignano"" (""impresa edile"" OR ""impresa costruzioni"" OR costruttore OR ""società di costruzioni"") (cantiere OR progetto OR ""nuova costruzione"" OR ""lavori in corso"" OR residenza)"
Progetti autorizzati,Alpignano,ERROR,2026-10-03T17:11:34.609803+00:00,0,0,Google HTTP 429,"""Alpignano"" (""permesso di costruire"" OR SCIA OR PEC OR ""piano esecutivo"" OR lottizzazione OR ""progetto approvato"") (residenziale OR commerciale OR costruzione OR edilizia)"
PDF urbanistica e permessi,Alpignano,ERROR,2026-10-03T17:11:43.605826+00:00,0,0,Google HTTP 429,"""Alpignano"" filetype:pdf (""permesso di costruire"" OR SCIA OR ""piano esecutivo"" OR lottizzazione OR ""variante urbanistica"")"
PDF cantieri e progetti,Alpignano,ERROR,2026-10-03T17:11:52.603314+00:00,0,0,Google HTTP 429,"""Alpignano"" filetype:pdf (cantiere OR ""nuova costruzione"" OR ""progetto approvato"" OR edilizia OR urbanistica)"
PDF Albo Pretorio edilizia,Alpignano,OK,2026-10-03T17:11:59.099328+00:00,1,0,,"""Alpignano"" filetype:pdf (""albo pretorio"" OR ""amministrazione trasparente"" OR delibera OR determina) (edilizia OR urbanistica OR lottizzazione OR costruire)"
Immobiliare.it,Alpignano,OK,2026-10-03T17:12:05.123259+00:00,10,10,,"site:immobiliare.it/annunci/ ""Alpignano"" vendita (casa OR appartamento OR villa)"
Idealista,Alpignano,ERROR,2026-10-03T17:12:13.603953+00:00,0,0,Google HTTP 429; DDG verifica umana / rate limit,"site:idealista.it/immobile/ ""Alpignano"" vendita (casa OR appartamento OR villa)"
Casa.it,Alpignano,ERROR,2026-10-03T17:12:22.578121+00:00,0,0,Google HTTP 429; DDG verifica umana / rate limit,"site:casa.it/immobili/ ""Alpignano"" vendita (casa OR appartamento OR villa)"
TrovaCasa privati,Alpignano,ERROR,2026-10-03T17:12:31.581083+00:00,0,0,Google HTTP 429; DDG verifica umana / rate limit,"site:trovacasa.it/annunci/ ""Alpignano"" (""da privato"" OR ""no agenzie"" OR ""privato vende"")"
Wikicasa,Alpignano,ERROR,2026-10-03T17:12:40.606689+00:00,0,0,Google HTTP 429; DDG verifica umana / rate limit,"site:wikicasa.it ""Alpignano"" vendita (casa OR appartamento OR villa)"
Subito privati,Alpignano,ERROR,2026-10-03T17:12:49.597158+00:00,0,0,Google HTTP 429; DDG verifica umana / rate limit,"site:subito.it ""Alpignano"" vendita (appartamento OR casa OR villa) (privato OR ""da privati"")"
Bakeca privati,Alpignano,OK,2026-10-03T17:12:58.646726+00:00,10,0,,"site:bakeca.it/annunci/vendita-case/ ""Alpignano"" (privato OR ""vendo"")"
Trovit,Alpignano,ERROR,2026-10-03T17:13:07.623038+00:00,0,0,Google HTTP 429; DDG verifica umana / rate limit,"site:trovit.it ""Alpignano"" vendita (casa OR appartamento OR villa)"
Nestoria,Alpignano,ERROR,2026-10-03T17:13:16.701225+00:00,0,0,Google HTTP 429; DDG verifica umana / rate limit,"site:nestoria.it ""Alpignano"" vendita (casa OR appartamento OR villa)"
Gate-away,Alpignano,ERROR,2026-10-03T17:13:25.591699+00:00,0,0,Google HTTP 429; DDG verifica umana / rate limit,"site:gate-away.com ""Alpignano"" property sale house"
VendereCasa,Alpignano,OK,2026-10-03T17:13:34.609892+00:00,10,0,,"site:venderecasa.com ""Alpignano"" vendita (casa OR appartamento OR villa)"
TuttoCasa,Alpignano,ERROR,2026-10-03T17:13:43.754076+00:00,0,0,Google HTTP 429; DDG verifica umana / rate limit,"site:tuttocasa.it ""Alpignano"" vendita (casa OR appartamento OR villa)"
Tecnocasa,Alpignano,ERROR,2026-10-03T17:13:52.610255+00:00,0,0,Google HTTP 429; DDG verifica umana / rate limit,"site:tecnocasa.it/vendita/ ""Alpignano"" vendita"
Tecnorete,Alpignano,ERROR,2026-10-03T17:14:01.601748+00:00,0,0,Google HTTP 429; DDG verifica umana / rate limit,"site:tecnorete.it ""Alpignano"" ""in vendita"""
Tempocasa,Alpignano,OK,2026-10-03T17:14:10.609728+00:00,10,0,,"site:tempocasa.it/it/vendita/ ""Alpignano"" vendita"
Facebook Marketplace,Alpignano,ERROR,2026-10-03T17:14:19.599119+00:00,0,0,Google HTTP 429; DDG verifica umana / rate limit,"site:facebook.com/marketplace/item/ ""Alpignano"" (casa OR appartamento OR villa) vendita"
Gruppi Facebook locali,Alpignano,ERROR,2026-10-03T17:14:28.608089+00:00,0,0,Google HTTP 429; DDG verifica umana / rate limit,"site:facebook.com/groups/ ""Alpignano"" (""vendo casa"" OR ""privato vende"" OR ""no agenzie"")"
Web generale,Alpignano,ERROR,2026-10-03T17:14:37.594973+00:00,0,0,Google HTTP 429; DDG verifica umana / rate limit,"""Alpignano"" (""privato vende"" OR ""no agenzie"") (casa OR appartamento OR villa) vendita"
Bacheche locali,Alpignano,ERROR,2026-10-03T17:14:46.644668+00:00,0,0,Google HTTP 429; DDG verifica umana / rate limit,"""Alpignano"" (""annuncio privato"" OR ""vendo appartamento"" OR ""vendo casa"") -immobiliare.it -idealista.it -casa.it"
Mercato residenziale,Avigliana,OK,2026-10-03T17:09:40.850700+00:00,10,2,,"""Avigliana"" (""in vendita"" OR vendesi OR vendita) (casa OR appartamento OR villa OR immobile)"
Tipologie residenziali,Avigliana,ERROR,2026-10-03T17:09:49.201373+00:00,0,0,Google: nessun risultato organico parsabile,"""Avigliana"" (appartamento OR villa OR rustico OR casale OR cascina OR ""casa indipendente"" OR mansarda OR attico) (""in vendita"" OR vendita OR vendesi)"
Ribassi,Avigliana,OK,2026-10-03T17:09:58.279688+00:00,10,0,,"""Avigliana"" (ribassato OR ribasso OR ""prezzo ridotto"" OR ""prezzo trattabile"") (casa OR appartamento OR villa OR rustico OR immobile)"
Aste,Avigliana,ERROR,2026-10-03T17:10:07.257033+00:00,0,0,Google: nessun risultato organico parsabile,"""Avigliana"" (""asta giudiziaria"" OR ""vendita giudiziaria"" OR ""asta immobiliare"" OR tribunale) (casa OR appartamento OR villa OR immobile)"
Privati,Avigliana,ERROR,2026-10-03T17:10:16.280484+00:00,0,0,Google: nessun risultato organico parsabile,"""Avigliana"" (""privato vende"" OR ""no agenzie"" OR ""astenersi agenzie"" OR ""da privato"") (casa OR appartamento OR villa OR rustico)"
Storico uscite,Avigliana,ERROR,2026-10-03T17:10:25.256337+00:00,0,0,Google: nessun risultato organico parsabile,"""Avigliana"" (venduto OR ""annuncio non disponibile"" OR ""immobile non disponibile"" OR ""annuncio rimosso"") (casa OR appartamento OR villa OR immobile)"
Commerciale negozi/locali,Avigliana,OK,2026-10-03T17:10:31.666292+00:00,3,1,,"""Avigliana"" (negozio OR ""locale commerciale"" OR showroom) (vendita OR affitto OR locazione OR cedesi)"
Uffici e direzionale,Avigliana,OK,2026-10-03T17:10:37.606814+00:00,10,0,,"""Avigliana"" (ufficio OR studio OR direzionale) (vendita OR affitto OR locazione)"
Capannoni logistica,Avigliana,OK,2026-10-03T17:10:43.646521+00:00,10,3,,"""Avigliana"" (capannone OR magazzino OR laboratorio OR deposito OR logistica) (vendita OR affitto OR locazione)"
Cessione attività,Avigliana,ERROR,2026-10-03T17:10:52.235515+00:00,0,0,Google: nessun risultato organico parsabile,"""Avigliana"" (""cessione attività"" OR ""cedesi attività"" OR ""attività in vendita"" OR ""azienda in vendita"" OR subentro) (bar OR ristorante OR negozio OR azienda OR attività)"
Terreni e sviluppo,Avigliana,ERROR,2026-10-03T17:11:01.184184+00:00,0,0,Google: nessun risultato organico parsabile,"""Avigliana"" (""terreno edificabile"" OR ""area edificabile"" OR ""lotto edificabile"" OR lottizzazione OR ""area commerciale"") (vendita OR progetto OR costruzione)"
Nuove costruzioni e cantieri,Avigliana,ERROR,2026-10-03T17:11:10.174752+00:00,0,0,Google: nessun risultato organico parsabile,"""Avigliana"" (cantiere OR ""nuova costruzione"" OR ""nuove costruzioni"" OR ""in costruzione"" OR ""lavori in corso"" OR ""nuovo complesso"" OR ""nuova residenza"")"
Imprese edili con progetti,Avigliana,ERROR,2026-10-03T17:11:19.174070+00:00,0,0,Google HTTP 429,"""Avigliana"" (""impresa edile"" OR ""impresa costruzioni"" OR costruttore OR ""società di costruzioni"") (cantiere OR progetto OR ""nuova costruzione"" OR ""lavori in corso"" OR residenza)"
Progetti autorizzati,Avigliana,ERROR,2026-10-03T17:11:28.184870+00:00,0,0,Google HTTP 429,"""Avigliana"" (""permesso di costruire"" OR SCIA OR PEC OR ""piano esecutivo"" OR lottizzazione OR ""progetto approvato"") (residenziale OR commerciale OR costruzione OR edilizia)"
PDF urbanistica e permessi,Avigliana,ERROR,2026-10-03T17:11:37.221507+00:00,0,0,Google HTTP 429,"""Avigliana"" filetype:pdf (""permesso di costruire"" OR SCIA OR ""piano esecutivo"" OR lottizzazione OR ""variante urbanistica"")"
PDF cantieri e progetti,Avigliana,ERROR,2026-10-03T17:11:46.239505+00:00,0,0,Google HTTP 429,"""Avigliana"" filetype:pdf (cantiere OR ""nuova costruzione"" OR ""progetto approvato"" OR edilizia OR urbanistica)"
PDF Albo Pretorio edilizia,Avigliana,ERROR,2026-10-03T17:11:55.306917+00:00,0,0,Google HTTP 429,"""Avigliana"" filetype:pdf (""albo pretorio"" OR ""amministrazione trasparente"" OR delibera OR determina) (edilizia OR urbanistica OR lottizzazione OR costruire)"
Immobiliare.it,Avigliana,OK,2026-10-03T17:12:01.599013+00:00,10,9,,"site:immobiliare.it/annunci/ ""Avigliana"" vendita (casa OR appartamento OR villa)"
Idealista,Avigliana,ERROR,2026-10-03T17:12:10.205749+00:00,0,0,Google HTTP 429; DDG verifica umana / rate limit,"site:idealista.it/immobile/ ""Avigliana"" vendita (casa OR appartamento OR villa)"
Casa.it,Avigliana,ERROR,2026-10-03T17:12:19.238407+00:00,0,0,Google HTTP 429; DDG verifica umana / rate limit,"site:casa.it/immobili/ ""Avigliana"" vendita (casa OR appartamento OR villa)"
TrovaCasa privati,Avigliana,ERROR,2026-10-03T17:12:28.181384+00:00,0,0,Google HTTP 429; DDG verifica umana / rate limit,"site:trovacasa.it/annunci/ ""Avigliana"" (""da privato"" OR ""no agenzie"" OR ""privato vende"")"
Wikicasa,Avigliana,ERROR,2026-10-03T17:12:37.223575+00:00,0,0,Google HTTP 429; DDG verifica umana / rate limit,"site:wikicasa.it ""Avigliana"" vendita (casa OR appartamento OR villa)"
Subito privati,Avigliana,ERROR,2026-10-03T17:12:46.155204+00:00,0,0,Google HTTP 429; DDG verifica umana / rate limit,"site:subito.it ""Avigliana"" vendita (appartamento OR casa OR villa) (privato OR ""da privati"")"
Bakeca privati,Avigliana,ERROR,2026-10-03T17:12:55.240837+00:00,0,0,Google HTTP 429; DDG verifica umana / rate limit,"site:bakeca.it/annunci/vendita-case/ ""Avigliana"" (privato OR ""vendo"")"
Trovit,Avigliana,ERROR,2026-10-03T17:13:04.231567+00:00,0,0,Google HTTP 429; DDG verifica umana / rate limit,"site:trovit.it ""Avigliana"" vendita (casa OR appartamento OR villa)"
Nestoria,Avigliana,ERROR,2026-10-03T17:13:13.157014+00:00,0,0,Google HTTP 429; DDG verifica umana / rate limit,"site:nestoria.it ""Avigliana"" vendita (casa OR appartamento OR villa)"
Gate-away,Avigliana,ERROR,2026-10-03T17:13:22.144664+00:00,0,0,Google HTTP 429; DDG verifica umana / rate limit,"site:gate-away.com ""Avigliana"" property sale house"
VendereCasa,Avigliana,ERROR,2026-10-03T17:13:31.327770+00:00,0,0,Google HTTP 429; DDG verifica umana / rate limit,"site:venderecasa.com ""Avigliana"" vendita (casa OR appartamento OR villa)"
TuttoCasa,Avigliana,ERROR,2026-10-03T17:13:40.200551+00:00,0,0,Google HTTP 429; DDG verifica umana / rate limit,"site:tuttocasa.it ""Avigliana"" vendita (casa OR appartamento OR villa)"
Tecnocasa,Avigliana,ERROR,2026-10-03T17:13:49.234285+00:00,0,0,Google: nessun risultato organico parsabile; DDG verifica umana / rate limit,"site:tecnocasa.it/vendita/ ""Avigliana"" vendita"
Tecnorete,Avigliana,ERROR,2026-10-03T17:13:58.167911+00:00,0,0,Google HTTP 429; DDG verifica umana / rate limit,"site:tecnorete.it ""Avigliana"" ""in vendita"""
Tempocasa,Avigliana,ERROR,2026-10-03T17:14:07.221101+00:00,0,0,Google HTTP 429; DDG verifica umana / rate limit,"site:tempocasa.it/it/vendita/ ""Avigliana"" vendita"
Facebook Marketplace,Avigliana,ERROR,2026-10-03T17:14:16.151704+00:00,0,0,Google HTTP 429; DDG verifica umana / rate limit,"site:facebook.com/marketplace/item/ ""Avigliana"" (casa OR appartamento OR villa) vendita"
Gruppi Facebook locali,Avigliana,ERROR,2026-10-03T17:14:25.182683+00:00,0,0,Google HTTP 429; DDG verifica umana / rate limit,"site:facebook.com/groups/ ""Avigliana"" (""vendo casa"" OR ""privato vende"" OR ""no agenzie"")"
Web generale,Avigliana,ERROR,2026-10-03T17:14:34.195925+00:00,0,0,Google HTTP 429; DDG verifica umana / rate limit,"""Avigliana"" (""privato vende"" OR ""no agenzie"") (casa OR appartamento OR villa) vendita"
Bacheche locali,Avigliana,ERROR,2026-10-03T17:14:43.277471+00:00,0,0,Google HTTP 429; DDG verifica umana / rate limit,"""Avigliana"" (""annuncio privato"" OR ""vendo appartamento"" OR ""vendo casa"") -immobiliare.it -idealista.it -casa.it"
Mercato residenziale,Beinasco,OK,2026-10-03T17:15:01.115439+00:00,10,3,,"""Beinasco"" (""in vendita"" OR vendesi OR vendita) (casa OR appartamento OR villa OR immobile)"
Tipologie residenziali,Beinasco,ERROR,2026-10-03T17:15:09.590053+00:00,0,0,Google: nessun risultato organico parsabile,"""Beinasco"" (appartamento OR villa OR rustico OR casale OR cascina OR ""casa indipendente"" OR mansarda OR attico) (""in vendita"" OR vendita OR vendesi)"
Ribassi,Beinasco,ERROR,2026-10-03T17:15:18.649837+00:00,0,0,Google: nessun risultato organico parsabile,"""Beinasco"" (ribassato OR ribasso OR ""prezzo ridotto"" OR ""prezzo trattabile"") (casa OR appartamento OR villa OR rustico OR immobile)"
Aste,Beinasco,ERROR,2026-10-03T17:15:27.581556+00:00,0,0,Google: nessun risultato organico parsabile,"""Beinasco"" (""asta giudiziaria"" OR ""vendita giudiziaria"" OR ""asta immobiliare"" OR tribunale) (casa OR appartamento OR villa OR immobile)"
Privati,Beinasco,ERROR,2026-10-03T17:15:36.595895+00:00,0,0,Google: nessun risultato organico parsabile,"""Beinasco"" (""privato vende"" OR ""no agenzie"" OR ""astenersi agenzie"" OR ""da privato"") (casa OR appartamento OR villa OR rustico)"
Storico uscite,Beinasco,ERROR,2026-10-03T17:15:45.753798+00:00,0,0,Google: nessun risultato organico parsabile,"""Beinasco"" (venduto OR ""annuncio non disponibile"" OR ""immobile non disponibile"" OR ""annuncio rimosso"") (casa OR appartamento OR villa OR immobile)"
Commerciale negozi/locali,Beinasco,OK,2026-10-03T17:15:52.119179+00:00,3,1,,"""Beinasco"" (negozio OR ""locale commerciale"" OR showroom) (vendita OR affitto OR locazione OR cedesi)"
Uffici e direzionale,Beinasco,OK,2026-10-03T17:15:58.147227+00:00,10,1,,"""Beinasco"" (ufficio OR studio OR direzionale) (vendita OR affitto OR locazione)"
Capannoni logistica,Beinasco,OK,2026-10-03T17:16:04.073737+00:00,10,4,,"""Beinasco"" (capannone OR magazzino OR laboratorio OR deposito OR logistica) (vendita OR affitto OR locazione)"
Cessione attività,Beinasco,ERROR,2026-10-03T17:16:12.602233+00:00,0,0,Google: nessun risultato organico parsabile,"""Beinasco"" (""cessione attività"" OR ""cedesi attività"" OR ""attività in vendita"" OR ""azienda in vendita"" OR subentro) (bar OR ristorante OR negozio OR azienda OR attività)"
Terreni e sviluppo,Beinasco,OK,2026-10-03T17:16:21.625915+00:00,10,0,,"""Beinasco"" (""terreno edificabile"" OR ""area edificabile"" OR ""lotto edificabile"" OR lottizzazione OR ""area commerciale"") (vendita OR progetto OR costruzione)"
Nuove costruzioni e cantieri,Beinasco,ERROR,2026-10-03T17:16:30.634538+00:00,0,0,Google: nessun risultato organico parsabile,"""Beinasco"" (cantiere OR ""nuova costruzione"" OR ""nuove costruzioni"" OR ""in costruzione"" OR ""lavori in corso"" OR ""nuovo complesso"" OR ""nuova residenza"")"
Imprese edili con progetti,Beinasco,ERROR,2026-10-03T17:16:39.604266+00:00,0,0,Google HTTP 429,"""Beinasco"" (""impresa edile"" OR ""impresa costruzioni"" OR costruttore OR ""società di costruzioni"") (cantiere OR progetto OR ""nuova costruzione"" OR ""lavori in corso"" OR residenza)"
Progetti autorizzati,Beinasco,ERROR,2026-10-03T17:16:48.597614+00:00,0,0,Google HTTP 429,"""Beinasco"" (""permesso di costruire"" OR SCIA OR PEC OR ""piano esecutivo"" OR lottizzazione OR ""progetto approvato"") (residenziale OR commerciale OR costruzione OR edilizia)"
PDF urbanistica e permessi,Beinasco,ERROR,2026-10-03T17:16:57.577008+00:00,0,0,Google HTTP 429,"""Beinasco"" filetype:pdf (""permesso di costruire"" OR SCIA OR ""piano esecutivo"" OR lottizzazione OR ""variante urbanistica"")"
PDF cantieri e progetti,Beinasco,ERROR,2026-10-03T17:17:06.588269+00:00,0,0,Google HTTP 429,"""Beinasco"" filetype:pdf (cantiere OR ""nuova costruzione"" OR ""progetto approvato"" OR edilizia OR urbanistica)"
PDF Albo Pretorio edilizia,Beinasco,OK,2026-10-03T17:17:13.052896+00:00,1,1,,"""Beinasco"" filetype:pdf (""albo pretorio"" OR ""amministrazione trasparente"" OR delibera OR determina) (edilizia OR urbanistica OR lottizzazione OR costruire)"
Immobiliare.it,Beinasco,OK,2026-10-03T17:17:19.022710+00:00,10,10,,"site:immobiliare.it/annunci/ ""Beinasco"" vendita (casa OR appartamento OR villa)"
Idealista,Beinasco,ERROR,2026-10-03T17:17:27.712069+00:00,0,0,Google HTTP 429; DDG verifica umana / rate limit,"site:idealista.it/immobile/ ""Beinasco"" vendita (casa OR appartamento OR villa)"
Casa.it,Beinasco,ERROR,2026-10-03T17:17:36.653396+00:00,0,0,Google HTTP 429; DDG verifica umana / rate limit,"site:casa.it/immobili/ ""Beinasco"" vendita (casa OR appartamento OR villa)"
TrovaCasa privati,Beinasco,ERROR,2026-10-03T17:17:45.663953+00:00,0,0,Google HTTP 429; DDG verifica umana / rate limit,"site:trovacasa.it/annunci/ ""Beinasco"" (""da privato"" OR ""no agenzie"" OR ""privato vende"")"
Wikicasa,Beinasco,ERROR,2026-10-03T17:17:54.605504+00:00,0,0,Google HTTP 429; DDG verifica umana / rate limit,"site:wikicasa.it ""Beinasco"" vendita (casa OR appartamento OR villa)"
Subito privati,Beinasco,ERROR,2026-10-03T17:18:03.591650+00:00,0,0,Google HTTP 429; DDG verifica umana / rate limit,"site:subito.it ""Beinasco"" vendita (appartamento OR casa OR villa) (privato OR ""da privati"")"
Bakeca privati,Beinasco,ERROR,2026-10-03T17:18:12.594217+00:00,0,0,Google HTTP 429; DDG verifica umana / rate limit,"site:bakeca.it/annunci/vendita-case/ ""Beinasco"" (privato OR ""vendo"")"
Trovit,Beinasco,ERROR,2026-10-03T17:18:21.589185+00:00,0,0,Google HTTP 429; DDG verifica umana / rate limit,"site:trovit.it ""Beinasco"" vendita (casa OR appartamento OR villa)"
Nestoria,Beinasco,OK,2026-10-03T17:18:30.670708+00:00,10,0,,"site:nestoria.it ""Beinasco"" vendita (casa OR appartamento OR villa)"
Gate-away,Beinasco,OK,2026-10-03T17:18:39.602238+00:00,8,0,,"site:gate-away.com ""Beinasco"" property sale house"
VendereCasa,Beinasco,ERROR,2026-10-03T17:18:48.634803+00:00,0,0,Google HTTP 429; DDG verifica umana / rate limit,"site:venderecasa.com ""Beinasco"" vendita (casa OR appartamento OR villa)"
TuttoCasa,Beinasco,ERROR,2026-10-03T17:18:57.614592+00:00,0,0,Google HTTP 429; DDG verifica umana / rate limit,"site:tuttocasa.it ""Beinasco"" vendita (casa OR appartamento OR villa)"
Tecnocasa,Beinasco,ERROR,2026-10-03T17:19:06.592412+00:00,0,0,Google HTTP 429; DDG verifica umana / rate limit,"site:tecnocasa.it/vendita/ ""Beinasco"" vendita"
Tecnorete,Beinasco,ERROR,2026-10-03T17:19:15.650442+00:00,0,0,Google HTTP 429; DDG verifica umana / rate limit,"site:tecnorete.it ""Beinasco"" ""in vendita"""
Tempocasa,Beinasco,ERROR,2026-10-03T17:19:24.581593+00:00,0,0,Google HTTP 429; DDG verifica umana / rate limit,"site:tempocasa.it/it/vendita/ ""Beinasco"" vendita"
Facebook Marketplace,Beinasco,ERROR,2026-10-03T17:19:33.611269+00:00,0,0,Google HTTP 429; DDG verifica umana / rate limit,"site:facebook.com/marketplace/item/ ""Beinasco"" (casa OR appartamento OR villa) vendita"
Gruppi Facebook locali,Beinasco,ERROR,2026-10-03T17:19:42.592293+00:00,0,0,Google HTTP 429; DDG verifica umana / rate limit,"site:facebook.com/groups/ ""Beinasco"" (""vendo casa"" OR ""privato vende"" OR ""no agenzie"")"
Web generale,Beinasco,ERROR,2026-10-03T17:19:51.621471+00:00,0,0,Google HTTP 429; DDG verifica umana / rate limit,"""Beinasco"" (""privato vende"" OR ""no agenzie"") (casa OR appartamento OR villa) vendita"
Bacheche locali,Beinasco,ERROR,2026-10-03T17:20:00.623310+00:00,0,0,Google HTTP 429; DDG verifica umana / rate limit,"""Beinasco"" (""annuncio privato"" OR ""vendo appartamento"" OR ""vendo casa"") -immobiliare.it -idealista.it -casa.it"
Mercato residenziale,Borgone Susa,OK,2026-10-03T17:04:26.682917+00:00,9,3,,"""Borgone Susa"" (""in vendita"" OR vendesi OR vendita) (casa OR appartamento OR villa OR immobile)"
Tipologie residenziali,Borgone Susa,ERROR,2026-10-03T17:04:35.283215+00:00,0,0,Google: nessun risultato organico parsabile,"""Borgone Susa"" (appartamento OR villa OR rustico OR casale OR cascina OR ""casa indipendente"" OR mansarda OR attico) (""in vendita"" OR vendita OR vendesi)"
Ribassi,Borgone Susa,ERROR,2026-10-03T17:04:44.266965+00:00,0,0,Google: nessun risultato organico parsabile,"""Borgone Susa"" (ribassato OR ribasso OR ""prezzo ridotto"" OR ""prezzo trattabile"") (casa OR appartamento OR villa OR rustico OR immobile)"
Aste,Borgone Susa,ERROR,2026-10-03T17:04:53.300722+00:00,0,0,Google: nessun risultato organico parsabile,"""Borgone Susa"" (""asta giudiziaria"" OR ""vendita giudiziaria"" OR ""asta immobiliare"" OR tribunale) (casa OR appartamento OR villa OR immobile)"
Privati,Borgone Susa,ERROR,2026-10-03T17:05:02.242553+00:00,0,0,Google: nessun risultato organico parsabile,"""Borgone Susa"" (""privato vende"" OR ""no agenzie"" OR ""astenersi agenzie"" OR ""da privato"") (casa OR appartamento OR villa OR rustico)"
Storico uscite,Borgone Susa,ERROR,2026-10-03T17:05:11.404331+00:00,0,0,Google: nessun risultato organico parsabile,"""Borgone Susa"" (venduto OR ""annuncio non disponibile"" OR ""immobile non disponibile"" OR ""annuncio rimosso"") (casa OR appartamento OR villa OR immobile)"
Commerciale negozi/locali,Borgone Susa,ERROR,2026-10-03T17:05:20.257681+00:00,0,0,Google: nessun risultato organico parsabile,"""Borgone Susa"" (negozio OR ""locale commerciale"" OR showroom) (vendita OR affitto OR locazione OR cedesi)"
Uffici e direzionale,Borgone Susa,OK,2026-10-03T17:05:26.800760+00:00,10,0,,"""Borgone Susa"" (ufficio OR studio OR direzionale) (vendita OR affitto OR locazione)"
Capannoni logistica,Borgone Susa,OK,2026-10-03T17:05:32.888325+00:00,7,0,,"""Borgone Susa"" (capannone OR magazzino OR laboratorio OR deposito OR logistica) (vendita OR affitto OR locazione)"
Cessione attività,Borgone Susa,OK,2026-10-03T17:05:41.268369+00:00,10,0,,"""Borgone Susa"" (""cessione attività"" OR ""cedesi attività"" OR ""attività in vendita"" OR ""azienda in vendita"" OR subentro) (bar OR ristorante OR negozio OR azienda OR attività)"
Terreni e sviluppo,Borgone Susa,ERROR,2026-10-03T17:05:50.296141+00:00,0,0,Google: nessun risultato organico parsabile,"""Borgone Susa"" (""terreno edificabile"" OR ""area edificabile"" OR ""lotto edificabile"" OR lottizzazione OR ""area commerciale"") (vendita OR progetto OR costruzione)"
Nuove costruzioni e cantieri,Borgone Susa,ERROR,2026-10-03T17:05:59.273252+00:00,0,0,Google: nessun risultato organico parsabile,"""Borgone Susa"" (cantiere OR ""nuova costruzione"" OR ""nuove costruzioni"" OR ""in costruzione"" OR ""lavori in corso"" OR ""nuovo complesso"" OR ""nuova residenza"")"
Imprese edili con progetti,Borgone Susa,ERROR,2026-10-03T17:06:08.277693+00:00,0,0,Google HTTP 429,"""Borgone Susa"" (""impresa edile"" OR ""impresa costruzioni"" OR costruttore OR ""società di costruzioni"") (cantiere OR progetto OR ""nuova costruzione"" OR ""lavori in corso"" OR residenza)"
Progetti autorizzati,Borgone Susa,OK,2026-10-03T17:06:17.309088+00:00,10,0,,"""Borgone Susa"" (""permesso di costruire"" OR SCIA OR PEC OR ""piano esecutivo"" OR lottizzazione OR ""progetto approvato"") (residenziale OR commerciale OR costruzione OR edilizia)"
PDF urbanistica e permessi,Borgone Susa,OK,2026-10-03T17:06:26.270192+00:00,10,0,,"""Borgone Susa"" filetype:pdf (""permesso di costruire"" OR SCIA OR ""piano esecutivo"" OR lottizzazione OR ""variante urbanistica"")"
PDF cantieri e progetti,Borgone Susa,ERROR,2026-10-03T17:06:35.317676+00:00,0,0,Google HTTP 429,"""Borgone Susa"" filetype:pdf (cantiere OR ""nuova costruzione"" OR ""progetto approvato"" OR edilizia OR urbanistica)"
PDF Albo Pretorio edilizia,Borgone Susa,ERROR,2026-10-03T17:06:44.266213+00:00,0,0,Google HTTP 429,"""Borgone Susa"" filetype:pdf (""albo pretorio"" OR ""amministrazione trasparente"" OR delibera OR determina) (edilizia OR urbanistica OR lottizzazione OR costruire)"
Immobiliare.it,Borgone Susa,OK,2026-10-03T17:06:51.173390+00:00,10,10,,"site:immobiliare.it/annunci/ ""Borgone Susa"" vendita (casa OR appartamento OR villa)"
Idealista,Borgone Susa,ERROR,2026-10-03T17:06:59.257577+00:00,0,0,Google HTTP 429; DDG verifica umana / rate limit,"site:idealista.it/immobile/ ""Borgone Susa"" vendita (casa OR appartamento OR villa)"
Casa.it,Borgone Susa,ERROR,2026-10-03T17:07:08.252998+00:00,0,0,Google HTTP 429; DDG verifica umana / rate limit,"site:casa.it/immobili/ ""Borgone Susa"" vendita (casa OR appartamento OR villa)"
TrovaCasa privati,Borgone Susa,ERROR,2026-10-03T17:07:17.311540+00:00,0,0,Google HTTP 429; DDG verifica umana / rate limit,"site:trovacasa.it/annunci/ ""Borgone Susa"" (""da privato"" OR ""no agenzie"" OR ""privato vende"")"
Wikicasa,Borgone Susa,ERROR,2026-10-03T17:07:26.343925+00:00,0,0,Google HTTP 429; DDG verifica umana / rate limit,"site:wikicasa.it ""Borgone Susa"" vendita (casa OR appartamento OR villa)"
Subito privati,Borgone Susa,ERROR,2026-10-03T17:07:35.578426+00:00,0,0,Google HTTP 429; DDG verifica umana / rate limit,"site:subito.it ""Borgone Susa"" vendita (appartamento OR casa OR villa) (privato OR ""da privati"")"
Bakeca privati,Borgone Susa,ERROR,2026-10-03T17:07:44.284411+00:00,0,0,Google HTTP 429; DDG verifica umana / rate limit,"site:bakeca.it/annunci/vendita-case/ ""Borgone Susa"" (privato OR ""vendo"")"
Trovit,Borgone Susa,ERROR,2026-10-03T17:07:53.330796+00:00,0,0,Google HTTP 429; DDG verifica umana / rate limit,"site:trovit.it ""Borgone Susa"" vendita (casa OR appartamento OR villa)"
Nestoria,Borgone Susa,ERROR,2026-10-03T17:08:02.384843+00:00,0,0,Google HTTP 429; DDG verifica umana / rate limit,"site:nestoria.it ""Borgone Susa"" vendita (casa OR appartamento OR villa)"
Gate-away,Borgone Susa,ERROR,2026-10-03T17:08:11.318098+00:00,0,0,Google HTTP 429; DDG verifica umana / rate limit,"site:gate-away.com ""Borgone Susa"" property sale house"
VendereCasa,Borgone Susa,OK,2026-10-03T17:08:20.285935+00:00,10,0,,"site:venderecasa.com ""Borgone Susa"" vendita (casa OR appartamento OR villa)"
TuttoCasa,Borgone Susa,ERROR,2026-10-03T17:08:29.279154+00:00,0,0,Google HTTP 429; DDG verifica umana / rate limit,"site:tuttocasa.it ""Borgone Susa"" vendita (casa OR appartamento OR villa)"
Tecnocasa,Borgone Susa,ERROR,2026-10-03T17:08:38.230599+00:00,0,0,Google HTTP 429; DDG verifica umana / rate limit,"site:tecnocasa.it/vendita/ ""Borgone Susa"" vendita"
Tecnorete,Borgone Susa,ERROR,2026-10-03T17:08:47.297866+00:00,0,0,Google HTTP 429; DDG verifica umana / rate limit,"site:tecnorete.it ""Borgone Susa"" ""in vendita"""
Tempocasa,Borgone Susa,ERROR,2026-10-03T17:08:56.280783+00:00,0,0,Google HTTP 429; DDG verifica umana / rate limit,"site:tempocasa.it/it/vendita/ ""Borgone Susa"" vendita"
Facebook Marketplace,Borgone Susa,ERROR,2026-10-03T17:09:05.245590+00:00,0,0,Google HTTP 429; DDG verifica umana / rate limit,"site:facebook.com/marketplace/item/ ""Borgone Susa"" (casa OR appartamento OR villa) vendita"
Gruppi Facebook locali,Borgone Susa,OK,2026-10-03T17:09:14.277248+00:00,8,0,,"site:facebook.com/groups/ ""Borgone Susa"" (""vendo casa"" OR ""privato vende"" OR ""no agenzie"")"
Web generale,Borgone Susa,ERROR,2026-10-03T17:09:23.245154+00:00,0,0,Google HTTP 429; DDG verifica umana / rate limit,"""Borgone Susa"" (""privato vende"" OR ""no agenzie"") (casa OR appartamento OR villa) vendita"
Bacheche locali,Borgone Susa,ERROR,2026-10-03T17:09:32.255435+00:00,0,0,Google HTTP 429; DDG verifica umana / rate limit,"""Borgone Susa"" (""annuncio privato"" OR ""vendo appartamento"" OR ""vendo casa"") -immobiliare.it -idealista.it -casa.it"
Mercato residenziale,Bruino,OK,2026-10-03T17:15:01.833542+00:00,10,1,,"""Bruino"" (""in vendita"" OR vendesi OR vendita) (casa OR appartamento OR villa OR immobile)"
Tipologie residenziali,Bruino,ERROR,2026-10-03T17:15:10.247287+00:00,0,0,Google: nessun risultato organico parsabile,"""Bruino"" (appartamento OR villa OR rustico OR casale OR cascina OR ""casa indipendente"" OR mansarda OR attico) (""in vendita"" OR vendita OR vendesi)"
Ribassi,Bruino,ERROR,2026-10-03T17:15:19.296319+00:00,0,0,Google: nessun risultato organico parsabile,"""Bruino"" (ribassato OR ribasso OR ""prezzo ridotto"" OR ""prezzo trattabile"") (casa OR appartamento OR villa OR rustico OR immobile)"
Aste,Bruino,ERROR,2026-10-03T17:15:28.238592+00:00,0,0,Google: nessun risultato organico parsabile,"""Bruino"" (""asta giudiziaria"" OR ""vendita giudiziaria"" OR ""asta immobiliare"" OR tribunale) (casa OR appartamento OR villa OR immobile)"
Privati,Bruino,ERROR,2026-10-03T17:15:37.269434+00:00,0,0,Google: nessun risultato organico parsabile,"""Bruino"" (""privato vende"" OR ""no agenzie"" OR ""astenersi agenzie"" OR ""da privato"") (casa OR appartamento OR villa OR rustico)"
Storico uscite,Bruino,ERROR,2026-10-03T17:15:46.213292+00:00,0,0,Google: nessun risultato organico parsabile,"""Bruino"" (venduto OR ""annuncio non disponibile"" OR ""immobile non disponibile"" OR ""annuncio rimosso"") (casa OR appartamento OR villa OR immobile)"
Commerciale negozi/locali,Bruino,OK,2026-10-03T17:15:52.786541+00:00,2,0,,"""Bruino"" (negozio OR ""locale commerciale"" OR showroom) (vendita OR affitto OR locazione OR cedesi)"
Uffici e direzionale,Bruino,OK,2026-10-03T17:15:58.923098+00:00,10,1,,"""Bruino"" (ufficio OR studio OR direzionale) (vendita OR affitto OR locazione)"
Capannoni logistica,Bruino,OK,2026-10-03T17:16:04.801533+00:00,10,2,,"""Bruino"" (capannone OR magazzino OR laboratorio OR deposito OR logistica) (vendita OR affitto OR locazione)"
Cessione attività,Bruino,ERROR,2026-10-03T17:16:13.258192+00:00,0,0,Google: nessun risultato organico parsabile,"""Bruino"" (""cessione attività"" OR ""cedesi attività"" OR ""attività in vendita"" OR ""azienda in vendita"" OR subentro) (bar OR ristorante OR negozio OR azienda OR attività)"
Terreni e sviluppo,Bruino,ERROR,2026-10-03T17:16:22.324689+00:00,0,0,Google: nessun risultato organico parsabile,"""Bruino"" (""terreno edificabile"" OR ""area edificabile"" OR ""lotto edificabile"" OR lottizzazione OR ""area commerciale"") (vendita OR progetto OR costruzione)"
Nuove costruzioni e cantieri,Bruino,ERROR,2026-10-03T17:16:31.288275+00:00,0,0,Google: nessun risultato organico parsabile,"""Bruino"" (cantiere OR ""nuova costruzione"" OR ""nuove costruzioni"" OR ""in costruzione"" OR ""lavori in corso"" OR ""nuovo complesso"" OR ""nuova residenza"")"
Imprese edili con progetti,Bruino,OK,2026-10-03T17:16:40.246590+00:00,10,0,,"""Bruino"" (""impresa edile"" OR ""impresa costruzioni"" OR costruttore OR ""società di costruzioni"") (cantiere OR progetto OR ""nuova costruzione"" OR ""lavori in corso"" OR residenza)"
Progetti autorizzati,Bruino,ERROR,2026-10-03T17:16:49.213319+00:00,0,0,Google HTTP 429,"""Bruino"" (""permesso di costruire"" OR SCIA OR PEC OR ""piano esecutivo"" OR lottizzazione OR ""progetto approvato"") (residenziale OR commerciale OR costruzione OR edilizia)"
PDF urbanistica e permessi,Bruino,ERROR,2026-10-03T17:16:58.254453+00:00,0,0,Google HTTP 429,"""Bruino"" filetype:pdf (""permesso di costruire"" OR SCIA OR ""piano esecutivo"" OR lottizzazione OR ""variante urbanistica"")"
PDF cantieri e progetti,Bruino,ERROR,2026-10-03T17:17:07.334069+00:00,0,0,Google HTTP 429,"""Bruino"" filetype:pdf (cantiere OR ""nuova costruzione"" OR ""progetto approvato"" OR edilizia OR urbanistica)"
PDF Albo Pretorio edilizia,Bruino,OK,2026-10-03T17:17:16.341483+00:00,10,0,,"""Bruino"" filetype:pdf (""albo pretorio"" OR ""amministrazione trasparente"" OR delibera OR determina) (edilizia OR urbanistica OR lottizzazione OR costruire)"
Immobiliare.it,Bruino,OK,2026-10-03T17:17:22.785940+00:00,10,9,,"site:immobiliare.it/annunci/ ""Bruino"" vendita (casa OR appartamento OR villa)"
Idealista,Bruino,OK,2026-10-03T17:17:31.296885+00:00,10,0,,"site:idealista.it/immobile/ ""Bruino"" vendita (casa OR appartamento OR villa)"
Casa.it,Bruino,ERROR,2026-10-03T17:17:40.199156+00:00,0,0,Google HTTP 429; DDG verifica umana / rate limit,"site:casa.it/immobili/ ""Bruino"" vendita (casa OR appartamento OR villa)"
TrovaCasa privati,Bruino,ERROR,2026-10-03T17:17:49.217879+00:00,0,0,Google HTTP 429; DDG verifica umana / rate limit,"site:trovacasa.it/annunci/ ""Bruino"" (""da privato"" OR ""no agenzie"" OR ""privato vende"")"
Wikicasa,Bruino,ERROR,2026-10-03T17:17:58.231688+00:00,0,0,Google HTTP 429; DDG verifica umana / rate limit,"site:wikicasa.it ""Bruino"" vendita (casa OR appartamento OR villa)"
Subito privati,Bruino,OK,2026-10-03T17:18:07.247436+00:00,10,0,,"site:subito.it ""Bruino"" vendita (appartamento OR casa OR villa) (privato OR ""da privati"")"
Bakeca privati,Bruino,ERROR,2026-10-03T17:18:16.320537+00:00,0,0,Google HTTP 429; DDG verifica umana / rate limit,"site:bakeca.it/annunci/vendita-case/ ""Bruino"" (privato OR ""vendo"")"
Trovit,Bruino,OK,2026-10-03T17:18:25.548158+00:00,10,0,,"site:trovit.it ""Bruino"" vendita (casa OR appartamento OR villa)"
Nestoria,Bruino,ERROR,2026-10-03T17:18:34.221237+00:00,0,0,Google HTTP 429; DDG verifica umana / rate limit,"site:nestoria.it ""Bruino"" vendita (casa OR appartamento OR villa)"
Gate-away,Bruino,ERROR,2026-10-03T17:18:43.254689+00:00,0,0,Google HTTP 429; DDG verifica umana / rate limit,"site:gate-away.com ""Bruino"" property sale house"
VendereCasa,Bruino,OK,2026-10-03T17:18:52.232505+00:00,10,0,,"site:venderecasa.com ""Bruino"" vendita (casa OR appartamento OR villa)"
TuttoCasa,Bruino,ERROR,2026-10-03T17:19:01.225034+00:00,0,0,Google HTTP 429; DDG verifica umana / rate limit,"site:tuttocasa.it ""Bruino"" vendita (casa OR appartamento OR villa)"
Tecnocasa,Bruino,OK,2026-10-03T17:19:10.374774+00:00,9,0,,"site:tecnocasa.it/vendita/ ""Bruino"" vendita"
Tecnorete,Bruino,ERROR,2026-10-03T17:19:19.236406+00:00,0,0,Google HTTP 429; DDG verifica umana / rate limit,"site:tecnorete.it ""Bruino"" ""in vendita"""
Tempocasa,Bruino,ERROR,2026-10-03T17:19:28.262804+00:00,0,0,Google HTTP 429; DDG verifica umana / rate limit,"site:tempocasa.it/it/vendita/ ""Bruino"" vendita"
Facebook Marketplace,Bruino,ERROR,2026-10-03T17:19:37.226537+00:00,0,0,Google HTTP 429; DDG verifica umana / rate limit,"site:facebook.com/marketplace/item/ ""Bruino"" (casa OR appartamento OR villa) vendita"
Gruppi Facebook locali,Bruino,ERROR,2026-10-03T17:19:46.252138+00:00,0,0,Google HTTP 429; DDG verifica umana / rate limit,"site:facebook.com/groups/ ""Bruino"" (""vendo casa"" OR ""privato vende"" OR ""no agenzie"")"
Web generale,Bruino,ERROR,2026-10-03T17:19:55.282699+00:00,0,0,Google HTTP 429; DDG verifica umana / rate limit,"""Bruino"" (""privato vende"" OR ""no agenzie"") (casa OR appartamento OR villa) vendita"
Bacheche locali,Bruino,ERROR,2026-10-03T17:20:04.433878+00:00,0,0,Google HTTP 429; DDG verifica umana / rate limit,"""Bruino"" (""annuncio privato"" OR ""vendo appartamento"" OR ""vendo casa"") -immobiliare.it -idealista.it -casa.it"
Mercato residenziale,Bruzolo,OK,2026-10-03T17:04:27.102210+00:00,10,4,,"""Bruzolo"" (""in vendita"" OR vendesi OR vendita) (casa OR appartamento OR villa OR immobile)"
Tipologie residenziali,Bruzolo,ERROR,2026-10-03T17:04:35.542146+00:00,0,0,Google: nessun risultato organico parsabile,"""Bruzolo"" (appartamento OR villa OR rustico OR casale OR cascina OR ""casa indipendente"" OR mansarda OR attico) (""in vendita"" OR vendita OR vendesi)"
Ribassi,Bruzolo,ERROR,2026-10-03T17:04:44.527798+00:00,0,0,Google: nessun risultato organico parsabile,"""Bruzolo"" (ribassato OR ribasso OR ""prezzo ridotto"" OR ""prezzo trattabile"") (casa OR appartamento OR villa OR rustico OR immobile)"
Aste,Bruzolo,ERROR,2026-10-03T17:04:53.520173+00:00,0,0,Google: nessun risultato organico parsabile,"""Bruzolo"" (""asta giudiziaria"" OR ""vendita giudiziaria"" OR ""asta immobiliare"" OR tribunale) (casa OR appartamento OR villa OR immobile)"
Privati,Bruzolo,ERROR,2026-10-03T17:05:02.520415+00:00,0,0,Google: nessun risultato organico parsabile,"""Bruzolo"" (""privato vende"" OR ""no agenzie"" OR ""astenersi agenzie"" OR ""da privato"") (casa OR appartamento OR villa OR rustico)"
Storico uscite,Bruzolo,ERROR,2026-10-03T17:05:11.512047+00:00,0,0,Google: nessun risultato organico parsabile,"""Bruzolo"" (venduto OR ""annuncio non disponibile"" OR ""immobile non disponibile"" OR ""annuncio rimosso"") (casa OR appartamento OR villa OR immobile)"
Commerciale negozi/locali,Bruzolo,ERROR,2026-10-03T17:05:20.508382+00:00,0,0,Google: nessun risultato organico parsabile,"""Bruzolo"" (negozio OR ""locale commerciale"" OR showroom) (vendita OR affitto OR locazione OR cedesi)"
Uffici e direzionale,Bruzolo,OK,2026-10-03T17:05:26.966073+00:00,7,0,,"""Bruzolo"" (ufficio OR studio OR direzionale) (vendita OR affitto OR locazione)"
Capannoni logistica,Bruzolo,OK,2026-10-03T17:05:33.000038+00:00,6,0,,"""Bruzolo"" (capannone OR magazzino OR laboratorio OR deposito OR logistica) (vendita OR affitto OR locazione)"
Cessione attività,Bruzolo,ERROR,2026-10-03T17:05:41.543991+00:00,0,0,Google: nessun risultato organico parsabile,"""Bruzolo"" (""cessione attività"" OR ""cedesi attività"" OR ""attività in vendita"" OR ""azienda in vendita"" OR subentro) (bar OR ristorante OR negozio OR azienda OR attività)"
Terreni e sviluppo,Bruzolo,ERROR,2026-10-03T17:05:50.519224+00:00,0,0,Google: nessun risultato organico parsabile,"""Bruzolo"" (""terreno edificabile"" OR ""area edificabile"" OR ""lotto edificabile"" OR lottizzazione OR ""area commerciale"") (vendita OR progetto OR costruzione)"
Nuove costruzioni e cantieri,Bruzolo,ERROR,2026-10-03T17:05:59.546077+00:00,0,0,Google: nessun risultato organico parsabile,"""Bruzolo"" (cantiere OR ""nuova costruzione"" OR ""nuove costruzioni"" OR ""in costruzione"" OR ""lavori in corso"" OR ""nuovo complesso"" OR ""nuova residenza"")"
Imprese edili con progetti,Bruzolo,ERROR,2026-10-03T17:06:08.566833+00:00,0,0,Google HTTP 429,"""Bruzolo"" (""impresa edile"" OR ""impresa costruzioni"" OR costruttore OR ""società di costruzioni"") (cantiere OR progetto OR ""nuova costruzione"" OR ""lavori in corso"" OR residenza)"
Progetti autorizzati,Bruzolo,OK,2026-10-03T17:06:17.519232+00:00,10,0,,"""Bruzolo"" (""permesso di costruire"" OR SCIA OR PEC OR ""piano esecutivo"" OR lottizzazione OR ""progetto approvato"") (residenziale OR commerciale OR costruzione OR edilizia)"
PDF urbanistica e permessi,Bruzolo,ERROR,2026-10-03T17:06:26.520344+00:00,0,0,Google HTTP 429,"""Bruzolo"" filetype:pdf (""permesso di costruire"" OR SCIA OR ""piano esecutivo"" OR lottizzazione OR ""variante urbanistica"")"
PDF cantieri e progetti,Bruzolo,ERROR,2026-10-03T17:06:35.547068+00:00,0,0,Google HTTP 429,"""Bruzolo"" filetype:pdf (cantiere OR ""nuova costruzione"" OR ""progetto approvato"" OR edilizia OR urbanistica)"
PDF Albo Pretorio edilizia,Bruzolo,ERROR,2026-10-03T17:06:44.567313+00:00,0,0,Google HTTP 429,"""Bruzolo"" filetype:pdf (""albo pretorio"" OR ""amministrazione trasparente"" OR delibera OR determina) (edilizia OR urbanistica OR lottizzazione OR costruire)"
Immobiliare.it,Bruzolo,ERROR,2026-10-03T17:06:53.538043+00:00,0,0,Google HTTP 429,"site:immobiliare.it/annunci/ ""Bruzolo"" vendita (casa OR appartamento OR villa)"
Idealista,Bruzolo,ERROR,2026-10-03T17:07:02.559118+00:00,0,0,Google HTTP 429; DDG verifica umana / rate limit,"site:idealista.it/immobile/ ""Bruzolo"" vendita (casa OR appartamento OR villa)"
Casa.it,Bruzolo,ERROR,2026-10-03T17:07:11.564039+00:00,0,0,Google HTTP 429; DDG verifica umana / rate limit,"site:casa.it/immobili/ ""Bruzolo"" vendita (casa OR appartamento OR villa)"
TrovaCasa privati,Bruzolo,ERROR,2026-10-03T17:07:20.607668+00:00,0,0,Google HTTP 429; DDG verifica umana / rate limit,"site:trovacasa.it/annunci/ ""Bruzolo"" (""da privato"" OR ""no agenzie"" OR ""privato vende"")"
Wikicasa,Bruzolo,ERROR,2026-10-03T17:07:29.518402+00:00,0,0,Google HTTP 429; DDG verifica umana / rate limit,"site:wikicasa.it ""Bruzolo"" vendita (casa OR appartamento OR villa)"
Subito privati,Bruzolo,OK,2026-10-03T17:07:38.605403+00:00,9,0,,"site:subito.it ""Bruzolo"" vendita (appartamento OR casa OR villa) (privato OR ""da privati"")"
Bakeca privati,Bruzolo,ERROR,2026-10-03T17:07:47.556219+00:00,0,0,Google HTTP 429; DDG verifica umana / rate limit,"site:bakeca.it/annunci/vendita-case/ ""Bruzolo"" (privato OR ""vendo"")"
Trovit,Bruzolo,ERROR,2026-10-03T17:07:56.522243+00:00,0,0,Google HTTP 429; DDG verifica umana / rate limit,"site:trovit.it ""Bruzolo"" vendita (casa OR appartamento OR villa)"
Nestoria,Bruzolo,ERROR,2026-10-03T17:08:05.584241+00:00,0,0,Google HTTP 429; DDG verifica umana / rate limit,"site:nestoria.it ""Bruzolo"" vendita (casa OR appartamento OR villa)"
Gate-away,Bruzolo,ERROR,2026-10-03T17:08:14.525414+00:00,0,0,Google HTTP 429; DDG verifica umana / rate limit,"site:gate-away.com ""Bruzolo"" property sale house"
VendereCasa,Bruzolo,ERROR,2026-10-03T17:08:23.684602+00:00,0,0,Google HTTP 429; DDG verifica umana / rate limit,"site:venderecasa.com ""Bruzolo"" vendita (casa OR appartamento OR villa)"
TuttoCasa,Bruzolo,OK,2026-10-03T17:08:32.622485+00:00,10,0,,"site:tuttocasa.it ""Bruzolo"" vendita (casa OR appartamento OR villa)"
Tecnocasa,Bruzolo,ERROR,2026-10-03T17:08:41.542938+00:00,0,0,Google HTTP 429; DDG verifica umana / rate limit,"site:tecnocasa.it/vendita/ ""Bruzolo"" vendita"
Tecnorete,Bruzolo,ERROR,2026-10-03T17:08:50.519532+00:00,0,0,Google HTTP 429; DDG verifica umana / rate limit,"site:tecnorete.it ""Bruzolo"" ""in vendita"""
Tempocasa,Bruzolo,ERROR,2026-10-03T17:08:59.639007+00:00,0,0,Google HTTP 429; DDG verifica umana / rate limit,"site:tempocasa.it/it/vendita/ ""Bruzolo"" vendita"
Facebook Marketplace,Bruzolo,ERROR,2026-10-03T17:09:08.567456+00:00,0,0,Google HTTP 429; DDG verifica umana / rate limit,"site:facebook.com/marketplace/item/ ""Bruzolo"" (casa OR appartamento OR villa) vendita"
Gruppi Facebook locali,Bruzolo,ERROR,2026-10-03T17:09:17.536010+00:00,0,0,Google HTTP 429; DDG verifica umana / rate limit,"site:facebook.com/groups/ ""Bruzolo"" (""vendo casa"" OR ""privato vende"" OR ""no agenzie"")"
Web generale,Bruzolo,ERROR,2026-10-03T17:09:26.516455+00:00,0,0,Google HTTP 429; DDG verifica umana / rate limit,"""Bruzolo"" (""privato vende"" OR ""no agenzie"") (casa OR appartamento OR villa) vendita"
Bacheche locali,Bruzolo,ERROR,2026-10-03T17:09:35.526345+00:00,0,0,Google HTTP 429; DDG verifica umana / rate limit,"""Bruzolo"" (""annuncio privato"" OR ""vendo appartamento"" OR ""vendo casa"") -immobiliare.it -idealista.it -casa.it"
Mercato residenziale,Buttigliera Alta,OK,2026-10-03T17:09:46.990747+00:00,10,4,,"""Buttigliera Alta"" (""in vendita"" OR vendesi OR vendita) (casa OR appartamento OR villa OR immobile)"
Tipologie residenziali,Buttigliera Alta,ERROR,2026-10-03T17:09:55.366567+00:00,0,0,Google: nessun risultato organico parsabile,"""Buttigliera Alta"" (appartamento OR villa OR rustico OR casale OR cascina OR ""casa indipendente"" OR mansarda OR attico) (""in vendita"" OR vendita OR vendesi)"
Ribassi,Buttigliera Alta,ERROR,2026-10-03T17:10:04.332795+00:00,0,0,Google: nessun risultato organico parsabile,"""Buttigliera Alta"" (ribassato OR ribasso OR ""prezzo ridotto"" OR ""prezzo trattabile"") (casa OR appartamento OR villa OR rustico OR immobile)"
Aste,Buttigliera Alta,ERROR,2026-10-03T17:10:13.375700+00:00,0,0,Google: nessun risultato organico parsabile,"""Buttigliera Alta"" (""asta giudiziaria"" OR ""vendita giudiziaria"" OR ""asta immobiliare"" OR tribunale) (casa OR appartamento OR villa OR immobile)"
Privati,Buttigliera Alta,OK,2026-10-03T17:10:22.355243+00:00,10,0,,"""Buttigliera Alta"" (""privato vende"" OR ""no agenzie"" OR ""astenersi agenzie"" OR ""da privato"") (casa OR appartamento OR villa OR rustico)"
Storico uscite,Buttigliera Alta,ERROR,2026-10-03T17:10:31.438088+00:00,0,0,Google: nessun risultato organico parsabile,"""Buttigliera Alta"" (venduto OR ""annuncio non disponibile"" OR ""immobile non disponibile"" OR ""annuncio rimosso"") (casa OR appartamento OR villa OR immobile)"
Commerciale negozi/locali,Buttigliera Alta,ERROR,2026-10-03T17:10:40.423507+00:00,0,0,Google: nessun risultato organico parsabile,"""Buttigliera Alta"" (negozio OR ""locale commerciale"" OR showroom) (vendita OR affitto OR locazione OR cedesi)"
Uffici e direzionale,Buttigliera Alta,OK,2026-10-03T17:10:46.855642+00:00,10,0,,"""Buttigliera Alta"" (ufficio OR studio OR direzionale) (vendita OR affitto OR locazione)"
Capannoni logistica,Buttigliera Alta,OK,2026-10-03T17:10:52.823106+00:00,6,0,,"""Buttigliera Alta"" (capannone OR magazzino OR laboratorio OR deposito OR logistica) (vendita OR affitto OR locazione)"
Cessione attività,Buttigliera Alta,ERROR,2026-10-03T17:11:01.351888+00:00,0,0,Google: nessun risultato organico parsabile,"""Buttigliera Alta"" (""cessione attività"" OR ""cedesi attività"" OR ""attività in vendita"" OR ""azienda in vendita"" OR subentro) (bar OR ristorante OR negozio OR azienda OR attività)"
Terreni e sviluppo,Buttigliera Alta,ERROR,2026-10-03T17:11:10.350044+00:00,0,0,Google: nessun risultato organico parsabile,"""Buttigliera Alta"" (""terreno edificabile"" OR ""area edificabile"" OR ""lotto edificabile"" OR lottizzazione OR ""area commerciale"") (vendita OR progetto OR costruzione)"
Nuove costruzioni e cantieri,Buttigliera Alta,ERROR,2026-10-03T17:11:19.351007+00:00,0,0,Google: nessun risultato organico parsabile,"""Buttigliera Alta"" (cantiere OR ""nuova costruzione"" OR ""nuove costruzioni"" OR ""in costruzione"" OR ""lavori in corso"" OR ""nuovo complesso"" OR ""nuova residenza"")"
Imprese edili con progetti,Buttigliera Alta,ERROR,2026-10-03T17:11:28.405560+00:00,0,0,Google: nessun risultato organico parsabile,"""Buttigliera Alta"" (""impresa edile"" OR ""impresa costruzioni"" OR costruttore OR ""società di costruzioni"") (cantiere OR progetto OR ""nuova costruzione"" OR ""lavori in corso"" OR residenza)"
Progetti autorizzati,Buttigliera Alta,ERROR,2026-10-03T17:11:37.367663+00:00,0,0,Google HTTP 429,"""Buttigliera Alta"" (""permesso di costruire"" OR SCIA OR PEC OR ""piano esecutivo"" OR lottizzazione OR ""progetto approvato"") (residenziale OR commerciale OR costruzione OR edilizia)"
PDF urbanistica e permessi,Buttigliera Alta,ERROR,2026-10-03T17:11:46.387985+00:00,0,0,Google HTTP 429,"""Buttigliera Alta"" filetype:pdf (""permesso di costruire"" OR SCIA OR ""piano esecutivo"" OR lottizzazione OR ""variante urbanistica"")"
PDF cantieri e progetti,Buttigliera Alta,ERROR,2026-10-03T17:11:55.363190+00:00,0,0,Google HTTP 429,"""Buttigliera Alta"" filetype:pdf (cantiere OR ""nuova costruzione"" OR ""progetto approvato"" OR edilizia OR urbanistica)"
PDF Albo Pretorio edilizia,Buttigliera Alta,OK,2026-10-03T17:12:01.778807+00:00,1,0,,"""Buttigliera Alta"" filetype:pdf (""albo pretorio"" OR ""amministrazione trasparente"" OR delibera OR determina) (edilizia OR urbanistica OR lottizzazione OR costruire)"
Immobiliare.it,Buttigliera Alta,OK,2026-10-03T17:12:07.744430+00:00,10,0,,"site:immobiliare.it/annunci/ ""Buttigliera Alta"" vendita (casa OR appartamento OR villa)"
Idealista,Buttigliera Alta,OK,2026-10-03T17:12:16.400816+00:00,9,0,,"site:idealista.it/immobile/ ""Buttigliera Alta"" vendita (casa OR appartamento OR villa)"
Casa.it,Buttigliera Alta,ERROR,2026-10-03T17:12:25.350094+00:00,0,0,Google HTTP 429; DDG verifica umana / rate limit,"site:casa.it/immobili/ ""Buttigliera Alta"" vendita (casa OR appartamento OR villa)"
TrovaCasa privati,Buttigliera Alta,ERROR,2026-10-03T17:12:34.368692+00:00,0,0,Google HTTP 429; DDG verifica umana / rate limit,"site:trovacasa.it/annunci/ ""Buttigliera Alta"" (""da privato"" OR ""no agenzie"" OR ""privato vende"")"
Wikicasa,Buttigliera Alta,ERROR,2026-10-03T17:12:43.328357+00:00,0,0,Google HTTP 429; DDG verifica umana / rate limit,"site:wikicasa.it ""Buttigliera Alta"" vendita (casa OR appartamento OR villa)"
Subito privati,Buttigliera Alta,ERROR,2026-10-03T17:12:52.511632+00:00,0,0,Google HTTP 429; DDG verifica umana / rate limit,"site:subito.it ""Buttigliera Alta"" vendita (appartamento OR casa OR villa) (privato OR ""da privati"")"
Bakeca privati,Buttigliera Alta,ERROR,2026-10-03T17:13:01.342814+00:00,0,0,Google HTTP 429; DDG verifica umana / rate limit,"site:bakeca.it/annunci/vendita-case/ ""Buttigliera Alta"" (privato OR ""vendo"")"
Trovit,Buttigliera Alta,ERROR,2026-10-03T17:13:10.393640+00:00,0,0,Google HTTP 429; DDG verifica umana / rate limit,"site:trovit.it ""Buttigliera Alta"" vendita (casa OR appartamento OR villa)"
Nestoria,Buttigliera Alta,ERROR,2026-10-03T17:13:19.335642+00:00,0,0,Google HTTP 429; DDG verifica umana / rate limit,"site:nestoria.it ""Buttigliera Alta"" vendita (casa OR appartamento OR villa)"
Gate-away,Buttigliera Alta,ERROR,2026-10-03T17:13:28.348745+00:00,0,0,Google HTTP 429; DDG verifica umana / rate limit,"site:gate-away.com ""Buttigliera Alta"" property sale house"
VendereCasa,Buttigliera Alta,ERROR,2026-10-03T17:13:37.457672+00:00,0,0,Google HTTP 429; DDG verifica umana / rate limit,"site:venderecasa.com ""Buttigliera Alta"" vendita (casa OR appartamento OR villa)"
TuttoCasa,Buttigliera Alta,ERROR,2026-10-03T17:13:46.503836+00:00,0,0,Google HTTP 429; DDG verifica umana / rate limit,"site:tuttocasa.it ""Buttigliera Alta"" vendita (casa OR appartamento OR villa)"
Tecnocasa,Buttigliera Alta,ERROR,2026-10-03T17:13:55.323640+00:00,0,0,Google HTTP 429; DDG verifica umana / rate limit,"site:tecnocasa.it/vendita/ ""Buttigliera Alta"" vendita"
Tecnorete,Buttigliera Alta,ERROR,2026-10-03T17:14:04.338155+00:00,0,0,Google HTTP 429; DDG verifica umana / rate limit,"site:tecnorete.it ""Buttigliera Alta"" ""in vendita"""
Tempocasa,Buttigliera Alta,ERROR,2026-10-03T17:14:13.379428+00:00,0,0,Google HTTP 429; DDG verifica umana / rate limit,"site:tempocasa.it/it/vendita/ ""Buttigliera Alta"" vendita"
Facebook Marketplace,Buttigliera Alta,ERROR,2026-10-03T17:14:22.353079+00:00,0,0,Google HTTP 429; DDG verifica umana / rate limit,"site:facebook.com/marketplace/item/ ""Buttigliera Alta"" (casa OR appartamento OR villa) vendita"
Gruppi Facebook locali,Buttigliera Alta,ERROR,2026-10-03T17:14:31.359219+00:00,0,0,Google HTTP 429; DDG verifica umana / rate limit,"site:facebook.com/groups/ ""Buttigliera Alta"" (""vendo casa"" OR ""privato vende"" OR ""no agenzie"")"
Web generale,Buttigliera Alta,OK,2026-10-03T17:14:40.462859+00:00,10,0,,"""Buttigliera Alta"" (""privato vende"" OR ""no agenzie"") (casa OR appartamento OR villa) vendita"
Bacheche locali,Buttigliera Alta,ERROR,2026-10-03T17:14:49.438787+00:00,0,0,Google HTTP 429; DDG verifica umana / rate limit,"""Buttigliera Alta"" (""annuncio privato"" OR ""vendo appartamento"" OR ""vendo casa"") -immobiliare.it -idealista.it -casa.it"
Mercato residenziale,Caprie,OK,2026-10-03T17:04:28.325588+00:00,5,1,,"""Caprie"" (""in vendita"" OR vendesi OR vendita) (casa OR appartamento OR villa OR immobile)"
Tipologie residenziali,Caprie,ERROR,2026-10-03T17:04:35.906088+00:00,0,0,Google: nessun risultato organico parsabile,"""Caprie"" (appartamento OR villa OR rustico OR casale OR cascina OR ""casa indipendente"" OR mansarda OR attico) (""in vendita"" OR vendita OR vendesi)"
Ribassi,Caprie,ERROR,2026-10-03T17:04:45.031863+00:00,0,0,Google: nessun risultato organico parsabile,"""Caprie"" (ribassato OR ribasso OR ""prezzo ridotto"" OR ""prezzo trattabile"") (casa OR appartamento OR villa OR rustico OR immobile)"
Aste,Caprie,ERROR,2026-10-03T17:04:53.868983+00:00,0,0,Google: nessun risultato organico parsabile,"""Caprie"" (""asta giudiziaria"" OR ""vendita giudiziaria"" OR ""asta immobiliare"" OR tribunale) (casa OR appartamento OR villa OR immobile)"
Privati,Caprie,ERROR,2026-10-03T17:05:02.902878+00:00,0,0,Google: nessun risultato organico parsabile,"""Caprie"" (""privato vende"" OR ""no agenzie"" OR ""astenersi agenzie"" OR ""da privato"") (casa OR appartamento OR villa OR rustico)"
Storico uscite,Caprie,ERROR,2026-10-03T17:05:11.834925+00:00,0,0,Google: nessun risultato organico parsabile,"""Caprie"" (venduto OR ""annuncio non disponibile"" OR ""immobile non disponibile"" OR ""annuncio rimosso"") (casa OR appartamento OR villa OR immobile)"
Commerciale negozi/locali,Caprie,ERROR,2026-10-03T17:05:20.819786+00:00,0,0,Google: nessun risultato organico parsabile,"""Caprie"" (negozio OR ""locale commerciale"" OR showroom) (vendita OR affitto OR locazione OR cedesi)"
Uffici e direzionale,Caprie,OK,2026-10-03T17:05:27.281778+00:00,6,0,,"""Caprie"" (ufficio OR studio OR direzionale) (vendita OR affitto OR locazione)"
Capannoni logistica,Caprie,OK,2026-10-03T17:05:33.370319+00:00,2,0,,"""Caprie"" (capannone OR magazzino OR laboratorio OR deposito OR logistica) (vendita OR affitto OR locazione)"
Cessione attività,Caprie,OK,2026-10-03T17:05:41.849680+00:00,10,0,,"""Caprie"" (""cessione attività"" OR ""cedesi attività"" OR ""attività in vendita"" OR ""azienda in vendita"" OR subentro) (bar OR ristorante OR negozio OR azienda OR attività)"
Terreni e sviluppo,Caprie,ERROR,2026-10-03T17:05:50.825893+00:00,0,0,Google: nessun risultato organico parsabile,"""Caprie"" (""terreno edificabile"" OR ""area edificabile"" OR ""lotto edificabile"" OR lottizzazione OR ""area commerciale"") (vendita OR progetto OR costruzione)"
Nuove costruzioni e cantieri,Caprie,ERROR,2026-10-03T17:05:59.865229+00:00,0,0,Google: nessun risultato organico parsabile,"""Caprie"" (cantiere OR ""nuova costruzione"" OR ""nuove costruzioni"" OR ""in costruzione"" OR ""lavori in corso"" OR ""nuovo complesso"" OR ""nuova residenza"")"
Imprese edili con progetti,Caprie,ERROR,2026-10-03T17:06:08.979677+00:00,0,0,Google: nessun risultato organico parsabile,"""Caprie"" (""impresa edile"" OR ""impresa costruzioni"" OR costruttore OR ""società di costruzioni"") (cantiere OR progetto OR ""nuova costruzione"" OR ""lavori in corso"" OR residenza)"
Progetti autorizzati,Caprie,OK,2026-10-03T17:06:17.917790+00:00,10,0,,"""Caprie"" (""permesso di costruire"" OR SCIA OR PEC OR ""piano esecutivo"" OR lottizzazione OR ""progetto approvato"") (residenziale OR commerciale OR costruzione OR edilizia)"
PDF urbanistica e permessi,Caprie,ERROR,2026-10-03T17:06:26.854459+00:00,0,0,Google HTTP 429,"""Caprie"" filetype:pdf (""permesso di costruire"" OR SCIA OR ""piano esecutivo"" OR lottizzazione OR ""variante urbanistica"")"
PDF cantieri e progetti,Caprie,ERROR,2026-10-03T17:06:35.833781+00:00,0,0,Google HTTP 429,"""Caprie"" filetype:pdf (cantiere OR ""nuova costruzione"" OR ""progetto approvato"" OR edilizia OR urbanistica)"
PDF Albo Pretorio edilizia,Caprie,ERROR,2026-10-03T17:06:44.860073+00:00,0,0,Google HTTP 429,"""Caprie"" filetype:pdf (""albo pretorio"" OR ""amministrazione trasparente"" OR delibera OR determina) (edilizia OR urbanistica OR lottizzazione OR costruire)"
Immobiliare.it,Caprie,OK,2026-10-03T17:06:51.198759+00:00,3,3,,"site:immobiliare.it/annunci/ ""Caprie"" vendita (casa OR appartamento OR villa)"
Idealista,Caprie,ERROR,2026-10-03T17:06:59.825597+00:00,0,0,Google HTTP 429; DDG verifica umana / rate limit,"site:idealista.it/immobile/ ""Caprie"" vendita (casa OR appartamento OR villa)"
Casa.it,Caprie,ERROR,2026-10-03T17:07:08.847803+00:00,0,0,Google HTTP 429; DDG verifica umana / rate limit,"site:casa.it/immobili/ ""Caprie"" vendita (casa OR appartamento OR villa)"
TrovaCasa privati,Caprie,ERROR,2026-10-03T17:07:17.845015+00:00,0,0,Google HTTP 429; DDG verifica umana / rate limit,"site:trovacasa.it/annunci/ ""Caprie"" (""da privato"" OR ""no agenzie"" OR ""privato vende"")"
Wikicasa,Caprie,ERROR,2026-10-03T17:07:26.929711+00:00,0,0,Google HTTP 429; DDG verifica umana / rate limit,"site:wikicasa.it ""Caprie"" vendita (casa OR appartamento OR villa)"
Subito privati,Caprie,ERROR,2026-10-03T17:07:35.849055+00:00,0,0,Google HTTP 429; DDG verifica umana / rate limit,"site:subito.it ""Caprie"" vendita (appartamento OR casa OR villa) (privato OR ""da privati"")"
Bakeca privati,Caprie,ERROR,2026-10-03T17:07:44.895050+00:00,0,0,Google HTTP 429; DDG verifica umana / rate limit,"site:bakeca.it/annunci/vendita-case/ ""Caprie"" (privato OR ""vendo"")"
Trovit,Caprie,ERROR,2026-10-03T17:07:53.929925+00:00,0,0,Google HTTP 429; DDG verifica umana / rate limit,"site:trovit.it ""Caprie"" vendita (casa OR appartamento OR villa)"
Nestoria,Caprie,ERROR,2026-10-03T17:08:02.836955+00:00,0,0,Google HTTP 429; DDG verifica umana / rate limit,"site:nestoria.it ""Caprie"" vendita (casa OR appartamento OR villa)"
Gate-away,Caprie,ERROR,2026-10-03T17:08:11.862163+00:00,0,0,Google HTTP 429; DDG verifica umana / rate limit,"site:gate-away.com ""Caprie"" property sale house"
VendereCasa,Caprie,ERROR,2026-10-03T17:08:20.869073+00:00,0,0,Google HTTP 429; DDG verifica umana / rate limit,"site:venderecasa.com ""Caprie"" vendita (casa OR appartamento OR villa)"
TuttoCasa,Caprie,ERROR,2026-10-03T17:08:29.909218+00:00,0,0,Google HTTP 429; DDG verifica umana / rate limit,"site:tuttocasa.it ""Caprie"" vendita (casa OR appartamento OR villa)"
Tecnocasa,Caprie,ERROR,2026-10-03T17:08:38.945815+00:00,0,0,Google HTTP 429; DDG verifica umana / rate limit,"site:tecnocasa.it/vendita/ ""Caprie"" vendita"
Tecnorete,Caprie,ERROR,2026-10-03T17:08:47.845987+00:00,0,0,Google HTTP 429; DDG verifica umana / rate limit,"site:tecnorete.it ""Caprie"" ""in vendita"""
Tempocasa,Caprie,ERROR,2026-10-03T17:08:56.835309+00:00,0,0,Google HTTP 429; DDG verifica umana / rate limit,"site:tempocasa.it/it/vendita/ ""Caprie"" vendita"
Facebook Marketplace,Caprie,ERROR,2026-10-03T17:09:05.832638+00:00,0,0,Google HTTP 429; DDG verifica umana / rate limit,"site:facebook.com/marketplace/item/ ""Caprie"" (casa OR appartamento OR villa) vendita"
Gruppi Facebook locali,Caprie,OK,2026-10-03T17:09:14.843099+00:00,8,0,,"site:facebook.com/groups/ ""Caprie"" (""vendo casa"" OR ""privato vende"" OR ""no agenzie"")"
Web generale,Caprie,ERROR,2026-10-03T17:09:23.839659+00:00,0,0,Google HTTP 429; DDG verifica umana / rate limit,"""Caprie"" (""privato vende"" OR ""no agenzie"") (casa OR appartamento OR villa) vendita"
Bacheche locali,Caprie,ERROR,2026-10-03T17:09:32.878985+00:00,0,0,Google HTTP 429; DDG verifica umana / rate limit,"""Caprie"" (""annuncio privato"" OR ""vendo appartamento"" OR ""vendo casa"") -immobiliare.it -idealista.it -casa.it"
Mercato residenziale,Caselette,OK,2026-10-03T17:09:44.933339+00:00,10,4,,"""Caselette"" (""in vendita"" OR vendesi OR vendita) (casa OR appartamento OR villa OR immobile)"
Tipologie residenziali,Caselette,ERROR,2026-10-03T17:09:53.417878+00:00,0,0,Google: nessun risultato organico parsabile,"""Caselette"" (appartamento OR villa OR rustico OR casale OR cascina OR ""casa indipendente"" OR mansarda OR attico) (""in vendita"" OR vendita OR vendesi)"
Ribassi,Caselette,ERROR,2026-10-03T17:10:02.418339+00:00,0,0,Google: nessun risultato organico parsabile,"""Caselette"" (ribassato OR ribasso OR ""prezzo ridotto"" OR ""prezzo trattabile"") (casa OR appartamento OR villa OR rustico OR immobile)"
Aste,Caselette,ERROR,2026-10-03T17:10:11.571058+00:00,0,0,Google: nessun risultato organico parsabile,"""Caselette"" (""asta giudiziaria"" OR ""vendita giudiziaria"" OR ""asta immobiliare"" OR tribunale) (casa OR appartamento OR villa OR immobile)"
Privati,Caselette,ERROR,2026-10-03T17:10:20.427861+00:00,0,0,Google: nessun risultato organico parsabile,"""Caselette"" (""privato vende"" OR ""no agenzie"" OR ""astenersi agenzie"" OR ""da privato"") (casa OR appartamento OR villa OR rustico)"
Storico uscite,Caselette,ERROR,2026-10-03T17:10:29.475803+00:00,0,0,Google: nessun risultato organico parsabile,"""Caselette"" (venduto OR ""annuncio non disponibile"" OR ""immobile non disponibile"" OR ""annuncio rimosso"") (casa OR appartamento OR villa OR immobile)"
Commerciale negozi/locali,Caselette,ERROR,2026-10-03T17:10:38.485735+00:00,0,0,Google: nessun risultato organico parsabile,"""Caselette"" (negozio OR ""locale commerciale"" OR showroom) (vendita OR affitto OR locazione OR cedesi)"
Uffici e direzionale,Caselette,OK,2026-10-03T17:10:45.529595+00:00,10,1,,"""Caselette"" (ufficio OR studio OR direzionale) (vendita OR affitto OR locazione)"
Capannoni logistica,Caselette,OK,2026-10-03T17:10:50.763469+00:00,8,1,,"""Caselette"" (capannone OR magazzino OR laboratorio OR deposito OR logistica) (vendita OR affitto OR locazione)"
Cessione attività,Caselette,ERROR,2026-10-03T17:10:59.428311+00:00,0,0,Google: nessun risultato organico parsabile,"""Caselette"" (""cessione attività"" OR ""cedesi attività"" OR ""attività in vendita"" OR ""azienda in vendita"" OR subentro) (bar OR ristorante OR negozio OR azienda OR attività)"
Terreni e sviluppo,Caselette,ERROR,2026-10-03T17:11:08.451991+00:00,0,0,Google: nessun risultato organico parsabile,"""Caselette"" (""terreno edificabile"" OR ""area edificabile"" OR ""lotto edificabile"" OR lottizzazione OR ""area commerciale"") (vendita OR progetto OR costruzione)"
Nuove costruzioni e cantieri,Caselette,ERROR,2026-10-03T17:11:17.399910+00:00,0,0,Google: nessun risultato organico parsabile,"""Caselette"" (cantiere OR ""nuova costruzione"" OR ""nuove costruzioni"" OR ""in costruzione"" OR ""lavori in corso"" OR ""nuovo complesso"" OR ""nuova residenza"")"
Imprese edili con progetti,Caselette,ERROR,2026-10-03T17:11:26.392428+00:00,0,0,Google: nessun risultato organico parsabile,"""Caselette"" (""impresa edile"" OR ""impresa costruzioni"" OR costruttore OR ""società di costruzioni"") (cantiere OR progetto OR ""nuova costruzione"" OR ""lavori in corso"" OR residenza)"
Progetti autorizzati,Caselette,ERROR,2026-10-03T17:11:35.404764+00:00,0,0,Google HTTP 429,"""Caselette"" (""permesso di costruire"" OR SCIA OR PEC OR ""piano esecutivo"" OR lottizzazione OR ""progetto approvato"") (residenziale OR commerciale OR costruzione OR edilizia)"
PDF urbanistica e permessi,Caselette,ERROR,2026-10-03T17:11:44.416911+00:00,0,0,Google HTTP 429,"""Caselette"" filetype:pdf (""permesso di costruire"" OR SCIA OR ""piano esecutivo"" OR lottizzazione OR ""variante urbanistica"")"
PDF cantieri e progetti,Caselette,ERROR,2026-10-03T17:11:53.363185+00:00,0,0,Google HTTP 429,"""Caselette"" filetype:pdf (cantiere OR ""nuova costruzione"" OR ""progetto approvato"" OR edilizia OR urbanistica)"
PDF Albo Pretorio edilizia,Caselette,OK,2026-10-03T17:12:02.356350+00:00,10,0,,"""Caselette"" filetype:pdf (""albo pretorio"" OR ""amministrazione trasparente"" OR delibera OR determina) (edilizia OR urbanistica OR lottizzazione OR costruire)"
Immobiliare.it,Caselette,OK,2026-10-03T17:12:09.320901+00:00,7,6,,"site:immobiliare.it/annunci/ ""Caselette"" vendita (casa OR appartamento OR villa)"
Idealista,Caselette,ERROR,2026-10-03T17:12:17.414380+00:00,0,0,Google HTTP 429; DDG verifica umana / rate limit,"site:idealista.it/immobile/ ""Caselette"" vendita (casa OR appartamento OR villa)"
Casa.it,Caselette,OK,2026-10-03T17:12:26.355787+00:00,10,0,,"site:casa.it/immobili/ ""Caselette"" vendita (casa OR appartamento OR villa)"
TrovaCasa privati,Caselette,ERROR,2026-10-03T17:12:35.347137+00:00,0,0,Google HTTP 429; DDG verifica umana / rate limit,"site:trovacasa.it/annunci/ ""Caselette"" (""da privato"" OR ""no agenzie"" OR ""privato vende"")"
Wikicasa,Caselette,ERROR,2026-10-03T17:12:44.382046+00:00,0,0,Google HTTP 429; DDG verifica umana / rate limit,"site:wikicasa.it ""Caselette"" vendita (casa OR appartamento OR villa)"
Subito privati,Caselette,ERROR,2026-10-03T17:12:53.367903+00:00,0,0,Google HTTP 429; DDG verifica umana / rate limit,"site:subito.it ""Caselette"" vendita (appartamento OR casa OR villa) (privato OR ""da privati"")"
Bakeca privati,Caselette,ERROR,2026-10-03T17:13:02.379091+00:00,0,0,Google HTTP 429; DDG verifica umana / rate limit,"site:bakeca.it/annunci/vendita-case/ ""Caselette"" (privato OR ""vendo"")"
Trovit,Caselette,OK,2026-10-03T17:13:11.421096+00:00,10,0,,"site:trovit.it ""Caselette"" vendita (casa OR appartamento OR villa)"
Nestoria,Caselette,ERROR,2026-10-03T17:13:20.387938+00:00,0,0,Google HTTP 429; DDG verifica umana / rate limit,"site:nestoria.it ""Caselette"" vendita (casa OR appartamento OR villa)"
Gate-away,Caselette,OK,2026-10-03T17:13:29.398665+00:00,8,0,,"site:gate-away.com ""Caselette"" property sale house"
VendereCasa,Caselette,ERROR,2026-10-03T17:13:38.433786+00:00,0,0,Google HTTP 429; DDG verifica umana / rate limit,"site:venderecasa.com ""Caselette"" vendita (casa OR appartamento OR villa)"
TuttoCasa,Caselette,ERROR,2026-10-03T17:13:47.404865+00:00,0,0,Google HTTP 429; DDG verifica umana / rate limit,"site:tuttocasa.it ""Caselette"" vendita (casa OR appartamento OR villa)"
Tecnocasa,Caselette,OK,2026-10-03T17:13:56.365302+00:00,10,0,,"site:tecnocasa.it/vendita/ ""Caselette"" vendita"
Tecnorete,Caselette,ERROR,2026-10-03T17:14:05.391540+00:00,0,0,Google HTTP 429; DDG verifica umana / rate limit,"site:tecnorete.it ""Caselette"" ""in vendita"""
Tempocasa,Caselette,ERROR,2026-10-03T17:14:14.340901+00:00,0,0,Google HTTP 429; DDG verifica umana / rate limit,"site:tempocasa.it/it/vendita/ ""Caselette"" vendita"
Facebook Marketplace,Caselette,ERROR,2026-10-03T17:14:23.343005+00:00,0,0,Google HTTP 429; DDG verifica umana / rate limit,"site:facebook.com/marketplace/item/ ""Caselette"" (casa OR appartamento OR villa) vendita"
Gruppi Facebook locali,Caselette,ERROR,2026-10-03T17:14:32.400175+00:00,0,0,Google HTTP 429; DDG verifica umana / rate limit,"site:facebook.com/groups/ ""Caselette"" (""vendo casa"" OR ""privato vende"" OR ""no agenzie"")"
Web generale,Caselette,ERROR,2026-10-03T17:14:41.343251+00:00,0,0,Google HTTP 429; DDG verifica umana / rate limit,"""Caselette"" (""privato vende"" OR ""no agenzie"") (casa OR appartamento OR villa) vendita"
Bacheche locali,Caselette,ERROR,2026-10-03T17:14:50.341365+00:00,0,0,Google HTTP 429; DDG verifica umana / rate limit,"""Caselette"" (""annuncio privato"" OR ""vendo appartamento"" OR ""vendo casa"") -immobiliare.it -idealista.it -casa.it"
Mercato residenziale,Chianocco,OK,2026-10-03T17:04:28.417733+00:00,8,2,,"""Chianocco"" (""in vendita"" OR vendesi OR vendita) (casa OR appartamento OR villa OR immobile)"
Tipologie residenziali,Chianocco,ERROR,2026-10-03T17:04:36.841352+00:00,0,0,Google: nessun risultato organico parsabile,"""Chianocco"" (appartamento OR villa OR rustico OR casale OR cascina OR ""casa indipendente"" OR mansarda OR attico) (""in vendita"" OR vendita OR vendesi)"
Ribassi,Chianocco,ERROR,2026-10-03T17:04:45.863734+00:00,0,0,Google: nessun risultato organico parsabile,"""Chianocco"" (ribassato OR ribasso OR ""prezzo ridotto"" OR ""prezzo trattabile"") (casa OR appartamento OR villa OR rustico OR immobile)"
Aste,Chianocco,ERROR,2026-10-03T17:04:54.975384+00:00,0,0,Google: nessun risultato organico parsabile,"""Chianocco"" (""asta giudiziaria"" OR ""vendita giudiziaria"" OR ""asta immobiliare"" OR tribunale) (casa OR appartamento OR villa OR immobile)"
Privati,Chianocco,OK,2026-10-03T17:05:03.874437+00:00,10,0,,"""Chianocco"" (""privato vende"" OR ""no agenzie"" OR ""astenersi agenzie"" OR ""da privato"") (casa OR appartamento OR villa OR rustico)"
Storico uscite,Chianocco,ERROR,2026-10-03T17:05:12.855191+00:00,0,0,Google: nessun risultato organico parsabile,"""Chianocco"" (venduto OR ""annuncio non disponibile"" OR ""immobile non disponibile"" OR ""annuncio rimosso"") (casa OR appartamento OR villa OR immobile)"
Commerciale negozi/locali,Chianocco,ERROR,2026-10-03T17:05:21.860288+00:00,0,0,Google: nessun risultato organico parsabile,"""Chianocco"" (negozio OR ""locale commerciale"" OR showroom) (vendita OR affitto OR locazione OR cedesi)"
Uffici e direzionale,Chianocco,OK,2026-10-03T17:05:28.313686+00:00,4,0,,"""Chianocco"" (ufficio OR studio OR direzionale) (vendita OR affitto OR locazione)"
Capannoni logistica,Chianocco,OK,2026-10-03T17:05:34.300005+00:00,2,0,,"""Chianocco"" (capannone OR magazzino OR laboratorio OR deposito OR logistica) (vendita OR affitto OR locazione)"
Cessione attività,Chianocco,ERROR,2026-10-03T17:05:42.872758+00:00,0,0,Google: nessun risultato organico parsabile,"""Chianocco"" (""cessione attività"" OR ""cedesi attività"" OR ""attività in vendita"" OR ""azienda in vendita"" OR subentro) (bar OR ristorante OR negozio OR azienda OR attività)"
Terreni e sviluppo,Chianocco,ERROR,2026-10-03T17:05:51.858268+00:00,0,0,Google: nessun risultato organico parsabile,"""Chianocco"" (""terreno edificabile"" OR ""area edificabile"" OR ""lotto edificabile"" OR lottizzazione OR ""area commerciale"") (vendita OR progetto OR costruzione)"
Nuove costruzioni e cantieri,Chianocco,ERROR,2026-10-03T17:06:00.859378+00:00,0,0,Google: nessun risultato organico parsabile,"""Chianocco"" (cantiere OR ""nuova costruzione"" OR ""nuove costruzioni"" OR ""in costruzione"" OR ""lavori in corso"" OR ""nuovo complesso"" OR ""nuova residenza"")"
Imprese edili con progetti,Chianocco,ERROR,2026-10-03T17:06:09.847896+00:00,0,0,Google: nessun risultato organico parsabile,"""Chianocco"" (""impresa edile"" OR ""impresa costruzioni"" OR costruttore OR ""società di costruzioni"") (cantiere OR progetto OR ""nuova costruzione"" OR ""lavori in corso"" OR residenza)"
Progetti autorizzati,Chianocco,ERROR,2026-10-03T17:06:18.923130+00:00,0,0,Google HTTP 429,"""Chianocco"" (""permesso di costruire"" OR SCIA OR PEC OR ""piano esecutivo"" OR lottizzazione OR ""progetto approvato"") (residenziale OR commerciale OR costruzione OR edilizia)"
PDF urbanistica e permessi,Chianocco,ERROR,2026-10-03T17:06:27.877678+00:00,0,0,Google HTTP 429,"""Chianocco"" filetype:pdf (""permesso di costruire"" OR SCIA OR ""piano esecutivo"" OR lottizzazione OR ""variante urbanistica"")"
PDF cantieri e progetti,Chianocco,ERROR,2026-10-03T17:06:36.848886+00:00,0,0,Google HTTP 429,"""Chianocco"" filetype:pdf (cantiere OR ""nuova costruzione"" OR ""progetto approvato"" OR edilizia OR urbanistica)"
PDF Albo Pretorio edilizia,Chianocco,OK,2026-10-03T17:06:45.880577+00:00,10,0,,"""Chianocco"" filetype:pdf (""albo pretorio"" OR ""amministrazione trasparente"" OR delibera OR determina) (edilizia OR urbanistica OR lottizzazione OR costruire)"
Immobiliare.it,Chianocco,ERROR,2026-10-03T17:06:54.875594+00:00,0,0,Google HTTP 429,"site:immobiliare.it/annunci/ ""Chianocco"" vendita (casa OR appartamento OR villa)"
Idealista,Chianocco,OK,2026-10-03T17:07:03.883023+00:00,10,0,,"site:idealista.it/immobile/ ""Chianocco"" vendita (casa OR appartamento OR villa)"
Casa.it,Chianocco,ERROR,2026-10-03T17:07:12.861328+00:00,0,0,Google HTTP 429; DDG verifica umana / rate limit,"site:casa.it/immobili/ ""Chianocco"" vendita (casa OR appartamento OR villa)"
TrovaCasa privati,Chianocco,ERROR,2026-10-03T17:07:21.873668+00:00,0,0,Google HTTP 429; DDG verifica umana / rate limit,"site:trovacasa.it/annunci/ ""Chianocco"" (""da privato"" OR ""no agenzie"" OR ""privato vende"")"
Wikicasa,Chianocco,ERROR,2026-10-03T17:07:30.833983+00:00,0,0,Google HTTP 429; DDG verifica umana / rate limit,"site:wikicasa.it ""Chianocco"" vendita (casa OR appartamento OR villa)"
Subito privati,Chianocco,ERROR,2026-10-03T17:07:39.845515+00:00,0,0,Google HTTP 429; DDG verifica umana / rate limit,"site:subito.it ""Chianocco"" vendita (appartamento OR casa OR villa) (privato OR ""da privati"")"
Bakeca privati,Chianocco,ERROR,2026-10-03T17:07:48.862338+00:00,0,0,Google HTTP 429; DDG verifica umana / rate limit,"site:bakeca.it/annunci/vendita-case/ ""Chianocco"" (privato OR ""vendo"")"
Trovit,Chianocco,ERROR,2026-10-03T17:07:57.890600+00:00,0,0,Google HTTP 429; DDG verifica umana / rate limit,"site:trovit.it ""Chianocco"" vendita (casa OR appartamento OR villa)"
Nestoria,Chianocco,OK,2026-10-03T17:08:06.894967+00:00,10,0,,"site:nestoria.it ""Chianocco"" vendita (casa OR appartamento OR villa)"
Gate-away,Chianocco,ERROR,2026-10-03T17:08:15.892247+00:00,0,0,Google HTTP 429; DDG verifica umana / rate limit,"site:gate-away.com ""Chianocco"" property sale house"
VendereCasa,Chianocco,OK,2026-10-03T17:08:24.862389+00:00,10,0,,"site:venderecasa.com ""Chianocco"" vendita (casa OR appartamento OR villa)"
TuttoCasa,Chianocco,ERROR,2026-10-03T17:08:33.870118+00:00,0,0,Google HTTP 429; DDG verifica umana / rate limit,"site:tuttocasa.it ""Chianocco"" vendita (casa OR appartamento OR villa)"
Tecnocasa,Chianocco,ERROR,2026-10-03T17:08:42.852433+00:00,0,0,Google HTTP 429; DDG verifica umana / rate limit,"site:tecnocasa.it/vendita/ ""Chianocco"" vendita"
Tecnorete,Chianocco,ERROR,2026-10-03T17:08:51.838680+00:00,0,0,Google HTTP 429; DDG verifica umana / rate limit,"site:tecnorete.it ""Chianocco"" ""in vendita"""
Tempocasa,Chianocco,ERROR,2026-10-03T17:09:00.840880+00:00,0,0,Google HTTP 429; DDG verifica umana / rate limit,"site:tempocasa.it/it/vendita/ ""Chianocco"" vendita"
Facebook Marketplace,Chianocco,ERROR,2026-10-03T17:09:09.947793+00:00,0,0,Google HTTP 429; DDG verifica umana / rate limit,"site:facebook.com/marketplace/item/ ""Chianocco"" (casa OR appartamento OR villa) vendita"
Gruppi Facebook locali,Chianocco,ERROR,2026-10-03T17:09:18.852032+00:00,0,0,Google HTTP 429; DDG verifica umana / rate limit,"site:facebook.com/groups/ ""Chianocco"" (""vendo casa"" OR ""privato vende"" OR ""no agenzie"")"
Web generale,Chianocco,ERROR,2026-10-03T17:09:27.866962+00:00,0,0,Google HTTP 429; DDG verifica umana / rate limit,"""Chianocco"" (""privato vende"" OR ""no agenzie"") (casa OR appartamento OR villa) vendita"
Bacheche locali,Chianocco,ERROR,2026-10-03T17:09:36.878640+00:00,0,0,Google HTTP 429; DDG verifica umana / rate limit,"""Chianocco"" (""annuncio privato"" OR ""vendo appartamento"" OR ""vendo casa"") -immobiliare.it -idealista.it -casa.it"
Mercato residenziale,Chiusa di San Michele,OK,2026-10-03T17:04:27.024136+00:00,7,3,,"""Chiusa di San Michele"" (""in vendita"" OR vendesi OR vendita) (casa OR appartamento OR villa OR immobile)"
Tipologie residenziali,Chiusa di San Michele,ERROR,2026-10-03T17:04:35.536967+00:00,0,0,Google: nessun risultato organico parsabile,"""Chiusa di San Michele"" (appartamento OR villa OR rustico OR casale OR cascina OR ""casa indipendente"" OR mansarda OR attico) (""in vendita"" OR vendita OR vendesi)"
Ribassi,Chiusa di San Michele,ERROR,2026-10-03T17:04:44.530956+00:00,0,0,Google: nessun risultato organico parsabile,"""Chiusa di San Michele"" (ribassato OR ribasso OR ""prezzo ridotto"" OR ""prezzo trattabile"") (casa OR appartamento OR villa OR rustico OR immobile)"
Aste,Chiusa di San Michele,ERROR,2026-10-03T17:04:53.487338+00:00,0,0,Google: nessun risultato organico parsabile,"""Chiusa di San Michele"" (""asta giudiziaria"" OR ""vendita giudiziaria"" OR ""asta immobiliare"" OR tribunale) (casa OR appartamento OR villa OR immobile)"
Privati,Chiusa di San Michele,ERROR,2026-10-03T17:05:02.501680+00:00,0,0,Google: nessun risultato organico parsabile,"""Chiusa di San Michele"" (""privato vende"" OR ""no agenzie"" OR ""astenersi agenzie"" OR ""da privato"") (casa OR appartamento OR villa OR rustico)"
Storico uscite,Chiusa di San Michele,ERROR,2026-10-03T17:05:11.562676+00:00,0,0,Google: nessun risultato organico parsabile,"""Chiusa di San Michele"" (venduto OR ""annuncio non disponibile"" OR ""immobile non disponibile"" OR ""annuncio rimosso"") (casa OR appartamento OR villa OR immobile)"
Commerciale negozi/locali,Chiusa di San Michele,ERROR,2026-10-03T17:05:20.541528+00:00,0,0,Google: nessun risultato organico parsabile,"""Chiusa di San Michele"" (negozio OR ""locale commerciale"" OR showroom) (vendita OR affitto OR locazione OR cedesi)"
Uffici e direzionale,Chiusa di San Michele,OK,2026-10-03T17:05:27.000742+00:00,5,2,,"""Chiusa di San Michele"" (ufficio OR studio OR direzionale) (vendita OR affitto OR locazione)"
Capannoni logistica,Chiusa di San Michele,OK,2026-10-03T17:05:32.993734+00:00,6,0,,"""Chiusa di San Michele"" (capannone OR magazzino OR laboratorio OR deposito OR logistica) (vendita OR affitto OR locazione)"
Cessione attività,Chiusa di San Michele,ERROR,2026-10-03T17:05:41.688056+00:00,0,0,Google: nessun risultato organico parsabile,"""Chiusa di San Michele"" (""cessione attività"" OR ""cedesi attività"" OR ""attività in vendita"" OR ""azienda in vendita"" OR subentro) (bar OR ristorante OR negozio OR azienda OR attività)"
Terreni e sviluppo,Chiusa di San Michele,OK,2026-10-03T17:05:50.531729+00:00,10,0,,"""Chiusa di San Michele"" (""terreno edificabile"" OR ""area edificabile"" OR ""lotto edificabile"" OR lottizzazione OR ""area commerciale"") (vendita OR progetto OR costruzione)"
Nuove costruzioni e cantieri,Chiusa di San Michele,ERROR,2026-10-03T17:05:59.665050+00:00,0,0,Google: nessun risultato organico parsabile,"""Chiusa di San Michele"" (cantiere OR ""nuova costruzione"" OR ""nuove costruzioni"" OR ""in costruzione"" OR ""lavori in corso"" OR ""nuovo complesso"" OR ""nuova residenza"")"
Imprese edili con progetti,Chiusa di San Michele,ERROR,2026-10-03T17:06:08.541261+00:00,0,0,Google: nessun risultato organico parsabile,"""Chiusa di San Michele"" (""impresa edile"" OR ""impresa costruzioni"" OR costruttore OR ""società di costruzioni"") (cantiere OR progetto OR ""nuova costruzione"" OR ""lavori in corso"" OR residenza)"
Progetti autorizzati,Chiusa di San Michele,ERROR,2026-10-03T17:06:17.559895+00:00,0,0,Google HTTP 429,"""Chiusa di San Michele"" (""permesso di costruire"" OR SCIA OR PEC OR ""piano esecutivo"" OR lottizzazione OR ""progetto approvato"") (residenziale OR commerciale OR costruzione OR edilizia)"
PDF urbanistica e permessi,Chiusa di San Michele,ERROR,2026-10-03T17:06:26.573580+00:00,0,0,Google HTTP 429,"""Chiusa di San Michele"" filetype:pdf (""permesso di costruire"" OR SCIA OR ""piano esecutivo"" OR lottizzazione OR ""variante urbanistica"")"
PDF cantieri e progetti,Chiusa di San Michele,ERROR,2026-10-03T17:06:35.533863+00:00,0,0,Google HTTP 429,"""Chiusa di San Michele"" filetype:pdf (cantiere OR ""nuova costruzione"" OR ""progetto approvato"" OR edilizia OR urbanistica)"
PDF Albo Pretorio edilizia,Chiusa di San Michele,ERROR,2026-10-03T17:06:44.579902+00:00,0,0,Google HTTP 429,"""Chiusa di San Michele"" filetype:pdf (""albo pretorio"" OR ""amministrazione trasparente"" OR delibera OR determina) (edilizia OR urbanistica OR lottizzazione OR costruire)"
Immobiliare.it,Chiusa di San Michele,OK,2026-10-03T17:06:50.979019+00:00,8,6,,"site:immobiliare.it/annunci/ ""Chiusa di San Michele"" vendita (casa OR appartamento OR villa)"
Idealista,Chiusa di San Michele,ERROR,2026-10-03T17:06:59.563763+00:00,0,0,Google HTTP 429; DDG verifica umana / rate limit,"site:idealista.it/immobile/ ""Chiusa di San Michele"" vendita (casa OR appartamento OR villa)"
Casa.it,Chiusa di San Michele,ERROR,2026-10-03T17:07:08.549299+00:00,0,0,Google HTTP 429; DDG verifica umana / rate limit,"site:casa.it/immobili/ ""Chiusa di San Michele"" vendita (casa OR appartamento OR villa)"
TrovaCasa privati,Chiusa di San Michele,ERROR,2026-10-03T17:07:17.552109+00:00,0,0,Google HTTP 429; DDG verifica umana / rate limit,"site:trovacasa.it/annunci/ ""Chiusa di San Michele"" (""da privato"" OR ""no agenzie"" OR ""privato vende"")"
Wikicasa,Chiusa di San Michele,ERROR,2026-10-03T17:07:26.600114+00:00,0,0,Google HTTP 429; DDG verifica umana / rate limit,"site:wikicasa.it ""Chiusa di San Michele"" vendita (casa OR appartamento OR villa)"
Subito privati,Chiusa di San Michele,OK,2026-10-03T17:07:35.534630+00:00,10,0,,"site:subito.it ""Chiusa di San Michele"" vendita (appartamento OR casa OR villa) (privato OR ""da privati"")"
Bakeca privati,Chiusa di San Michele,ERROR,2026-10-03T17:07:44.522545+00:00,0,0,Google HTTP 429; DDG verifica umana / rate limit,"site:bakeca.it/annunci/vendita-case/ ""Chiusa di San Michele"" (privato OR ""vendo"")"
Trovit,Chiusa di San Michele,ERROR,2026-10-03T17:07:53.570330+00:00,0,0,Google HTTP 429; DDG verifica umana / rate limit,"site:trovit.it ""Chiusa di San Michele"" vendita (casa OR appartamento OR villa)"
Nestoria,Chiusa di San Michele,ERROR,2026-10-03T17:08:02.559779+00:00,0,0,Google HTTP 429; DDG verifica umana / rate limit,"site:nestoria.it ""Chiusa di San Michele"" vendita (casa OR appartamento OR villa)"
Gate-away,Chiusa di San Michele,ERROR,2026-10-03T17:08:11.568293+00:00,0,0,Google HTTP 429; DDG verifica umana / rate limit,"site:gate-away.com ""Chiusa di San Michele"" property sale house"
VendereCasa,Chiusa di San Michele,ERROR,2026-10-03T17:08:20.617339+00:00,0,0,Google HTTP 429; DDG verifica umana / rate limit,"site:venderecasa.com ""Chiusa di San Michele"" vendita (casa OR appartamento OR villa)"
TuttoCasa,Chiusa di San Michele,ERROR,2026-10-03T17:08:29.606048+00:00,0,0,Google HTTP 429; DDG verifica umana / rate limit,"site:tuttocasa.it ""Chiusa di San Michele"" vendita (casa OR appartamento OR villa)"
Tecnocasa,Chiusa di San Michele,ERROR,2026-10-03T17:08:38.589247+00:00,0,0,Google HTTP 429; DDG verifica umana / rate limit,"site:tecnocasa.it/vendita/ ""Chiusa di San Michele"" vendita"
Tecnorete,Chiusa di San Michele,ERROR,2026-10-03T17:08:47.554183+00:00,0,0,Google HTTP 429; DDG verifica umana / rate limit,"site:tecnorete.it ""Chiusa di San Michele"" ""in vendita"""
Tempocasa,Chiusa di San Michele,ERROR,2026-10-03T17:08:56.552031+00:00,0,0,Google HTTP 429; DDG verifica umana / rate limit,"site:tempocasa.it/it/vendita/ ""Chiusa di San Michele"" vendita"
Facebook Marketplace,Chiusa di San Michele,OK,2026-10-03T17:09:05.718434+00:00,8,0,,"site:facebook.com/marketplace/item/ ""Chiusa di San Michele"" (casa OR appartamento OR villa) vendita"
Gruppi Facebook locali,Chiusa di San Michele,ERROR,2026-10-03T17:09:14.532435+00:00,0,0,Google HTTP 429; DDG verifica umana / rate limit,"site:facebook.com/groups/ ""Chiusa di San Michele"" (""vendo casa"" OR ""privato vende"" OR ""no agenzie"")"
Web generale,Chiusa di San Michele,ERROR,2026-10-03T17:09:23.540423+00:00,0,0,Google HTTP 429; DDG verifica umana / rate limit,"""Chiusa di San Michele"" (""privato vende"" OR ""no agenzie"") (casa OR appartamento OR villa) vendita"
Bacheche locali,Chiusa di San Michele,ERROR,2026-10-03T17:09:32.534795+00:00,0,0,Google HTTP 429; DDG verifica umana / rate limit,"""Chiusa di San Michele"" (""annuncio privato"" OR ""vendo appartamento"" OR ""vendo casa"") -immobiliare.it -idealista.it -casa.it"
Mercato residenziale,Coazze,OK,2026-10-03T17:04:27.844966+00:00,10,3,,"""Coazze"" (""in vendita"" OR vendesi OR vendita) (casa OR appartamento OR villa OR immobile)"
Tipologie residenziali,Coazze,ERROR,2026-10-03T17:04:36.319233+00:00,0,0,Google: nessun risultato organico parsabile,"""Coazze"" (appartamento OR villa OR rustico OR casale OR cascina OR ""casa indipendente"" OR mansarda OR attico) (""in vendita"" OR vendita OR vendesi)"
Ribassi,Coazze,ERROR,2026-10-03T17:04:45.088152+00:00,0,0,Google: nessun risultato organico parsabile,"""Coazze"" (ribassato OR ribasso OR ""prezzo ridotto"" OR ""prezzo trattabile"") (casa OR appartamento OR villa OR rustico OR immobile)"
Aste,Coazze,ERROR,2026-10-03T17:04:54.102831+00:00,0,0,Google: nessun risultato organico parsabile,"""Coazze"" (""asta giudiziaria"" OR ""vendita giudiziaria"" OR ""asta immobiliare"" OR tribunale) (casa OR appartamento OR villa OR immobile)"
Privati,Coazze,ERROR,2026-10-03T17:05:03.111267+00:00,0,0,Google: nessun risultato organico parsabile,"""Coazze"" (""privato vende"" OR ""no agenzie"" OR ""astenersi agenzie"" OR ""da privato"") (casa OR appartamento OR villa OR rustico)"
Storico uscite,Coazze,ERROR,2026-10-03T17:05:12.078522+00:00,0,0,Google: nessun risultato organico parsabile,"""Coazze"" (venduto OR ""annuncio non disponibile"" OR ""immobile non disponibile"" OR ""annuncio rimosso"") (casa OR appartamento OR villa OR immobile)"
Commerciale negozi/locali,Coazze,ERROR,2026-10-03T17:05:21.091658+00:00,0,0,Google: nessun risultato organico parsabile,"""Coazze"" (negozio OR ""locale commerciale"" OR showroom) (vendita OR affitto OR locazione OR cedesi)"
Uffici e direzionale,Coazze,OK,2026-10-03T17:05:27.567351+00:00,10,0,,"""Coazze"" (ufficio OR studio OR direzionale) (vendita OR affitto OR locazione)"
Capannoni logistica,Coazze,OK,2026-10-03T17:05:33.724955+00:00,8,0,,"""Coazze"" (capannone OR magazzino OR laboratorio OR deposito OR logistica) (vendita OR affitto OR locazione)"
Cessione attività,Coazze,ERROR,2026-10-03T17:05:42.100669+00:00,0,0,Google: nessun risultato organico parsabile,"""Coazze"" (""cessione attività"" OR ""cedesi attività"" OR ""attività in vendita"" OR ""azienda in vendita"" OR subentro) (bar OR ristorante OR negozio OR azienda OR attività)"
Terreni e sviluppo,Coazze,ERROR,2026-10-03T17:05:51.119213+00:00,0,0,Google: nessun risultato organico parsabile,"""Coazze"" (""terreno edificabile"" OR ""area edificabile"" OR ""lotto edificabile"" OR lottizzazione OR ""area commerciale"") (vendita OR progetto OR costruzione)"
Nuove costruzioni e cantieri,Coazze,ERROR,2026-10-03T17:06:00.128835+00:00,0,0,Google: nessun risultato organico parsabile,"""Coazze"" (cantiere OR ""nuova costruzione"" OR ""nuove costruzioni"" OR ""in costruzione"" OR ""lavori in corso"" OR ""nuovo complesso"" OR ""nuova residenza"")"
Imprese edili con progetti,Coazze,ERROR,2026-10-03T17:06:09.131017+00:00,0,0,Google HTTP 429,"""Coazze"" (""impresa edile"" OR ""impresa costruzioni"" OR costruttore OR ""società di costruzioni"") (cantiere OR progetto OR ""nuova costruzione"" OR ""lavori in corso"" OR residenza)"
Progetti autorizzati,Coazze,OK,2026-10-03T17:06:18.099259+00:00,9,0,,"""Coazze"" (""permesso di costruire"" OR SCIA OR PEC OR ""piano esecutivo"" OR lottizzazione OR ""progetto approvato"") (residenziale OR commerciale OR costruzione OR edilizia)"
PDF urbanistica e permessi,Coazze,ERROR,2026-10-03T17:06:27.155306+00:00,0,0,Google HTTP 429,"""Coazze"" filetype:pdf (""permesso di costruire"" OR SCIA OR ""piano esecutivo"" OR lottizzazione OR ""variante urbanistica"")"
PDF cantieri e progetti,Coazze,ERROR,2026-10-03T17:06:36.084661+00:00,0,0,Google HTTP 429,"""Coazze"" filetype:pdf (cantiere OR ""nuova costruzione"" OR ""progetto approvato"" OR edilizia OR urbanistica)"
PDF Albo Pretorio edilizia,Coazze,ERROR,2026-10-03T17:06:45.111712+00:00,0,0,Google HTTP 429,"""Coazze"" filetype:pdf (""albo pretorio"" OR ""amministrazione trasparente"" OR delibera OR determina) (edilizia OR urbanistica OR lottizzazione OR costruire)"
Immobiliare.it,Coazze,OK,2026-10-03T17:06:51.562152+00:00,10,9,,"site:immobiliare.it/annunci/ ""Coazze"" vendita (casa OR appartamento OR villa)"
Idealista,Coazze,ERROR,2026-10-03T17:07:00.181029+00:00,0,0,Google HTTP 429; DDG verifica umana / rate limit,"site:idealista.it/immobile/ ""Coazze"" vendita (casa OR appartamento OR villa)"
Casa.it,Coazze,ERROR,2026-10-03T17:07:09.216780+00:00,0,0,Google HTTP 429; DDG verifica umana / rate limit,"site:casa.it/immobili/ ""Coazze"" vendita (casa OR appartamento OR villa)"
TrovaCasa privati,Coazze,ERROR,2026-10-03T17:07:18.227676+00:00,0,0,Google HTTP 429; DDG verifica umana / rate limit,"site:trovacasa.it/annunci/ ""Coazze"" (""da privato"" OR ""no agenzie"" OR ""privato vende"")"
Wikicasa,Coazze,ERROR,2026-10-03T17:07:27.132568+00:00,0,0,Google HTTP 429; DDG verifica umana / rate limit,"site:wikicasa.it ""Coazze"" vendita (casa OR appartamento OR villa)"
Subito privati,Coazze,ERROR,2026-10-03T17:07:36.078178+00:00,0,0,Google HTTP 429; DDG verifica umana / rate limit,"site:subito.it ""Coazze"" vendita (appartamento OR casa OR villa) (privato OR ""da privati"")"
Bakeca privati,Coazze,OK,2026-10-03T17:07:45.116525+00:00,10,0,,"site:bakeca.it/annunci/vendita-case/ ""Coazze"" (privato OR ""vendo"")"
Trovit,Coazze,ERROR,2026-10-03T17:07:54.081180+00:00,0,0,Google HTTP 429; DDG verifica umana / rate limit,"site:trovit.it ""Coazze"" vendita (casa OR appartamento OR villa)"
Nestoria,Coazze,ERROR,2026-10-03T17:08:03.106882+00:00,0,0,Google HTTP 429; DDG verifica umana / rate limit,"site:nestoria.it ""Coazze"" vendita (casa OR appartamento OR villa)"
Gate-away,Coazze,ERROR,2026-10-03T17:08:12.086850+00:00,0,0,Google HTTP 429; DDG verifica umana / rate limit,"site:gate-away.com ""Coazze"" property sale house"
VendereCasa,Coazze,ERROR,2026-10-03T17:08:21.086263+00:00,0,0,Google HTTP 429; DDG verifica umana / rate limit,"site:venderecasa.com ""Coazze"" vendita (casa OR appartamento OR villa)"
TuttoCasa,Coazze,ERROR,2026-10-03T17:08:30.099873+00:00,0,0,Google HTTP 429; DDG verifica umana / rate limit,"site:tuttocasa.it ""Coazze"" vendita (casa OR appartamento OR villa)"
Tecnocasa,Coazze,ERROR,2026-10-03T17:08:39.091594+00:00,0,0,Google HTTP 429; DDG verifica umana / rate limit,"site:tecnocasa.it/vendita/ ""Coazze"" vendita"
Tecnorete,Coazze,OK,2026-10-03T17:08:48.085481+00:00,10,0,,"site:tecnorete.it ""Coazze"" ""in vendita"""
Tempocasa,Coazze,ERROR,2026-10-03T17:08:57.199919+00:00,0,0,Google HTTP 429; DDG verifica umana / rate limit,"site:tempocasa.it/it/vendita/ ""Coazze"" vendita"
Facebook Marketplace,Coazze,ERROR,2026-10-03T17:09:06.110766+00:00,0,0,Google HTTP 429; DDG verifica umana / rate limit,"site:facebook.com/marketplace/item/ ""Coazze"" (casa OR appartamento OR villa) vendita"
Gruppi Facebook locali,Coazze,ERROR,2026-10-03T17:09:15.093851+00:00,0,0,Google HTTP 429; DDG verifica umana / rate limit,"site:facebook.com/groups/ ""Coazze"" (""vendo casa"" OR ""privato vende"" OR ""no agenzie"")"
Web generale,Coazze,ERROR,2026-10-03T17:09:24.087192+00:00,0,0,Google HTTP 429; DDG verifica umana / rate limit,"""Coazze"" (""privato vende"" OR ""no agenzie"") (casa OR appartamento OR villa) vendita"
Bacheche locali,Coazze,ERROR,2026-10-03T17:09:33.090032+00:00,0,0,Google HTTP 429; DDG verifica umana / rate limit,"""Coazze"" (""annuncio privato"" OR ""vendo appartamento"" OR ""vendo casa"") -immobiliare.it -idealista.it -casa.it"
Mercato residenziale,Collegno,OK,2026-10-03T17:15:00.303630+00:00,10,3,,"""Collegno"" (""in vendita"" OR vendesi OR vendita) (casa OR appartamento OR villa OR immobile)"
Tipologie residenziali,Collegno,ERROR,2026-10-03T17:15:08.796779+00:00,0,0,Google: nessun risultato organico parsabile,"""Collegno"" (appartamento OR villa OR rustico OR casale OR cascina OR ""casa indipendente"" OR mansarda OR attico) (""in vendita"" OR vendita OR vendesi)"
Ribassi,Collegno,ERROR,2026-10-03T17:15:17.692401+00:00,0,0,Google: nessun risultato organico parsabile,"""Collegno"" (ribassato OR ribasso OR ""prezzo ridotto"" OR ""prezzo trattabile"") (casa OR appartamento OR villa OR rustico OR immobile)"
Aste,Collegno,ERROR,2026-10-03T17:15:26.728745+00:00,0,0,Google: nessun risultato organico parsabile,"""Collegno"" (""asta giudiziaria"" OR ""vendita giudiziaria"" OR ""asta immobiliare"" OR tribunale) (casa OR appartamento OR villa OR immobile)"
Privati,Collegno,OK,2026-10-03T17:15:35.783348+00:00,10,0,,"""Collegno"" (""privato vende"" OR ""no agenzie"" OR ""astenersi agenzie"" OR ""da privato"") (casa OR appartamento OR villa OR rustico)"
Storico uscite,Collegno,ERROR,2026-10-03T17:15:44.706378+00:00,0,0,Google: nessun risultato organico parsabile,"""Collegno"" (venduto OR ""annuncio non disponibile"" OR ""immobile non disponibile"" OR ""annuncio rimosso"") (casa OR appartamento OR villa OR immobile)"
Commerciale negozi/locali,Collegno,OK,2026-10-03T17:15:51.156676+00:00,5,2,,"""Collegno"" (negozio OR ""locale commerciale"" OR showroom) (vendita OR affitto OR locazione OR cedesi)"
Uffici e direzionale,Collegno,OK,2026-10-03T17:15:57.350410+00:00,9,0,,"""Collegno"" (ufficio OR studio OR direzionale) (vendita OR affitto OR locazione)"
Capannoni logistica,Collegno,OK,2026-10-03T17:16:03.393471+00:00,10,2,,"""Collegno"" (capannone OR magazzino OR laboratorio OR deposito OR logistica) (vendita OR affitto OR locazione)"
Cessione attività,Collegno,ERROR,2026-10-03T17:16:11.707621+00:00,0,0,Google: nessun risultato organico parsabile,"""Collegno"" (""cessione attività"" OR ""cedesi attività"" OR ""attività in vendita"" OR ""azienda in vendita"" OR subentro) (bar OR ristorante OR negozio OR azienda OR attività)"
Terreni e sviluppo,Collegno,ERROR,2026-10-03T17:16:20.719866+00:00,0,0,Google: nessun risultato organico parsabile,"""Collegno"" (""terreno edificabile"" OR ""area edificabile"" OR ""lotto edificabile"" OR lottizzazione OR ""area commerciale"") (vendita OR progetto OR costruzione)"
Nuove costruzioni e cantieri,Collegno,OK,2026-10-03T17:16:29.727703+00:00,10,0,,"""Collegno"" (cantiere OR ""nuova costruzione"" OR ""nuove costruzioni"" OR ""in costruzione"" OR ""lavori in corso"" OR ""nuovo complesso"" OR ""nuova residenza"")"
Imprese edili con progetti,Collegno,ERROR,2026-10-03T17:16:38.756164+00:00,0,0,Google HTTP 429,"""Collegno"" (""impresa edile"" OR ""impresa costruzioni"" OR costruttore OR ""società di costruzioni"") (cantiere OR progetto OR ""nuova costruzione"" OR ""lavori in corso"" OR residenza)"
Progetti autorizzati,Collegno,ERROR,2026-10-03T17:16:47.712979+00:00,0,0,Google HTTP 429,"""Collegno"" (""permesso di costruire"" OR SCIA OR PEC OR ""piano esecutivo"" OR lottizzazione OR ""progetto approvato"") (residenziale OR commerciale OR costruzione OR edilizia)"
PDF urbanistica e permessi,Collegno,ERROR,2026-10-03T17:16:56.698189+00:00,0,0,Google HTTP 429,"""Collegno"" filetype:pdf (""permesso di costruire"" OR SCIA OR ""piano esecutivo"" OR lottizzazione OR ""variante urbanistica"")"
PDF cantieri e progetti,Collegno,OK,2026-10-03T17:17:05.708976+00:00,10,0,,"""Collegno"" filetype:pdf (cantiere OR ""nuova costruzione"" OR ""progetto approvato"" OR edilizia OR urbanistica)"
PDF Albo Pretorio edilizia,Collegno,ERROR,2026-10-03T17:17:14.733766+00:00,0,0,Google HTTP 429,"""Collegno"" filetype:pdf (""albo pretorio"" OR ""amministrazione trasparente"" OR delibera OR determina) (edilizia OR urbanistica OR lottizzazione OR costruire)"
Immobiliare.it,Collegno,OK,2026-10-03T17:17:21.153092+00:00,10,8,,"site:immobiliare.it/annunci/ ""Collegno"" vendita (casa OR appartamento OR villa)"
Idealista,Collegno,OK,2026-10-03T17:17:29.738827+00:00,10,0,,"site:idealista.it/immobile/ ""Collegno"" vendita (casa OR appartamento OR villa)"
Casa.it,Collegno,ERROR,2026-10-03T17:17:38.739177+00:00,0,0,Google HTTP 429; DDG verifica umana / rate limit,"site:casa.it/immobili/ ""Collegno"" vendita (casa OR appartamento OR villa)"
TrovaCasa privati,Collegno,ERROR,2026-10-03T17:17:47.799332+00:00,0,0,Google HTTP 429; DDG verifica umana / rate limit,"site:trovacasa.it/annunci/ ""Collegno"" (""da privato"" OR ""no agenzie"" OR ""privato vende"")"
Wikicasa,Collegno,ERROR,2026-10-03T17:17:56.698320+00:00,0,0,Google HTTP 429; DDG verifica umana / rate limit,"site:wikicasa.it ""Collegno"" vendita (casa OR appartamento OR villa)"
Subito privati,Collegno,ERROR,2026-10-03T17:18:05.787794+00:00,0,0,Google HTTP 429; DDG verifica umana / rate limit,"site:subito.it ""Collegno"" vendita (appartamento OR casa OR villa) (privato OR ""da privati"")"
Bakeca privati,Collegno,ERROR,2026-10-03T17:18:14.727338+00:00,0,0,Google HTTP 429; DDG verifica umana / rate limit,"site:bakeca.it/annunci/vendita-case/ ""Collegno"" (privato OR ""vendo"")"
Trovit,Collegno,ERROR,2026-10-03T17:18:23.707300+00:00,0,0,Google HTTP 429; DDG verifica umana / rate limit,"site:trovit.it ""Collegno"" vendita (casa OR appartamento OR villa)"
Nestoria,Collegno,ERROR,2026-10-03T17:18:32.710417+00:00,0,0,Google HTTP 429; DDG verifica umana / rate limit,"site:nestoria.it ""Collegno"" vendita (casa OR appartamento OR villa)"
Gate-away,Collegno,ERROR,2026-10-03T17:18:41.792735+00:00,0,0,Google HTTP 429; DDG verifica umana / rate limit,"site:gate-away.com ""Collegno"" property sale house"
VendereCasa,Collegno,ERROR,2026-10-03T17:18:50.710833+00:00,0,0,Google HTTP 429; DDG verifica umana / rate limit,"site:venderecasa.com ""Collegno"" vendita (casa OR appartamento OR villa)"
TuttoCasa,Collegno,ERROR,2026-10-03T17:18:59.731074+00:00,0,0,Google HTTP 429; DDG verifica umana / rate limit,"site:tuttocasa.it ""Collegno"" vendita (casa OR appartamento OR villa)"
Tecnocasa,Collegno,ERROR,2026-10-03T17:19:08.722477+00:00,0,0,Google HTTP 429; DDG verifica umana / rate limit,"site:tecnocasa.it/vendita/ ""Collegno"" vendita"
Tecnorete,Collegno,ERROR,2026-10-03T17:19:17.730377+00:00,0,0,Google HTTP 429; DDG verifica umana / rate limit,"site:tecnorete.it ""Collegno"" ""in vendita"""
Tempocasa,Collegno,ERROR,2026-10-03T17:19:26.720687+00:00,0,0,Google HTTP 429; DDG verifica umana / rate limit,"site:tempocasa.it/it/vendita/ ""Collegno"" vendita"
Facebook Marketplace,Collegno,ERROR,2026-10-03T17:19:35.741123+00:00,0,0,Google HTTP 429; DDG verifica umana / rate limit,"site:facebook.com/marketplace/item/ ""Collegno"" (casa OR appartamento OR villa) vendita"
Gruppi Facebook locali,Collegno,ERROR,2026-10-03T17:19:44.780498+00:00,0,0,Google HTTP 429; DDG verifica umana / rate limit,"site:facebook.com/groups/ ""Collegno"" (""vendo casa"" OR ""privato vende"" OR ""no agenzie"")"
Web generale,Collegno,ERROR,2026-10-03T17:19:53.778512+00:00,0,0,Google HTTP 429; DDG verifica umana / rate limit,"""Collegno"" (""privato vende"" OR ""no agenzie"") (casa OR appartamento OR villa) vendita"
Bacheche locali,Collegno,ERROR,2026-10-03T17:20:02.744808+00:00,0,0,Google HTTP 429; DDG verifica umana / rate limit,"""Collegno"" (""annuncio privato"" OR ""vendo appartamento"" OR ""vendo casa"") -immobiliare.it -idealista.it -casa.it"
Mercato residenziale,Condove,OK,2026-10-03T17:04:27.631845+00:00,10,1,,"""Condove"" (""in vendita"" OR vendesi OR vendita) (casa OR appartamento OR villa OR immobile)"
Tipologie residenziali,Condove,ERROR,2026-10-03T17:04:35.907996+00:00,0,0,Google: nessun risultato organico parsabile,"""Condove"" (appartamento OR villa OR rustico OR casale OR cascina OR ""casa indipendente"" OR mansarda OR attico) (""in vendita"" OR vendita OR vendesi)"
Ribassi,Condove,ERROR,2026-10-03T17:04:44.884893+00:00,0,0,Google: nessun risultato organico parsabile,"""Condove"" (ribassato OR ribasso OR ""prezzo ridotto"" OR ""prezzo trattabile"") (casa OR appartamento OR villa OR rustico OR immobile)"
Aste,Condove,ERROR,2026-10-03T17:04:53.877960+00:00,0,0,Google: nessun risultato organico parsabile,"""Condove"" (""asta giudiziaria"" OR ""vendita giudiziaria"" OR ""asta immobiliare"" OR tribunale) (casa OR appartamento OR villa OR immobile)"
Privati,Condove,ERROR,2026-10-03T17:05:02.890237+00:00,0,0,Google: nessun risultato organico parsabile,"""Condove"" (""privato vende"" OR ""no agenzie"" OR ""astenersi agenzie"" OR ""da privato"") (casa OR appartamento OR villa OR rustico)"
Storico uscite,Condove,ERROR,2026-10-03T17:05:11.923679+00:00,0,0,Google: nessun risultato organico parsabile,"""Condove"" (venduto OR ""annuncio non disponibile"" OR ""immobile non disponibile"" OR ""annuncio rimosso"") (casa OR appartamento OR villa OR immobile)"
Commerciale negozi/locali,Condove,OK,2026-10-03T17:05:18.342822+00:00,1,1,,"""Condove"" (negozio OR ""locale commerciale"" OR showroom) (vendita OR affitto OR locazione OR cedesi)"
Uffici e direzionale,Condove,OK,2026-10-03T17:05:24.557963+00:00,9,2,,"""Condove"" (ufficio OR studio OR direzionale) (vendita OR affitto OR locazione)"
Capannoni logistica,Condove,OK,2026-10-03T17:05:30.672780+00:00,9,0,,"""Condove"" (capannone OR magazzino OR laboratorio OR deposito OR logistica) (vendita OR affitto OR locazione)"
Cessione attività,Condove,ERROR,2026-10-03T17:05:38.907508+00:00,0,0,Google: nessun risultato organico parsabile,"""Condove"" (""cessione attività"" OR ""cedesi attività"" OR ""attività in vendita"" OR ""azienda in vendita"" OR subentro) (bar OR ristorante OR negozio OR azienda OR attività)"
Terreni e sviluppo,Condove,ERROR,2026-10-03T17:05:47.894480+00:00,0,0,Google: nessun risultato organico parsabile,"""Condove"" (""terreno edificabile"" OR ""area edificabile"" OR ""lotto edificabile"" OR lottizzazione OR ""area commerciale"") (vendita OR progetto OR costruzione)"
Nuove costruzioni e cantieri,Condove,ERROR,2026-10-03T17:05:56.928738+00:00,0,0,Google: nessun risultato organico parsabile,"""Condove"" (cantiere OR ""nuova costruzione"" OR ""nuove costruzioni"" OR ""in costruzione"" OR ""lavori in corso"" OR ""nuovo complesso"" OR ""nuova residenza"")"
Imprese edili con progetti,Condove,ERROR,2026-10-03T17:06:06.036931+00:00,0,0,Google: nessun risultato organico parsabile,"""Condove"" (""impresa edile"" OR ""impresa costruzioni"" OR costruttore OR ""società di costruzioni"") (cantiere OR progetto OR ""nuova costruzione"" OR ""lavori in corso"" OR residenza)"
Progetti autorizzati,Condove,ERROR,2026-10-03T17:06:14.984217+00:00,0,0,Google HTTP 429,"""Condove"" (""permesso di costruire"" OR SCIA OR PEC OR ""piano esecutivo"" OR lottizzazione OR ""progetto approvato"") (residenziale OR commerciale OR costruzione OR edilizia)"
PDF urbanistica e permessi,Condove,ERROR,2026-10-03T17:06:23.876543+00:00,0,0,Google HTTP 429,"""Condove"" filetype:pdf (""permesso di costruire"" OR SCIA OR ""piano esecutivo"" OR lottizzazione OR ""variante urbanistica"")"
PDF cantieri e progetti,Condove,ERROR,2026-10-03T17:06:32.874713+00:00,0,0,Google HTTP 429,"""Condove"" filetype:pdf (cantiere OR ""nuova costruzione"" OR ""progetto approvato"" OR edilizia OR urbanistica)"
PDF Albo Pretorio edilizia,Condove,ERROR,2026-10-03T17:06:41.999419+00:00,0,0,Google HTTP 429,"""Condove"" filetype:pdf (""albo pretorio"" OR ""amministrazione trasparente"" OR delibera OR determina) (edilizia OR urbanistica OR lottizzazione OR costruire)"
Immobiliare.it,Condove,OK,2026-10-03T17:06:49.423751+00:00,10,10,,"site:immobiliare.it/annunci/ ""Condove"" vendita (casa OR appartamento OR villa)"
Idealista,Condove,ERROR,2026-10-03T17:06:56.882516+00:00,0,0,Google HTTP 429; DDG verifica umana / rate limit,"site:idealista.it/immobile/ ""Condove"" vendita (casa OR appartamento OR villa)"
Casa.it,Condove,ERROR,2026-10-03T17:07:05.916496+00:00,0,0,Google HTTP 429; DDG verifica umana / rate limit,"site:casa.it/immobili/ ""Condove"" vendita (casa OR appartamento OR villa)"
TrovaCasa privati,Condove,ERROR,2026-10-03T17:07:14.888610+00:00,0,0,Google HTTP 429; DDG verifica umana / rate limit,"site:trovacasa.it/annunci/ ""Condove"" (""da privato"" OR ""no agenzie"" OR ""privato vende"")"
Wikicasa,Condove,ERROR,2026-10-03T17:07:23.876323+00:00,0,0,Google HTTP 429; DDG verifica umana / rate limit,"site:wikicasa.it ""Condove"" vendita (casa OR appartamento OR villa)"
Subito privati,Condove,OK,2026-10-03T17:07:32.921753+00:00,10,0,,"site:subito.it ""Condove"" vendita (appartamento OR casa OR villa) (privato OR ""da privati"")"
Bakeca privati,Condove,ERROR,2026-10-03T17:07:41.886474+00:00,0,0,Google HTTP 429; DDG verifica umana / rate limit,"site:bakeca.it/annunci/vendita-case/ ""Condove"" (privato OR ""vendo"")"
Trovit,Condove,ERROR,2026-10-03T17:07:50.922288+00:00,0,0,Google HTTP 429; DDG verifica umana / rate limit,"site:trovit.it ""Condove"" vendita (casa OR appartamento OR villa)"
Nestoria,Condove,ERROR,2026-10-03T17:07:59.918902+00:00,0,0,Google HTTP 429; DDG verifica umana / rate limit,"site:nestoria.it ""Condove"" vendita (casa OR appartamento OR villa)"
Gate-away,Condove,OK,2026-10-03T17:08:08.902581+00:00,8,0,,"site:gate-away.com ""Condove"" property sale house"
VendereCasa,Condove,ERROR,2026-10-03T17:08:17.920205+00:00,0,0,Google HTTP 429; DDG verifica umana / rate limit,"site:venderecasa.com ""Condove"" vendita (casa OR appartamento OR villa)"
TuttoCasa,Condove,ERROR,2026-10-03T17:08:26.894532+00:00,0,0,Google HTTP 429; DDG verifica umana / rate limit,"site:tuttocasa.it ""Condove"" vendita (casa OR appartamento OR villa)"
Tecnocasa,Condove,ERROR,2026-10-03T17:08:35.907379+00:00,0,0,Google HTTP 429; DDG verifica umana / rate limit,"site:tecnocasa.it/vendita/ ""Condove"" vendita"
Tecnorete,Condove,ERROR,2026-10-03T17:08:44.914805+00:00,0,0,Google HTTP 429; DDG verifica umana / rate limit,"site:tecnorete.it ""Condove"" ""in vendita"""
Tempocasa,Condove,ERROR,2026-10-03T17:08:53.863122+00:00,0,0,Google HTTP 429; DDG verifica umana / rate limit,"site:tempocasa.it/it/vendita/ ""Condove"" vendita"
Facebook Marketplace,Condove,ERROR,2026-10-03T17:09:02.921087+00:00,0,0,Google HTTP 429; DDG verifica umana / rate limit,"site:facebook.com/marketplace/item/ ""Condove"" (casa OR appartamento OR villa) vendita"
Gruppi Facebook locali,Condove,ERROR,2026-10-03T17:09:11.879681+00:00,0,0,Google HTTP 429; DDG verifica umana / rate limit,"site:facebook.com/groups/ ""Condove"" (""vendo casa"" OR ""privato vende"" OR ""no agenzie"")"
Web generale,Condove,ERROR,2026-10-03T17:09:20.895849+00:00,0,0,Google HTTP 429; DDG verifica umana / rate limit,"""Condove"" (""privato vende"" OR ""no agenzie"") (casa OR appartamento OR villa) vendita"
Bacheche locali,Condove,ERROR,2026-10-03T17:09:29.937296+00:00,0,0,Google HTTP 429; DDG verifica umana / rate limit,"""Condove"" (""annuncio privato"" OR ""vendo appartamento"" OR ""vendo casa"") -immobiliare.it -idealista.it -casa.it"
Mercato residenziale,Druento,OK,2026-10-03T17:09:44.862562+00:00,10,2,,"""Druento"" (""in vendita"" OR vendesi OR vendita) (casa OR appartamento OR villa OR immobile)"
Tipologie residenziali,Druento,OK,2026-10-03T17:09:53.334976+00:00,10,0,,"""Druento"" (appartamento OR villa OR rustico OR casale OR cascina OR ""casa indipendente"" OR mansarda OR attico) (""in vendita"" OR vendita OR vendesi)"
Ribassi,Druento,ERROR,2026-10-03T17:10:02.328248+00:00,0,0,Google: nessun risultato organico parsabile,"""Druento"" (ribassato OR ribasso OR ""prezzo ridotto"" OR ""prezzo trattabile"") (casa OR appartamento OR villa OR rustico OR immobile)"
Aste,Druento,ERROR,2026-10-03T17:10:11.338321+00:00,0,0,Google: nessun risultato organico parsabile,"""Druento"" (""asta giudiziaria"" OR ""vendita giudiziaria"" OR ""asta immobiliare"" OR tribunale) (casa OR appartamento OR villa OR immobile)"
Privati,Druento,ERROR,2026-10-03T17:10:20.326023+00:00,0,0,Google: nessun risultato organico parsabile,"""Druento"" (""privato vende"" OR ""no agenzie"" OR ""astenersi agenzie"" OR ""da privato"") (casa OR appartamento OR villa OR rustico)"
Storico uscite,Druento,ERROR,2026-10-03T17:10:29.302063+00:00,0,0,Google: nessun risultato organico parsabile,"""Druento"" (venduto OR ""annuncio non disponibile"" OR ""immobile non disponibile"" OR ""annuncio rimosso"") (casa OR appartamento OR villa OR immobile)"
Commerciale negozi/locali,Druento,ERROR,2026-10-03T17:10:38.303087+00:00,0,0,Google: nessun risultato organico parsabile,"""Druento"" (negozio OR ""locale commerciale"" OR showroom) (vendita OR affitto OR locazione OR cedesi)"
Uffici e direzionale,Druento,OK,2026-10-03T17:10:44.795490+00:00,9,2,,"""Druento"" (ufficio OR studio OR direzionale) (vendita OR affitto OR locazione)"
Capannoni logistica,Druento,OK,2026-10-03T17:10:50.793951+00:00,9,1,,"""Druento"" (capannone OR magazzino OR laboratorio OR deposito OR logistica) (vendita OR affitto OR locazione)"
Cessione attività,Druento,ERROR,2026-10-03T17:10:59.330309+00:00,0,0,Google: nessun risultato organico parsabile,"""Druento"" (""cessione attività"" OR ""cedesi attività"" OR ""attività in vendita"" OR ""azienda in vendita"" OR subentro) (bar OR ristorante OR negozio OR azienda OR attività)"
Terreni e sviluppo,Druento,ERROR,2026-10-03T17:11:08.315184+00:00,0,0,Google: nessun risultato organico parsabile,"""Druento"" (""terreno edificabile"" OR ""area edificabile"" OR ""lotto edificabile"" OR lottizzazione OR ""area commerciale"") (vendita OR progetto OR costruzione)"
Nuove costruzioni e cantieri,Druento,OK,2026-10-03T17:11:17.379509+00:00,10,0,,"""Druento"" (cantiere OR ""nuova costruzione"" OR ""nuove costruzioni"" OR ""in costruzione"" OR ""lavori in corso"" OR ""nuovo complesso"" OR ""nuova residenza"")"
Imprese edili con progetti,Druento,ERROR,2026-10-03T17:11:26.319747+00:00,0,0,Google: nessun risultato organico parsabile,"""Druento"" (""impresa edile"" OR ""impresa costruzioni"" OR costruttore OR ""società di costruzioni"") (cantiere OR progetto OR ""nuova costruzione"" OR ""lavori in corso"" OR residenza)"
Progetti autorizzati,Druento,ERROR,2026-10-03T17:11:35.312474+00:00,0,0,Google HTTP 429,"""Druento"" (""permesso di costruire"" OR SCIA OR PEC OR ""piano esecutivo"" OR lottizzazione OR ""progetto approvato"") (residenziale OR commerciale OR costruzione OR edilizia)"
PDF urbanistica e permessi,Druento,ERROR,2026-10-03T17:11:44.346594+00:00,0,0,Google HTTP 429,"""Druento"" filetype:pdf (""permesso di costruire"" OR SCIA OR ""piano esecutivo"" OR lottizzazione OR ""variante urbanistica"")"
PDF cantieri e progetti,Druento,ERROR,2026-10-03T17:11:53.351867+00:00,0,0,Google HTTP 429,"""Druento"" filetype:pdf (cantiere OR ""nuova costruzione"" OR ""progetto approvato"" OR edilizia OR urbanistica)"
PDF Albo Pretorio edilizia,Druento,ERROR,2026-10-03T17:12:02.363558+00:00,0,0,Google HTTP 429,"""Druento"" filetype:pdf (""albo pretorio"" OR ""amministrazione trasparente"" OR delibera OR determina) (edilizia OR urbanistica OR lottizzazione OR costruire)"
Immobiliare.it,Druento,OK,2026-10-03T17:12:08.814149+00:00,10,10,,"site:immobiliare.it/annunci/ ""Druento"" vendita (casa OR appartamento OR villa)"
Idealista,Druento,OK,2026-10-03T17:12:17.377629+00:00,9,0,,"site:idealista.it/immobile/ ""Druento"" vendita (casa OR appartamento OR villa)"
Casa.it,Druento,ERROR,2026-10-03T17:12:26.319266+00:00,0,0,Google HTTP 429; DDG verifica umana / rate limit,"site:casa.it/immobili/ ""Druento"" vendita (casa OR appartamento OR villa)"
TrovaCasa privati,Druento,OK,2026-10-03T17:12:35.326993+00:00,10,0,,"site:trovacasa.it/annunci/ ""Druento"" (""da privato"" OR ""no agenzie"" OR ""privato vende"")"
Wikicasa,Druento,ERROR,2026-10-03T17:12:44.317709+00:00,0,0,Google HTTP 429; DDG verifica umana / rate limit,"site:wikicasa.it ""Druento"" vendita (casa OR appartamento OR villa)"
Subito privati,Druento,ERROR,2026-10-03T17:12:53.328584+00:00,0,0,Google HTTP 429; DDG verifica umana / rate limit,"site:subito.it ""Druento"" vendita (appartamento OR casa OR villa) (privato OR ""da privati"")"
Bakeca privati,Druento,ERROR,2026-10-03T17:13:02.317955+00:00,0,0,Google HTTP 429; DDG verifica umana / rate limit,"site:bakeca.it/annunci/vendita-case/ ""Druento"" (privato OR ""vendo"")"
Trovit,Druento,ERROR,2026-10-03T17:13:11.390425+00:00,0,0,Google HTTP 429; DDG verifica umana / rate limit,"site:trovit.it ""Druento"" vendita (casa OR appartamento OR villa)"
Nestoria,Druento,ERROR,2026-10-03T17:13:20.322498+00:00,0,0,Google HTTP 429; DDG verifica umana / rate limit,"site:nestoria.it ""Druento"" vendita (casa OR appartamento OR villa)"
Gate-away,Druento,ERROR,2026-10-03T17:13:29.313824+00:00,0,0,Google HTTP 429; DDG verifica umana / rate limit,"site:gate-away.com ""Druento"" property sale house"
VendereCasa,Druento,ERROR,2026-10-03T17:13:38.300608+00:00,0,0,Google HTTP 429; DDG verifica umana / rate limit,"site:venderecasa.com ""Druento"" vendita (casa OR appartamento OR villa)"
TuttoCasa,Druento,ERROR,2026-10-03T17:13:47.441625+00:00,0,0,Google HTTP 429; DDG verifica umana / rate limit,"site:tuttocasa.it ""Druento"" vendita (casa OR appartamento OR villa)"
Tecnocasa,Druento,ERROR,2026-10-03T17:13:56.349803+00:00,0,0,Google HTTP 429; DDG verifica umana / rate limit,"site:tecnocasa.it/vendita/ ""Druento"" vendita"
Tecnorete,Druento,ERROR,2026-10-03T17:14:05.296876+00:00,0,0,Google HTTP 429; DDG verifica umana / rate limit,"site:tecnorete.it ""Druento"" ""in vendita"""
Tempocasa,Druento,OK,2026-10-03T17:14:14.309045+00:00,10,0,,"site:tempocasa.it/it/vendita/ ""Druento"" vendita"
Facebook Marketplace,Druento,ERROR,2026-10-03T17:14:23.318347+00:00,0,0,Google HTTP 429; DDG verifica umana / rate limit,"site:facebook.com/marketplace/item/ ""Druento"" (casa OR appartamento OR villa) vendita"
Gruppi Facebook locali,Druento,ERROR,2026-10-03T17:14:32.353075+00:00,0,0,Google HTTP 429; DDG verifica umana / rate limit,"site:facebook.com/groups/ ""Druento"" (""vendo casa"" OR ""privato vende"" OR ""no agenzie"")"
Web generale,Druento,ERROR,2026-10-03T17:14:41.366038+00:00,0,0,Google: nessun risultato organico parsabile; DDG verifica umana / rate limit,"""Druento"" (""privato vende"" OR ""no agenzie"") (casa OR appartamento OR villa) vendita"
Bacheche locali,Druento,ERROR,2026-10-03T17:14:50.322423+00:00,0,0,Google HTTP 429; DDG verifica umana / rate limit,"""Druento"" (""annuncio privato"" OR ""vendo appartamento"" OR ""vendo casa"") -immobiliare.it -idealista.it -casa.it"
Mercato residenziale,Fiano,OK,2026-10-03T17:09:43.895401+00:00,10,2,,"""Fiano"" (""in vendita"" OR vendesi OR vendita) (casa OR appartamento OR villa OR immobile)"
Tipologie residenziali,Fiano,OK,2026-10-03T17:09:52.375616+00:00,10,0,,"""Fiano"" (appartamento OR villa OR rustico OR casale OR cascina OR ""casa indipendente"" OR mansarda OR attico) (""in vendita"" OR vendita OR vendesi)"
Ribassi,Fiano,OK,2026-10-03T17:10:01.397838+00:00,10,0,,"""Fiano"" (ribassato OR ribasso OR ""prezzo ridotto"" OR ""prezzo trattabile"") (casa OR appartamento OR villa OR rustico OR immobile)"
Aste,Fiano,OK,2026-10-03T17:10:10.337864+00:00,10,0,,"""Fiano"" (""asta giudiziaria"" OR ""vendita giudiziaria"" OR ""asta immobiliare"" OR tribunale) (casa OR appartamento OR villa OR immobile)"
Privati,Fiano,OK,2026-10-03T17:10:19.357841+00:00,10,0,,"""Fiano"" (""privato vende"" OR ""no agenzie"" OR ""astenersi agenzie"" OR ""da privato"") (casa OR appartamento OR villa OR rustico)"
Storico uscite,Fiano,OK,2026-10-03T17:10:28.346750+00:00,10,0,,"""Fiano"" (venduto OR ""annuncio non disponibile"" OR ""immobile non disponibile"" OR ""annuncio rimosso"") (casa OR appartamento OR villa OR immobile)"
Commerciale negozi/locali,Fiano,OK,2026-10-03T17:10:34.828524+00:00,3,0,,"""Fiano"" (negozio OR ""locale commerciale"" OR showroom) (vendita OR affitto OR locazione OR cedesi)"
Uffici e direzionale,Fiano,OK,2026-10-03T17:10:40.904513+00:00,10,1,,"""Fiano"" (ufficio OR studio OR direzionale) (vendita OR affitto OR locazione)"
Capannoni logistica,Fiano,OK,2026-10-03T17:10:46.949482+00:00,10,2,,"""Fiano"" (capannone OR magazzino OR laboratorio OR deposito OR logistica) (vendita OR affitto OR locazione)"
Cessione attività,Fiano,OK,2026-10-03T17:10:55.386098+00:00,10,0,,"""Fiano"" (""cessione attività"" OR ""cedesi attività"" OR ""attività in vendita"" OR ""azienda in vendita"" OR subentro) (bar OR ristorante OR negozio OR azienda OR attività)"
Terreni e sviluppo,Fiano,OK,2026-10-03T17:11:04.403037+00:00,10,0,,"""Fiano"" (""terreno edificabile"" OR ""area edificabile"" OR ""lotto edificabile"" OR lottizzazione OR ""area commerciale"") (vendita OR progetto OR costruzione)"
Nuove costruzioni e cantieri,Fiano,OK,2026-10-03T17:11:13.415381+00:00,10,0,,"""Fiano"" (cantiere OR ""nuova costruzione"" OR ""nuove costruzioni"" OR ""in costruzione"" OR ""lavori in corso"" OR ""nuovo complesso"" OR ""nuova residenza"")"
Imprese edili con progetti,Fiano,OK,2026-10-03T17:11:22.408634+00:00,10,0,,"""Fiano"" (""impresa edile"" OR ""impresa costruzioni"" OR costruttore OR ""società di costruzioni"") (cantiere OR progetto OR ""nuova costruzione"" OR ""lavori in corso"" OR residenza)"
Progetti autorizzati,Fiano,OK,2026-10-03T17:11:31.368573+00:00,10,0,,"""Fiano"" (""permesso di costruire"" OR SCIA OR PEC OR ""piano esecutivo"" OR lottizzazione OR ""progetto approvato"") (residenziale OR commerciale OR costruzione OR edilizia)"
PDF urbanistica e permessi,Fiano,OK,2026-10-03T17:11:40.424485+00:00,10,0,,"""Fiano"" filetype:pdf (""permesso di costruire"" OR SCIA OR ""piano esecutivo"" OR lottizzazione OR ""variante urbanistica"")"
PDF cantieri e progetti,Fiano,OK,2026-10-03T17:11:49.386176+00:00,10,0,,"""Fiano"" filetype:pdf (cantiere OR ""nuova costruzione"" OR ""progetto approvato"" OR edilizia OR urbanistica)"
PDF Albo Pretorio edilizia,Fiano,OK,2026-10-03T17:11:58.366828+00:00,10,0,,"""Fiano"" filetype:pdf (""albo pretorio"" OR ""amministrazione trasparente"" OR delibera OR determina) (edilizia OR urbanistica OR lottizzazione OR costruire)"
Immobiliare.it,Fiano,OK,2026-10-03T17:12:04.815916+00:00,10,10,,"site:immobiliare.it/annunci/ ""Fiano"" vendita (casa OR appartamento OR villa)"
Idealista,Fiano,OK,2026-10-03T17:12:13.343276+00:00,10,0,,"site:idealista.it/immobile/ ""Fiano"" vendita (casa OR appartamento OR villa)"
Casa.it,Fiano,OK,2026-10-03T17:12:22.357428+00:00,10,0,,"site:casa.it/immobili/ ""Fiano"" vendita (casa OR appartamento OR villa)"
TrovaCasa privati,Fiano,OK,2026-10-03T17:12:31.419011+00:00,10,0,,"site:trovacasa.it/annunci/ ""Fiano"" (""da privato"" OR ""no agenzie"" OR ""privato vende"")"
Wikicasa,Fiano,OK,2026-10-03T17:12:40.416329+00:00,10,0,,"site:wikicasa.it ""Fiano"" vendita (casa OR appartamento OR villa)"
Subito privati,Fiano,OK,2026-10-03T17:12:49.366042+00:00,10,0,,"site:subito.it ""Fiano"" vendita (appartamento OR casa OR villa) (privato OR ""da privati"")"
Bakeca privati,Fiano,OK,2026-10-03T17:12:58.335607+00:00,10,0,,"site:bakeca.it/annunci/vendita-case/ ""Fiano"" (privato OR ""vendo"")"
Trovit,Fiano,OK,2026-10-03T17:13:07.361598+00:00,10,0,,"site:trovit.it ""Fiano"" vendita (casa OR appartamento OR villa)"
Nestoria,Fiano,OK,2026-10-03T17:13:16.341706+00:00,10,0,,"site:nestoria.it ""Fiano"" vendita (casa OR appartamento OR villa)"
Gate-away,Fiano,OK,2026-10-03T17:13:25.342922+00:00,8,0,,"site:gate-away.com ""Fiano"" property sale house"
VendereCasa,Fiano,OK,2026-10-03T17:13:34.363926+00:00,10,0,,"site:venderecasa.com ""Fiano"" vendita (casa OR appartamento OR villa)"
TuttoCasa,Fiano,OK,2026-10-03T17:13:43.339240+00:00,10,0,,"site:tuttocasa.it ""Fiano"" vendita (casa OR appartamento OR villa)"
Tecnocasa,Fiano,OK,2026-10-03T17:13:52.373969+00:00,10,0,,"site:tecnocasa.it/vendita/ ""Fiano"" vendita"
Tecnorete,Fiano,OK,2026-10-03T17:14:01.362112+00:00,10,0,,"site:tecnorete.it ""Fiano"" ""in vendita"""
Tempocasa,Fiano,OK,2026-10-03T17:14:10.362182+00:00,10,0,,"site:tempocasa.it/it/vendita/ ""Fiano"" vendita"
Facebook Marketplace,Fiano,OK,2026-10-03T17:14:19.371407+00:00,8,0,,"site:facebook.com/marketplace/item/ ""Fiano"" (casa OR appartamento OR villa) vendita"
Gruppi Facebook locali,Fiano,OK,2026-10-03T17:14:28.364819+00:00,8,0,,"site:facebook.com/groups/ ""Fiano"" (""vendo casa"" OR ""privato vende"" OR ""no agenzie"")"
Web generale,Fiano,OK,2026-10-03T17:14:37.353930+00:00,10,0,,"""Fiano"" (""privato vende"" OR ""no agenzie"") (casa OR appartamento OR villa) vendita"
Bacheche locali,Fiano,OK,2026-10-03T17:14:46.348512+00:00,10,0,,"""Fiano"" (""annuncio privato"" OR ""vendo appartamento"" OR ""vendo casa"") -immobiliare.it -idealista.it -casa.it"
Mercato residenziale,Giaveno,OK,2026-10-03T17:04:27.831105+00:00,10,2,,"""Giaveno"" (""in vendita"" OR vendesi OR vendita) (casa OR appartamento OR villa OR immobile)"
Tipologie residenziali,Giaveno,OK,2026-10-03T17:04:33.014448+00:00,1,0,,"""Giaveno"" (appartamento OR villa OR rustico OR casale OR cascina OR ""casa indipendente"" OR mansarda OR attico) (""in vendita"" OR vendita OR vendesi)"
Ribassi,Giaveno,ERROR,2026-10-03T17:04:41.656859+00:00,0,0,Google: nessun risultato organico parsabile,"""Giaveno"" (ribassato OR ribasso OR ""prezzo ridotto"" OR ""prezzo trattabile"") (casa OR appartamento OR villa OR rustico OR immobile)"
Aste,Giaveno,ERROR,2026-10-03T17:04:50.639329+00:00,0,0,Google: nessun risultato organico parsabile,"""Giaveno"" (""asta giudiziaria"" OR ""vendita giudiziaria"" OR ""asta immobiliare"" OR tribunale) (casa OR appartamento OR villa OR immobile)"
Privati,Giaveno,ERROR,2026-10-03T17:04:59.586111+00:00,0,0,Google: nessun risultato organico parsabile,"""Giaveno"" (""privato vende"" OR ""no agenzie"" OR ""astenersi agenzie"" OR ""da privato"") (casa OR appartamento OR villa OR rustico)"
Storico uscite,Giaveno,OK,2026-10-03T17:05:08.534253+00:00,10,0,,"""Giaveno"" (venduto OR ""annuncio non disponibile"" OR ""immobile non disponibile"" OR ""annuncio rimosso"") (casa OR appartamento OR villa OR immobile)"
Commerciale negozi/locali,Giaveno,OK,2026-10-03T17:05:14.997374+00:00,2,2,,"""Giaveno"" (negozio OR ""locale commerciale"" OR showroom) (vendita OR affitto OR locazione OR cedesi)"
Uffici e direzionale,Giaveno,OK,2026-10-03T17:05:21.548829+00:00,10,0,,"""Giaveno"" (ufficio OR studio OR direzionale) (vendita OR affitto OR locazione)"
Capannoni logistica,Giaveno,OK,2026-10-03T17:05:27.018276+00:00,9,1,,"""Giaveno"" (capannone OR magazzino OR laboratorio OR deposito OR logistica) (vendita OR affitto OR locazione)"
Cessione attività,Giaveno,ERROR,2026-10-03T17:05:35.560442+00:00,0,0,Google: nessun risultato organico parsabile,"""Giaveno"" (""cessione attività"" OR ""cedesi attività"" OR ""attività in vendita"" OR ""azienda in vendita"" OR subentro) (bar OR ristorante OR negozio OR azienda OR attività)"
Terreni e sviluppo,Giaveno,ERROR,2026-10-03T17:05:44.542187+00:00,0,0,Google: nessun risultato organico parsabile,"""Giaveno"" (""terreno edificabile"" OR ""area edificabile"" OR ""lotto edificabile"" OR lottizzazione OR ""area commerciale"") (vendita OR progetto OR costruzione)"
Nuove costruzioni e cantieri,Giaveno,ERROR,2026-10-03T17:05:53.520819+00:00,0,0,Google: nessun risultato organico parsabile,"""Giaveno"" (cantiere OR ""nuova costruzione"" OR ""nuove costruzioni"" OR ""in costruzione"" OR ""lavori in corso"" OR ""nuovo complesso"" OR ""nuova residenza"")"
Imprese edili con progetti,Giaveno,ERROR,2026-10-03T17:06:02.790712+00:00,0,0,Google HTTP 429,"""Giaveno"" (""impresa edile"" OR ""impresa costruzioni"" OR costruttore OR ""società di costruzioni"") (cantiere OR progetto OR ""nuova costruzione"" OR ""lavori in corso"" OR residenza)"
Progetti autorizzati,Giaveno,ERROR,2026-10-03T17:06:11.539005+00:00,0,0,Google HTTP 429,"""Giaveno"" (""permesso di costruire"" OR SCIA OR PEC OR ""piano esecutivo"" OR lottizzazione OR ""progetto approvato"") (residenziale OR commerciale OR costruzione OR edilizia)"
PDF urbanistica e permessi,Giaveno,ERROR,2026-10-03T17:06:20.574320+00:00,0,0,Google HTTP 429,"""Giaveno"" filetype:pdf (""permesso di costruire"" OR SCIA OR ""piano esecutivo"" OR lottizzazione OR ""variante urbanistica"")"
PDF cantieri e progetti,Giaveno,ERROR,2026-10-03T17:06:29.561166+00:00,0,0,Google: nessun risultato organico parsabile,"""Giaveno"" filetype:pdf (cantiere OR ""nuova costruzione"" OR ""progetto approvato"" OR edilizia OR urbanistica)"
PDF Albo Pretorio edilizia,Giaveno,ERROR,2026-10-03T17:06:38.537205+00:00,0,0,Google HTTP 429,"""Giaveno"" filetype:pdf (""albo pretorio"" OR ""amministrazione trasparente"" OR delibera OR determina) (edilizia OR urbanistica OR lottizzazione OR costruire)"
Immobiliare.it,Giaveno,OK,2026-10-03T17:06:44.958657+00:00,10,10,,"site:immobiliare.it/annunci/ ""Giaveno"" vendita (casa OR appartamento OR villa)"
Idealista,Giaveno,ERROR,2026-10-03T17:06:53.596850+00:00,0,0,Google HTTP 429; DDG verifica umana / rate limit,"site:idealista.it/immobile/ ""Giaveno"" vendita (casa OR appartamento OR villa)"
Casa.it,Giaveno,OK,2026-10-03T17:07:02.520233+00:00,10,0,,"site:casa.it/immobili/ ""Giaveno"" vendita (casa OR appartamento OR villa)"
TrovaCasa privati,Giaveno,OK,2026-10-03T17:07:11.534728+00:00,10,0,,"site:trovacasa.it/annunci/ ""Giaveno"" (""da privato"" OR ""no agenzie"" OR ""privato vende"")"
Wikicasa,Giaveno,ERROR,2026-10-03T17:07:20.918002+00:00,0,0,Google HTTP 429; DDG verifica umana / rate limit,"site:wikicasa.it ""Giaveno"" vendita (casa OR appartamento OR villa)"
Subito privati,Giaveno,ERROR,2026-10-03T17:07:29.555869+00:00,0,0,Google HTTP 429; DDG verifica umana / rate limit,"site:subito.it ""Giaveno"" vendita (appartamento OR casa OR villa) (privato OR ""da privati"")"
Bakeca privati,Giaveno,ERROR,2026-10-03T17:07:38.505578+00:00,0,0,Google HTTP 429; DDG verifica umana / rate limit,"site:bakeca.it/annunci/vendita-case/ ""Giaveno"" (privato OR ""vendo"")"
Trovit,Giaveno,ERROR,2026-10-03T17:07:47.665454+00:00,0,0,Google HTTP 429; DDG verifica umana / rate limit,"site:trovit.it ""Giaveno"" vendita (casa OR appartamento OR villa)"
Nestoria,Giaveno,ERROR,2026-10-03T17:07:56.559621+00:00,0,0,Google HTTP 429; DDG verifica umana / rate limit,"site:nestoria.it ""Giaveno"" vendita (casa OR appartamento OR villa)"
Gate-away,Giaveno,ERROR,2026-10-03T17:08:05.558874+00:00,0,0,Google HTTP 429; DDG verifica umana / rate limit,"site:gate-away.com ""Giaveno"" property sale house"
VendereCasa,Giaveno,ERROR,2026-10-03T17:08:14.533247+00:00,0,0,Google HTTP 429; DDG verifica umana / rate limit,"site:venderecasa.com ""Giaveno"" vendita (casa OR appartamento OR villa)"
TuttoCasa,Giaveno,ERROR,2026-10-03T17:08:23.507698+00:00,0,0,Google HTTP 429; DDG verifica umana / rate limit,"site:tuttocasa.it ""Giaveno"" vendita (casa OR appartamento OR villa)"
Tecnocasa,Giaveno,OK,2026-10-03T17:08:32.513865+00:00,10,0,,"site:tecnocasa.it/vendita/ ""Giaveno"" vendita"
Tecnorete,Giaveno,ERROR,2026-10-03T17:08:41.511232+00:00,0,0,Google HTTP 429; DDG verifica umana / rate limit,"site:tecnorete.it ""Giaveno"" ""in vendita"""
Tempocasa,Giaveno,ERROR,2026-10-03T17:08:50.572084+00:00,0,0,Google HTTP 429; DDG verifica umana / rate limit,"site:tempocasa.it/it/vendita/ ""Giaveno"" vendita"
Facebook Marketplace,Giaveno,ERROR,2026-10-03T17:08:59.538247+00:00,0,0,Google HTTP 429; DDG verifica umana / rate limit,"site:facebook.com/marketplace/item/ ""Giaveno"" (casa OR appartamento OR villa) vendita"
Gruppi Facebook locali,Giaveno,ERROR,2026-10-03T17:09:08.521855+00:00,0,0,Google HTTP 429; DDG verifica umana / rate limit,"site:facebook.com/groups/ ""Giaveno"" (""vendo casa"" OR ""privato vende"" OR ""no agenzie"")"
Web generale,Giaveno,ERROR,2026-10-03T17:09:17.551368+00:00,0,0,Google HTTP 429; DDG verifica umana / rate limit,"""Giaveno"" (""privato vende"" OR ""no agenzie"") (casa OR appartamento OR villa) vendita"
Bacheche locali,Giaveno,ERROR,2026-10-03T17:09:26.531040+00:00,0,0,Google HTTP 429; DDG verifica umana / rate limit,"""Giaveno"" (""annuncio privato"" OR ""vendo appartamento"" OR ""vendo casa"") -immobiliare.it -idealista.it -casa.it"
Mercato residenziale,Givoletto,OK,2026-10-03T17:09:49.403236+00:00,10,3,,"""Givoletto"" (""in vendita"" OR vendesi OR vendita) (casa OR appartamento OR villa OR immobile)"
Tipologie residenziali,Givoletto,OK,2026-10-03T17:09:55.387977+00:00,1,1,,"""Givoletto"" (appartamento OR villa OR rustico OR casale OR cascina OR ""casa indipendente"" OR mansarda OR attico) (""in vendita"" OR vendita OR vendesi)"
Ribassi,Givoletto,ERROR,2026-10-03T17:10:03.962543+00:00,0,0,Google: nessun risultato organico parsabile,"""Givoletto"" (ribassato OR ribasso OR ""prezzo ridotto"" OR ""prezzo trattabile"") (casa OR appartamento OR villa OR rustico OR immobile)"
Aste,Givoletto,ERROR,2026-10-03T17:10:12.922251+00:00,0,0,Google: nessun risultato organico parsabile,"""Givoletto"" (""asta giudiziaria"" OR ""vendita giudiziaria"" OR ""asta immobiliare"" OR tribunale) (casa OR appartamento OR villa OR immobile)"
Privati,Givoletto,ERROR,2026-10-03T17:10:21.878821+00:00,0,0,Google: nessun risultato organico parsabile,"""Givoletto"" (""privato vende"" OR ""no agenzie"" OR ""astenersi agenzie"" OR ""da privato"") (casa OR appartamento OR villa OR rustico)"
Storico uscite,Givoletto,ERROR,2026-10-03T17:10:30.827734+00:00,0,0,Google: nessun risultato organico parsabile,"""Givoletto"" (venduto OR ""annuncio non disponibile"" OR ""immobile non disponibile"" OR ""annuncio rimosso"") (casa OR appartamento OR villa OR immobile)"
Commerciale negozi/locali,Givoletto,ERROR,2026-10-03T17:10:39.809363+00:00,0,0,Google: nessun risultato organico parsabile,"""Givoletto"" (negozio OR ""locale commerciale"" OR showroom) (vendita OR affitto OR locazione OR cedesi)"
Uffici e direzionale,Givoletto,OK,2026-10-03T17:10:46.437985+00:00,8,1,,"""Givoletto"" (ufficio OR studio OR direzionale) (vendita OR affitto OR locazione)"
Capannoni logistica,Givoletto,OK,2026-10-03T17:10:52.382335+00:00,6,0,,"""Givoletto"" (capannone OR magazzino OR laboratorio OR deposito OR logistica) (vendita OR affitto OR locazione)"
Cessione attività,Givoletto,ERROR,2026-10-03T17:11:00.819527+00:00,0,0,Google: nessun risultato organico parsabile,"""Givoletto"" (""cessione attività"" OR ""cedesi attività"" OR ""attività in vendita"" OR ""azienda in vendita"" OR subentro) (bar OR ristorante OR negozio OR azienda OR attività)"
Terreni e sviluppo,Givoletto,ERROR,2026-10-03T17:11:09.816043+00:00,0,0,Google: nessun risultato organico parsabile,"""Givoletto"" (""terreno edificabile"" OR ""area edificabile"" OR ""lotto edificabile"" OR lottizzazione OR ""area commerciale"") (vendita OR progetto OR costruzione)"
Nuove costruzioni e cantieri,Givoletto,ERROR,2026-10-03T17:11:18.828671+00:00,0,0,Google: nessun risultato organico parsabile,"""Givoletto"" (cantiere OR ""nuova costruzione"" OR ""nuove costruzioni"" OR ""in costruzione"" OR ""lavori in corso"" OR ""nuovo complesso"" OR ""nuova residenza"")"
Imprese edili con progetti,Givoletto,ERROR,2026-10-03T17:11:27.831784+00:00,0,0,Google HTTP 429,"""Givoletto"" (""impresa edile"" OR ""impresa costruzioni"" OR costruttore OR ""società di costruzioni"") (cantiere OR progetto OR ""nuova costruzione"" OR ""lavori in corso"" OR residenza)"
Progetti autorizzati,Givoletto,ERROR,2026-10-03T17:11:36.838293+00:00,0,0,Google HTTP 429,"""Givoletto"" (""permesso di costruire"" OR SCIA OR PEC OR ""piano esecutivo"" OR lottizzazione OR ""progetto approvato"") (residenziale OR commerciale OR costruzione OR edilizia)"
PDF urbanistica e permessi,Givoletto,ERROR,2026-10-03T17:11:45.844042+00:00,0,0,Google HTTP 429,"""Givoletto"" filetype:pdf (""permesso di costruire"" OR SCIA OR ""piano esecutivo"" OR lottizzazione OR ""variante urbanistica"")"
PDF cantieri e progetti,Givoletto,ERROR,2026-10-03T17:11:54.820964+00:00,0,0,Google HTTP 429,"""Givoletto"" filetype:pdf (cantiere OR ""nuova costruzione"" OR ""progetto approvato"" OR edilizia OR urbanistica)"
PDF Albo Pretorio edilizia,Givoletto,ERROR,2026-10-03T17:12:03.859575+00:00,0,0,Google HTTP 429,"""Givoletto"" filetype:pdf (""albo pretorio"" OR ""amministrazione trasparente"" OR delibera OR determina) (edilizia OR urbanistica OR lottizzazione OR costruire)"
Immobiliare.it,Givoletto,OK,2026-10-03T17:12:10.383813+00:00,8,8,,"site:immobiliare.it/annunci/ ""Givoletto"" vendita (casa OR appartamento OR villa)"
Idealista,Givoletto,OK,2026-10-03T17:12:18.908432+00:00,10,0,,"site:idealista.it/immobile/ ""Givoletto"" vendita (casa OR appartamento OR villa)"
Casa.it,Givoletto,ERROR,2026-10-03T17:12:27.839103+00:00,0,0,Google HTTP 429; DDG verifica umana / rate limit,"site:casa.it/immobili/ ""Givoletto"" vendita (casa OR appartamento OR villa)"
TrovaCasa privati,Givoletto,ERROR,2026-10-03T17:12:36.834175+00:00,0,0,Google HTTP 429; DDG verifica umana / rate limit,"site:trovacasa.it/annunci/ ""Givoletto"" (""da privato"" OR ""no agenzie"" OR ""privato vende"")"
Wikicasa,Givoletto,ERROR,2026-10-03T17:12:45.855507+00:00,0,0,Google HTTP 429; DDG verifica umana / rate limit,"site:wikicasa.it ""Givoletto"" vendita (casa OR appartamento OR villa)"
Subito privati,Givoletto,ERROR,2026-10-03T17:12:54.821168+00:00,0,0,Google HTTP 429; DDG verifica umana / rate limit,"site:subito.it ""Givoletto"" vendita (appartamento OR casa OR villa) (privato OR ""da privati"")"
Bakeca privati,Givoletto,ERROR,2026-10-03T17:13:03.834669+00:00,0,0,Google HTTP 429; DDG verifica umana / rate limit,"site:bakeca.it/annunci/vendita-case/ ""Givoletto"" (privato OR ""vendo"")"
Trovit,Givoletto,ERROR,2026-10-03T17:13:12.819575+00:00,0,0,Google HTTP 429; DDG verifica umana / rate limit,"site:trovit.it ""Givoletto"" vendita (casa OR appartamento OR villa)"
Nestoria,Givoletto,OK,2026-10-03T17:13:21.841047+00:00,10,0,,"site:nestoria.it ""Givoletto"" vendita (casa OR appartamento OR villa)"
Gate-away,Givoletto,ERROR,2026-10-03T17:13:30.801170+00:00,0,0,Google HTTP 429; DDG verifica umana / rate limit,"site:gate-away.com ""Givoletto"" property sale house"
VendereCasa,Givoletto,ERROR,2026-10-03T17:13:39.816803+00:00,0,0,Google HTTP 429; DDG verifica umana / rate limit,"site:venderecasa.com ""Givoletto"" vendita (casa OR appartamento OR villa)"
TuttoCasa,Givoletto,ERROR,2026-10-03T17:13:48.874841+00:00,0,0,Google HTTP 429; DDG verifica umana / rate limit,"site:tuttocasa.it ""Givoletto"" vendita (casa OR appartamento OR villa)"
Tecnocasa,Givoletto,ERROR,2026-10-03T17:13:57.895118+00:00,0,0,Google HTTP 429; DDG verifica umana / rate limit,"site:tecnocasa.it/vendita/ ""Givoletto"" vendita"
Tecnorete,Givoletto,ERROR,2026-10-03T17:14:06.819379+00:00,0,0,Google HTTP 429; DDG verifica umana / rate limit,"site:tecnorete.it ""Givoletto"" ""in vendita"""
Tempocasa,Givoletto,ERROR,2026-10-03T17:14:15.830512+00:00,0,0,Google HTTP 429; DDG verifica umana / rate limit,"site:tempocasa.it/it/vendita/ ""Givoletto"" vendita"
Facebook Marketplace,Givoletto,ERROR,2026-10-03T17:14:24.861344+00:00,0,0,Google HTTP 429; DDG verifica umana / rate limit,"site:facebook.com/marketplace/item/ ""Givoletto"" (casa OR appartamento OR villa) vendita"
Gruppi Facebook locali,Givoletto,ERROR,2026-10-03T17:14:33.833859+00:00,0,0,Google HTTP 429; DDG verifica umana / rate limit,"site:facebook.com/groups/ ""Givoletto"" (""vendo casa"" OR ""privato vende"" OR ""no agenzie"")"
Web generale,Givoletto,ERROR,2026-10-03T17:14:42.855541+00:00,0,0,Google HTTP 429; DDG verifica umana / rate limit,"""Givoletto"" (""privato vende"" OR ""no agenzie"") (casa OR appartamento OR villa) vendita"
Bacheche locali,Givoletto,ERROR,2026-10-03T17:14:51.831891+00:00,0,0,Google HTTP 429; DDG verifica umana / rate limit,"""Givoletto"" (""annuncio privato"" OR ""vendo appartamento"" OR ""vendo casa"") -immobiliare.it -idealista.it -casa.it"
Mercato residenziale,Grugliasco,OK,2026-10-03T17:15:01.132745+00:00,10,2,,"""Grugliasco"" (""in vendita"" OR vendesi OR vendita) (casa OR appartamento OR villa OR immobile)"
Tipologie residenziali,Grugliasco,OK,2026-10-03T17:15:07.078765+00:00,1,0,,"""Grugliasco"" (appartamento OR villa OR rustico OR casale OR cascina OR ""casa indipendente"" OR mansarda OR attico) (""in vendita"" OR vendita OR vendesi)"
Ribassi,Grugliasco,ERROR,2026-10-03T17:15:15.577395+00:00,0,0,Google: nessun risultato organico parsabile,"""Grugliasco"" (ribassato OR ribasso OR ""prezzo ridotto"" OR ""prezzo trattabile"") (casa OR appartamento OR villa OR rustico OR immobile)"
Aste,Grugliasco,OK,2026-10-03T17:15:24.632345+00:00,10,0,,"""Grugliasco"" (""asta giudiziaria"" OR ""vendita giudiziaria"" OR ""asta immobiliare"" OR tribunale) (casa OR appartamento OR villa OR immobile)"
Privati,Grugliasco,OK,2026-10-03T17:15:33.683013+00:00,10,0,,"""Grugliasco"" (""privato vende"" OR ""no agenzie"" OR ""astenersi agenzie"" OR ""da privato"") (casa OR appartamento OR villa OR rustico)"
Storico uscite,Grugliasco,ERROR,2026-10-03T17:15:42.585937+00:00,0,0,Google: nessun risultato organico parsabile,"""Grugliasco"" (venduto OR ""annuncio non disponibile"" OR ""immobile non disponibile"" OR ""annuncio rimosso"") (casa OR appartamento OR villa OR immobile)"
Commerciale negozi/locali,Grugliasco,OK,2026-10-03T17:15:49.021978+00:00,2,0,,"""Grugliasco"" (negozio OR ""locale commerciale"" OR showroom) (vendita OR affitto OR locazione OR cedesi)"
Uffici e direzionale,Grugliasco,OK,2026-10-03T17:15:55.073475+00:00,10,0,,"""Grugliasco"" (ufficio OR studio OR direzionale) (vendita OR affitto OR locazione)"
Capannoni logistica,Grugliasco,OK,2026-10-03T17:16:01.118745+00:00,10,4,,"""Grugliasco"" (capannone OR magazzino OR laboratorio OR deposito OR logistica) (vendita OR affitto OR locazione)"
Cessione attività,Grugliasco,ERROR,2026-10-03T17:16:09.605105+00:00,0,0,Google: nessun risultato organico parsabile,"""Grugliasco"" (""cessione attività"" OR ""cedesi attività"" OR ""attività in vendita"" OR ""azienda in vendita"" OR subentro) (bar OR ristorante OR negozio OR azienda OR attività)"
Terreni e sviluppo,Grugliasco,ERROR,2026-10-03T17:16:18.595762+00:00,0,0,Google: nessun risultato organico parsabile,"""Grugliasco"" (""terreno edificabile"" OR ""area edificabile"" OR ""lotto edificabile"" OR lottizzazione OR ""area commerciale"") (vendita OR progetto OR costruzione)"
Nuove costruzioni e cantieri,Grugliasco,OK,2026-10-03T17:16:27.618478+00:00,10,0,,"""Grugliasco"" (cantiere OR ""nuova costruzione"" OR ""nuove costruzioni"" OR ""in costruzione"" OR ""lavori in corso"" OR ""nuovo complesso"" OR ""nuova residenza"")"
Imprese edili con progetti,Grugliasco,ERROR,2026-10-03T17:16:36.644807+00:00,0,0,Google HTTP 429,"""Grugliasco"" (""impresa edile"" OR ""impresa costruzioni"" OR costruttore OR ""società di costruzioni"") (cantiere OR progetto OR ""nuova costruzione"" OR ""lavori in corso"" OR residenza)"
Progetti autorizzati,Grugliasco,ERROR,2026-10-03T17:16:45.596996+00:00,0,0,Google HTTP 429,"""Grugliasco"" (""permesso di costruire"" OR SCIA OR PEC OR ""piano esecutivo"" OR lottizzazione OR ""progetto approvato"") (residenziale OR commerciale OR costruzione OR edilizia)"
PDF urbanistica e permessi,Grugliasco,ERROR,2026-10-03T17:16:54.695865+00:00,0,0,Google HTTP 429,"""Grugliasco"" filetype:pdf (""permesso di costruire"" OR SCIA OR ""piano esecutivo"" OR lottizzazione OR ""variante urbanistica"")"
PDF cantieri e progetti,Grugliasco,ERROR,2026-10-03T17:17:03.659336+00:00,0,0,Google HTTP 429,"""Grugliasco"" filetype:pdf (cantiere OR ""nuova costruzione"" OR ""progetto approvato"" OR edilizia OR urbanistica)"
PDF Albo Pretorio edilizia,Grugliasco,ERROR,2026-10-03T17:17:12.662039+00:00,0,0,Google HTTP 429,"""Grugliasco"" filetype:pdf (""albo pretorio"" OR ""amministrazione trasparente"" OR delibera OR determina) (edilizia OR urbanistica OR lottizzazione OR costruire)"
Immobiliare.it,Grugliasco,OK,2026-10-03T17:17:18.995542+00:00,10,10,,"site:immobiliare.it/annunci/ ""Grugliasco"" vendita (casa OR appartamento OR villa)"
Idealista,Grugliasco,ERROR,2026-10-03T17:17:27.580344+00:00,0,0,Google HTTP 429; DDG verifica umana / rate limit,"site:idealista.it/immobile/ ""Grugliasco"" vendita (casa OR appartamento OR villa)"
Casa.it,Grugliasco,ERROR,2026-10-03T17:17:36.649040+00:00,0,0,Google HTTP 429; DDG verifica umana / rate limit,"site:casa.it/immobili/ ""Grugliasco"" vendita (casa OR appartamento OR villa)"
TrovaCasa privati,Grugliasco,ERROR,2026-10-03T17:17:45.664482+00:00,0,0,Google HTTP 429; DDG verifica umana / rate limit,"site:trovacasa.it/annunci/ ""Grugliasco"" (""da privato"" OR ""no agenzie"" OR ""privato vende"")"
Wikicasa,Grugliasco,ERROR,2026-10-03T17:17:54.578264+00:00,0,0,Google HTTP 429; DDG verifica umana / rate limit,"site:wikicasa.it ""Grugliasco"" vendita (casa OR appartamento OR villa)"
Subito privati,Grugliasco,ERROR,2026-10-03T17:18:03.587553+00:00,0,0,Google HTTP 429; DDG verifica umana / rate limit,"site:subito.it ""Grugliasco"" vendita (appartamento OR casa OR villa) (privato OR ""da privati"")"
Bakeca privati,Grugliasco,ERROR,2026-10-03T17:18:12.626590+00:00,0,0,Google HTTP 429; DDG verifica umana / rate limit,"site:bakeca.it/annunci/vendita-case/ ""Grugliasco"" (privato OR ""vendo"")"
Trovit,Grugliasco,ERROR,2026-10-03T17:18:21.639049+00:00,0,0,Google HTTP 429; DDG verifica umana / rate limit,"site:trovit.it ""Grugliasco"" vendita (casa OR appartamento OR villa)"
Nestoria,Grugliasco,ERROR,2026-10-03T17:18:30.584274+00:00,0,0,Google HTTP 429; DDG verifica umana / rate limit,"site:nestoria.it ""Grugliasco"" vendita (casa OR appartamento OR villa)"
Gate-away,Grugliasco,ERROR,2026-10-03T17:18:39.588415+00:00,0,0,Google HTTP 429; DDG verifica umana / rate limit,"site:gate-away.com ""Grugliasco"" property sale house"
VendereCasa,Grugliasco,ERROR,2026-10-03T17:18:48.581539+00:00,0,0,Google HTTP 429; DDG verifica umana / rate limit,"site:venderecasa.com ""Grugliasco"" vendita (casa OR appartamento OR villa)"
TuttoCasa,Grugliasco,ERROR,2026-10-03T17:18:57.627383+00:00,0,0,Google HTTP 429; DDG verifica umana / rate limit,"site:tuttocasa.it ""Grugliasco"" vendita (casa OR appartamento OR villa)"
Tecnocasa,Grugliasco,ERROR,2026-10-03T17:19:06.589633+00:00,0,0,Google HTTP 429; DDG verifica umana / rate limit,"site:tecnocasa.it/vendita/ ""Grugliasco"" vendita"
Tecnorete,Grugliasco,ERROR,2026-10-03T17:19:15.605364+00:00,0,0,Google HTTP 429; DDG verifica umana / rate limit,"site:tecnorete.it ""Grugliasco"" ""in vendita"""
Tempocasa,Grugliasco,OK,2026-10-03T17:19:24.676668+00:00,10,0,,"site:tempocasa.it/it/vendita/ ""Grugliasco"" vendita"
Facebook Marketplace,Grugliasco,ERROR,2026-10-03T17:19:33.575150+00:00,0,0,Google HTTP 429; DDG verifica umana / rate limit,"site:facebook.com/marketplace/item/ ""Grugliasco"" (casa OR appartamento OR villa) vendita"
Gruppi Facebook locali,Grugliasco,ERROR,2026-10-03T17:19:42.680858+00:00,0,0,Google HTTP 429; DDG verifica umana / rate limit,"site:facebook.com/groups/ ""Grugliasco"" (""vendo casa"" OR ""privato vende"" OR ""no agenzie"")"
Web generale,Grugliasco,ERROR,2026-10-03T17:19:51.604466+00:00,0,0,Google HTTP 429; DDG verifica umana / rate limit,"""Grugliasco"" (""privato vende"" OR ""no agenzie"") (casa OR appartamento OR villa) vendita"
Bacheche locali,Grugliasco,ERROR,2026-10-03T17:20:00.585871+00:00,0,0,Google HTTP 429; DDG verifica umana / rate limit,"""Grugliasco"" (""annuncio privato"" OR ""vendo appartamento"" OR ""vendo casa"") -immobiliare.it -idealista.it -casa.it"
Mercato residenziale,La Cassa,OK,2026-10-03T17:09:45.848169+00:00,10,2,,"""La Cassa"" (""in vendita"" OR vendesi OR vendita) (casa OR appartamento OR villa OR immobile)"
Tipologie residenziali,La Cassa,OK,2026-10-03T17:09:52.254550+00:00,1,1,,"""La Cassa"" (appartamento OR villa OR rustico OR casale OR cascina OR ""casa indipendente"" OR mansarda OR attico) (""in vendita"" OR vendita OR vendesi)"
Ribassi,La Cassa,OK,2026-10-03T17:10:00.358491+00:00,10,0,,"""La Cassa"" (ribassato OR ribasso OR ""prezzo ridotto"" OR ""prezzo trattabile"") (casa OR appartamento OR villa OR rustico OR immobile)"
Aste,La Cassa,OK,2026-10-03T17:10:09.347757+00:00,10,0,,"""La Cassa"" (""asta giudiziaria"" OR ""vendita giudiziaria"" OR ""asta immobiliare"" OR tribunale) (casa OR appartamento OR villa OR immobile)"
Privati,La Cassa,OK,2026-10-03T17:10:18.268436+00:00,10,0,,"""La Cassa"" (""privato vende"" OR ""no agenzie"" OR ""astenersi agenzie"" OR ""da privato"") (casa OR appartamento OR villa OR rustico)"
Storico uscite,La Cassa,OK,2026-10-03T17:10:27.281479+00:00,10,0,,"""La Cassa"" (venduto OR ""annuncio non disponibile"" OR ""immobile non disponibile"" OR ""annuncio rimosso"") (casa OR appartamento OR villa OR immobile)"
Commerciale negozi/locali,La Cassa,OK,2026-10-03T17:10:36.274202+00:00,10,0,,"""La Cassa"" (negozio OR ""locale commerciale"" OR showroom) (vendita OR affitto OR locazione OR cedesi)"
Uffici e direzionale,La Cassa,OK,2026-10-03T17:10:42.787939+00:00,8,0,,"""La Cassa"" (ufficio OR studio OR direzionale) (vendita OR affitto OR locazione)"
Capannoni logistica,La Cassa,OK,2026-10-03T17:10:48.734120+00:00,8,0,,"""La Cassa"" (capannone OR magazzino OR laboratorio OR deposito OR logistica) (vendita OR affitto OR locazione)"
Cessione attività,La Cassa,OK,2026-10-03T17:10:57.295338+00:00,10,0,,"""La Cassa"" (""cessione attività"" OR ""cedesi attività"" OR ""attività in vendita"" OR ""azienda in vendita"" OR subentro) (bar OR ristorante OR negozio OR azienda OR attività)"
Terreni e sviluppo,La Cassa,OK,2026-10-03T17:11:06.301272+00:00,10,0,,"""La Cassa"" (""terreno edificabile"" OR ""area edificabile"" OR ""lotto edificabile"" OR lottizzazione OR ""area commerciale"") (vendita OR progetto OR costruzione)"
Nuove costruzioni e cantieri,La Cassa,OK,2026-10-03T17:11:15.293186+00:00,10,0,,"""La Cassa"" (cantiere OR ""nuova costruzione"" OR ""nuove costruzioni"" OR ""in costruzione"" OR ""lavori in corso"" OR ""nuovo complesso"" OR ""nuova residenza"")"
Imprese edili con progetti,La Cassa,OK,2026-10-03T17:11:24.258928+00:00,10,0,,"""La Cassa"" (""impresa edile"" OR ""impresa costruzioni"" OR costruttore OR ""società di costruzioni"") (cantiere OR progetto OR ""nuova costruzione"" OR ""lavori in corso"" OR residenza)"
Progetti autorizzati,La Cassa,OK,2026-10-03T17:11:33.360655+00:00,10,0,,"""La Cassa"" (""permesso di costruire"" OR SCIA OR PEC OR ""piano esecutivo"" OR lottizzazione OR ""progetto approvato"") (residenziale OR commerciale OR costruzione OR edilizia)"
PDF urbanistica e permessi,La Cassa,OK,2026-10-03T17:11:42.256018+00:00,10,0,,"""La Cassa"" filetype:pdf (""permesso di costruire"" OR SCIA OR ""piano esecutivo"" OR lottizzazione OR ""variante urbanistica"")"
PDF cantieri e progetti,La Cassa,OK,2026-10-03T17:11:51.275432+00:00,10,0,,"""La Cassa"" filetype:pdf (cantiere OR ""nuova costruzione"" OR ""progetto approvato"" OR edilizia OR urbanistica)"
PDF Albo Pretorio edilizia,La Cassa,OK,2026-10-03T17:12:00.289527+00:00,10,0,,"""La Cassa"" filetype:pdf (""albo pretorio"" OR ""amministrazione trasparente"" OR delibera OR determina) (edilizia OR urbanistica OR lottizzazione OR costruire)"
Immobiliare.it,La Cassa,OK,2026-10-03T17:12:06.689475+00:00,10,10,,"site:immobiliare.it/annunci/ ""La Cassa"" vendita (casa OR appartamento OR villa)"
Idealista,La Cassa,OK,2026-10-03T17:12:15.280199+00:00,10,0,,"site:idealista.it/immobile/ ""La Cassa"" vendita (casa OR appartamento OR villa)"
Casa.it,La Cassa,OK,2026-10-03T17:12:24.266441+00:00,10,0,,"site:casa.it/immobili/ ""La Cassa"" vendita (casa OR appartamento OR villa)"
TrovaCasa privati,La Cassa,OK,2026-10-03T17:12:33.320846+00:00,10,0,,"site:trovacasa.it/annunci/ ""La Cassa"" (""da privato"" OR ""no agenzie"" OR ""privato vende"")"
Wikicasa,La Cassa,OK,2026-10-03T17:12:42.288861+00:00,10,0,,"site:wikicasa.it ""La Cassa"" vendita (casa OR appartamento OR villa)"
Subito privati,La Cassa,OK,2026-10-03T17:12:51.267802+00:00,10,0,,"site:subito.it ""La Cassa"" vendita (appartamento OR casa OR villa) (privato OR ""da privati"")"
Bakeca privati,La Cassa,OK,2026-10-03T17:13:00.373931+00:00,10,0,,"site:bakeca.it/annunci/vendita-case/ ""La Cassa"" (privato OR ""vendo"")"
Trovit,La Cassa,OK,2026-10-03T17:13:09.282548+00:00,10,0,,"site:trovit.it ""La Cassa"" vendita (casa OR appartamento OR villa)"
Nestoria,La Cassa,OK,2026-10-03T17:13:18.348693+00:00,10,0,,"site:nestoria.it ""La Cassa"" vendita (casa OR appartamento OR villa)"
Gate-away,La Cassa,OK,2026-10-03T17:13:27.296741+00:00,8,0,,"site:gate-away.com ""La Cassa"" property sale house"
VendereCasa,La Cassa,OK,2026-10-03T17:13:36.369725+00:00,10,0,,"site:venderecasa.com ""La Cassa"" vendita (casa OR appartamento OR villa)"
TuttoCasa,La Cassa,OK,2026-10-03T17:13:45.292097+00:00,10,0,,"site:tuttocasa.it ""La Cassa"" vendita (casa OR appartamento OR villa)"
Tecnocasa,La Cassa,OK,2026-10-03T17:13:54.250258+00:00,10,0,,"site:tecnocasa.it/vendita/ ""La Cassa"" vendita"
Tecnorete,La Cassa,OK,2026-10-03T17:14:03.270881+00:00,10,0,,"site:tecnorete.it ""La Cassa"" ""in vendita"""
Tempocasa,La Cassa,OK,2026-10-03T17:14:12.335925+00:00,10,0,,"site:tempocasa.it/it/vendita/ ""La Cassa"" vendita"
Facebook Marketplace,La Cassa,OK,2026-10-03T17:14:21.255991+00:00,8,0,,"site:facebook.com/marketplace/item/ ""La Cassa"" (casa OR appartamento OR villa) vendita"
Gruppi Facebook locali,La Cassa,OK,2026-10-03T17:14:30.263675+00:00,8,0,,"site:facebook.com/groups/ ""La Cassa"" (""vendo casa"" OR ""privato vende"" OR ""no agenzie"")"
Web generale,La Cassa,OK,2026-10-03T17:14:39.280730+00:00,10,0,,"""La Cassa"" (""privato vende"" OR ""no agenzie"") (casa OR appartamento OR villa) vendita"
Bacheche locali,La Cassa,OK,2026-10-03T17:14:48.272722+00:00,10,0,,"""La Cassa"" (""annuncio privato"" OR ""vendo appartamento"" OR ""vendo casa"") -immobiliare.it -idealista.it -casa.it"
Mercato residenziale,Pianezza,OK,2026-10-03T17:09:45.723207+00:00,10,5,,"""Pianezza"" (""in vendita"" OR vendesi OR vendita) (casa OR appartamento OR villa OR immobile)"
Tipologie residenziali,Pianezza,ERROR,2026-10-03T17:09:53.585838+00:00,0,0,Google: nessun risultato organico parsabile,"""Pianezza"" (appartamento OR villa OR rustico OR casale OR cascina OR ""casa indipendente"" OR mansarda OR attico) (""in vendita"" OR vendita OR vendesi)"
Ribassi,Pianezza,ERROR,2026-10-03T17:10:02.709017+00:00,0,0,Google: nessun risultato organico parsabile,"""Pianezza"" (ribassato OR ribasso OR ""prezzo ridotto"" OR ""prezzo trattabile"") (casa OR appartamento OR villa OR rustico OR immobile)"
Aste,Pianezza,OK,2026-10-03T17:10:11.557336+00:00,10,0,,"""Pianezza"" (""asta giudiziaria"" OR ""vendita giudiziaria"" OR ""asta immobiliare"" OR tribunale) (casa OR appartamento OR villa OR immobile)"
Privati,Pianezza,ERROR,2026-10-03T17:10:20.566161+00:00,0,0,Google: nessun risultato organico parsabile,"""Pianezza"" (""privato vende"" OR ""no agenzie"" OR ""astenersi agenzie"" OR ""da privato"") (casa OR appartamento OR villa OR rustico)"
Storico uscite,Pianezza,ERROR,2026-10-03T17:10:29.586932+00:00,0,0,Google: nessun risultato organico parsabile,"""Pianezza"" (venduto OR ""annuncio non disponibile"" OR ""immobile non disponibile"" OR ""annuncio rimosso"") (casa OR appartamento OR villa OR immobile)"
Commerciale negozi/locali,Pianezza,OK,2026-10-03T17:10:35.989963+00:00,1,1,,"""Pianezza"" (negozio OR ""locale commerciale"" OR showroom) (vendita OR affitto OR locazione OR cedesi)"
Uffici e direzionale,Pianezza,OK,2026-10-03T17:10:42.300900+00:00,10,0,,"""Pianezza"" (ufficio OR studio OR direzionale) (vendita OR affitto OR locazione)"
Capannoni logistica,Pianezza,OK,2026-10-03T17:10:48.052610+00:00,10,1,,"""Pianezza"" (capannone OR magazzino OR laboratorio OR deposito OR logistica) (vendita OR affitto OR locazione)"
Cessione attività,Pianezza,ERROR,2026-10-03T17:10:56.564186+00:00,0,0,Google: nessun risultato organico parsabile,"""Pianezza"" (""cessione attività"" OR ""cedesi attività"" OR ""attività in vendita"" OR ""azienda in vendita"" OR subentro) (bar OR ristorante OR negozio OR azienda OR attività)"
Terreni e sviluppo,Pianezza,ERROR,2026-10-03T17:11:05.524399+00:00,0,0,Google: nessun risultato organico parsabile,"""Pianezza"" (""terreno edificabile"" OR ""area edificabile"" OR ""lotto edificabile"" OR lottizzazione OR ""area commerciale"") (vendita OR progetto OR costruzione)"
Nuove costruzioni e cantieri,Pianezza,ERROR,2026-10-03T17:11:14.572328+00:00,0,0,Google: nessun risultato organico parsabile,"""Pianezza"" (cantiere OR ""nuova costruzione"" OR ""nuove costruzioni"" OR ""in costruzione"" OR ""lavori in corso"" OR ""nuovo complesso"" OR ""nuova residenza"")"
Imprese edili con progetti,Pianezza,ERROR,2026-10-03T17:11:23.580254+00:00,0,0,Google HTTP 429,"""Pianezza"" (""impresa edile"" OR ""impresa costruzioni"" OR costruttore OR ""società di costruzioni"") (cantiere OR progetto OR ""nuova costruzione"" OR ""lavori in corso"" OR residenza)"
Progetti autorizzati,Pianezza,ERROR,2026-10-03T17:11:32.585517+00:00,0,0,Google HTTP 429,"""Pianezza"" (""permesso di costruire"" OR SCIA OR PEC OR ""piano esecutivo"" OR lottizzazione OR ""progetto approvato"") (residenziale OR commerciale OR costruzione OR edilizia)"
PDF urbanistica e permessi,Pianezza,ERROR,2026-10-03T17:11:41.656297+00:00,0,0,Google HTTP 429,"""Pianezza"" filetype:pdf (""permesso di costruire"" OR SCIA OR ""piano esecutivo"" OR lottizzazione OR ""variante urbanistica"")"
PDF cantieri e progetti,Pianezza,ERROR,2026-10-03T17:11:50.558003+00:00,0,0,Google HTTP 429,"""Pianezza"" filetype:pdf (cantiere OR ""nuova costruzione"" OR ""progetto approvato"" OR edilizia OR urbanistica)"
PDF Albo Pretorio edilizia,Pianezza,ERROR,2026-10-03T17:11:59.664601+00:00,0,0,Google HTTP 429,"""Pianezza"" filetype:pdf (""albo pretorio"" OR ""amministrazione trasparente"" OR delibera OR determina) (edilizia OR urbanistica OR lottizzazione OR costruire)"
Immobiliare.it,Pianezza,OK,2026-10-03T17:12:06.016047+00:00,10,10,,"site:immobiliare.it/annunci/ ""Pianezza"" vendita (casa OR appartamento OR villa)"
Idealista,Pianezza,ERROR,2026-10-03T17:12:14.516572+00:00,0,0,Google HTTP 429; DDG verifica umana / rate limit,"site:idealista.it/immobile/ ""Pianezza"" vendita (casa OR appartamento OR villa)"
Casa.it,Pianezza,ERROR,2026-10-03T17:12:23.545852+00:00,0,0,Google HTTP 429; DDG verifica umana / rate limit,"site:casa.it/immobili/ ""Pianezza"" vendita (casa OR appartamento OR villa)"
TrovaCasa privati,Pianezza,OK,2026-10-03T17:12:32.610983+00:00,10,0,,"site:trovacasa.it/annunci/ ""Pianezza"" (""da privato"" OR ""no agenzie"" OR ""privato vende"")"
Wikicasa,Pianezza,ERROR,2026-10-03T17:12:41.578701+00:00,0,0,Google HTTP 429; DDG verifica umana / rate limit,"site:wikicasa.it ""Pianezza"" vendita (casa OR appartamento OR villa)"
Subito privati,Pianezza,ERROR,2026-10-03T17:12:50.615558+00:00,0,0,Google HTTP 429; DDG verifica umana / rate limit,"site:subito.it ""Pianezza"" vendita (appartamento OR casa OR villa) (privato OR ""da privati"")"
Bakeca privati,Pianezza,ERROR,2026-10-03T17:12:59.638035+00:00,0,0,Google HTTP 429; DDG verifica umana / rate limit,"site:bakeca.it/annunci/vendita-case/ ""Pianezza"" (privato OR ""vendo"")"
Trovit,Pianezza,ERROR,2026-10-03T17:13:08.527832+00:00,0,0,Google HTTP 429; DDG verifica umana / rate limit,"site:trovit.it ""Pianezza"" vendita (casa OR appartamento OR villa)"
Nestoria,Pianezza,OK,2026-10-03T17:13:17.583557+00:00,9,0,,"site:nestoria.it ""Pianezza"" vendita (casa OR appartamento OR villa)"
Gate-away,Pianezza,ERROR,2026-10-03T17:13:26.540454+00:00,0,0,Google HTTP 429; DDG verifica umana / rate limit,"site:gate-away.com ""Pianezza"" property sale house"
VendereCasa,Pianezza,ERROR,2026-10-03T17:13:35.561849+00:00,0,0,Google HTTP 429; DDG verifica umana / rate limit,"site:venderecasa.com ""Pianezza"" vendita (casa OR appartamento OR villa)"
TuttoCasa,Pianezza,ERROR,2026-10-03T17:13:44.571861+00:00,0,0,Google HTTP 429; DDG verifica umana / rate limit,"site:tuttocasa.it ""Pianezza"" vendita (casa OR appartamento OR villa)"
Tecnocasa,Pianezza,ERROR,2026-10-03T17:13:53.541054+00:00,0,0,Google HTTP 429; DDG verifica umana / rate limit,"site:tecnocasa.it/vendita/ ""Pianezza"" vendita"
Tecnorete,Pianezza,ERROR,2026-10-03T17:14:02.539734+00:00,0,0,Google HTTP 429; DDG verifica umana / rate limit,"site:tecnorete.it ""Pianezza"" ""in vendita"""
Tempocasa,Pianezza,OK,2026-10-03T17:14:11.544290+00:00,10,0,,"site:tempocasa.it/it/vendita/ ""Pianezza"" vendita"
Facebook Marketplace,Pianezza,ERROR,2026-10-03T17:14:20.578882+00:00,0,0,Google HTTP 429; DDG verifica umana / rate limit,"site:facebook.com/marketplace/item/ ""Pianezza"" (casa OR appartamento OR villa) vendita"
Gruppi Facebook locali,Pianezza,ERROR,2026-10-03T17:14:29.578461+00:00,0,0,Google HTTP 429; DDG verifica umana / rate limit,"site:facebook.com/groups/ ""Pianezza"" (""vendo casa"" OR ""privato vende"" OR ""no agenzie"")"
Web generale,Pianezza,ERROR,2026-10-03T17:14:38.528116+00:00,0,0,Google HTTP 429; DDG verifica umana / rate limit,"""Pianezza"" (""privato vende"" OR ""no agenzie"") (casa OR appartamento OR villa) vendita"
Bacheche locali,Pianezza,ERROR,2026-10-03T17:14:47.540321+00:00,0,0,Google HTTP 429; DDG verifica umana / rate limit,"""Pianezza"" (""annuncio privato"" OR ""vendo appartamento"" OR ""vendo casa"") -immobiliare.it -idealista.it -casa.it"
Mercato residenziale,Reano,OK,2026-10-03T17:09:49.128457+00:00,10,3,,"""Reano"" (""in vendita"" OR vendesi OR vendita) (casa OR appartamento OR villa OR immobile)"
Tipologie residenziali,Reano,OK,2026-10-03T17:09:57.519896+00:00,10,0,,"""Reano"" (appartamento OR villa OR rustico OR casale OR cascina OR ""casa indipendente"" OR mansarda OR attico) (""in vendita"" OR vendita OR vendesi)"
Ribassi,Reano,ERROR,2026-10-03T17:10:06.436397+00:00,0,0,Google: nessun risultato organico parsabile,"""Reano"" (ribassato OR ribasso OR ""prezzo ridotto"" OR ""prezzo trattabile"") (casa OR appartamento OR villa OR rustico OR immobile)"
Aste,Reano,ERROR,2026-10-03T17:10:15.473318+00:00,0,0,Google: nessun risultato organico parsabile,"""Reano"" (""asta giudiziaria"" OR ""vendita giudiziaria"" OR ""asta immobiliare"" OR tribunale) (casa OR appartamento OR villa OR immobile)"
Privati,Reano,OK,2026-10-03T17:10:24.463133+00:00,9,0,,"""Reano"" (""privato vende"" OR ""no agenzie"" OR ""astenersi agenzie"" OR ""da privato"") (casa OR appartamento OR villa OR rustico)"
Storico uscite,Reano,ERROR,2026-10-03T17:10:33.440703+00:00,0,0,Google: nessun risultato organico parsabile,"""Reano"" (venduto OR ""annuncio non disponibile"" OR ""immobile non disponibile"" OR ""annuncio rimosso"") (casa OR appartamento OR villa OR immobile)"
Commerciale negozi/locali,Reano,ERROR,2026-10-03T17:10:42.508641+00:00,0,0,Google: nessun risultato organico parsabile,"""Reano"" (negozio OR ""locale commerciale"" OR showroom) (vendita OR affitto OR locazione OR cedesi)"
Uffici e direzionale,Reano,OK,2026-10-03T17:10:48.866420+00:00,10,0,,"""Reano"" (ufficio OR studio OR direzionale) (vendita OR affitto OR locazione)"
Capannoni logistica,Reano,OK,2026-10-03T17:10:54.865350+00:00,2,0,,"""Reano"" (capannone OR magazzino OR laboratorio OR deposito OR logistica) (vendita OR affitto OR locazione)"
Cessione attività,Reano,ERROR,2026-10-03T17:11:03.494100+00:00,0,0,Google: nessun risultato organico parsabile,"""Reano"" (""cessione attività"" OR ""cedesi attività"" OR ""attività in vendita"" OR ""azienda in vendita"" OR subentro) (bar OR ristorante OR negozio OR azienda OR attività)"
Terreni e sviluppo,Reano,ERROR,2026-10-03T17:11:12.438882+00:00,0,0,Google: nessun risultato organico parsabile,"""Reano"" (""terreno edificabile"" OR ""area edificabile"" OR ""lotto edificabile"" OR lottizzazione OR ""area commerciale"") (vendita OR progetto OR costruzione)"
Nuove costruzioni e cantieri,Reano,ERROR,2026-10-03T17:11:21.472865+00:00,0,0,Google: nessun risultato organico parsabile,"""Reano"" (cantiere OR ""nuova costruzione"" OR ""nuove costruzioni"" OR ""in costruzione"" OR ""lavori in corso"" OR ""nuovo complesso"" OR ""nuova residenza"")"
Imprese edili con progetti,Reano,OK,2026-10-03T17:11:30.628342+00:00,10,0,,"""Reano"" (""impresa edile"" OR ""impresa costruzioni"" OR costruttore OR ""società di costruzioni"") (cantiere OR progetto OR ""nuova costruzione"" OR ""lavori in corso"" OR residenza)"
Progetti autorizzati,Reano,ERROR,2026-10-03T17:11:39.533540+00:00,0,0,Google HTTP 429,"""Reano"" (""permesso di costruire"" OR SCIA OR PEC OR ""piano esecutivo"" OR lottizzazione OR ""progetto approvato"") (residenziale OR commerciale OR costruzione OR edilizia)"
PDF urbanistica e permessi,Reano,ERROR,2026-10-03T17:11:48.491136+00:00,0,0,Google HTTP 429,"""Reano"" filetype:pdf (""permesso di costruire"" OR SCIA OR ""piano esecutivo"" OR lottizzazione OR ""variante urbanistica"")"
PDF cantieri e progetti,Reano,ERROR,2026-10-03T17:11:57.509536+00:00,0,0,Google HTTP 429,"""Reano"" filetype:pdf (cantiere OR ""nuova costruzione"" OR ""progetto approvato"" OR edilizia OR urbanistica)"
PDF Albo Pretorio edilizia,Reano,ERROR,2026-10-03T17:12:06.570622+00:00,0,0,Google HTTP 429,"""Reano"" filetype:pdf (""albo pretorio"" OR ""amministrazione trasparente"" OR delibera OR determina) (edilizia OR urbanistica OR lottizzazione OR costruire)"
Immobiliare.it,Reano,OK,2026-10-03T17:12:13.384624+00:00,5,4,,"site:immobiliare.it/annunci/ ""Reano"" vendita (casa OR appartamento OR villa)"
Idealista,Reano,ERROR,2026-10-03T17:12:21.450692+00:00,0,0,Google HTTP 429; DDG verifica umana / rate limit,"site:idealista.it/immobile/ ""Reano"" vendita (casa OR appartamento OR villa)"
Casa.it,Reano,ERROR,2026-10-03T17:12:30.492509+00:00,0,0,Google HTTP 429; DDG verifica umana / rate limit,"site:casa.it/immobili/ ""Reano"" vendita (casa OR appartamento OR villa)"
TrovaCasa privati,Reano,ERROR,2026-10-03T17:12:39.440348+00:00,0,0,Google HTTP 429; DDG verifica umana / rate limit,"site:trovacasa.it/annunci/ ""Reano"" (""da privato"" OR ""no agenzie"" OR ""privato vende"")"
Wikicasa,Reano,ERROR,2026-10-03T17:12:48.428387+00:00,0,0,Google HTTP 429; DDG verifica umana / rate limit,"site:wikicasa.it ""Reano"" vendita (casa OR appartamento OR villa)"
Subito privati,Reano,ERROR,2026-10-03T17:12:57.535923+00:00,0,0,Google HTTP 429; DDG verifica umana / rate limit,"site:subito.it ""Reano"" vendita (appartamento OR casa OR villa) (privato OR ""da privati"")"
Bakeca privati,Reano,OK,2026-10-03T17:13:06.594104+00:00,10,0,,"site:bakeca.it/annunci/vendita-case/ ""Reano"" (privato OR ""vendo"")"
Trovit,Reano,ERROR,2026-10-03T17:13:15.448556+00:00,0,0,Google HTTP 429; DDG verifica umana / rate limit,"site:trovit.it ""Reano"" vendita (casa OR appartamento OR villa)"
Nestoria,Reano,ERROR,2026-10-03T17:13:24.494728+00:00,0,0,Google HTTP 429; DDG verifica umana / rate limit,"site:nestoria.it ""Reano"" vendita (casa OR appartamento OR villa)"
Gate-away,Reano,ERROR,2026-10-03T17:13:33.428502+00:00,0,0,Google HTTP 429; DDG verifica umana / rate limit,"site:gate-away.com ""Reano"" property sale house"
VendereCasa,Reano,ERROR,2026-10-03T17:13:42.442323+00:00,0,0,Google HTTP 429; DDG verifica umana / rate limit,"site:venderecasa.com ""Reano"" vendita (casa OR appartamento OR villa)"
TuttoCasa,Reano,ERROR,2026-10-03T17:13:51.508653+00:00,0,0,Google HTTP 429; DDG verifica umana / rate limit,"site:tuttocasa.it ""Reano"" vendita (casa OR appartamento OR villa)"
Tecnocasa,Reano,ERROR,2026-10-03T17:14:00.501496+00:00,0,0,Google HTTP 429; DDG verifica umana / rate limit,"site:tecnocasa.it/vendita/ ""Reano"" vendita"
Tecnorete,Reano,ERROR,2026-10-03T17:14:09.502682+00:00,0,0,Google HTTP 429; DDG verifica umana / rate limit,"site:tecnorete.it ""Reano"" ""in vendita"""
Tempocasa,Reano,ERROR,2026-10-03T17:14:18.499008+00:00,0,0,Google HTTP 429; DDG verifica umana / rate limit,"site:tempocasa.it/it/vendita/ ""Reano"" vendita"
Facebook Marketplace,Reano,ERROR,2026-10-03T17:14:27.453914+00:00,0,0,Google HTTP 429; DDG verifica umana / rate limit,"site:facebook.com/marketplace/item/ ""Reano"" (casa OR appartamento OR villa) vendita"
Gruppi Facebook locali,Reano,OK,2026-10-03T17:14:36.469698+00:00,8,0,,"site:facebook.com/groups/ ""Reano"" (""vendo casa"" OR ""privato vende"" OR ""no agenzie"")"
Web generale,Reano,OK,2026-10-03T17:14:45.488349+00:00,10,0,,"""Reano"" (""privato vende"" OR ""no agenzie"") (casa OR appartamento OR villa) vendita"
Bacheche locali,Reano,ERROR,2026-10-03T17:14:54.465068+00:00,0,0,Google HTTP 429; DDG verifica umana / rate limit,"""Reano"" (""annuncio privato"" OR ""vendo appartamento"" OR ""vendo casa"") -immobiliare.it -idealista.it -casa.it"
Mercato residenziale,Rivalta di Torino,OK,2026-10-03T17:15:02.599016+00:00,10,3,,"""Rivalta di Torino"" (""in vendita"" OR vendesi OR vendita) (casa OR appartamento OR villa OR immobile)"
Tipologie residenziali,Rivalta di Torino,OK,2026-10-03T17:15:08.548306+00:00,2,1,,"""Rivalta di Torino"" (appartamento OR villa OR rustico OR casale OR cascina OR ""casa indipendente"" OR mansarda OR attico) (""in vendita"" OR vendita OR vendesi)"
Ribassi,Rivalta di Torino,ERROR,2026-10-03T17:15:16.969360+00:00,0,0,Google: nessun risultato organico parsabile,"""Rivalta di Torino"" (ribassato OR ribasso OR ""prezzo ridotto"" OR ""prezzo trattabile"") (casa OR appartamento OR villa OR rustico OR immobile)"
Aste,Rivalta di Torino,ERROR,2026-10-03T17:15:25.936990+00:00,0,0,Google: nessun risultato organico parsabile,"""Rivalta di Torino"" (""asta giudiziaria"" OR ""vendita giudiziaria"" OR ""asta immobiliare"" OR tribunale) (casa OR appartamento OR villa OR immobile)"
Privati,Rivalta di Torino,ERROR,2026-10-03T17:15:35.081657+00:00,0,0,Google: nessun risultato organico parsabile,"""Rivalta di Torino"" (""privato vende"" OR ""no agenzie"" OR ""astenersi agenzie"" OR ""da privato"") (casa OR appartamento OR villa OR rustico)"
Storico uscite,Rivalta di Torino,ERROR,2026-10-03T17:15:43.993819+00:00,0,0,Google: nessun risultato organico parsabile,"""Rivalta di Torino"" (venduto OR ""annuncio non disponibile"" OR ""immobile non disponibile"" OR ""annuncio rimosso"") (casa OR appartamento OR villa OR immobile)"
Commerciale negozi/locali,Rivalta di Torino,OK,2026-10-03T17:15:50.589243+00:00,1,1,,"""Rivalta di Torino"" (negozio OR ""locale commerciale"" OR showroom) (vendita OR affitto OR locazione OR cedesi)"
Uffici e direzionale,Rivalta di Torino,OK,2026-10-03T17:15:57.119994+00:00,10,0,,"""Rivalta di Torino"" (ufficio OR studio OR direzionale) (vendita OR affitto OR locazione)"
Capannoni logistica,Rivalta di Torino,OK,2026-10-03T17:16:02.576720+00:00,9,0,,"""Rivalta di Torino"" (capannone OR magazzino OR laboratorio OR deposito OR logistica) (vendita OR affitto OR locazione)"
Cessione attività,Rivalta di Torino,ERROR,2026-10-03T17:16:10.955561+00:00,0,0,Google: nessun risultato organico parsabile,"""Rivalta di Torino"" (""cessione attività"" OR ""cedesi attività"" OR ""attività in vendita"" OR ""azienda in vendita"" OR subentro) (bar OR ristorante OR negozio OR azienda OR attività)"
Terreni e sviluppo,Rivalta di Torino,ERROR,2026-10-03T17:16:19.994052+00:00,0,0,Google: nessun risultato organico parsabile,"""Rivalta di Torino"" (""terreno edificabile"" OR ""area edificabile"" OR ""lotto edificabile"" OR lottizzazione OR ""area commerciale"") (vendita OR progetto OR costruzione)"
Nuove costruzioni e cantieri,Rivalta di Torino,OK,2026-10-03T17:16:28.957125+00:00,10,0,,"""Rivalta di Torino"" (cantiere OR ""nuova costruzione"" OR ""nuove costruzioni"" OR ""in costruzione"" OR ""lavori in corso"" OR ""nuovo complesso"" OR ""nuova residenza"")"
Imprese edili con progetti,Rivalta di Torino,ERROR,2026-10-03T17:16:37.956736+00:00,0,0,Google: nessun risultato organico parsabile,"""Rivalta di Torino"" (""impresa edile"" OR ""impresa costruzioni"" OR costruttore OR ""società di costruzioni"") (cantiere OR progetto OR ""nuova costruzione"" OR ""lavori in corso"" OR residenza)"
Progetti autorizzati,Rivalta di Torino,ERROR,2026-10-03T17:16:46.975571+00:00,0,0,Google HTTP 429,"""Rivalta di Torino"" (""permesso di costruire"" OR SCIA OR PEC OR ""piano esecutivo"" OR lottizzazione OR ""progetto approvato"") (residenziale OR commerciale OR costruzione OR edilizia)"
PDF urbanistica e permessi,Rivalta di Torino,ERROR,2026-10-03T17:16:55.959668+00:00,0,0,Google HTTP 429,"""Rivalta di Torino"" filetype:pdf (""permesso di costruire"" OR SCIA OR ""piano esecutivo"" OR lottizzazione OR ""variante urbanistica"")"
PDF cantieri e progetti,Rivalta di Torino,ERROR,2026-10-03T17:17:05.107635+00:00,0,0,Google HTTP 429,"""Rivalta di Torino"" filetype:pdf (cantiere OR ""nuova costruzione"" OR ""progetto approvato"" OR edilizia OR urbanistica)"
PDF Albo Pretorio edilizia,Rivalta di Torino,OK,2026-10-03T17:17:13.987517+00:00,10,0,,"""Rivalta di Torino"" filetype:pdf (""albo pretorio"" OR ""amministrazione trasparente"" OR delibera OR determina) (edilizia OR urbanistica OR lottizzazione OR costruire)"
Immobiliare.it,Rivalta di Torino,OK,2026-10-03T17:17:20.632194+00:00,10,0,,"site:immobiliare.it/annunci/ ""Rivalta di Torino"" vendita (casa OR appartamento OR villa)"
Idealista,Rivalta di Torino,ERROR,2026-10-03T17:17:28.930852+00:00,0,0,Google HTTP 429; DDG verifica umana / rate limit,"site:idealista.it/immobile/ ""Rivalta di Torino"" vendita (casa OR appartamento OR villa)"
Casa.it,Rivalta di Torino,ERROR,2026-10-03T17:17:38.006436+00:00,0,0,Google HTTP 429; DDG verifica umana / rate limit,"site:casa.it/immobili/ ""Rivalta di Torino"" vendita (casa OR appartamento OR villa)"
TrovaCasa privati,Rivalta di Torino,ERROR,2026-10-03T17:17:46.937842+00:00,0,0,Google HTTP 429; DDG verifica umana / rate limit,"site:trovacasa.it/annunci/ ""Rivalta di Torino"" (""da privato"" OR ""no agenzie"" OR ""privato vende"")"
Wikicasa,Rivalta di Torino,ERROR,2026-10-03T17:17:55.950388+00:00,0,0,Google HTTP 429; DDG verifica umana / rate limit,"site:wikicasa.it ""Rivalta di Torino"" vendita (casa OR appartamento OR villa)"
Subito privati,Rivalta di Torino,ERROR,2026-10-03T17:18:04.985944+00:00,0,0,Google HTTP 429; DDG verifica umana / rate limit,"site:subito.it ""Rivalta di Torino"" vendita (appartamento OR casa OR villa) (privato OR ""da privati"")"
Bakeca privati,Rivalta di Torino,OK,2026-10-03T17:18:13.998922+00:00,10,0,,"site:bakeca.it/annunci/vendita-case/ ""Rivalta di Torino"" (privato OR ""vendo"")"
Trovit,Rivalta di Torino,OK,2026-10-03T17:18:22.970041+00:00,10,0,,"site:trovit.it ""Rivalta di Torino"" vendita (casa OR appartamento OR villa)"
Nestoria,Rivalta di Torino,ERROR,2026-10-03T17:18:31.976457+00:00,0,0,Google HTTP 429; DDG verifica umana / rate limit,"site:nestoria.it ""Rivalta di Torino"" vendita (casa OR appartamento OR villa)"
Gate-away,Rivalta di Torino,ERROR,2026-10-03T17:18:40.936899+00:00,0,0,Google HTTP 429; DDG verifica umana / rate limit,"site:gate-away.com ""Rivalta di Torino"" property sale house"
VendereCasa,Rivalta di Torino,OK,2026-10-03T17:18:49.940886+00:00,10,0,,"site:venderecasa.com ""Rivalta di Torino"" vendita (casa OR appartamento OR villa)"
TuttoCasa,Rivalta di Torino,OK,2026-10-03T17:18:58.953046+00:00,10,0,,"site:tuttocasa.it ""Rivalta di Torino"" vendita (casa OR appartamento OR villa)"
Tecnocasa,Rivalta di Torino,ERROR,2026-10-03T17:19:07.975967+00:00,0,0,Google HTTP 429; DDG verifica umana / rate limit,"site:tecnocasa.it/vendita/ ""Rivalta di Torino"" vendita"
Tecnorete,Rivalta di Torino,ERROR,2026-10-03T17:19:16.968991+00:00,0,0,Google HTTP 429; DDG verifica umana / rate limit,"site:tecnorete.it ""Rivalta di Torino"" ""in vendita"""
Tempocasa,Rivalta di Torino,ERROR,2026-10-03T17:19:25.977084+00:00,0,0,Google HTTP 429; DDG verifica umana / rate limit,"site:tempocasa.it/it/vendita/ ""Rivalta di Torino"" vendita"
Facebook Marketplace,Rivalta di Torino,ERROR,2026-10-03T17:19:35.175277+00:00,0,0,Google HTTP 429; DDG verifica umana / rate limit,"site:facebook.com/marketplace/item/ ""Rivalta di Torino"" (casa OR appartamento OR villa) vendita"
Gruppi Facebook locali,Rivalta di Torino,ERROR,2026-10-03T17:19:43.988786+00:00,0,0,Google HTTP 429; DDG verifica umana / rate limit,"site:facebook.com/groups/ ""Rivalta di Torino"" (""vendo casa"" OR ""privato vende"" OR ""no agenzie"")"
Web generale,Rivalta di Torino,ERROR,2026-10-03T17:19:52.946280+00:00,0,0,Google HTTP 429; DDG verifica umana / rate limit,"""Rivalta di Torino"" (""privato vende"" OR ""no agenzie"") (casa OR appartamento OR villa) vendita"
Bacheche locali,Rivalta di Torino,ERROR,2026-10-03T17:20:01.982540+00:00,0,0,Google HTTP 429; DDG verifica umana / rate limit,"""Rivalta di Torino"" (""annuncio privato"" OR ""vendo appartamento"" OR ""vendo casa"") -immobiliare.it -idealista.it -casa.it"
Mercato residenziale,Rivoli,OK,2026-10-03T17:14:58.961515+00:00,10,2,,"""Rivoli"" (""in vendita"" OR vendesi OR vendita) (casa OR appartamento OR villa OR immobile)"
Tipologie residenziali,Rivoli,OK,2026-10-03T17:15:04.926959+00:00,1,0,,"""Rivoli"" (appartamento OR villa OR rustico OR casale OR cascina OR ""casa indipendente"" OR mansarda OR attico) (""in vendita"" OR vendita OR vendesi)"
Ribassi,Rivoli,OK,2026-10-03T17:15:13.531291+00:00,10,0,,"""Rivoli"" (ribassato OR ribasso OR ""prezzo ridotto"" OR ""prezzo trattabile"") (casa OR appartamento OR villa OR rustico OR immobile)"
Aste,Rivoli,OK,2026-10-03T17:15:22.586541+00:00,10,0,,"""Rivoli"" (""asta giudiziaria"" OR ""vendita giudiziaria"" OR ""asta immobiliare"" OR tribunale) (casa OR appartamento OR villa OR immobile)"
Privati,Rivoli,OK,2026-10-03T17:15:31.802325+00:00,10,0,,"""Rivoli"" (""privato vende"" OR ""no agenzie"" OR ""astenersi agenzie"" OR ""da privato"") (casa OR appartamento OR villa OR rustico)"
Storico uscite,Rivoli,OK,2026-10-03T17:15:40.487367+00:00,10,0,,"""Rivoli"" (venduto OR ""annuncio non disponibile"" OR ""immobile non disponibile"" OR ""annuncio rimosso"") (casa OR appartamento OR villa OR immobile)"
Commerciale negozi/locali,Rivoli,OK,2026-10-03T17:15:46.964124+00:00,4,3,,"""Rivoli"" (negozio OR ""locale commerciale"" OR showroom) (vendita OR affitto OR locazione OR cedesi)"
Uffici e direzionale,Rivoli,OK,2026-10-03T17:15:52.893721+00:00,10,3,,"""Rivoli"" (ufficio OR studio OR direzionale) (vendita OR affitto OR locazione)"
Capannoni logistica,Rivoli,OK,2026-10-03T17:15:58.928025+00:00,10,1,,"""Rivoli"" (capannone OR magazzino OR laboratorio OR deposito OR logistica) (vendita OR affitto OR locazione)"
Cessione attività,Rivoli,OK,2026-10-03T17:16:07.466287+00:00,10,0,,"""Rivoli"" (""cessione attività"" OR ""cedesi attività"" OR ""attività in vendita"" OR ""azienda in vendita"" OR subentro) (bar OR ristorante OR negozio OR azienda OR attività)"
Terreni e sviluppo,Rivoli,OK,2026-10-03T17:16:16.516155+00:00,10,0,,"""Rivoli"" (""terreno edificabile"" OR ""area edificabile"" OR ""lotto edificabile"" OR lottizzazione OR ""area commerciale"") (vendita OR progetto OR costruzione)"
Nuove costruzioni e cantieri,Rivoli,OK,2026-10-03T17:16:25.494948+00:00,10,0,,"""Rivoli"" (cantiere OR ""nuova costruzione"" OR ""nuove costruzioni"" OR ""in costruzione"" OR ""lavori in corso"" OR ""nuovo complesso"" OR ""nuova residenza"")"
Imprese edili con progetti,Rivoli,OK,2026-10-03T17:16:34.526348+00:00,10,0,,"""Rivoli"" (""impresa edile"" OR ""impresa costruzioni"" OR costruttore OR ""società di costruzioni"") (cantiere OR progetto OR ""nuova costruzione"" OR ""lavori in corso"" OR residenza)"
Progetti autorizzati,Rivoli,OK,2026-10-03T17:16:43.592918+00:00,10,0,,"""Rivoli"" (""permesso di costruire"" OR SCIA OR PEC OR ""piano esecutivo"" OR lottizzazione OR ""progetto approvato"") (residenziale OR commerciale OR costruzione OR edilizia)"
PDF urbanistica e permessi,Rivoli,OK,2026-10-03T17:16:52.469332+00:00,10,0,,"""Rivoli"" filetype:pdf (""permesso di costruire"" OR SCIA OR ""piano esecutivo"" OR lottizzazione OR ""variante urbanistica"")"
PDF cantieri e progetti,Rivoli,OK,2026-10-03T17:17:01.567272+00:00,10,0,,"""Rivoli"" filetype:pdf (cantiere OR ""nuova costruzione"" OR ""progetto approvato"" OR edilizia OR urbanistica)"
PDF Albo Pretorio edilizia,Rivoli,OK,2026-10-03T17:17:10.459182+00:00,10,0,,"""Rivoli"" filetype:pdf (""albo pretorio"" OR ""amministrazione trasparente"" OR delibera OR determina) (edilizia OR urbanistica OR lottizzazione OR costruire)"
Immobiliare.it,Rivoli,OK,2026-10-03T17:17:16.845777+00:00,10,9,,"site:immobiliare.it/annunci/ ""Rivoli"" vendita (casa OR appartamento OR villa)"
Idealista,Rivoli,OK,2026-10-03T17:17:25.499705+00:00,10,0,,"site:idealista.it/immobile/ ""Rivoli"" vendita (casa OR appartamento OR villa)"
Casa.it,Rivoli,OK,2026-10-03T17:17:34.500970+00:00,10,0,,"site:casa.it/immobili/ ""Rivoli"" vendita (casa OR appartamento OR villa)"
TrovaCasa privati,Rivoli,OK,2026-10-03T17:17:43.571320+00:00,10,0,,"site:trovacasa.it/annunci/ ""Rivoli"" (""da privato"" OR ""no agenzie"" OR ""privato vende"")"
Wikicasa,Rivoli,OK,2026-10-03T17:17:52.582741+00:00,10,0,,"site:wikicasa.it ""Rivoli"" vendita (casa OR appartamento OR villa)"
Subito privati,Rivoli,OK,2026-10-03T17:18:01.487045+00:00,10,0,,"site:subito.it ""Rivoli"" vendita (appartamento OR casa OR villa) (privato OR ""da privati"")"
Bakeca privati,Rivoli,OK,2026-10-03T17:18:10.490370+00:00,10,0,,"site:bakeca.it/annunci/vendita-case/ ""Rivoli"" (privato OR ""vendo"")"
Trovit,Rivoli,OK,2026-10-03T17:18:19.473702+00:00,10,0,,"site:trovit.it ""Rivoli"" vendita (casa OR appartamento OR villa)"
Nestoria,Rivoli,OK,2026-10-03T17:18:28.462440+00:00,10,0,,"site:nestoria.it ""Rivoli"" vendita (casa OR appartamento OR villa)"
Gate-away,Rivoli,OK,2026-10-03T17:18:37.460983+00:00,8,0,,"site:gate-away.com ""Rivoli"" property sale house"
VendereCasa,Rivoli,OK,2026-10-03T17:18:46.484719+00:00,10,0,,"site:venderecasa.com ""Rivoli"" vendita (casa OR appartamento OR villa)"
TuttoCasa,Rivoli,OK,2026-10-03T17:18:55.471058+00:00,10,0,,"site:tuttocasa.it ""Rivoli"" vendita (casa OR appartamento OR villa)"
Tecnocasa,Rivoli,OK,2026-10-03T17:19:04.600454+00:00,10,0,,"site:tecnocasa.it/vendita/ ""Rivoli"" vendita"
Tecnorete,Rivoli,OK,2026-10-03T17:19:13.502405+00:00,10,0,,"site:tecnorete.it ""Rivoli"" ""in vendita"""
Tempocasa,Rivoli,OK,2026-10-03T17:19:22.536305+00:00,10,0,,"site:tempocasa.it/it/vendita/ ""Rivoli"" vendita"
Facebook Marketplace,Rivoli,OK,2026-10-03T17:19:31.506025+00:00,8,0,,"site:facebook.com/marketplace/item/ ""Rivoli"" (casa OR appartamento OR villa) vendita"
Gruppi Facebook locali,Rivoli,OK,2026-10-03T17:19:40.559817+00:00,8,0,,"site:facebook.com/groups/ ""Rivoli"" (""vendo casa"" OR ""privato vende"" OR ""no agenzie"")"
Web generale,Rivoli,OK,2026-10-03T17:19:49.524819+00:00,10,0,,"""Rivoli"" (""privato vende"" OR ""no agenzie"") (casa OR appartamento OR villa) vendita"
Bacheche locali,Rivoli,OK,2026-10-03T17:19:58.461350+00:00,10,0,,"""Rivoli"" (""annuncio privato"" OR ""vendo appartamento"" OR ""vendo casa"") -immobiliare.it -idealista.it -casa.it"
Mercato residenziale,Robassomero,OK,2026-10-03T17:09:44.319250+00:00,10,2,,"""Robassomero"" (""in vendita"" OR vendesi OR vendita) (casa OR appartamento OR villa OR immobile)"
Tipologie residenziali,Robassomero,ERROR,2026-10-03T17:09:52.668594+00:00,0,0,Google: nessun risultato organico parsabile,"""Robassomero"" (appartamento OR villa OR rustico OR casale OR cascina OR ""casa indipendente"" OR mansarda OR attico) (""in vendita"" OR vendita OR vendesi)"
Ribassi,Robassomero,OK,2026-10-03T17:10:01.685746+00:00,10,0,,"""Robassomero"" (ribassato OR ribasso OR ""prezzo ridotto"" OR ""prezzo trattabile"") (casa OR appartamento OR villa OR rustico OR immobile)"
Aste,Robassomero,ERROR,2026-10-03T17:10:10.634299+00:00,0,0,Google: nessun risultato organico parsabile,"""Robassomero"" (""asta giudiziaria"" OR ""vendita giudiziaria"" OR ""asta immobiliare"" OR tribunale) (casa OR appartamento OR villa OR immobile)"
Privati,Robassomero,ERROR,2026-10-03T17:10:19.680541+00:00,0,0,Google: nessun risultato organico parsabile,"""Robassomero"" (""privato vende"" OR ""no agenzie"" OR ""astenersi agenzie"" OR ""da privato"") (casa OR appartamento OR villa OR rustico)"
Storico uscite,Robassomero,ERROR,2026-10-03T17:10:28.643961+00:00,0,0,Google: nessun risultato organico parsabile,"""Robassomero"" (venduto OR ""annuncio non disponibile"" OR ""immobile non disponibile"" OR ""annuncio rimosso"") (casa OR appartamento OR villa OR immobile)"
Commerciale negozi/locali,Robassomero,ERROR,2026-10-03T17:10:37.655465+00:00,0,0,Google: nessun risultato organico parsabile,"""Robassomero"" (negozio OR ""locale commerciale"" OR showroom) (vendita OR affitto OR locazione OR cedesi)"
Uffici e direzionale,Robassomero,OK,2026-10-03T17:10:44.408431+00:00,8,1,,"""Robassomero"" (ufficio OR studio OR direzionale) (vendita OR affitto OR locazione)"
Capannoni logistica,Robassomero,OK,2026-10-03T17:10:50.234659+00:00,5,0,,"""Robassomero"" (capannone OR magazzino OR laboratorio OR deposito OR logistica) (vendita OR affitto OR locazione)"
Cessione attività,Robassomero,ERROR,2026-10-03T17:10:58.764576+00:00,0,0,Google: nessun risultato organico parsabile,"""Robassomero"" (""cessione attività"" OR ""cedesi attività"" OR ""attività in vendita"" OR ""azienda in vendita"" OR subentro) (bar OR ristorante OR negozio OR azienda OR attività)"
Terreni e sviluppo,Robassomero,OK,2026-10-03T17:11:07.708175+00:00,10,0,,"""Robassomero"" (""terreno edificabile"" OR ""area edificabile"" OR ""lotto edificabile"" OR lottizzazione OR ""area commerciale"") (vendita OR progetto OR costruzione)"
Nuove costruzioni e cantieri,Robassomero,ERROR,2026-10-03T17:11:16.801426+00:00,0,0,Google: nessun risultato organico parsabile,"""Robassomero"" (cantiere OR ""nuova costruzione"" OR ""nuove costruzioni"" OR ""in costruzione"" OR ""lavori in corso"" OR ""nuovo complesso"" OR ""nuova residenza"")"
Imprese edili con progetti,Robassomero,ERROR,2026-10-03T17:11:25.821874+00:00,0,0,Google: nessun risultato organico parsabile,"""Robassomero"" (""impresa edile"" OR ""impresa costruzioni"" OR costruttore OR ""società di costruzioni"") (cantiere OR progetto OR ""nuova costruzione"" OR ""lavori in corso"" OR residenza)"
Progetti autorizzati,Robassomero,ERROR,2026-10-03T17:11:34.653948+00:00,0,0,Google HTTP 429,"""Robassomero"" (""permesso di costruire"" OR SCIA OR PEC OR ""piano esecutivo"" OR lottizzazione OR ""progetto approvato"") (residenziale OR commerciale OR costruzione OR edilizia)"
PDF urbanistica e permessi,Robassomero,ERROR,2026-10-03T17:11:43.661732+00:00,0,0,Google HTTP 429,"""Robassomero"" filetype:pdf (""permesso di costruire"" OR SCIA OR ""piano esecutivo"" OR lottizzazione OR ""variante urbanistica"")"
PDF cantieri e progetti,Robassomero,OK,2026-10-03T17:11:52.677638+00:00,10,0,,"""Robassomero"" filetype:pdf (cantiere OR ""nuova costruzione"" OR ""progetto approvato"" OR edilizia OR urbanistica)"
PDF Albo Pretorio edilizia,Robassomero,ERROR,2026-10-03T17:12:01.747268+00:00,0,0,Google HTTP 429,"""Robassomero"" filetype:pdf (""albo pretorio"" OR ""amministrazione trasparente"" OR delibera OR determina) (edilizia OR urbanistica OR lottizzazione OR costruire)"
Immobiliare.it,Robassomero,OK,2026-10-03T17:12:08.271168+00:00,5,4,,"site:immobiliare.it/annunci/ ""Robassomero"" vendita (casa OR appartamento OR villa)"
Idealista,Robassomero,ERROR,2026-10-03T17:12:16.702682+00:00,0,0,Google HTTP 429; DDG verifica umana / rate limit,"site:idealista.it/immobile/ ""Robassomero"" vendita (casa OR appartamento OR villa)"
Casa.it,Robassomero,OK,2026-10-03T17:12:25.685648+00:00,10,0,,"site:casa.it/immobili/ ""Robassomero"" vendita (casa OR appartamento OR villa)"
TrovaCasa privati,Robassomero,ERROR,2026-10-03T17:12:34.664408+00:00,0,0,Google HTTP 429; DDG verifica umana / rate limit,"site:trovacasa.it/annunci/ ""Robassomero"" (""da privato"" OR ""no agenzie"" OR ""privato vende"")"
Wikicasa,Robassomero,ERROR,2026-10-03T17:12:43.841127+00:00,0,0,Google HTTP 429; DDG verifica umana / rate limit,"site:wikicasa.it ""Robassomero"" vendita (casa OR appartamento OR villa)"
Subito privati,Robassomero,ERROR,2026-10-03T17:12:52.670027+00:00,0,0,Google HTTP 429; DDG verifica umana / rate limit,"site:subito.it ""Robassomero"" vendita (appartamento OR casa OR villa) (privato OR ""da privati"")"
Bakeca privati,Robassomero,ERROR,2026-10-03T17:13:01.758386+00:00,0,0,Google HTTP 429; DDG verifica umana / rate limit,"site:bakeca.it/annunci/vendita-case/ ""Robassomero"" (privato OR ""vendo"")"
Trovit,Robassomero,ERROR,2026-10-03T17:13:10.669152+00:00,0,0,Google HTTP 429; DDG verifica umana / rate limit,"site:trovit.it ""Robassomero"" vendita (casa OR appartamento OR villa)"
Nestoria,Robassomero,ERROR,2026-10-03T17:13:19.722574+00:00,0,0,Google HTTP 429; DDG verifica umana / rate limit,"site:nestoria.it ""Robassomero"" vendita (casa OR appartamento OR villa)"
Gate-away,Robassomero,ERROR,2026-10-03T17:13:28.680857+00:00,0,0,Google: nessun risultato organico parsabile; DDG verifica umana / rate limit,"site:gate-away.com ""Robassomero"" property sale house"
VendereCasa,Robassomero,OK,2026-10-03T17:13:37.656659+00:00,10,0,,"site:venderecasa.com ""Robassomero"" vendita (casa OR appartamento OR villa)"
TuttoCasa,Robassomero,ERROR,2026-10-03T17:13:46.679257+00:00,0,0,Google HTTP 429; DDG verifica umana / rate limit,"site:tuttocasa.it ""Robassomero"" vendita (casa OR appartamento OR villa)"
Tecnocasa,Robassomero,OK,2026-10-03T17:13:55.691293+00:00,10,0,,"site:tecnocasa.it/vendita/ ""Robassomero"" vendita"
Tecnorete,Robassomero,ERROR,2026-10-03T17:14:04.676037+00:00,0,0,Google HTTP 429; DDG verifica umana / rate limit,"site:tecnorete.it ""Robassomero"" ""in vendita"""
Tempocasa,Robassomero,ERROR,2026-10-03T17:14:13.684862+00:00,0,0,Google HTTP 429; DDG verifica umana / rate limit,"site:tempocasa.it/it/vendita/ ""Robassomero"" vendita"
Facebook Marketplace,Robassomero,OK,2026-10-03T17:14:22.704209+00:00,8,0,,"site:facebook.com/marketplace/item/ ""Robassomero"" (casa OR appartamento OR villa) vendita"
Gruppi Facebook locali,Robassomero,ERROR,2026-10-03T17:14:31.809319+00:00,0,0,Google HTTP 429; DDG verifica umana / rate limit,"site:facebook.com/groups/ ""Robassomero"" (""vendo casa"" OR ""privato vende"" OR ""no agenzie"")"
Web generale,Robassomero,ERROR,2026-10-03T17:14:40.656785+00:00,0,0,Google HTTP 429; DDG verifica umana / rate limit,"""Robassomero"" (""privato vende"" OR ""no agenzie"") (casa OR appartamento OR villa) vendita"
Bacheche locali,Robassomero,ERROR,2026-10-03T17:14:49.728148+00:00,0,0,Google HTTP 429; DDG verifica umana / rate limit,"""Robassomero"" (""annuncio privato"" OR ""vendo appartamento"" OR ""vendo casa"") -immobiliare.it -idealista.it -casa.it"
Mercato residenziale,Rosta,OK,2026-10-03T17:09:46.999962+00:00,10,3,,"""Rosta"" (""in vendita"" OR vendesi OR vendita) (casa OR appartamento OR villa OR immobile)"
Tipologie residenziali,Rosta,OK,2026-10-03T17:09:55.485181+00:00,10,0,,"""Rosta"" (appartamento OR villa OR rustico OR casale OR cascina OR ""casa indipendente"" OR mansarda OR attico) (""in vendita"" OR vendita OR vendesi)"
Ribassi,Rosta,OK,2026-10-03T17:10:04.494132+00:00,10,0,,"""Rosta"" (ribassato OR ribasso OR ""prezzo ridotto"" OR ""prezzo trattabile"") (casa OR appartamento OR villa OR rustico OR immobile)"
Aste,Rosta,OK,2026-10-03T17:10:13.360422+00:00,10,0,,"""Rosta"" (""asta giudiziaria"" OR ""vendita giudiziaria"" OR ""asta immobiliare"" OR tribunale) (casa OR appartamento OR villa OR immobile)"
Privati,Rosta,OK,2026-10-03T17:10:22.451787+00:00,10,0,,"""Rosta"" (""privato vende"" OR ""no agenzie"" OR ""astenersi agenzie"" OR ""da privato"") (casa OR appartamento OR villa OR rustico)"
Storico uscite,Rosta,OK,2026-10-03T17:10:31.404478+00:00,10,0,,"""Rosta"" (venduto OR ""annuncio non disponibile"" OR ""immobile non disponibile"" OR ""annuncio rimosso"") (casa OR appartamento OR villa OR immobile)"
Commerciale negozi/locali,Rosta,OK,2026-10-03T17:10:37.924341+00:00,2,1,,"""Rosta"" (negozio OR ""locale commerciale"" OR showroom) (vendita OR affitto OR locazione OR cedesi)"
Uffici e direzionale,Rosta,OK,2026-10-03T17:10:44.563136+00:00,10,0,,"""Rosta"" (ufficio OR studio OR direzionale) (vendita OR affitto OR locazione)"
Capannoni logistica,Rosta,OK,2026-10-03T17:10:49.953753+00:00,10,1,,"""Rosta"" (capannone OR magazzino OR laboratorio OR deposito OR logistica) (vendita OR affitto OR locazione)"
Cessione attività,Rosta,OK,2026-10-03T17:10:58.383525+00:00,10,0,,"""Rosta"" (""cessione attività"" OR ""cedesi attività"" OR ""attività in vendita"" OR ""azienda in vendita"" OR subentro) (bar OR ristorante OR negozio OR azienda OR attività)"
Terreni e sviluppo,Rosta,OK,2026-10-03T17:11:07.559937+00:00,10,0,,"""Rosta"" (""terreno edificabile"" OR ""area edificabile"" OR ""lotto edificabile"" OR lottizzazione OR ""area commerciale"") (vendita OR progetto OR costruzione)"
Nuove costruzioni e cantieri,Rosta,OK,2026-10-03T17:11:16.419511+00:00,10,0,,"""Rosta"" (cantiere OR ""nuova costruzione"" OR ""nuove costruzioni"" OR ""in costruzione"" OR ""lavori in corso"" OR ""nuovo complesso"" OR ""nuova residenza"")"
Imprese edili con progetti,Rosta,OK,2026-10-03T17:11:25.370385+00:00,10,0,,"""Rosta"" (""impresa edile"" OR ""impresa costruzioni"" OR costruttore OR ""società di costruzioni"") (cantiere OR progetto OR ""nuova costruzione"" OR ""lavori in corso"" OR residenza)"
Progetti autorizzati,Rosta,OK,2026-10-03T17:11:34.376735+00:00,10,0,,"""Rosta"" (""permesso di costruire"" OR SCIA OR PEC OR ""piano esecutivo"" OR lottizzazione OR ""progetto approvato"") (residenziale OR commerciale OR costruzione OR edilizia)"
PDF urbanistica e permessi,Rosta,OK,2026-10-03T17:11:43.426429+00:00,10,0,,"""Rosta"" filetype:pdf (""permesso di costruire"" OR SCIA OR ""piano esecutivo"" OR lottizzazione OR ""variante urbanistica"")"
PDF cantieri e progetti,Rosta,OK,2026-10-03T17:11:52.411049+00:00,10,0,,"""Rosta"" filetype:pdf (cantiere OR ""nuova costruzione"" OR ""progetto approvato"" OR edilizia OR urbanistica)"
PDF Albo Pretorio edilizia,Rosta,OK,2026-10-03T17:12:01.404379+00:00,10,0,,"""Rosta"" filetype:pdf (""albo pretorio"" OR ""amministrazione trasparente"" OR delibera OR determina) (edilizia OR urbanistica OR lottizzazione OR costruire)"
Immobiliare.it,Rosta,OK,2026-10-03T17:12:07.933711+00:00,8,7,,"site:immobiliare.it/annunci/ ""Rosta"" vendita (casa OR appartamento OR villa)"
Idealista,Rosta,OK,2026-10-03T17:12:16.424788+00:00,10,0,,"site:idealista.it/immobile/ ""Rosta"" vendita (casa OR appartamento OR villa)"
Casa.it,Rosta,OK,2026-10-03T17:12:25.541435+00:00,10,0,,"site:casa.it/immobili/ ""Rosta"" vendita (casa OR appartamento OR villa)"
TrovaCasa privati,Rosta,OK,2026-10-03T17:12:34.593251+00:00,10,0,,"site:trovacasa.it/annunci/ ""Rosta"" (""da privato"" OR ""no agenzie"" OR ""privato vende"")"
Wikicasa,Rosta,OK,2026-10-03T17:12:43.363030+00:00,10,0,,"site:wikicasa.it ""Rosta"" vendita (casa OR appartamento OR villa)"
Subito privati,Rosta,OK,2026-10-03T17:12:52.388768+00:00,10,0,,"site:subito.it ""Rosta"" vendita (appartamento OR casa OR villa) (privato OR ""da privati"")"
Bakeca privati,Rosta,OK,2026-10-03T17:13:01.368824+00:00,10,0,,"site:bakeca.it/annunci/vendita-case/ ""Rosta"" (privato OR ""vendo"")"
Trovit,Rosta,OK,2026-10-03T17:13:10.474680+00:00,10,0,,"site:trovit.it ""Rosta"" vendita (casa OR appartamento OR villa)"
Nestoria,Rosta,OK,2026-10-03T17:13:19.444902+00:00,10,0,,"site:nestoria.it ""Rosta"" vendita (casa OR appartamento OR villa)"
Gate-away,Rosta,OK,2026-10-03T17:13:28.370490+00:00,8,0,,"site:gate-away.com ""Rosta"" property sale house"
VendereCasa,Rosta,OK,2026-10-03T17:13:37.414626+00:00,10,0,,"site:venderecasa.com ""Rosta"" vendita (casa OR appartamento OR villa)"
TuttoCasa,Rosta,OK,2026-10-03T17:13:46.392565+00:00,10,0,,"site:tuttocasa.it ""Rosta"" vendita (casa OR appartamento OR villa)"
Tecnocasa,Rosta,OK,2026-10-03T17:13:55.382979+00:00,10,0,,"site:tecnocasa.it/vendita/ ""Rosta"" vendita"
Tecnorete,Rosta,OK,2026-10-03T17:14:04.423791+00:00,10,0,,"site:tecnorete.it ""Rosta"" ""in vendita"""
Tempocasa,Rosta,OK,2026-10-03T17:14:13.393005+00:00,10,0,,"site:tempocasa.it/it/vendita/ ""Rosta"" vendita"
Facebook Marketplace,Rosta,OK,2026-10-03T17:14:22.403155+00:00,8,0,,"site:facebook.com/marketplace/item/ ""Rosta"" (casa OR appartamento OR villa) vendita"
Gruppi Facebook locali,Rosta,OK,2026-10-03T17:14:31.382357+00:00,8,0,,"site:facebook.com/groups/ ""Rosta"" (""vendo casa"" OR ""privato vende"" OR ""no agenzie"")"
Web generale,Rosta,OK,2026-10-03T17:14:40.503145+00:00,10,0,,"""Rosta"" (""privato vende"" OR ""no agenzie"") (casa OR appartamento OR villa) vendita"
Bacheche locali,Rosta,OK,2026-10-03T17:14:49.390673+00:00,10,0,,"""Rosta"" (""annuncio privato"" OR ""vendo appartamento"" OR ""vendo casa"") -immobiliare.it -idealista.it -casa.it"
Mercato residenziale,Rubiana,OK,2026-10-03T17:04:27.241753+00:00,10,3,,"""Rubiana"" (""in vendita"" OR vendesi OR vendita) (casa OR appartamento OR villa OR immobile)"
Tipologie residenziali,Rubiana,OK,2026-10-03T17:04:35.812743+00:00,9,0,,"""Rubiana"" (appartamento OR villa OR rustico OR casale OR cascina OR ""casa indipendente"" OR mansarda OR attico) (""in vendita"" OR vendita OR vendesi)"
Ribassi,Rubiana,ERROR,2026-10-03T17:04:44.778646+00:00,0,0,Google: nessun risultato organico parsabile,"""Rubiana"" (ribassato OR ribasso OR ""prezzo ridotto"" OR ""prezzo trattabile"") (casa OR appartamento OR villa OR rustico OR immobile)"
Aste,Rubiana,OK,2026-10-03T17:04:53.790047+00:00,10,0,,"""Rubiana"" (""asta giudiziaria"" OR ""vendita giudiziaria"" OR ""asta immobiliare"" OR tribunale) (casa OR appartamento OR villa OR immobile)"
Privati,Rubiana,ERROR,2026-10-03T17:05:02.858860+00:00,0,0,Google: nessun risultato organico parsabile,"""Rubiana"" (""privato vende"" OR ""no agenzie"" OR ""astenersi agenzie"" OR ""da privato"") (casa OR appartamento OR villa OR rustico)"
Storico uscite,Rubiana,OK,2026-10-03T17:05:11.792966+00:00,10,0,,"""Rubiana"" (venduto OR ""annuncio non disponibile"" OR ""immobile non disponibile"" OR ""annuncio rimosso"") (casa OR appartamento OR villa OR immobile)"
Commerciale negozi/locali,Rubiana,OK,2026-10-03T17:05:18.205120+00:00,1,0,,"""Rubiana"" (negozio OR ""locale commerciale"" OR showroom) (vendita OR affitto OR locazione OR cedesi)"
Uffici e direzionale,Rubiana,OK,2026-10-03T17:05:24.794653+00:00,9,0,,"""Rubiana"" (ufficio OR studio OR direzionale) (vendita OR affitto OR locazione)"
Capannoni logistica,Rubiana,OK,2026-10-03T17:05:30.197663+00:00,9,1,,"""Rubiana"" (capannone OR magazzino OR laboratorio OR deposito OR logistica) (vendita OR affitto OR locazione)"
Cessione attività,Rubiana,ERROR,2026-10-03T17:05:38.773760+00:00,0,0,Google: nessun risultato organico parsabile,"""Rubiana"" (""cessione attività"" OR ""cedesi attività"" OR ""attività in vendita"" OR ""azienda in vendita"" OR subentro) (bar OR ristorante OR negozio OR azienda OR attività)"
Terreni e sviluppo,Rubiana,ERROR,2026-10-03T17:05:47.810952+00:00,0,0,Google: nessun risultato organico parsabile,"""Rubiana"" (""terreno edificabile"" OR ""area edificabile"" OR ""lotto edificabile"" OR lottizzazione OR ""area commerciale"") (vendita OR progetto OR costruzione)"
Nuove costruzioni e cantieri,Rubiana,ERROR,2026-10-03T17:05:56.944318+00:00,0,0,Google: nessun risultato organico parsabile,"""Rubiana"" (cantiere OR ""nuova costruzione"" OR ""nuove costruzioni"" OR ""in costruzione"" OR ""lavori in corso"" OR ""nuovo complesso"" OR ""nuova residenza"")"
Imprese edili con progetti,Rubiana,ERROR,2026-10-03T17:06:05.800802+00:00,0,0,Google: nessun risultato organico parsabile,"""Rubiana"" (""impresa edile"" OR ""impresa costruzioni"" OR costruttore OR ""società di costruzioni"") (cantiere OR progetto OR ""nuova costruzione"" OR ""lavori in corso"" OR residenza)"
Progetti autorizzati,Rubiana,ERROR,2026-10-03T17:06:14.856014+00:00,0,0,Google HTTP 429,"""Rubiana"" (""permesso di costruire"" OR SCIA OR PEC OR ""piano esecutivo"" OR lottizzazione OR ""progetto approvato"") (residenziale OR commerciale OR costruzione OR edilizia)"
PDF urbanistica e permessi,Rubiana,ERROR,2026-10-03T17:06:23.777574+00:00,0,0,Google HTTP 429,"""Rubiana"" filetype:pdf (""permesso di costruire"" OR SCIA OR ""piano esecutivo"" OR lottizzazione OR ""variante urbanistica"")"
PDF cantieri e progetti,Rubiana,ERROR,2026-10-03T17:06:32.839404+00:00,0,0,Google HTTP 429,"""Rubiana"" filetype:pdf (cantiere OR ""nuova costruzione"" OR ""progetto approvato"" OR edilizia OR urbanistica)"
PDF Albo Pretorio edilizia,Rubiana,ERROR,2026-10-03T17:06:41.827382+00:00,0,0,Google HTTP 429,"""Rubiana"" filetype:pdf (""albo pretorio"" OR ""amministrazione trasparente"" OR delibera OR determina) (edilizia OR urbanistica OR lottizzazione OR costruire)"
Immobiliare.it,Rubiana,OK,2026-10-03T17:06:48.679062+00:00,9,9,,"site:immobiliare.it/annunci/ ""Rubiana"" vendita (casa OR appartamento OR villa)"
Idealista,Rubiana,OK,2026-10-03T17:06:56.848066+00:00,10,0,,"site:idealista.it/immobile/ ""Rubiana"" vendita (casa OR appartamento OR villa)"
Casa.it,Rubiana,OK,2026-10-03T17:07:05.810981+00:00,10,0,,"site:casa.it/immobili/ ""Rubiana"" vendita (casa OR appartamento OR villa)"
TrovaCasa privati,Rubiana,ERROR,2026-10-03T17:07:14.811293+00:00,0,0,Google HTTP 429; DDG verifica umana / rate limit,"site:trovacasa.it/annunci/ ""Rubiana"" (""da privato"" OR ""no agenzie"" OR ""privato vende"")"
Wikicasa,Rubiana,ERROR,2026-10-03T17:07:23.860261+00:00,0,0,Google HTTP 429; DDG verifica umana / rate limit,"site:wikicasa.it ""Rubiana"" vendita (casa OR appartamento OR villa)"
Subito privati,Rubiana,OK,2026-10-03T17:07:32.862644+00:00,10,0,,"site:subito.it ""Rubiana"" vendita (appartamento OR casa OR villa) (privato OR ""da privati"")"
Bakeca privati,Rubiana,ERROR,2026-10-03T17:07:41.754340+00:00,0,0,Google HTTP 429; DDG verifica umana / rate limit,"site:bakeca.it/annunci/vendita-case/ ""Rubiana"" (privato OR ""vendo"")"
Trovit,Rubiana,ERROR,2026-10-03T17:07:50.757447+00:00,0,0,Google HTTP 429; DDG verifica umana / rate limit,"site:trovit.it ""Rubiana"" vendita (casa OR appartamento OR villa)"
Nestoria,Rubiana,ERROR,2026-10-03T17:07:59.771621+00:00,0,0,Google HTTP 429; DDG verifica umana / rate limit,"site:nestoria.it ""Rubiana"" vendita (casa OR appartamento OR villa)"
Gate-away,Rubiana,ERROR,2026-10-03T17:08:08.852346+00:00,0,0,Google HTTP 429; DDG verifica umana / rate limit,"site:gate-away.com ""Rubiana"" property sale house"
VendereCasa,Rubiana,ERROR,2026-10-03T17:08:17.778132+00:00,0,0,Google HTTP 429; DDG verifica umana / rate limit,"site:venderecasa.com ""Rubiana"" vendita (casa OR appartamento OR villa)"
TuttoCasa,Rubiana,ERROR,2026-10-03T17:08:26.760447+00:00,0,0,Google HTTP 429; DDG verifica umana / rate limit,"site:tuttocasa.it ""Rubiana"" vendita (casa OR appartamento OR villa)"
Tecnocasa,Rubiana,ERROR,2026-10-03T17:08:35.769058+00:00,0,0,Google HTTP 429; DDG verifica umana / rate limit,"site:tecnocasa.it/vendita/ ""Rubiana"" vendita"
Tecnorete,Rubiana,ERROR,2026-10-03T17:08:44.789903+00:00,0,0,Google HTTP 429; DDG verifica umana / rate limit,"site:tecnorete.it ""Rubiana"" ""in vendita"""
Tempocasa,Rubiana,OK,2026-10-03T17:08:53.829329+00:00,10,0,,"site:tempocasa.it/it/vendita/ ""Rubiana"" vendita"
Facebook Marketplace,Rubiana,ERROR,2026-10-03T17:09:02.835050+00:00,0,0,Google HTTP 429; DDG verifica umana / rate limit,"site:facebook.com/marketplace/item/ ""Rubiana"" (casa OR appartamento OR villa) vendita"
Gruppi Facebook locali,Rubiana,ERROR,2026-10-03T17:09:11.817828+00:00,0,0,Google HTTP 429; DDG verifica umana / rate limit,"site:facebook.com/groups/ ""Rubiana"" (""vendo casa"" OR ""privato vende"" OR ""no agenzie"")"
Web generale,Rubiana,ERROR,2026-10-03T17:09:20.854822+00:00,0,0,Google HTTP 429; DDG verifica umana / rate limit,"""Rubiana"" (""privato vende"" OR ""no agenzie"") (casa OR appartamento OR villa) vendita"
Bacheche locali,Rubiana,ERROR,2026-10-03T17:09:29.812849+00:00,0,0,Google HTTP 429; DDG verifica umana / rate limit,"""Rubiana"" (""annuncio privato"" OR ""vendo appartamento"" OR ""vendo casa"") -immobiliare.it -idealista.it -casa.it"
Mercato residenziale,San Didero,OK,2026-10-03T17:04:27.203690+00:00,3,1,,"""San Didero"" (""in vendita"" OR vendesi OR vendita) (casa OR appartamento OR villa OR immobile)"
Tipologie residenziali,San Didero,OK,2026-10-03T17:04:35.959006+00:00,7,0,,"""San Didero"" (appartamento OR villa OR rustico OR casale OR cascina OR ""casa indipendente"" OR mansarda OR attico) (""in vendita"" OR vendita OR vendesi)"
Ribassi,San Didero,OK,2026-10-03T17:04:44.837464+00:00,7,0,,"""San Didero"" (ribassato OR ribasso OR ""prezzo ridotto"" OR ""prezzo trattabile"") (casa OR appartamento OR villa OR rustico OR immobile)"
Aste,San Didero,OK,2026-10-03T17:04:53.857625+00:00,7,0,,"""San Didero"" (""asta giudiziaria"" OR ""vendita giudiziaria"" OR ""asta immobiliare"" OR tribunale) (casa OR appartamento OR villa OR immobile)"
Privati,San Didero,OK,2026-10-03T17:05:02.807183+00:00,7,0,,"""San Didero"" (""privato vende"" OR ""no agenzie"" OR ""astenersi agenzie"" OR ""da privato"") (casa OR appartamento OR villa OR rustico)"
Storico uscite,San Didero,OK,2026-10-03T17:05:11.855470+00:00,7,0,,"""San Didero"" (venduto OR ""annuncio non disponibile"" OR ""immobile non disponibile"" OR ""annuncio rimosso"") (casa OR appartamento OR villa OR immobile)"
Commerciale negozi/locali,San Didero,OK,2026-10-03T17:05:20.818724+00:00,7,0,,"""San Didero"" (negozio OR ""locale commerciale"" OR showroom) (vendita OR affitto OR locazione OR cedesi)"
Uffici e direzionale,San Didero,OK,2026-10-03T17:05:27.206674+00:00,2,0,,"""San Didero"" (ufficio OR studio OR direzionale) (vendita OR affitto OR locazione)"
Capannoni logistica,San Didero,OK,2026-10-03T17:05:33.216432+00:00,3,0,,"""San Didero"" (capannone OR magazzino OR laboratorio OR deposito OR logistica) (vendita OR affitto OR locazione)"
Cessione attività,San Didero,OK,2026-10-03T17:05:41.892059+00:00,7,0,,"""San Didero"" (""cessione attività"" OR ""cedesi attività"" OR ""attività in vendita"" OR ""azienda in vendita"" OR subentro) (bar OR ristorante OR negozio OR azienda OR attività)"
Terreni e sviluppo,San Didero,OK,2026-10-03T17:05:50.932263+00:00,7,0,,"""San Didero"" (""terreno edificabile"" OR ""area edificabile"" OR ""lotto edificabile"" OR lottizzazione OR ""area commerciale"") (vendita OR progetto OR costruzione)"
Nuove costruzioni e cantieri,San Didero,OK,2026-10-03T17:05:59.876881+00:00,7,0,,"""San Didero"" (cantiere OR ""nuova costruzione"" OR ""nuove costruzioni"" OR ""in costruzione"" OR ""lavori in corso"" OR ""nuovo complesso"" OR ""nuova residenza"")"
Imprese edili con progetti,San Didero,OK,2026-10-03T17:06:08.817294+00:00,7,0,,"""San Didero"" (""impresa edile"" OR ""impresa costruzioni"" OR costruttore OR ""società di costruzioni"") (cantiere OR progetto OR ""nuova costruzione"" OR ""lavori in corso"" OR residenza)"
Progetti autorizzati,San Didero,OK,2026-10-03T17:06:17.832434+00:00,7,0,,"""San Didero"" (""permesso di costruire"" OR SCIA OR PEC OR ""piano esecutivo"" OR lottizzazione OR ""progetto approvato"") (residenziale OR commerciale OR costruzione OR edilizia)"
PDF urbanistica e permessi,San Didero,OK,2026-10-03T17:06:26.819481+00:00,7,0,,"""San Didero"" filetype:pdf (""permesso di costruire"" OR SCIA OR ""piano esecutivo"" OR lottizzazione OR ""variante urbanistica"")"
PDF cantieri e progetti,San Didero,OK,2026-10-03T17:06:35.800919+00:00,7,0,,"""San Didero"" filetype:pdf (cantiere OR ""nuova costruzione"" OR ""progetto approvato"" OR edilizia OR urbanistica)"
PDF Albo Pretorio edilizia,San Didero,OK,2026-10-03T17:06:44.855212+00:00,7,0,,"""San Didero"" filetype:pdf (""albo pretorio"" OR ""amministrazione trasparente"" OR delibera OR determina) (edilizia OR urbanistica OR lottizzazione OR costruire)"
Immobiliare.it,San Didero,OK,2026-10-03T17:06:51.334711+00:00,10,4,,"site:immobiliare.it/annunci/ ""San Didero"" vendita (casa OR appartamento OR villa)"
Idealista,San Didero,OK,2026-10-03T17:06:59.794939+00:00,7,0,,"site:idealista.it/immobile/ ""San Didero"" vendita (casa OR appartamento OR villa)"
Casa.it,San Didero,OK,2026-10-03T17:07:08.820217+00:00,7,0,,"site:casa.it/immobili/ ""San Didero"" vendita (casa OR appartamento OR villa)"
TrovaCasa privati,San Didero,OK,2026-10-03T17:07:17.802121+00:00,7,0,,"site:trovacasa.it/annunci/ ""San Didero"" (""da privato"" OR ""no agenzie"" OR ""privato vende"")"
Wikicasa,San Didero,OK,2026-10-03T17:07:26.833939+00:00,7,0,,"site:wikicasa.it ""San Didero"" vendita (casa OR appartamento OR villa)"
Subito privati,San Didero,OK,2026-10-03T17:07:35.814040+00:00,7,0,,"site:subito.it ""San Didero"" vendita (appartamento OR casa OR villa) (privato OR ""da privati"")"
Bakeca privati,San Didero,OK,2026-10-03T17:07:44.784760+00:00,7,0,,"site:bakeca.it/annunci/vendita-case/ ""San Didero"" (privato OR ""vendo"")"
Trovit,San Didero,OK,2026-10-03T17:07:53.792121+00:00,7,0,,"site:trovit.it ""San Didero"" vendita (casa OR appartamento OR villa)"
Nestoria,San Didero,OK,2026-10-03T17:08:02.795302+00:00,7,0,,"site:nestoria.it ""San Didero"" vendita (casa OR appartamento OR villa)"
Gate-away,San Didero,OK,2026-10-03T17:08:11.938472+00:00,7,0,,"site:gate-away.com ""San Didero"" property sale house"
VendereCasa,San Didero,OK,2026-10-03T17:08:20.818984+00:00,7,0,,"site:venderecasa.com ""San Didero"" vendita (casa OR appartamento OR villa)"
TuttoCasa,San Didero,OK,2026-10-03T17:08:29.816252+00:00,7,0,,"site:tuttocasa.it ""San Didero"" vendita (casa OR appartamento OR villa)"
Tecnocasa,San Didero,OK,2026-10-03T17:08:38.807978+00:00,7,0,,"site:tecnocasa.it/vendita/ ""San Didero"" vendita"
Tecnorete,San Didero,OK,2026-10-03T17:08:47.919213+00:00,7,0,,"site:tecnorete.it ""San Didero"" ""in vendita"""
Tempocasa,San Didero,OK,2026-10-03T17:08:56.835055+00:00,7,0,,"site:tempocasa.it/it/vendita/ ""San Didero"" vendita"
Facebook Marketplace,San Didero,OK,2026-10-03T17:09:05.830328+00:00,7,0,,"site:facebook.com/marketplace/item/ ""San Didero"" (casa OR appartamento OR villa) vendita"
Gruppi Facebook locali,San Didero,OK,2026-10-03T17:09:14.811874+00:00,7,0,,"site:facebook.com/groups/ ""San Didero"" (""vendo casa"" OR ""privato vende"" OR ""no agenzie"")"
Web generale,San Didero,OK,2026-10-03T17:09:23.798257+00:00,7,0,,"""San Didero"" (""privato vende"" OR ""no agenzie"") (casa OR appartamento OR villa) vendita"
Bacheche locali,San Didero,OK,2026-10-03T17:09:32.885908+00:00,7,0,,"""San Didero"" (""annuncio privato"" OR ""vendo appartamento"" OR ""vendo casa"") -immobiliare.it -idealista.it -casa.it"
Mercato residenziale,San Gillio,OK,2026-10-03T17:09:47.313353+00:00,10,4,,"""San Gillio"" (""in vendita"" OR vendesi OR vendita) (casa OR appartamento OR villa OR immobile)"
Tipologie residenziali,San Gillio,OK,2026-10-03T17:09:55.732091+00:00,10,0,,"""San Gillio"" (appartamento OR villa OR rustico OR casale OR cascina OR ""casa indipendente"" OR mansarda OR attico) (""in vendita"" OR vendita OR vendesi)"
Ribassi,San Gillio,OK,2026-10-03T17:10:04.617246+00:00,10,0,,"""San Gillio"" (ribassato OR ribasso OR ""prezzo ridotto"" OR ""prezzo trattabile"") (casa OR appartamento OR villa OR rustico OR immobile)"
Aste,San Gillio,OK,2026-10-03T17:10:13.698547+00:00,10,0,,"""San Gillio"" (""asta giudiziaria"" OR ""vendita giudiziaria"" OR ""asta immobiliare"" OR tribunale) (casa OR appartamento OR villa OR immobile)"
Privati,San Gillio,OK,2026-10-03T17:10:22.602754+00:00,10,0,,"""San Gillio"" (""privato vende"" OR ""no agenzie"" OR ""astenersi agenzie"" OR ""da privato"") (casa OR appartamento OR villa OR rustico)"
Storico uscite,San Gillio,OK,2026-10-03T17:10:31.598171+00:00,10,0,,"""San Gillio"" (venduto OR ""annuncio non disponibile"" OR ""immobile non disponibile"" OR ""annuncio rimosso"") (casa OR appartamento OR villa OR immobile)"
Commerciale negozi/locali,San Gillio,OK,2026-10-03T17:10:40.622372+00:00,10,0,,"""San Gillio"" (negozio OR ""locale commerciale"" OR showroom) (vendita OR affitto OR locazione OR cedesi)"
Uffici e direzionale,San Gillio,OK,2026-10-03T17:10:47.248525+00:00,10,0,,"""San Gillio"" (ufficio OR studio OR direzionale) (vendita OR affitto OR locazione)"
Capannoni logistica,San Gillio,OK,2026-10-03T17:10:53.240020+00:00,9,1,,"""San Gillio"" (capannone OR magazzino OR laboratorio OR deposito OR logistica) (vendita OR affitto OR locazione)"
Cessione attività,San Gillio,OK,2026-10-03T17:11:01.625874+00:00,10,0,,"""San Gillio"" (""cessione attività"" OR ""cedesi attività"" OR ""attività in vendita"" OR ""azienda in vendita"" OR subentro) (bar OR ristorante OR negozio OR azienda OR attività)"
Terreni e sviluppo,San Gillio,OK,2026-10-03T17:11:10.667951+00:00,10,0,,"""San Gillio"" (""terreno edificabile"" OR ""area edificabile"" OR ""lotto edificabile"" OR lottizzazione OR ""area commerciale"") (vendita OR progetto OR costruzione)"
Nuove costruzioni e cantieri,San Gillio,OK,2026-10-03T17:11:19.630445+00:00,10,0,,"""San Gillio"" (cantiere OR ""nuova costruzione"" OR ""nuove costruzioni"" OR ""in costruzione"" OR ""lavori in corso"" OR ""nuovo complesso"" OR ""nuova residenza"")"
Imprese edili con progetti,San Gillio,OK,2026-10-03T17:11:28.590808+00:00,10,0,,"""San Gillio"" (""impresa edile"" OR ""impresa costruzioni"" OR costruttore OR ""società di costruzioni"") (cantiere OR progetto OR ""nuova costruzione"" OR ""lavori in corso"" OR residenza)"
Progetti autorizzati,San Gillio,OK,2026-10-03T17:11:37.608827+00:00,10,0,,"""San Gillio"" (""permesso di costruire"" OR SCIA OR PEC OR ""piano esecutivo"" OR lottizzazione OR ""progetto approvato"") (residenziale OR commerciale OR costruzione OR edilizia)"
PDF urbanistica e permessi,San Gillio,OK,2026-10-03T17:11:46.630196+00:00,10,0,,"""San Gillio"" filetype:pdf (""permesso di costruire"" OR SCIA OR ""piano esecutivo"" OR lottizzazione OR ""variante urbanistica"")"
PDF cantieri e progetti,San Gillio,OK,2026-10-03T17:11:55.617719+00:00,10,0,,"""San Gillio"" filetype:pdf (cantiere OR ""nuova costruzione"" OR ""progetto approvato"" OR edilizia OR urbanistica)"
PDF Albo Pretorio edilizia,San Gillio,OK,2026-10-03T17:12:04.674824+00:00,10,0,,"""San Gillio"" filetype:pdf (""albo pretorio"" OR ""amministrazione trasparente"" OR delibera OR determina) (edilizia OR urbanistica OR lottizzazione OR costruire)"
Immobiliare.it,San Gillio,OK,2026-10-03T17:12:11.147333+00:00,10,0,,"site:immobiliare.it/annunci/ ""San Gillio"" vendita (casa OR appartamento OR villa)"
Idealista,San Gillio,OK,2026-10-03T17:12:19.664116+00:00,10,0,,"site:idealista.it/immobile/ ""San Gillio"" vendita (casa OR appartamento OR villa)"
Casa.it,San Gillio,OK,2026-10-03T17:12:28.588434+00:00,10,0,,"site:casa.it/immobili/ ""San Gillio"" vendita (casa OR appartamento OR villa)"
TrovaCasa privati,San Gillio,OK,2026-10-03T17:12:37.628088+00:00,10,0,,"site:trovacasa.it/annunci/ ""San Gillio"" (""da privato"" OR ""no agenzie"" OR ""privato vende"")"
Wikicasa,San Gillio,OK,2026-10-03T17:12:46.589927+00:00,10,0,,"site:wikicasa.it ""San Gillio"" vendita (casa OR appartamento OR villa)"
Subito privati,San Gillio,OK,2026-10-03T17:12:55.601982+00:00,10,0,,"site:subito.it ""San Gillio"" vendita (appartamento OR casa OR villa) (privato OR ""da privati"")"
Bakeca privati,San Gillio,OK,2026-10-03T17:13:04.608041+00:00,10,0,,"site:bakeca.it/annunci/vendita-case/ ""San Gillio"" (privato OR ""vendo"")"
Trovit,San Gillio,OK,2026-10-03T17:13:13.593357+00:00,10,0,,"site:trovit.it ""San Gillio"" vendita (casa OR appartamento OR villa)"
Nestoria,San Gillio,OK,2026-10-03T17:13:22.670480+00:00,10,0,,"site:nestoria.it ""San Gillio"" vendita (casa OR appartamento OR villa)"
Gate-away,San Gillio,OK,2026-10-03T17:13:31.637846+00:00,8,0,,"site:gate-away.com ""San Gillio"" property sale house"
VendereCasa,San Gillio,OK,2026-10-03T17:13:40.598621+00:00,10,0,,"site:venderecasa.com ""San Gillio"" vendita (casa OR appartamento OR villa)"
TuttoCasa,San Gillio,OK,2026-10-03T17:13:49.611696+00:00,10,0,,"site:tuttocasa.it ""San Gillio"" vendita (casa OR appartamento OR villa)"
Tecnocasa,San Gillio,OK,2026-10-03T17:13:58.604983+00:00,10,0,,"site:tecnocasa.it/vendita/ ""San Gillio"" vendita"
Tecnorete,San Gillio,OK,2026-10-03T17:14:07.595195+00:00,10,0,,"site:tecnorete.it ""San Gillio"" ""in vendita"""
Tempocasa,San Gillio,OK,2026-10-03T17:14:16.607288+00:00,10,0,,"site:tempocasa.it/it/vendita/ ""San Gillio"" vendita"
Facebook Marketplace,San Gillio,OK,2026-10-03T17:14:25.688979+00:00,8,0,,"site:facebook.com/marketplace/item/ ""San Gillio"" (casa OR appartamento OR villa) vendita"
Gruppi Facebook locali,San Gillio,OK,2026-10-03T17:14:34.627984+00:00,8,0,,"site:facebook.com/groups/ ""San Gillio"" (""vendo casa"" OR ""privato vende"" OR ""no agenzie"")"
Web generale,San Gillio,OK,2026-10-03T17:14:43.609171+00:00,10,0,,"""San Gillio"" (""privato vende"" OR ""no agenzie"") (casa OR appartamento OR villa) vendita"
Bacheche locali,San Gillio,OK,2026-10-03T17:14:52.609501+00:00,10,0,,"""San Gillio"" (""annuncio privato"" OR ""vendo appartamento"" OR ""vendo casa"") -immobiliare.it -idealista.it -casa.it"
Mercato residenziale,San Giorio di Susa,OK,2026-10-03T17:04:27.593607+00:00,9,4,,"""San Giorio di Susa"" (""in vendita"" OR vendesi OR vendita) (casa OR appartamento OR villa OR immobile)"
Tipologie residenziali,San Giorio di Susa,OK,2026-10-03T17:04:35.975647+00:00,10,0,,"""San Giorio di Susa"" (appartamento OR villa OR rustico OR casale OR cascina OR ""casa indipendente"" OR mansarda OR attico) (""in vendita"" OR vendita OR vendesi)"
Ribassi,San Giorio di Susa,OK,2026-10-03T17:04:44.954183+00:00,10,0,,"""San Giorio di Susa"" (ribassato OR ribasso OR ""prezzo ridotto"" OR ""prezzo trattabile"") (casa OR appartamento OR villa OR rustico OR immobile)"
Aste,San Giorio di Susa,OK,2026-10-03T17:04:53.968878+00:00,10,0,,"""San Giorio di Susa"" (""asta giudiziaria"" OR ""vendita giudiziaria"" OR ""asta immobiliare"" OR tribunale) (casa OR appartamento OR villa OR immobile)"
Privati,San Giorio di Susa,OK,2026-10-03T17:05:02.966746+00:00,10,0,,"""San Giorio di Susa"" (""privato vende"" OR ""no agenzie"" OR ""astenersi agenzie"" OR ""da privato"") (casa OR appartamento OR villa OR rustico)"
Storico uscite,San Giorio di Susa,OK,2026-10-03T17:05:12.022332+00:00,10,0,,"""San Giorio di Susa"" (venduto OR ""annuncio non disponibile"" OR ""immobile non disponibile"" OR ""annuncio rimosso"") (casa OR appartamento OR villa OR immobile)"
Commerciale negozi/locali,San Giorio di Susa,OK,2026-10-03T17:05:18.461104+00:00,1,0,,"""San Giorio di Susa"" (negozio OR ""locale commerciale"" OR showroom) (vendita OR affitto OR locazione OR cedesi)"
Uffici e direzionale,San Giorio di Susa,OK,2026-10-03T17:05:24.546826+00:00,7,0,,"""San Giorio di Susa"" (ufficio OR studio OR direzionale) (vendita OR affitto OR locazione)"
Capannoni logistica,San Giorio di Susa,OK,2026-10-03T17:05:31.065651+00:00,1,0,,"""San Giorio di Susa"" (capannone OR magazzino OR laboratorio OR deposito OR logistica) (vendita OR affitto OR locazione)"
Cessione attività,San Giorio di Susa,OK,2026-10-03T17:05:38.983095+00:00,10,0,,"""San Giorio di Susa"" (""cessione attività"" OR ""cedesi attività"" OR ""attività in vendita"" OR ""azienda in vendita"" OR subentro) (bar OR ristorante OR negozio OR azienda OR attività)"
Terreni e sviluppo,San Giorio di Susa,OK,2026-10-03T17:05:47.965081+00:00,10,0,,"""San Giorio di Susa"" (""terreno edificabile"" OR ""area edificabile"" OR ""lotto edificabile"" OR lottizzazione OR ""area commerciale"") (vendita OR progetto OR costruzione)"
Nuove costruzioni e cantieri,San Giorio di Susa,OK,2026-10-03T17:05:57.030637+00:00,10,0,,"""San Giorio di Susa"" (cantiere OR ""nuova costruzione"" OR ""nuove costruzioni"" OR ""in costruzione"" OR ""lavori in corso"" OR ""nuovo complesso"" OR ""nuova residenza"")"
Imprese edili con progetti,San Giorio di Susa,OK,2026-10-03T17:06:05.977206+00:00,10,0,,"""San Giorio di Susa"" (""impresa edile"" OR ""impresa costruzioni"" OR costruttore OR ""società di costruzioni"") (cantiere OR progetto OR ""nuova costruzione"" OR ""lavori in corso"" OR residenza)"
Progetti autorizzati,San Giorio di Susa,OK,2026-10-03T17:06:14.981183+00:00,10,0,,"""San Giorio di Susa"" (""permesso di costruire"" OR SCIA OR PEC OR ""piano esecutivo"" OR lottizzazione OR ""progetto approvato"") (residenziale OR commerciale OR costruzione OR edilizia)"
PDF urbanistica e permessi,San Giorio di Susa,OK,2026-10-03T17:06:23.946213+00:00,10,0,,"""San Giorio di Susa"" filetype:pdf (""permesso di costruire"" OR SCIA OR ""piano esecutivo"" OR lottizzazione OR ""variante urbanistica"")"
PDF cantieri e progetti,San Giorio di Susa,OK,2026-10-03T17:06:32.960845+00:00,10,0,,"""San Giorio di Susa"" filetype:pdf (cantiere OR ""nuova costruzione"" OR ""progetto approvato"" OR edilizia OR urbanistica)"
PDF Albo Pretorio edilizia,San Giorio di Susa,OK,2026-10-03T17:06:42.172152+00:00,10,0,,"""San Giorio di Susa"" filetype:pdf (""albo pretorio"" OR ""amministrazione trasparente"" OR delibera OR determina) (edilizia OR urbanistica OR lottizzazione OR costruire)"
Immobiliare.it,San Giorio di Susa,OK,2026-10-03T17:06:48.569862+00:00,10,10,,"site:immobiliare.it/annunci/ ""San Giorio di Susa"" vendita (casa OR appartamento OR villa)"
Idealista,San Giorio di Susa,OK,2026-10-03T17:06:56.976844+00:00,10,0,,"site:idealista.it/immobile/ ""San Giorio di Susa"" vendita (casa OR appartamento OR villa)"
Casa.it,San Giorio di Susa,OK,2026-10-03T17:07:05.980253+00:00,10,0,,"site:casa.it/immobili/ ""San Giorio di Susa"" vendita (casa OR appartamento OR villa)"
TrovaCasa privati,San Giorio di Susa,OK,2026-10-03T17:07:14.996401+00:00,10,0,,"site:trovacasa.it/annunci/ ""San Giorio di Susa"" (""da privato"" OR ""no agenzie"" OR ""privato vende"")"
Wikicasa,San Giorio di Susa,OK,2026-10-03T17:07:23.949682+00:00,10,0,,"site:wikicasa.it ""San Giorio di Susa"" vendita (casa OR appartamento OR villa)"
Subito privati,San Giorio di Susa,OK,2026-10-03T17:07:32.945633+00:00,10,0,,"site:subito.it ""San Giorio di Susa"" vendita (appartamento OR casa OR villa) (privato OR ""da privati"")"
Bakeca privati,San Giorio di Susa,OK,2026-10-03T17:07:41.952394+00:00,10,0,,"site:bakeca.it/annunci/vendita-case/ ""San Giorio di Susa"" (privato OR ""vendo"")"
Trovit,San Giorio di Susa,OK,2026-10-03T17:07:51.000889+00:00,10,0,,"site:trovit.it ""San Giorio di Susa"" vendita (casa OR appartamento OR villa)"
Nestoria,San Giorio di Susa,OK,2026-10-03T17:07:59.977105+00:00,10,0,,"site:nestoria.it ""San Giorio di Susa"" vendita (casa OR appartamento OR villa)"
Gate-away,San Giorio di Susa,OK,2026-10-03T17:08:09.054816+00:00,8,0,,"site:gate-away.com ""San Giorio di Susa"" property sale house"
VendereCasa,San Giorio di Susa,OK,2026-10-03T17:08:18.025621+00:00,10,0,,"site:venderecasa.com ""San Giorio di Susa"" vendita (casa OR appartamento OR villa)"
TuttoCasa,San Giorio di Susa,OK,2026-10-03T17:08:26.940318+00:00,10,0,,"site:tuttocasa.it ""San Giorio di Susa"" vendita (casa OR appartamento OR villa)"
Tecnocasa,San Giorio di Susa,OK,2026-10-03T17:08:36.037382+00:00,10,0,,"site:tecnocasa.it/vendita/ ""San Giorio di Susa"" vendita"
Tecnorete,San Giorio di Susa,OK,2026-10-03T17:08:44.972075+00:00,10,0,,"site:tecnorete.it ""San Giorio di Susa"" ""in vendita"""
Tempocasa,San Giorio di Susa,OK,2026-10-03T17:08:53.949137+00:00,10,0,,"site:tempocasa.it/it/vendita/ ""San Giorio di Susa"" vendita"
Facebook Marketplace,San Giorio di Susa,OK,2026-10-03T17:09:02.942478+00:00,8,0,,"site:facebook.com/marketplace/item/ ""San Giorio di Susa"" (casa OR appartamento OR villa) vendita"
Gruppi Facebook locali,San Giorio di Susa,OK,2026-10-03T17:09:12.008290+00:00,8,0,,"site:facebook.com/groups/ ""San Giorio di Susa"" (""vendo casa"" OR ""privato vende"" OR ""no agenzie"")"
Web generale,San Giorio di Susa,OK,2026-10-03T17:09:21.002723+00:00,10,0,,"""San Giorio di Susa"" (""privato vende"" OR ""no agenzie"") (casa OR appartamento OR villa) vendita"
Bacheche locali,San Giorio di Susa,ERROR,2026-10-03T17:09:29.952327+00:00,0,0,Google HTTP 429; DDG verifica umana / rate limit,"""San Giorio di Susa"" (""annuncio privato"" OR ""vendo appartamento"" OR ""vendo casa"") -immobiliare.it -idealista.it -casa.it"
Mercato residenziale,Sant'Antonino di Susa,OK,2026-10-03T17:04:28.079501+00:00,10,3,,"""Sant'Antonino di Susa"" (""in vendita"" OR vendesi OR vendita) (casa OR appartamento OR villa OR immobile)"
Tipologie residenziali,Sant'Antonino di Susa,ERROR,2026-10-03T17:04:35.666204+00:00,0,0,Google: nessun risultato organico parsabile,"""Sant'Antonino di Susa"" (appartamento OR villa OR rustico OR casale OR cascina OR ""casa indipendente"" OR mansarda OR attico) (""in vendita"" OR vendita OR vendesi)"
Ribassi,Sant'Antonino di Susa,ERROR,2026-10-03T17:04:44.566662+00:00,0,0,Google: nessun risultato organico parsabile,"""Sant'Antonino di Susa"" (ribassato OR ribasso OR ""prezzo ridotto"" OR ""prezzo trattabile"") (casa OR appartamento OR villa OR rustico OR immobile)"
Aste,Sant'Antonino di Susa,OK,2026-10-03T17:04:53.588141+00:00,10,0,,"""Sant'Antonino di Susa"" (""asta giudiziaria"" OR ""vendita giudiziaria"" OR ""asta immobiliare"" OR tribunale) (casa OR appartamento OR villa OR immobile)"
Privati,Sant'Antonino di Susa,ERROR,2026-10-03T17:05:02.585416+00:00,0,0,Google: nessun risultato organico parsabile,"""Sant'Antonino di Susa"" (""privato vende"" OR ""no agenzie"" OR ""astenersi agenzie"" OR ""da privato"") (casa OR appartamento OR villa OR rustico)"
Storico uscite,Sant'Antonino di Susa,ERROR,2026-10-03T17:05:11.869066+00:00,0,0,Google: nessun risultato organico parsabile,"""Sant'Antonino di Susa"" (venduto OR ""annuncio non disponibile"" OR ""immobile non disponibile"" OR ""annuncio rimosso"") (casa OR appartamento OR villa OR immobile)"
Commerciale negozi/locali,Sant'Antonino di Susa,ERROR,2026-10-03T17:05:20.567411+00:00,0,0,Google: nessun risultato organico parsabile,"""Sant'Antonino di Susa"" (negozio OR ""locale commerciale"" OR showroom) (vendita OR affitto OR locazione OR cedesi)"
Uffici e direzionale,Sant'Antonino di Susa,OK,2026-10-03T17:05:27.213083+00:00,9,0,,"""Sant'Antonino di Susa"" (ufficio OR studio OR direzionale) (vendita OR affitto OR locazione)"
Capannoni logistica,Sant'Antonino di Susa,OK,2026-10-03T17:05:33.187282+00:00,5,0,,"""Sant'Antonino di Susa"" (capannone OR magazzino OR laboratorio OR deposito OR logistica) (vendita OR affitto OR locazione)"
Cessione attività,Sant'Antonino di Susa,ERROR,2026-10-03T17:05:41.672080+00:00,0,0,Google: nessun risultato organico parsabile,"""Sant'Antonino di Susa"" (""cessione attività"" OR ""cedesi attività"" OR ""attività in vendita"" OR ""azienda in vendita"" OR subentro) (bar OR ristorante OR negozio OR azienda OR attività)"
Terreni e sviluppo,Sant'Antonino di Susa,ERROR,2026-10-03T17:05:50.609115+00:00,0,0,Google: nessun risultato organico parsabile,"""Sant'Antonino di Susa"" (""terreno edificabile"" OR ""area edificabile"" OR ""lotto edificabile"" OR lottizzazione OR ""area commerciale"") (vendita OR progetto OR costruzione)"
Nuove costruzioni e cantieri,Sant'Antonino di Susa,ERROR,2026-10-03T17:05:59.602097+00:00,0,0,Google: nessun risultato organico parsabile,"""Sant'Antonino di Susa"" (cantiere OR ""nuova costruzione"" OR ""nuove costruzioni"" OR ""in costruzione"" OR ""lavori in corso"" OR ""nuovo complesso"" OR ""nuova residenza"")"
Imprese edili con progetti,Sant'Antonino di Susa,ERROR,2026-10-03T17:06:08.730097+00:00,0,0,Google HTTP 429,"""Sant'Antonino di Susa"" (""impresa edile"" OR ""impresa costruzioni"" OR costruttore OR ""società di costruzioni"") (cantiere OR progetto OR ""nuova costruzione"" OR ""lavori in corso"" OR residenza)"
Progetti autorizzati,Sant'Antonino di Susa,OK,2026-10-03T17:06:17.994278+00:00,10,0,,"""Sant'Antonino di Susa"" (""permesso di costruire"" OR SCIA OR PEC OR ""piano esecutivo"" OR lottizzazione OR ""progetto approvato"") (residenziale OR commerciale OR costruzione OR edilizia)"
PDF urbanistica e permessi,Sant'Antonino di Susa,OK,2026-10-03T17:06:26.639204+00:00,10,0,,"""Sant'Antonino di Susa"" filetype:pdf (""permesso di costruire"" OR SCIA OR ""piano esecutivo"" OR lottizzazione OR ""variante urbanistica"")"
PDF cantieri e progetti,Sant'Antonino di Susa,ERROR,2026-10-03T17:06:35.565601+00:00,0,0,Google HTTP 429,"""Sant'Antonino di Susa"" filetype:pdf (cantiere OR ""nuova costruzione"" OR ""progetto approvato"" OR edilizia OR urbanistica)"
PDF Albo Pretorio edilizia,Sant'Antonino di Susa,ERROR,2026-10-03T17:06:44.606732+00:00,0,0,Google HTTP 429,"""Sant'Antonino di Susa"" filetype:pdf (""albo pretorio"" OR ""amministrazione trasparente"" OR delibera OR determina) (edilizia OR urbanistica OR lottizzazione OR costruire)"
Immobiliare.it,Sant'Antonino di Susa,OK,2026-10-03T17:06:51.207787+00:00,10,10,,"site:immobiliare.it/annunci/ ""Sant'Antonino di Susa"" vendita (casa OR appartamento OR villa)"
Idealista,Sant'Antonino di Susa,ERROR,2026-10-03T17:06:59.588373+00:00,0,0,Google HTTP 429; DDG verifica umana / rate limit,"site:idealista.it/immobile/ ""Sant'Antonino di Susa"" vendita (casa OR appartamento OR villa)"
Casa.it,Sant'Antonino di Susa,OK,2026-10-03T17:07:08.579663+00:00,10,0,,"site:casa.it/immobili/ ""Sant'Antonino di Susa"" vendita (casa OR appartamento OR villa)"
TrovaCasa privati,Sant'Antonino di Susa,OK,2026-10-03T17:07:17.564114+00:00,10,0,,"site:trovacasa.it/annunci/ ""Sant'Antonino di Susa"" (""da privato"" OR ""no agenzie"" OR ""privato vende"")"
Wikicasa,Sant'Antonino di Susa,ERROR,2026-10-03T17:07:26.615488+00:00,0,0,Google HTTP 429; DDG verifica umana / rate limit,"site:wikicasa.it ""Sant'Antonino di Susa"" vendita (casa OR appartamento OR villa)"
Subito privati,Sant'Antonino di Susa,ERROR,2026-10-03T17:07:35.586686+00:00,0,0,Google HTTP 429; DDG verifica umana / rate limit,"site:subito.it ""Sant'Antonino di Susa"" vendita (appartamento OR casa OR villa) (privato OR ""da privati"")"
Bakeca privati,Sant'Antonino di Susa,OK,2026-10-03T17:07:44.629791+00:00,10,0,,"site:bakeca.it/annunci/vendita-case/ ""Sant'Antonino di Susa"" (privato OR ""vendo"")"
Trovit,Sant'Antonino di Susa,ERROR,2026-10-03T17:07:53.587378+00:00,0,0,Google HTTP 429; DDG verifica umana / rate limit,"site:trovit.it ""Sant'Antonino di Susa"" vendita (casa OR appartamento OR villa)"
Nestoria,Sant'Antonino di Susa,OK,2026-10-03T17:08:02.609571+00:00,10,0,,"site:nestoria.it ""Sant'Antonino di Susa"" vendita (casa OR appartamento OR villa)"
Gate-away,Sant'Antonino di Susa,ERROR,2026-10-03T17:08:11.604501+00:00,0,0,Google HTTP 429; DDG verifica umana / rate limit,"site:gate-away.com ""Sant'Antonino di Susa"" property sale house"
VendereCasa,Sant'Antonino di Susa,ERROR,2026-10-03T17:08:20.649848+00:00,0,0,Google HTTP 429; DDG verifica umana / rate limit,"site:venderecasa.com ""Sant'Antonino di Susa"" vendita (casa OR appartamento OR villa)"
TuttoCasa,Sant'Antonino di Susa,OK,2026-10-03T17:08:29.589118+00:00,10,0,,"site:tuttocasa.it ""Sant'Antonino di Susa"" vendita (casa OR appartamento OR villa)"
Tecnocasa,Sant'Antonino di Susa,ERROR,2026-10-03T17:08:38.558049+00:00,0,0,Google HTTP 429; DDG verifica umana / rate limit,"site:tecnocasa.it/vendita/ ""Sant'Antonino di Susa"" vendita"
Tecnorete,Sant'Antonino di Susa,ERROR,2026-10-03T17:08:47.672400+00:00,0,0,Google HTTP 429; DDG verifica umana / rate limit,"site:tecnorete.it ""Sant'Antonino di Susa"" ""in vendita"""
Tempocasa,Sant'Antonino di Susa,ERROR,2026-10-03T17:08:56.607146+00:00,0,0,Google HTTP 429; DDG verifica umana / rate limit,"site:tempocasa.it/it/vendita/ ""Sant'Antonino di Susa"" vendita"
Facebook Marketplace,Sant'Antonino di Susa,ERROR,2026-10-03T17:09:05.611751+00:00,0,0,Google HTTP 429; DDG verifica umana / rate limit,"site:facebook.com/marketplace/item/ ""Sant'Antonino di Susa"" (casa OR appartamento OR villa) vendita"
Gruppi Facebook locali,Sant'Antonino di Susa,ERROR,2026-10-03T17:09:14.572095+00:00,0,0,Google HTTP 429; DDG verifica umana / rate limit,"site:facebook.com/groups/ ""Sant'Antonino di Susa"" (""vendo casa"" OR ""privato vende"" OR ""no agenzie"")"
Web generale,Sant'Antonino di Susa,ERROR,2026-10-03T17:09:23.702008+00:00,0,0,Google HTTP 429; DDG verifica umana / rate limit,"""Sant'Antonino di Susa"" (""privato vende"" OR ""no agenzie"") (casa OR appartamento OR villa) vendita"
Bacheche locali,Sant'Antonino di Susa,ERROR,2026-10-03T17:09:32.586178+00:00,0,0,Google HTTP 429; DDG verifica umana / rate limit,"""Sant'Antonino di Susa"" (""annuncio privato"" OR ""vendo appartamento"" OR ""vendo casa"") -immobiliare.it -idealista.it -casa.it"
Mercato residenziale,Trana,OK,2026-10-03T17:14:57.687096+00:00,10,4,,"""Trana"" (""in vendita"" OR vendesi OR vendita) (casa OR appartamento OR villa OR immobile)"
Tipologie residenziali,Trana,OK,2026-10-03T17:15:03.607973+00:00,1,0,,"""Trana"" (appartamento OR villa OR rustico OR casale OR cascina OR ""casa indipendente"" OR mansarda OR attico) (""in vendita"" OR vendita OR vendesi)"
Ribassi,Trana,OK,2026-10-03T17:15:12.231203+00:00,10,0,,"""Trana"" (ribassato OR ribasso OR ""prezzo ridotto"" OR ""prezzo trattabile"") (casa OR appartamento OR villa OR rustico OR immobile)"
Aste,Trana,OK,2026-10-03T17:15:21.120936+00:00,10,0,,"""Trana"" (""asta giudiziaria"" OR ""vendita giudiziaria"" OR ""asta immobiliare"" OR tribunale) (casa OR appartamento OR villa OR immobile)"
Privati,Trana,OK,2026-10-03T17:15:30.138089+00:00,10,0,,"""Trana"" (""privato vende"" OR ""no agenzie"" OR ""astenersi agenzie"" OR ""da privato"") (casa OR appartamento OR villa OR rustico)"
Storico uscite,Trana,OK,2026-10-03T17:15:39.173824+00:00,10,0,,"""Trana"" (venduto OR ""annuncio non disponibile"" OR ""immobile non disponibile"" OR ""annuncio rimosso"") (casa OR appartamento OR villa OR immobile)"
Commerciale negozi/locali,Trana,OK,2026-10-03T17:15:48.123786+00:00,10,0,,"""Trana"" (negozio OR ""locale commerciale"" OR showroom) (vendita OR affitto OR locazione OR cedesi)"
Uffici e direzionale,Trana,OK,2026-10-03T17:15:54.545124+00:00,10,0,,"""Trana"" (ufficio OR studio OR direzionale) (vendita OR affitto OR locazione)"
Capannoni logistica,Trana,OK,2026-10-03T17:16:00.530923+00:00,3,1,,"""Trana"" (capannone OR magazzino OR laboratorio OR deposito OR logistica) (vendita OR affitto OR locazione)"
Cessione attività,Trana,OK,2026-10-03T17:16:09.137632+00:00,10,0,,"""Trana"" (""cessione attività"" OR ""cedesi attività"" OR ""attività in vendita"" OR ""azienda in vendita"" OR subentro) (bar OR ristorante OR negozio OR azienda OR attività)"
Terreni e sviluppo,Trana,OK,2026-10-03T17:16:18.114609+00:00,10,0,,"""Trana"" (""terreno edificabile"" OR ""area edificabile"" OR ""lotto edificabile"" OR lottizzazione OR ""area commerciale"") (vendita OR progetto OR costruzione)"
Nuove costruzioni e cantieri,Trana,OK,2026-10-03T17:16:27.226442+00:00,10,0,,"""Trana"" (cantiere OR ""nuova costruzione"" OR ""nuove costruzioni"" OR ""in costruzione"" OR ""lavori in corso"" OR ""nuovo complesso"" OR ""nuova residenza"")"
Imprese edili con progetti,Trana,OK,2026-10-03T17:16:36.154548+00:00,10,0,,"""Trana"" (""impresa edile"" OR ""impresa costruzioni"" OR costruttore OR ""società di costruzioni"") (cantiere OR progetto OR ""nuova costruzione"" OR ""lavori in corso"" OR residenza)"
Progetti autorizzati,Trana,OK,2026-10-03T17:16:45.155118+00:00,10,0,,"""Trana"" (""permesso di costruire"" OR SCIA OR PEC OR ""piano esecutivo"" OR lottizzazione OR ""progetto approvato"") (residenziale OR commerciale OR costruzione OR edilizia)"
PDF urbanistica e permessi,Trana,OK,2026-10-03T17:16:54.129445+00:00,10,0,,"""Trana"" filetype:pdf (""permesso di costruire"" OR SCIA OR ""piano esecutivo"" OR lottizzazione OR ""variante urbanistica"")"
PDF cantieri e progetti,Trana,OK,2026-10-03T17:17:03.161229+00:00,10,0,,"""Trana"" filetype:pdf (cantiere OR ""nuova costruzione"" OR ""progetto approvato"" OR edilizia OR urbanistica)"
PDF Albo Pretorio edilizia,Trana,OK,2026-10-03T17:17:12.186521+00:00,10,0,,"""Trana"" filetype:pdf (""albo pretorio"" OR ""amministrazione trasparente"" OR delibera OR determina) (edilizia OR urbanistica OR lottizzazione OR costruire)"
Immobiliare.it,Trana,OK,2026-10-03T17:17:18.606937+00:00,10,10,,"site:immobiliare.it/annunci/ ""Trana"" vendita (casa OR appartamento OR villa)"
Idealista,Trana,OK,2026-10-03T17:17:27.115626+00:00,10,0,,"site:idealista.it/immobile/ ""Trana"" vendita (casa OR appartamento OR villa)"
Casa.it,Trana,OK,2026-10-03T17:17:36.199550+00:00,10,0,,"site:casa.it/immobili/ ""Trana"" vendita (casa OR appartamento OR villa)"
TrovaCasa privati,Trana,OK,2026-10-03T17:17:45.123008+00:00,10,0,,"site:trovacasa.it/annunci/ ""Trana"" (""da privato"" OR ""no agenzie"" OR ""privato vende"")"
Wikicasa,Trana,OK,2026-10-03T17:17:54.144318+00:00,10,0,,"site:wikicasa.it ""Trana"" vendita (casa OR appartamento OR villa)"
Subito privati,Trana,OK,2026-10-03T17:18:03.160991+00:00,10,0,,"site:subito.it ""Trana"" vendita (appartamento OR casa OR villa) (privato OR ""da privati"")"
Bakeca privati,Trana,OK,2026-10-03T17:18:12.265333+00:00,10,0,,"site:bakeca.it/annunci/vendita-case/ ""Trana"" (privato OR ""vendo"")"
Trovit,Trana,OK,2026-10-03T17:18:21.157897+00:00,10,0,,"site:trovit.it ""Trana"" vendita (casa OR appartamento OR villa)"
Nestoria,Trana,OK,2026-10-03T17:18:30.128785+00:00,10,0,,"site:nestoria.it ""Trana"" vendita (casa OR appartamento OR villa)"
Gate-away,Trana,OK,2026-10-03T17:18:39.162072+00:00,8,0,,"site:gate-away.com ""Trana"" property sale house"
VendereCasa,Trana,OK,2026-10-03T17:18:48.169532+00:00,10,0,,"site:venderecasa.com ""Trana"" vendita (casa OR appartamento OR villa)"
TuttoCasa,Trana,OK,2026-10-03T17:18:57.112029+00:00,10,0,,"site:tuttocasa.it ""Trana"" vendita (casa OR appartamento OR villa)"
Tecnocasa,Trana,OK,2026-10-03T17:19:06.117103+00:00,10,0,,"site:tecnocasa.it/vendita/ ""Trana"" vendita"
Tecnorete,Trana,OK,2026-10-03T17:19:15.162455+00:00,10,0,,"site:tecnorete.it ""Trana"" ""in vendita"""
Tempocasa,Trana,OK,2026-10-03T17:19:24.187906+00:00,10,0,,"site:tempocasa.it/it/vendita/ ""Trana"" vendita"
Facebook Marketplace,Trana,OK,2026-10-03T17:19:33.176983+00:00,8,0,,"site:facebook.com/marketplace/item/ ""Trana"" (casa OR appartamento OR villa) vendita"
Gruppi Facebook locali,Trana,OK,2026-10-03T17:19:42.165497+00:00,8,0,,"site:facebook.com/groups/ ""Trana"" (""vendo casa"" OR ""privato vende"" OR ""no agenzie"")"
Web generale,Trana,OK,2026-10-03T17:19:51.108081+00:00,10,0,,"""Trana"" (""privato vende"" OR ""no agenzie"") (casa OR appartamento OR villa) vendita"
Bacheche locali,Trana,OK,2026-10-03T17:20:00.155007+00:00,10,0,,"""Trana"" (""annuncio privato"" OR ""vendo appartamento"" OR ""vendo casa"") -immobiliare.it -idealista.it -casa.it"
Mercato residenziale,Vaie,OK,2026-10-03T17:04:27.262996+00:00,9,5,,"""Vaie"" (""in vendita"" OR vendesi OR vendita) (casa OR appartamento OR villa OR immobile)"
Tipologie residenziali,Vaie,ERROR,2026-10-03T17:04:35.858806+00:00,0,0,Google: nessun risultato organico parsabile,"""Vaie"" (appartamento OR villa OR rustico OR casale OR cascina OR ""casa indipendente"" OR mansarda OR attico) (""in vendita"" OR vendita OR vendesi)"
Ribassi,Vaie,ERROR,2026-10-03T17:04:44.849405+00:00,0,0,Google: nessun risultato organico parsabile,"""Vaie"" (ribassato OR ribasso OR ""prezzo ridotto"" OR ""prezzo trattabile"") (casa OR appartamento OR villa OR rustico OR immobile)"
Aste,Vaie,ERROR,2026-10-03T17:04:53.882482+00:00,0,0,Google: nessun risultato organico parsabile,"""Vaie"" (""asta giudiziaria"" OR ""vendita giudiziaria"" OR ""asta immobiliare"" OR tribunale) (casa OR appartamento OR villa OR immobile)"
Privati,Vaie,ERROR,2026-10-03T17:05:02.809406+00:00,0,0,Google: nessun risultato organico parsabile,"""Vaie"" (""privato vende"" OR ""no agenzie"" OR ""astenersi agenzie"" OR ""da privato"") (casa OR appartamento OR villa OR rustico)"
Storico uscite,Vaie,ERROR,2026-10-03T17:05:11.858447+00:00,0,0,Google: nessun risultato organico parsabile,"""Vaie"" (venduto OR ""annuncio non disponibile"" OR ""immobile non disponibile"" OR ""annuncio rimosso"") (casa OR appartamento OR villa OR immobile)"
Commerciale negozi/locali,Vaie,ERROR,2026-10-03T17:05:20.827259+00:00,0,0,Google: nessun risultato organico parsabile,"""Vaie"" (negozio OR ""locale commerciale"" OR showroom) (vendita OR affitto OR locazione OR cedesi)"
Uffici e direzionale,Vaie,OK,2026-10-03T17:05:27.273625+00:00,3,0,,"""Vaie"" (ufficio OR studio OR direzionale) (vendita OR affitto OR locazione)"
Capannoni logistica,Vaie,OK,2026-10-03T17:05:33.250823+00:00,1,0,,"""Vaie"" (capannone OR magazzino OR laboratorio OR deposito OR logistica) (vendita OR affitto OR locazione)"
Cessione attività,Vaie,ERROR,2026-10-03T17:05:41.822194+00:00,0,0,Google: nessun risultato organico parsabile,"""Vaie"" (""cessione attività"" OR ""cedesi attività"" OR ""attività in vendita"" OR ""azienda in vendita"" OR subentro) (bar OR ristorante OR negozio OR azienda OR attività)"
Terreni e sviluppo,Vaie,ERROR,2026-10-03T17:05:50.861464+00:00,0,0,Google: nessun risultato organico parsabile,"""Vaie"" (""terreno edificabile"" OR ""area edificabile"" OR ""lotto edificabile"" OR lottizzazione OR ""area commerciale"") (vendita OR progetto OR costruzione)"
Nuove costruzioni e cantieri,Vaie,OK,2026-10-03T17:05:59.852833+00:00,10,0,,"""Vaie"" (cantiere OR ""nuova costruzione"" OR ""nuove costruzioni"" OR ""in costruzione"" OR ""lavori in corso"" OR ""nuovo complesso"" OR ""nuova residenza"")"
Imprese edili con progetti,Vaie,ERROR,2026-10-03T17:06:08.847180+00:00,0,0,Google HTTP 429,"""Vaie"" (""impresa edile"" OR ""impresa costruzioni"" OR costruttore OR ""società di costruzioni"") (cantiere OR progetto OR ""nuova costruzione"" OR ""lavori in corso"" OR residenza)"
Progetti autorizzati,Vaie,ERROR,2026-10-03T17:06:17.850431+00:00,0,0,Google HTTP 429,"""Vaie"" (""permesso di costruire"" OR SCIA OR PEC OR ""piano esecutivo"" OR lottizzazione OR ""progetto approvato"") (residenziale OR commerciale OR costruzione OR edilizia)"
PDF urbanistica e permessi,Vaie,ERROR,2026-10-03T17:06:26.893023+00:00,0,0,Google HTTP 429,"""Vaie"" filetype:pdf (""permesso di costruire"" OR SCIA OR ""piano esecutivo"" OR lottizzazione OR ""variante urbanistica"")"
PDF cantieri e progetti,Vaie,ERROR,2026-10-03T17:06:35.874763+00:00,0,0,Google HTTP 429,"""Vaie"" filetype:pdf (cantiere OR ""nuova costruzione"" OR ""progetto approvato"" OR edilizia OR urbanistica)"
PDF Albo Pretorio edilizia,Vaie,ERROR,2026-10-03T17:06:44.867191+00:00,0,0,Google HTTP 429,"""Vaie"" filetype:pdf (""albo pretorio"" OR ""amministrazione trasparente"" OR delibera OR determina) (edilizia OR urbanistica OR lottizzazione OR costruire)"
Immobiliare.it,Vaie,OK,2026-10-03T17:06:51.195524+00:00,2,0,,"site:immobiliare.it/annunci/ ""Vaie"" vendita (casa OR appartamento OR villa)"
Idealista,Vaie,ERROR,2026-10-03T17:06:59.857278+00:00,0,0,Google HTTP 429; DDG verifica umana / rate limit,"site:idealista.it/immobile/ ""Vaie"" vendita (casa OR appartamento OR villa)"
Casa.it,Vaie,ERROR,2026-10-03T17:07:08.946569+00:00,0,0,Google HTTP 429; DDG verifica umana / rate limit,"site:casa.it/immobili/ ""Vaie"" vendita (casa OR appartamento OR villa)"
TrovaCasa privati,Vaie,ERROR,2026-10-03T17:07:17.824715+00:00,0,0,Google HTTP 429; DDG verifica umana / rate limit,"site:trovacasa.it/annunci/ ""Vaie"" (""da privato"" OR ""no agenzie"" OR ""privato vende"")"
Wikicasa,Vaie,OK,2026-10-03T17:07:26.852467+00:00,10,0,,"site:wikicasa.it ""Vaie"" vendita (casa OR appartamento OR villa)"
Subito privati,Vaie,ERROR,2026-10-03T17:07:35.831571+00:00,0,0,Google HTTP 429; DDG verifica umana / rate limit,"site:subito.it ""Vaie"" vendita (appartamento OR casa OR villa) (privato OR ""da privati"")"
Bakeca privati,Vaie,ERROR,2026-10-03T17:07:44.821579+00:00,0,0,Google HTTP 429; DDG verifica umana / rate limit,"site:bakeca.it/annunci/vendita-case/ ""Vaie"" (privato OR ""vendo"")"
Trovit,Vaie,OK,2026-10-03T17:07:53.844051+00:00,10,0,,"site:trovit.it ""Vaie"" vendita (casa OR appartamento OR villa)"
Nestoria,Vaie,ERROR,2026-10-03T17:08:02.831277+00:00,0,0,Google HTTP 429; DDG verifica umana / rate limit,"site:nestoria.it ""Vaie"" vendita (casa OR appartamento OR villa)"
Gate-away,Vaie,ERROR,2026-10-03T17:08:11.795597+00:00,0,0,Google HTTP 429; DDG verifica umana / rate limit,"site:gate-away.com ""Vaie"" property sale house"
VendereCasa,Vaie,ERROR,2026-10-03T17:08:20.840492+00:00,0,0,Google HTTP 429; DDG verifica umana / rate limit,"site:venderecasa.com ""Vaie"" vendita (casa OR appartamento OR villa)"
TuttoCasa,Vaie,ERROR,2026-10-03T17:08:29.827617+00:00,0,0,Google HTTP 429; DDG verifica umana / rate limit,"site:tuttocasa.it ""Vaie"" vendita (casa OR appartamento OR villa)"
Tecnocasa,Vaie,ERROR,2026-10-03T17:08:38.813374+00:00,0,0,Google HTTP 429; DDG verifica umana / rate limit,"site:tecnocasa.it/vendita/ ""Vaie"" vendita"
Tecnorete,Vaie,ERROR,2026-10-03T17:08:48.013564+00:00,0,0,Google HTTP 429; DDG verifica umana / rate limit,"site:tecnorete.it ""Vaie"" ""in vendita"""
Tempocasa,Vaie,ERROR,2026-10-03T17:08:56.883029+00:00,0,0,Google HTTP 429; DDG verifica umana / rate limit,"site:tempocasa.it/it/vendita/ ""Vaie"" vendita"
Facebook Marketplace,Vaie,ERROR,2026-10-03T17:09:05.865498+00:00,0,0,Google HTTP 429; DDG verifica umana / rate limit,"site:facebook.com/marketplace/item/ ""Vaie"" (casa OR appartamento OR villa) vendita"
Gruppi Facebook locali,Vaie,ERROR,2026-10-03T17:09:14.813512+00:00,0,0,Google HTTP 429; DDG verifica umana / rate limit,"site:facebook.com/groups/ ""Vaie"" (""vendo casa"" OR ""privato vende"" OR ""no agenzie"")"
Web generale,Vaie,ERROR,2026-10-03T17:09:23.806685+00:00,0,0,Google HTTP 429; DDG verifica umana / rate limit,"""Vaie"" (""privato vende"" OR ""no agenzie"") (casa OR appartamento OR villa) vendita"
Bacheche locali,Vaie,ERROR,2026-10-03T17:09:32.849761+00:00,0,0,Google HTTP 429; DDG verifica umana / rate limit,"""Vaie"" (""annuncio privato"" OR ""vendo appartamento"" OR ""vendo casa"") -immobiliare.it -idealista.it -casa.it"
Mercato residenziale,Val della Torre,OK,2026-10-03T17:09:44.157713+00:00,10,1,,"""Val della Torre"" (""in vendita"" OR vendesi OR vendita) (casa OR appartamento OR villa OR immobile)"
Tipologie residenziali,Val della Torre,OK,2026-10-03T17:09:50.141444+00:00,1,0,,"""Val della Torre"" (appartamento OR villa OR rustico OR casale OR cascina OR ""casa indipendente"" OR mansarda OR attico) (""in vendita"" OR vendita OR vendesi)"
Ribassi,Val della Torre,OK,2026-10-03T17:09:58.578697+00:00,10,0,,"""Val della Torre"" (ribassato OR ribasso OR ""prezzo ridotto"" OR ""prezzo trattabile"") (casa OR appartamento OR villa OR rustico OR immobile)"
Aste,Val della Torre,OK,2026-10-03T17:10:07.509999+00:00,10,0,,"""Val della Torre"" (""asta giudiziaria"" OR ""vendita giudiziaria"" OR ""asta immobiliare"" OR tribunale) (casa OR appartamento OR villa OR immobile)"
Privati,Val della Torre,OK,2026-10-03T17:10:16.457771+00:00,10,0,,"""Val della Torre"" (""privato vende"" OR ""no agenzie"" OR ""astenersi agenzie"" OR ""da privato"") (casa OR appartamento OR villa OR rustico)"
Storico uscite,Val della Torre,OK,2026-10-03T17:10:25.527651+00:00,10,0,,"""Val della Torre"" (venduto OR ""annuncio non disponibile"" OR ""immobile non disponibile"" OR ""annuncio rimosso"") (casa OR appartamento OR villa OR immobile)"
Commerciale negozi/locali,Val della Torre,OK,2026-10-03T17:10:32.050951+00:00,1,0,,"""Val della Torre"" (negozio OR ""locale commerciale"" OR showroom) (vendita OR affitto OR locazione OR cedesi)"
Uffici e direzionale,Val della Torre,OK,2026-10-03T17:10:38.180361+00:00,10,1,,"""Val della Torre"" (ufficio OR studio OR direzionale) (vendita OR affitto OR locazione)"
Capannoni logistica,Val della Torre,OK,2026-10-03T17:10:44.126680+00:00,8,0,,"""Val della Torre"" (capannone OR magazzino OR laboratorio OR deposito OR logistica) (vendita OR affitto OR locazione)"
Cessione attività,Val della Torre,OK,2026-10-03T17:10:52.648563+00:00,10,0,,"""Val della Torre"" (""cessione attività"" OR ""cedesi attività"" OR ""attività in vendita"" OR ""azienda in vendita"" OR subentro) (bar OR ristorante OR negozio OR azienda OR attività)"
Terreni e sviluppo,Val della Torre,OK,2026-10-03T17:11:01.541277+00:00,10,0,,"""Val della Torre"" (""terreno edificabile"" OR ""area edificabile"" OR ""lotto edificabile"" OR lottizzazione OR ""area commerciale"") (vendita OR progetto OR costruzione)"
Nuove costruzioni e cantieri,Val della Torre,OK,2026-10-03T17:11:10.471780+00:00,10,0,,"""Val della Torre"" (cantiere OR ""nuova costruzione"" OR ""nuove costruzioni"" OR ""in costruzione"" OR ""lavori in corso"" OR ""nuovo complesso"" OR ""nuova residenza"")"
Imprese edili con progetti,Val della Torre,OK,2026-10-03T17:11:19.501973+00:00,10,0,,"""Val della Torre"" (""impresa edile"" OR ""impresa costruzioni"" OR costruttore OR ""società di costruzioni"") (cantiere OR progetto OR ""nuova costruzione"" OR ""lavori in corso"" OR residenza)"
Progetti autorizzati,Val della Torre,OK,2026-10-03T17:11:28.493573+00:00,10,0,,"""Val della Torre"" (""permesso di costruire"" OR SCIA OR PEC OR ""piano esecutivo"" OR lottizzazione OR ""progetto approvato"") (residenziale OR commerciale OR costruzione OR edilizia)"
PDF urbanistica e permessi,Val della Torre,OK,2026-10-03T17:11:37.463790+00:00,10,0,,"""Val della Torre"" filetype:pdf (""permesso di costruire"" OR SCIA OR ""piano esecutivo"" OR lottizzazione OR ""variante urbanistica"")"
PDF cantieri e progetti,Val della Torre,OK,2026-10-03T17:11:46.557804+00:00,10,0,,"""Val della Torre"" filetype:pdf (cantiere OR ""nuova costruzione"" OR ""progetto approvato"" OR edilizia OR urbanistica)"
PDF Albo Pretorio edilizia,Val della Torre,OK,2026-10-03T17:11:55.467111+00:00,10,0,,"""Val della Torre"" filetype:pdf (""albo pretorio"" OR ""amministrazione trasparente"" OR delibera OR determina) (edilizia OR urbanistica OR lottizzazione OR costruire)"
Immobiliare.it,Val della Torre,OK,2026-10-03T17:12:02.247566+00:00,10,2,,"site:immobiliare.it/annunci/ ""Val della Torre"" vendita (casa OR appartamento OR villa)"
Idealista,Val della Torre,OK,2026-10-03T17:12:10.476030+00:00,10,0,,"site:idealista.it/immobile/ ""Val della Torre"" vendita (casa OR appartamento OR villa)"
Casa.it,Val della Torre,OK,2026-10-03T17:12:19.449780+00:00,10,0,,"site:casa.it/immobili/ ""Val della Torre"" vendita (casa OR appartamento OR villa)"
TrovaCasa privati,Val della Torre,OK,2026-10-03T17:12:28.500737+00:00,10,0,,"site:trovacasa.it/annunci/ ""Val della Torre"" (""da privato"" OR ""no agenzie"" OR ""privato vende"")"
Wikicasa,Val della Torre,OK,2026-10-03T17:12:37.546009+00:00,10,0,,"site:wikicasa.it ""Val della Torre"" vendita (casa OR appartamento OR villa)"
Subito privati,Val della Torre,OK,2026-10-03T17:12:46.731979+00:00,10,0,,"site:subito.it ""Val della Torre"" vendita (appartamento OR casa OR villa) (privato OR ""da privati"")"
Bakeca privati,Val della Torre,OK,2026-10-03T17:12:55.479768+00:00,10,0,,"site:bakeca.it/annunci/vendita-case/ ""Val della Torre"" (privato OR ""vendo"")"
Trovit,Val della Torre,OK,2026-10-03T17:13:04.597625+00:00,10,0,,"site:trovit.it ""Val della Torre"" vendita (casa OR appartamento OR villa)"
Nestoria,Val della Torre,OK,2026-10-03T17:13:13.451946+00:00,10,0,,"site:nestoria.it ""Val della Torre"" vendita (casa OR appartamento OR villa)"
Gate-away,Val della Torre,ERROR,2026-10-03T17:13:22.492631+00:00,0,0,Google HTTP 429; DDG verifica umana / rate limit,"site:gate-away.com ""Val della Torre"" property sale house"
VendereCasa,Val della Torre,OK,2026-10-03T17:13:31.546764+00:00,10,0,,"site:venderecasa.com ""Val della Torre"" vendita (casa OR appartamento OR villa)"
TuttoCasa,Val della Torre,OK,2026-10-03T17:13:40.467338+00:00,10,0,,"site:tuttocasa.it ""Val della Torre"" vendita (casa OR appartamento OR villa)"
Tecnocasa,Val della Torre,OK,2026-10-03T17:13:49.487346+00:00,10,0,,"site:tecnocasa.it/vendita/ ""Val della Torre"" vendita"
Tecnorete,Val della Torre,OK,2026-10-03T17:13:58.521552+00:00,10,0,,"site:tecnorete.it ""Val della Torre"" ""in vendita"""
Tempocasa,Val della Torre,OK,2026-10-03T17:14:07.465935+00:00,10,0,,"site:tempocasa.it/it/vendita/ ""Val della Torre"" vendita"
Facebook Marketplace,Val della Torre,OK,2026-10-03T17:14:16.508231+00:00,8,0,,"site:facebook.com/marketplace/item/ ""Val della Torre"" (casa OR appartamento OR villa) vendita"
Gruppi Facebook locali,Val della Torre,OK,2026-10-03T17:14:25.478087+00:00,8,0,,"site:facebook.com/groups/ ""Val della Torre"" (""vendo casa"" OR ""privato vende"" OR ""no agenzie"")"
Web generale,Val della Torre,OK,2026-10-03T17:14:34.467324+00:00,10,0,,"""Val della Torre"" (""privato vende"" OR ""no agenzie"") (casa OR appartamento OR villa) vendita"
Bacheche locali,Val della Torre,OK,2026-10-03T17:14:43.502254+00:00,10,0,,"""Val della Torre"" (""annuncio privato"" OR ""vendo appartamento"" OR ""vendo casa"") -immobiliare.it -idealista.it -casa.it"
Mercato residenziale,Valgioie,OK,2026-10-03T17:04:27.344221+00:00,10,3,,"""Valgioie"" (""in vendita"" OR vendesi OR vendita) (casa OR appartamento OR villa OR immobile)"
Tipologie residenziali,Valgioie,OK,2026-10-03T17:04:35.903412+00:00,10,0,,"""Valgioie"" (appartamento OR villa OR rustico OR casale OR cascina OR ""casa indipendente"" OR mansarda OR attico) (""in vendita"" OR vendita OR vendesi)"
Ribassi,Valgioie,ERROR,2026-10-03T17:04:44.873039+00:00,0,0,Google: nessun risultato organico parsabile,"""Valgioie"" (ribassato OR ribasso OR ""prezzo ridotto"" OR ""prezzo trattabile"") (casa OR appartamento OR villa OR rustico OR immobile)"
Aste,Valgioie,ERROR,2026-10-03T17:04:53.801100+00:00,0,0,Google: nessun risultato organico parsabile,"""Valgioie"" (""asta giudiziaria"" OR ""vendita giudiziaria"" OR ""asta immobiliare"" OR tribunale) (casa OR appartamento OR villa OR immobile)"
Privati,Valgioie,ERROR,2026-10-03T17:05:02.807631+00:00,0,0,Google: nessun risultato organico parsabile,"""Valgioie"" (""privato vende"" OR ""no agenzie"" OR ""astenersi agenzie"" OR ""da privato"") (casa OR appartamento OR villa OR rustico)"
Storico uscite,Valgioie,ERROR,2026-10-03T17:05:11.803641+00:00,0,0,Google: nessun risultato organico parsabile,"""Valgioie"" (venduto OR ""annuncio non disponibile"" OR ""immobile non disponibile"" OR ""annuncio rimosso"") (casa OR appartamento OR villa OR immobile)"
Commerciale negozi/locali,Valgioie,ERROR,2026-10-03T17:05:20.802083+00:00,0,0,Google: nessun risultato organico parsabile,"""Valgioie"" (negozio OR ""locale commerciale"" OR showroom) (vendita OR affitto OR locazione OR cedesi)"
Uffici e direzionale,Valgioie,OK,2026-10-03T17:05:27.389070+00:00,8,0,,"""Valgioie"" (ufficio OR studio OR direzionale) (vendita OR affitto OR locazione)"
Capannoni logistica,Valgioie,OK,2026-10-03T17:05:33.334563+00:00,3,1,,"""Valgioie"" (capannone OR magazzino OR laboratorio OR deposito OR logistica) (vendita OR affitto OR locazione)"
Cessione attività,Valgioie,ERROR,2026-10-03T17:05:41.807324+00:00,0,0,Google: nessun risultato organico parsabile,"""Valgioie"" (""cessione attività"" OR ""cedesi attività"" OR ""attività in vendita"" OR ""azienda in vendita"" OR subentro) (bar OR ristorante OR negozio OR azienda OR attività)"
Terreni e sviluppo,Valgioie,ERROR,2026-10-03T17:05:50.814018+00:00,0,0,Google: nessun risultato organico parsabile,"""Valgioie"" (""terreno edificabile"" OR ""area edificabile"" OR ""lotto edificabile"" OR lottizzazione OR ""area commerciale"") (vendita OR progetto OR costruzione)"
Nuove costruzioni e cantieri,Valgioie,ERROR,2026-10-03T17:05:59.806903+00:00,0,0,Google: nessun risultato organico parsabile,"""Valgioie"" (cantiere OR ""nuova costruzione"" OR ""nuove costruzioni"" OR ""in costruzione"" OR ""lavori in corso"" OR ""nuovo complesso"" OR ""nuova residenza"")"
Imprese edili con progetti,Valgioie,ERROR,2026-10-03T17:06:08.841790+00:00,0,0,Google HTTP 429,"""Valgioie"" (""impresa edile"" OR ""impresa costruzioni"" OR costruttore OR ""società di costruzioni"") (cantiere OR progetto OR ""nuova costruzione"" OR ""lavori in corso"" OR residenza)"
Progetti autorizzati,Valgioie,ERROR,2026-10-03T17:06:17.801950+00:00,0,0,Google HTTP 429,"""Valgioie"" (""permesso di costruire"" OR SCIA OR PEC OR ""piano esecutivo"" OR lottizzazione OR ""progetto approvato"") (residenziale OR commerciale OR costruzione OR edilizia)"
PDF urbanistica e permessi,Valgioie,ERROR,2026-10-03T17:06:26.854604+00:00,0,0,Google HTTP 429,"""Valgioie"" filetype:pdf (""permesso di costruire"" OR SCIA OR ""piano esecutivo"" OR lottizzazione OR ""variante urbanistica"")"
PDF cantieri e progetti,Valgioie,ERROR,2026-10-03T17:06:35.801295+00:00,0,0,Google HTTP 429,"""Valgioie"" filetype:pdf (cantiere OR ""nuova costruzione"" OR ""progetto approvato"" OR edilizia OR urbanistica)"
PDF Albo Pretorio edilizia,Valgioie,ERROR,2026-10-03T17:06:44.793837+00:00,0,0,Google HTTP 429,"""Valgioie"" filetype:pdf (""albo pretorio"" OR ""amministrazione trasparente"" OR delibera OR determina) (edilizia OR urbanistica OR lottizzazione OR costruire)"
Immobiliare.it,Valgioie,OK,2026-10-03T17:06:51.292930+00:00,9,8,,"site:immobiliare.it/annunci/ ""Valgioie"" vendita (casa OR appartamento OR villa)"
Idealista,Valgioie,ERROR,2026-10-03T17:06:59.802661+00:00,0,0,Google HTTP 429; DDG verifica umana / rate limit,"site:idealista.it/immobile/ ""Valgioie"" vendita (casa OR appartamento OR villa)"
Casa.it,Valgioie,OK,2026-10-03T17:07:08.829389+00:00,10,0,,"site:casa.it/immobili/ ""Valgioie"" vendita (casa OR appartamento OR villa)"
TrovaCasa privati,Valgioie,ERROR,2026-10-03T17:07:17.815102+00:00,0,0,Google HTTP 429; DDG verifica umana / rate limit,"site:trovacasa.it/annunci/ ""Valgioie"" (""da privato"" OR ""no agenzie"" OR ""privato vende"")"
Wikicasa,Valgioie,ERROR,2026-10-03T17:07:26.804782+00:00,0,0,Google HTTP 429; DDG verifica umana / rate limit,"site:wikicasa.it ""Valgioie"" vendita (casa OR appartamento OR villa)"
Subito privati,Valgioie,ERROR,2026-10-03T17:07:35.770665+00:00,0,0,Google HTTP 429; DDG verifica umana / rate limit,"site:subito.it ""Valgioie"" vendita (appartamento OR casa OR villa) (privato OR ""da privati"")"
Bakeca privati,Valgioie,ERROR,2026-10-03T17:07:44.893500+00:00,0,0,Google HTTP 429; DDG verifica umana / rate limit,"site:bakeca.it/annunci/vendita-case/ ""Valgioie"" (privato OR ""vendo"")"
Trovit,Valgioie,ERROR,2026-10-03T17:07:53.947813+00:00,0,0,Google HTTP 429; DDG verifica umana / rate limit,"site:trovit.it ""Valgioie"" vendita (casa OR appartamento OR villa)"
Nestoria,Valgioie,ERROR,2026-10-03T17:08:02.805968+00:00,0,0,Google HTTP 429; DDG verifica umana / rate limit,"site:nestoria.it ""Valgioie"" vendita (casa OR appartamento OR villa)"
Gate-away,Valgioie,ERROR,2026-10-03T17:08:11.819956+00:00,0,0,Google HTTP 429; DDG verifica umana / rate limit,"site:gate-away.com ""Valgioie"" property sale house"
VendereCasa,Valgioie,ERROR,2026-10-03T17:08:20.790987+00:00,0,0,Google HTTP 429; DDG verifica umana / rate limit,"site:venderecasa.com ""Valgioie"" vendita (casa OR appartamento OR villa)"
TuttoCasa,Valgioie,OK,2026-10-03T17:08:29.814648+00:00,10,0,,"site:tuttocasa.it ""Valgioie"" vendita (casa OR appartamento OR villa)"
Tecnocasa,Valgioie,ERROR,2026-10-03T17:08:38.903832+00:00,0,0,Google HTTP 429; DDG verifica umana / rate limit,"site:tecnocasa.it/vendita/ ""Valgioie"" vendita"
Tecnorete,Valgioie,OK,2026-10-03T17:08:47.821466+00:00,10,0,,"site:tecnorete.it ""Valgioie"" ""in vendita"""
Tempocasa,Valgioie,ERROR,2026-10-03T17:08:56.783323+00:00,0,0,Google HTTP 429; DDG verifica umana / rate limit,"site:tempocasa.it/it/vendita/ ""Valgioie"" vendita"
Facebook Marketplace,Valgioie,ERROR,2026-10-03T17:09:05.845274+00:00,0,0,Google HTTP 429; DDG verifica umana / rate limit,"site:facebook.com/marketplace/item/ ""Valgioie"" (casa OR appartamento OR villa) vendita"
Gruppi Facebook locali,Valgioie,OK,2026-10-03T17:09:14.783769+00:00,8,0,,"site:facebook.com/groups/ ""Valgioie"" (""vendo casa"" OR ""privato vende"" OR ""no agenzie"")"
Web generale,Valgioie,ERROR,2026-10-03T17:09:23.904432+00:00,0,0,Google HTTP 429; DDG verifica umana / rate limit,"""Valgioie"" (""privato vende"" OR ""no agenzie"") (casa OR appartamento OR villa) vendita"
Bacheche locali,Valgioie,ERROR,2026-10-03T17:09:32.831148+00:00,0,0,Google HTTP 429; DDG verifica umana / rate limit,"""Valgioie"" (""annuncio privato"" OR ""vendo appartamento"" OR ""vendo casa"") -immobiliare.it -idealista.it -casa.it"
Mercato residenziale,Varisella,OK,2026-10-03T17:09:46.043550+00:00,6,1,,"""Varisella"" (""in vendita"" OR vendesi OR vendita) (casa OR appartamento OR villa OR immobile)"
Tipologie residenziali,Varisella,OK,2026-10-03T17:09:54.397819+00:00,10,0,,"""Varisella"" (appartamento OR villa OR rustico OR casale OR cascina OR ""casa indipendente"" OR mansarda OR attico) (""in vendita"" OR vendita OR vendesi)"
Ribassi,Varisella,ERROR,2026-10-03T17:10:03.440039+00:00,0,0,Google: nessun risultato organico parsabile,"""Varisella"" (ribassato OR ribasso OR ""prezzo ridotto"" OR ""prezzo trattabile"") (casa OR appartamento OR villa OR rustico OR immobile)"
Aste,Varisella,ERROR,2026-10-03T17:10:12.509519+00:00,0,0,Google: nessun risultato organico parsabile,"""Varisella"" (""asta giudiziaria"" OR ""vendita giudiziaria"" OR ""asta immobiliare"" OR tribunale) (casa OR appartamento OR villa OR immobile)"
Privati,Varisella,ERROR,2026-10-03T17:10:21.332510+00:00,0,0,Google: nessun risultato organico parsabile,"""Varisella"" (""privato vende"" OR ""no agenzie"" OR ""astenersi agenzie"" OR ""da privato"") (casa OR appartamento OR villa OR rustico)"
Storico uscite,Varisella,ERROR,2026-10-03T17:10:30.311731+00:00,0,0,Google: nessun risultato organico parsabile,"""Varisella"" (venduto OR ""annuncio non disponibile"" OR ""immobile non disponibile"" OR ""annuncio rimosso"") (casa OR appartamento OR villa OR immobile)"
Commerciale negozi/locali,Varisella,ERROR,2026-10-03T17:10:39.421145+00:00,0,0,Google: nessun risultato organico parsabile,"""Varisella"" (negozio OR ""locale commerciale"" OR showroom) (vendita OR affitto OR locazione OR cedesi)"
Uffici e direzionale,Varisella,OK,2026-10-03T17:10:45.816500+00:00,6,0,,"""Varisella"" (ufficio OR studio OR direzionale) (vendita OR affitto OR locazione)"
Capannoni logistica,Varisella,OK,2026-10-03T17:10:51.822285+00:00,1,0,,"""Varisella"" (capannone OR magazzino OR laboratorio OR deposito OR logistica) (vendita OR affitto OR locazione)"
Cessione attività,Varisella,ERROR,2026-10-03T17:11:00.375946+00:00,0,0,Google: nessun risultato organico parsabile,"""Varisella"" (""cessione attività"" OR ""cedesi attività"" OR ""attività in vendita"" OR ""azienda in vendita"" OR subentro) (bar OR ristorante OR negozio OR azienda OR attività)"
Terreni e sviluppo,Varisella,ERROR,2026-10-03T17:11:09.345854+00:00,0,0,Google: nessun risultato organico parsabile,"""Varisella"" (""terreno edificabile"" OR ""area edificabile"" OR ""lotto edificabile"" OR lottizzazione OR ""area commerciale"") (vendita OR progetto OR costruzione)"
Nuove costruzioni e cantieri,Varisella,OK,2026-10-03T17:11:18.357142+00:00,10,0,,"""Varisella"" (cantiere OR ""nuova costruzione"" OR ""nuove costruzioni"" OR ""in costruzione"" OR ""lavori in corso"" OR ""nuovo complesso"" OR ""nuova residenza"")"
Imprese edili con progetti,Varisella,OK,2026-10-03T17:11:27.348547+00:00,10,0,,"""Varisella"" (""impresa edile"" OR ""impresa costruzioni"" OR costruttore OR ""società di costruzioni"") (cantiere OR progetto OR ""nuova costruzione"" OR ""lavori in corso"" OR residenza)"
Progetti autorizzati,Varisella,ERROR,2026-10-03T17:11:36.314678+00:00,0,0,Google HTTP 429,"""Varisella"" (""permesso di costruire"" OR SCIA OR PEC OR ""piano esecutivo"" OR lottizzazione OR ""progetto approvato"") (residenziale OR commerciale OR costruzione OR edilizia)"
PDF urbanistica e permessi,Varisella,ERROR,2026-10-03T17:11:45.320696+00:00,0,0,Google HTTP 429,"""Varisella"" filetype:pdf (""permesso di costruire"" OR SCIA OR ""piano esecutivo"" OR lottizzazione OR ""variante urbanistica"")"
PDF cantieri e progetti,Varisella,OK,2026-10-03T17:11:54.339585+00:00,10,0,,"""Varisella"" filetype:pdf (cantiere OR ""nuova costruzione"" OR ""progetto approvato"" OR edilizia OR urbanistica)"
PDF Albo Pretorio edilizia,Varisella,OK,2026-10-03T17:12:03.330166+00:00,10,0,,"""Varisella"" filetype:pdf (""albo pretorio"" OR ""amministrazione trasparente"" OR delibera OR determina) (edilizia OR urbanistica OR lottizzazione OR costruire)"
Immobiliare.it,Varisella,OK,2026-10-03T17:12:09.764812+00:00,1,1,,"site:immobiliare.it/annunci/ ""Varisella"" vendita (casa OR appartamento OR villa)"
Idealista,Varisella,OK,2026-10-03T17:12:18.358096+00:00,10,0,,"site:idealista.it/immobile/ ""Varisella"" vendita (casa OR appartamento OR villa)"
Casa.it,Varisella,ERROR,2026-10-03T17:12:27.354162+00:00,0,0,Google HTTP 429; DDG verifica umana / rate limit,"site:casa.it/immobili/ ""Varisella"" vendita (casa OR appartamento OR villa)"
TrovaCasa privati,Varisella,ERROR,2026-10-03T17:12:36.369547+00:00,0,0,Google HTTP 429; DDG verifica umana / rate limit,"site:trovacasa.it/annunci/ ""Varisella"" (""da privato"" OR ""no agenzie"" OR ""privato vende"")"
Wikicasa,Varisella,ERROR,2026-10-03T17:12:45.567549+00:00,0,0,Google HTTP 429; DDG verifica umana / rate limit,"site:wikicasa.it ""Varisella"" vendita (casa OR appartamento OR villa)"
Subito privati,Varisella,OK,2026-10-03T17:12:54.481025+00:00,10,0,,"site:subito.it ""Varisella"" vendita (appartamento OR casa OR villa) (privato OR ""da privati"")"
Bakeca privati,Varisella,ERROR,2026-10-03T17:13:03.510102+00:00,0,0,Google HTTP 429; DDG verifica umana / rate limit,"site:bakeca.it/annunci/vendita-case/ ""Varisella"" (privato OR ""vendo"")"
Trovit,Varisella,ERROR,2026-10-03T17:13:12.372320+00:00,0,0,Google HTTP 429; DDG verifica umana / rate limit,"site:trovit.it ""Varisella"" vendita (casa OR appartamento OR villa)"
Nestoria,Varisella,ERROR,2026-10-03T17:13:21.380747+00:00,0,0,Google HTTP 429; DDG verifica umana / rate limit,"site:nestoria.it ""Varisella"" vendita (casa OR appartamento OR villa)"
Gate-away,Varisella,ERROR,2026-10-03T17:13:30.359637+00:00,0,0,Google HTTP 429; DDG verifica umana / rate limit,"site:gate-away.com ""Varisella"" property sale house"
VendereCasa,Varisella,ERROR,2026-10-03T17:13:39.448119+00:00,0,0,Google HTTP 429; DDG verifica umana / rate limit,"site:venderecasa.com ""Varisella"" vendita (casa OR appartamento OR villa)"
TuttoCasa,Varisella,ERROR,2026-10-03T17:13:48.317654+00:00,0,0,Google HTTP 429; DDG verifica umana / rate limit,"site:tuttocasa.it ""Varisella"" vendita (casa OR appartamento OR villa)"
Tecnocasa,Varisella,OK,2026-10-03T17:13:57.341972+00:00,10,0,,"site:tecnocasa.it/vendita/ ""Varisella"" vendita"
Tecnorete,Varisella,OK,2026-10-03T17:14:06.340162+00:00,10,0,,"site:tecnorete.it ""Varisella"" ""in vendita"""
Tempocasa,Varisella,ERROR,2026-10-03T17:14:15.381957+00:00,0,0,Google HTTP 429; DDG verifica umana / rate limit,"site:tempocasa.it/it/vendita/ ""Varisella"" vendita"
Facebook Marketplace,Varisella,OK,2026-10-03T17:14:24.345468+00:00,8,0,,"site:facebook.com/marketplace/item/ ""Varisella"" (casa OR appartamento OR villa) vendita"
Gruppi Facebook locali,Varisella,ERROR,2026-10-03T17:14:33.314373+00:00,0,0,Google HTTP 429; DDG verifica umana / rate limit,"site:facebook.com/groups/ ""Varisella"" (""vendo casa"" OR ""privato vende"" OR ""no agenzie"")"
Web generale,Varisella,ERROR,2026-10-03T17:14:42.389335+00:00,0,0,Google HTTP 429; DDG verifica umana / rate limit,"""Varisella"" (""privato vende"" OR ""no agenzie"") (casa OR appartamento OR villa) vendita"
Bacheche locali,Varisella,ERROR,2026-10-03T17:14:51.333087+00:00,0,0,Google HTTP 429; DDG verifica umana / rate limit,"""Varisella"" (""annuncio privato"" OR ""vendo appartamento"" OR ""vendo casa"") -immobiliare.it -idealista.it -casa.it"
Mercato residenziale,Villar Dora,OK,2026-10-03T17:04:27.385008+00:00,10,2,,"""Villar Dora"" (""in vendita"" OR vendesi OR vendita) (casa OR appartamento OR villa OR immobile)"
Tipologie residenziali,Villar Dora,OK,2026-10-03T17:04:33.377877+00:00,1,0,,"""Villar Dora"" (appartamento OR villa OR rustico OR casale OR cascina OR ""casa indipendente"" OR mansarda OR attico) (""in vendita"" OR vendita OR vendesi)"
Ribassi,Villar Dora,OK,2026-10-03T17:04:41.975953+00:00,10,0,,"""Villar Dora"" (ribassato OR ribasso OR ""prezzo ridotto"" OR ""prezzo trattabile"") (casa OR appartamento OR villa OR rustico OR immobile)"
Aste,Villar Dora,OK,2026-10-03T17:04:50.980996+00:00,10,0,,"""Villar Dora"" (""asta giudiziaria"" OR ""vendita giudiziaria"" OR ""asta immobiliare"" OR tribunale) (casa OR appartamento OR villa OR immobile)"
Privati,Villar Dora,OK,2026-10-03T17:04:59.969775+00:00,10,0,,"""Villar Dora"" (""privato vende"" OR ""no agenzie"" OR ""astenersi agenzie"" OR ""da privato"") (casa OR appartamento OR villa OR rustico)"
Storico uscite,Villar Dora,OK,2026-10-03T17:05:08.915489+00:00,10,0,,"""Villar Dora"" (venduto OR ""annuncio non disponibile"" OR ""immobile non disponibile"" OR ""annuncio rimosso"") (casa OR appartamento OR villa OR immobile)"
Commerciale negozi/locali,Villar Dora,OK,2026-10-03T17:05:17.892532+00:00,10,0,,"""Villar Dora"" (negozio OR ""locale commerciale"" OR showroom) (vendita OR affitto OR locazione OR cedesi)"
Uffici e direzionale,Villar Dora,OK,2026-10-03T17:05:24.300026+00:00,10,0,,"""Villar Dora"" (ufficio OR studio OR direzionale) (vendita OR affitto OR locazione)"
Capannoni logistica,Villar Dora,OK,2026-10-03T17:05:30.390565+00:00,10,0,,"""Villar Dora"" (capannone OR magazzino OR laboratorio OR deposito OR logistica) (vendita OR affitto OR locazione)"
Cessione attività,Villar Dora,OK,2026-10-03T17:05:38.914786+00:00,10,0,,"""Villar Dora"" (""cessione attività"" OR ""cedesi attività"" OR ""attività in vendita"" OR ""azienda in vendita"" OR subentro) (bar OR ristorante OR negozio OR azienda OR attività)"
Terreni e sviluppo,Villar Dora,OK,2026-10-03T17:05:47.929146+00:00,10,0,,"""Villar Dora"" (""terreno edificabile"" OR ""area edificabile"" OR ""lotto edificabile"" OR lottizzazione OR ""area commerciale"") (vendita OR progetto OR costruzione)"
Nuove costruzioni e cantieri,Villar Dora,OK,2026-10-03T17:05:56.947433+00:00,10,0,,"""Villar Dora"" (cantiere OR ""nuova costruzione"" OR ""nuove costruzioni"" OR ""in costruzione"" OR ""lavori in corso"" OR ""nuovo complesso"" OR ""nuova residenza"")"
Imprese edili con progetti,Villar Dora,OK,2026-10-03T17:06:05.987104+00:00,10,0,,"""Villar Dora"" (""impresa edile"" OR ""impresa costruzioni"" OR costruttore OR ""società di costruzioni"") (cantiere OR progetto OR ""nuova costruzione"" OR ""lavori in corso"" OR residenza)"
Progetti autorizzati,Villar Dora,OK,2026-10-03T17:06:14.916779+00:00,10,0,,"""Villar Dora"" (""permesso di costruire"" OR SCIA OR PEC OR ""piano esecutivo"" OR lottizzazione OR ""progetto approvato"") (residenziale OR commerciale OR costruzione OR edilizia)"
PDF urbanistica e permessi,Villar Dora,OK,2026-10-03T17:06:23.907860+00:00,10,0,,"""Villar Dora"" filetype:pdf (""permesso di costruire"" OR SCIA OR ""piano esecutivo"" OR lottizzazione OR ""variante urbanistica"")"
PDF cantieri e progetti,Villar Dora,OK,2026-10-03T17:06:32.918792+00:00,10,0,,"""Villar Dora"" filetype:pdf (cantiere OR ""nuova costruzione"" OR ""progetto approvato"" OR edilizia OR urbanistica)"
PDF Albo Pretorio edilizia,Villar Dora,OK,2026-10-03T17:06:41.995308+00:00,10,0,,"""Villar Dora"" filetype:pdf (""albo pretorio"" OR ""amministrazione trasparente"" OR delibera OR determina) (edilizia OR urbanistica OR lottizzazione OR costruire)"
Immobiliare.it,Villar Dora,OK,2026-10-03T17:06:48.302786+00:00,10,1,,"site:immobiliare.it/annunci/ ""Villar Dora"" vendita (casa OR appartamento OR villa)"
Idealista,Villar Dora,OK,2026-10-03T17:06:56.939812+00:00,10,0,,"site:idealista.it/immobile/ ""Villar Dora"" vendita (casa OR appartamento OR villa)"
Casa.it,Villar Dora,OK,2026-10-03T17:07:05.916279+00:00,10,0,,"site:casa.it/immobili/ ""Villar Dora"" vendita (casa OR appartamento OR villa)"
TrovaCasa privati,Villar Dora,OK,2026-10-03T17:07:14.915223+00:00,10,0,,"site:trovacasa.it/annunci/ ""Villar Dora"" (""da privato"" OR ""no agenzie"" OR ""privato vende"")"
Wikicasa,Villar Dora,OK,2026-10-03T17:07:23.905229+00:00,10,0,,"site:wikicasa.it ""Villar Dora"" vendita (casa OR appartamento OR villa)"
Subito privati,Villar Dora,OK,2026-10-03T17:07:32.960204+00:00,10,0,,"site:subito.it ""Villar Dora"" vendita (appartamento OR casa OR villa) (privato OR ""da privati"")"
Bakeca privati,Villar Dora,OK,2026-10-03T17:07:41.942420+00:00,10,0,,"site:bakeca.it/annunci/vendita-case/ ""Villar Dora"" (privato OR ""vendo"")"
Trovit,Villar Dora,OK,2026-10-03T17:07:50.946363+00:00,10,0,,"site:trovit.it ""Villar Dora"" vendita (casa OR appartamento OR villa)"
Nestoria,Villar Dora,OK,2026-10-03T17:07:59.956570+00:00,10,0,,"site:nestoria.it ""Villar Dora"" vendita (casa OR appartamento OR villa)"
Gate-away,Villar Dora,OK,2026-10-03T17:08:08.897243+00:00,8,0,,"site:gate-away.com ""Villar Dora"" property sale house"
VendereCasa,Villar Dora,OK,2026-10-03T17:08:17.978336+00:00,10,0,,"site:venderecasa.com ""Villar Dora"" vendita (casa OR appartamento OR villa)"
TuttoCasa,Villar Dora,OK,2026-10-03T17:08:26.907599+00:00,10,0,,"site:tuttocasa.it ""Villar Dora"" vendita (casa OR appartamento OR villa)"
Tecnocasa,Villar Dora,OK,2026-10-03T17:08:35.913543+00:00,10,0,,"site:tecnocasa.it/vendita/ ""Villar Dora"" vendita"
Tecnorete,Villar Dora,OK,2026-10-03T17:08:44.930325+00:00,10,0,,"site:tecnorete.it ""Villar Dora"" ""in vendita"""
Tempocasa,Villar Dora,OK,2026-10-03T17:08:53.894704+00:00,10,0,,"site:tempocasa.it/it/vendita/ ""Villar Dora"" vendita"
Facebook Marketplace,Villar Dora,OK,2026-10-03T17:09:02.930455+00:00,8,0,,"site:facebook.com/marketplace/item/ ""Villar Dora"" (casa OR appartamento OR villa) vendita"
Gruppi Facebook locali,Villar Dora,OK,2026-10-03T17:09:12.018846+00:00,8,0,,"site:facebook.com/groups/ ""Villar Dora"" (""vendo casa"" OR ""privato vende"" OR ""no agenzie"")"
Web generale,Villar Dora,OK,2026-10-03T17:09:20.993008+00:00,10,0,,"""Villar Dora"" (""privato vende"" OR ""no agenzie"") (casa OR appartamento OR villa) vendita"
Bacheche locali,Villar Dora,OK,2026-10-03T17:09:29.962077+00:00,10,0,,"""Villar Dora"" (""annuncio privato"" OR ""vendo appartamento"" OR ""vendo casa"") -immobiliare.it -idealista.it -casa.it"
Mercato residenziale,Villar Focchiardo,OK,2026-10-03T17:04:27.226548+00:00,10,5,,"""Villar Focchiardo"" (""in vendita"" OR vendesi OR vendita) (casa OR appartamento OR villa OR immobile)"
Tipologie residenziali,Villar Focchiardo,OK,2026-10-03T17:04:35.578704+00:00,10,0,,"""Villar Focchiardo"" (appartamento OR villa OR rustico OR casale OR cascina OR ""casa indipendente"" OR mansarda OR attico) (""in vendita"" OR vendita OR vendesi)"
Ribassi,Villar Focchiardo,OK,2026-10-03T17:04:44.537753+00:00,10,0,,"""Villar Focchiardo"" (ribassato OR ribasso OR ""prezzo ridotto"" OR ""prezzo trattabile"") (casa OR appartamento OR villa OR rustico OR immobile)"
Aste,Villar Focchiardo,OK,2026-10-03T17:04:53.558427+00:00,10,0,,"""Villar Focchiardo"" (""asta giudiziaria"" OR ""vendita giudiziaria"" OR ""asta immobiliare"" OR tribunale) (casa OR appartamento OR villa OR immobile)"
Privati,Villar Focchiardo,OK,2026-10-03T17:05:02.583700+00:00,10,0,,"""Villar Focchiardo"" (""privato vende"" OR ""no agenzie"" OR ""astenersi agenzie"" OR ""da privato"") (casa OR appartamento OR villa OR rustico)"
Storico uscite,Villar Focchiardo,OK,2026-10-03T17:05:11.553514+00:00,10,0,,"""Villar Focchiardo"" (venduto OR ""annuncio non disponibile"" OR ""immobile non disponibile"" OR ""annuncio rimosso"") (casa OR appartamento OR villa OR immobile)"
Commerciale negozi/locali,Villar Focchiardo,OK,2026-10-03T17:05:20.557998+00:00,10,0,,"""Villar Focchiardo"" (negozio OR ""locale commerciale"" OR showroom) (vendita OR affitto OR locazione OR cedesi)"
Uffici e direzionale,Villar Focchiardo,OK,2026-10-03T17:05:26.996961+00:00,9,0,,"""Villar Focchiardo"" (ufficio OR studio OR direzionale) (vendita OR affitto OR locazione)"
Capannoni logistica,Villar Focchiardo,OK,2026-10-03T17:05:33.004345+00:00,7,0,,"""Villar Focchiardo"" (capannone OR magazzino OR laboratorio OR deposito OR logistica) (vendita OR affitto OR locazione)"
Cessione attività,Villar Focchiardo,OK,2026-10-03T17:05:41.641170+00:00,10,0,,"""Villar Focchiardo"" (""cessione attività"" OR ""cedesi attività"" OR ""attività in vendita"" OR ""azienda in vendita"" OR subentro) (bar OR ristorante OR negozio OR azienda OR attività)"
Terreni e sviluppo,Villar Focchiardo,OK,2026-10-03T17:05:50.575031+00:00,10,0,,"""Villar Focchiardo"" (""terreno edificabile"" OR ""area edificabile"" OR ""lotto edificabile"" OR lottizzazione OR ""area commerciale"") (vendita OR progetto OR costruzione)"
Nuove costruzioni e cantieri,Villar Focchiardo,OK,2026-10-03T17:05:59.617546+00:00,10,0,,"""Villar Focchiardo"" (cantiere OR ""nuova costruzione"" OR ""nuove costruzioni"" OR ""in costruzione"" OR ""lavori in corso"" OR ""nuovo complesso"" OR ""nuova residenza"")"
Imprese edili con progetti,Villar Focchiardo,OK,2026-10-03T17:06:08.553407+00:00,10,0,,"""Villar Focchiardo"" (""impresa edile"" OR ""impresa costruzioni"" OR costruttore OR ""società di costruzioni"") (cantiere OR progetto OR ""nuova costruzione"" OR ""lavori in corso"" OR residenza)"
Progetti autorizzati,Villar Focchiardo,ERROR,2026-10-03T17:06:17.560931+00:00,0,0,Google HTTP 429,"""Villar Focchiardo"" (""permesso di costruire"" OR SCIA OR PEC OR ""piano esecutivo"" OR lottizzazione OR ""progetto approvato"") (residenziale OR commerciale OR costruzione OR edilizia)"
PDF urbanistica e permessi,Villar Focchiardo,OK,2026-10-03T17:06:26.553458+00:00,10,0,,"""Villar Focchiardo"" filetype:pdf (""permesso di costruire"" OR SCIA OR ""piano esecutivo"" OR lottizzazione OR ""variante urbanistica"")"
PDF cantieri e progetti,Villar Focchiardo,OK,2026-10-03T17:06:35.677861+00:00,10,0,,"""Villar Focchiardo"" filetype:pdf (cantiere OR ""nuova costruzione"" OR ""progetto approvato"" OR edilizia OR urbanistica)"
PDF Albo Pretorio edilizia,Villar Focchiardo,OK,2026-10-03T17:06:44.610427+00:00,10,0,,"""Villar Focchiardo"" filetype:pdf (""albo pretorio"" OR ""amministrazione trasparente"" OR delibera OR determina) (edilizia OR urbanistica OR lottizzazione OR costruire)"
Immobiliare.it,Villar Focchiardo,OK,2026-10-03T17:06:50.966113+00:00,10,0,,"site:immobiliare.it/annunci/ ""Villar Focchiardo"" vendita (casa OR appartamento OR villa)"
Idealista,Villar Focchiardo,OK,2026-10-03T17:06:59.538040+00:00,10,0,,"site:idealista.it/immobile/ ""Villar Focchiardo"" vendita (casa OR appartamento OR villa)"
Casa.it,Villar Focchiardo,OK,2026-10-03T17:07:08.543510+00:00,10,0,,"site:casa.it/immobili/ ""Villar Focchiardo"" vendita (casa OR appartamento OR villa)"
TrovaCasa privati,Villar Focchiardo,OK,2026-10-03T17:07:17.576084+00:00,10,0,,"site:trovacasa.it/annunci/ ""Villar Focchiardo"" (""da privato"" OR ""no agenzie"" OR ""privato vende"")"
Wikicasa,Villar Focchiardo,OK,2026-10-03T17:07:26.519883+00:00,10,0,,"site:wikicasa.it ""Villar Focchiardo"" vendita (casa OR appartamento OR villa)"
Subito privati,Villar Focchiardo,OK,2026-10-03T17:07:35.545174+00:00,10,0,,"site:subito.it ""Villar Focchiardo"" vendita (appartamento OR casa OR villa) (privato OR ""da privati"")"
Bakeca privati,Villar Focchiardo,OK,2026-10-03T17:07:44.553816+00:00,10,0,,"site:bakeca.it/annunci/vendita-case/ ""Villar Focchiardo"" (privato OR ""vendo"")"
Trovit,Villar Focchiardo,OK,2026-10-03T17:07:53.536304+00:00,10,0,,"site:trovit.it ""Villar Focchiardo"" vendita (casa OR appartamento OR villa)"
Nestoria,Villar Focchiardo,OK,2026-10-03T17:08:02.565916+00:00,10,0,,"site:nestoria.it ""Villar Focchiardo"" vendita (casa OR appartamento OR villa)"
Gate-away,Villar Focchiardo,OK,2026-10-03T17:08:11.532859+00:00,8,0,,"site:gate-away.com ""Villar Focchiardo"" property sale house"
VendereCasa,Villar Focchiardo,OK,2026-10-03T17:08:20.578623+00:00,10,0,,"site:venderecasa.com ""Villar Focchiardo"" vendita (casa OR appartamento OR villa)"
TuttoCasa,Villar Focchiardo,OK,2026-10-03T17:08:29.524809+00:00,10,0,,"site:tuttocasa.it ""Villar Focchiardo"" vendita (casa OR appartamento OR villa)"
Tecnocasa,Villar Focchiardo,OK,2026-10-03T17:08:38.516479+00:00,10,0,,"site:tecnocasa.it/vendita/ ""Villar Focchiardo"" vendita"
Tecnorete,Villar Focchiardo,OK,2026-10-03T17:08:47.555785+00:00,10,0,,"site:tecnorete.it ""Villar Focchiardo"" ""in vendita"""
Tempocasa,Villar Focchiardo,OK,2026-10-03T17:08:56.530469+00:00,10,0,,"site:tempocasa.it/it/vendita/ ""Villar Focchiardo"" vendita"
Facebook Marketplace,Villar Focchiardo,OK,2026-10-03T17:09:05.522191+00:00,8,0,,"site:facebook.com/marketplace/item/ ""Villar Focchiardo"" (casa OR appartamento OR villa) vendita"
Gruppi Facebook locali,Villar Focchiardo,OK,2026-10-03T17:09:14.556490+00:00,8,0,,"site:facebook.com/groups/ ""Villar Focchiardo"" (""vendo casa"" OR ""privato vende"" OR ""no agenzie"")"
Web generale,Villar Focchiardo,OK,2026-10-03T17:09:23.592787+00:00,10,0,,"""Villar Focchiardo"" (""privato vende"" OR ""no agenzie"") (casa OR appartamento OR villa) vendita"
Bacheche locali,Villar Focchiardo,OK,2026-10-03T17:09:32.528986+00:00,10,0,,"""Villar Focchiardo"" (""annuncio privato"" OR ""vendo appartamento"" OR ""vendo casa"") -immobiliare.it -idealista.it -casa.it"
Mercato residenziale,Villarbasse,OK,2026-10-03T17:14:57.364993+00:00,10,2,,"""Villarbasse"" (""in vendita"" OR vendesi OR vendita) (casa OR appartamento OR villa OR immobile)"
Tipologie residenziali,Villarbasse,OK,2026-10-03T17:15:05.475749+00:00,10,0,,"""Villarbasse"" (appartamento OR villa OR rustico OR casale OR cascina OR ""casa indipendente"" OR mansarda OR attico) (""in vendita"" OR vendita OR vendesi)"
Ribassi,Villarbasse,ERROR,2026-10-03T17:15:14.329575+00:00,0,0,Google: nessun risultato organico parsabile,"""Villarbasse"" (ribassato OR ribasso OR ""prezzo ridotto"" OR ""prezzo trattabile"") (casa OR appartamento OR villa OR rustico OR immobile)"
Aste,Villarbasse,ERROR,2026-10-03T17:15:23.345884+00:00,0,0,Google: nessun risultato organico parsabile,"""Villarbasse"" (""asta giudiziaria"" OR ""vendita giudiziaria"" OR ""asta immobiliare"" OR tribunale) (casa OR appartamento OR villa OR immobile)"
Privati,Villarbasse,ERROR,2026-10-03T17:15:32.390587+00:00,0,0,Google: nessun risultato organico parsabile,"""Villarbasse"" (""privato vende"" OR ""no agenzie"" OR ""astenersi agenzie"" OR ""da privato"") (casa OR appartamento OR villa OR rustico)"
Storico uscite,Villarbasse,ERROR,2026-10-03T17:15:41.332034+00:00,0,0,Google: nessun risultato organico parsabile,"""Villarbasse"" (venduto OR ""annuncio non disponibile"" OR ""immobile non disponibile"" OR ""annuncio rimosso"") (casa OR appartamento OR villa OR immobile)"
Commerciale negozi/locali,Villarbasse,OK,2026-10-03T17:15:50.345444+00:00,10,0,,"""Villarbasse"" (negozio OR ""locale commerciale"" OR showroom) (vendita OR affitto OR locazione OR cedesi)"
Uffici e direzionale,Villarbasse,OK,2026-10-03T17:15:57.376834+00:00,10,0,,"""Villarbasse"" (ufficio OR studio OR direzionale) (vendita OR affitto OR locazione)"
Capannoni logistica,Villarbasse,OK,2026-10-03T17:16:02.807326+00:00,7,0,,"""Villarbasse"" (capannone OR magazzino OR laboratorio OR deposito OR logistica) (vendita OR affitto OR locazione)"
Cessione attività,Villarbasse,ERROR,2026-10-03T17:16:11.354732+00:00,0,0,Google: nessun risultato organico parsabile,"""Villarbasse"" (""cessione attività"" OR ""cedesi attività"" OR ""attività in vendita"" OR ""azienda in vendita"" OR subentro) (bar OR ristorante OR negozio OR azienda OR attività)"
Terreni e sviluppo,Villarbasse,ERROR,2026-10-03T17:16:20.495225+00:00,0,0,Google: nessun risultato organico parsabile,"""Villarbasse"" (""terreno edificabile"" OR ""area edificabile"" OR ""lotto edificabile"" OR lottizzazione OR ""area commerciale"") (vendita OR progetto OR costruzione)"
Nuove costruzioni e cantieri,Villarbasse,ERROR,2026-10-03T17:16:29.336896+00:00,0,0,Google: nessun risultato organico parsabile,"""Villarbasse"" (cantiere OR ""nuova costruzione"" OR ""nuove costruzioni"" OR ""in costruzione"" OR ""lavori in corso"" OR ""nuovo complesso"" OR ""nuova residenza"")"
Imprese edili con progetti,Villarbasse,ERROR,2026-10-03T17:16:38.456835+00:00,0,0,Google HTTP 429,"""Villarbasse"" (""impresa edile"" OR ""impresa costruzioni"" OR costruttore OR ""società di costruzioni"") (cantiere OR progetto OR ""nuova costruzione"" OR ""lavori in corso"" OR residenza)"
Progetti autorizzati,Villarbasse,ERROR,2026-10-03T17:16:47.385710+00:00,0,0,Google HTTP 429,"""Villarbasse"" (""permesso di costruire"" OR SCIA OR PEC OR ""piano esecutivo"" OR lottizzazione OR ""progetto approvato"") (residenziale OR commerciale OR costruzione OR edilizia)"
PDF urbanistica e permessi,Villarbasse,OK,2026-10-03T17:16:56.418315+00:00,9,0,,"""Villarbasse"" filetype:pdf (""permesso di costruire"" OR SCIA OR ""piano esecutivo"" OR lottizzazione OR ""variante urbanistica"")"
PDF cantieri e progetti,Villarbasse,ERROR,2026-10-03T17:17:05.419664+00:00,0,0,Google HTTP 429,"""Villarbasse"" filetype:pdf (cantiere OR ""nuova costruzione"" OR ""progetto approvato"" OR edilizia OR urbanistica)"
PDF Albo Pretorio edilizia,Villarbasse,ERROR,2026-10-03T17:17:14.369459+00:00,0,0,Google HTTP 429,"""Villarbasse"" filetype:pdf (""albo pretorio"" OR ""amministrazione trasparente"" OR delibera OR determina) (edilizia OR urbanistica OR lottizzazione OR costruire)"
Immobiliare.it,Villarbasse,OK,2026-10-03T17:17:21.292916+00:00,10,10,,"site:immobiliare.it/annunci/ ""Villarbasse"" vendita (casa OR appartamento OR villa)"
Idealista,Villarbasse,ERROR,2026-10-03T17:17:29.355514+00:00,0,0,Google HTTP 429; DDG verifica umana / rate limit,"site:idealista.it/immobile/ ""Villarbasse"" vendita (casa OR appartamento OR villa)"
Casa.it,Villarbasse,OK,2026-10-03T17:17:38.353999+00:00,10,0,,"site:casa.it/immobili/ ""Villarbasse"" vendita (casa OR appartamento OR villa)"
TrovaCasa privati,Villarbasse,ERROR,2026-10-03T17:17:47.383184+00:00,0,0,Google HTTP 429; DDG verifica umana / rate limit,"site:trovacasa.it/annunci/ ""Villarbasse"" (""da privato"" OR ""no agenzie"" OR ""privato vende"")"
Wikicasa,Villarbasse,ERROR,2026-10-03T17:17:56.375196+00:00,0,0,Google HTTP 429; DDG verifica umana / rate limit,"site:wikicasa.it ""Villarbasse"" vendita (casa OR appartamento OR villa)"
Subito privati,Villarbasse,ERROR,2026-10-03T17:18:05.364277+00:00,0,0,Google HTTP 429; DDG verifica umana / rate limit,"site:subito.it ""Villarbasse"" vendita (appartamento OR casa OR villa) (privato OR ""da privati"")"
Bakeca privati,Villarbasse,ERROR,2026-10-03T17:18:14.378867+00:00,0,0,Google HTTP 429; DDG verifica umana / rate limit,"site:bakeca.it/annunci/vendita-case/ ""Villarbasse"" (privato OR ""vendo"")"
Trovit,Villarbasse,OK,2026-10-03T17:18:23.527703+00:00,10,0,,"site:trovit.it ""Villarbasse"" vendita (casa OR appartamento OR villa)"
Nestoria,Villarbasse,ERROR,2026-10-03T17:18:32.432176+00:00,0,0,Google HTTP 429; DDG verifica umana / rate limit,"site:nestoria.it ""Villarbasse"" vendita (casa OR appartamento OR villa)"
Gate-away,Villarbasse,ERROR,2026-10-03T17:18:41.422877+00:00,0,0,Google HTTP 429; DDG verifica umana / rate limit,"site:gate-away.com ""Villarbasse"" property sale house"
VendereCasa,Villarbasse,OK,2026-10-03T17:18:50.426881+00:00,10,0,,"site:venderecasa.com ""Villarbasse"" vendita (casa OR appartamento OR villa)"
TuttoCasa,Villarbasse,ERROR,2026-10-03T17:18:59.352199+00:00,0,0,Google HTTP 429; DDG verifica umana / rate limit,"site:tuttocasa.it ""Villarbasse"" vendita (casa OR appartamento OR villa)"
Tecnocasa,Villarbasse,ERROR,2026-10-03T17:19:08.363051+00:00,0,0,Google HTTP 429; DDG verifica umana / rate limit,"site:tecnocasa.it/vendita/ ""Villarbasse"" vendita"
Tecnorete,Villarbasse,ERROR,2026-10-03T17:19:17.372572+00:00,0,0,Google HTTP 429; DDG verifica umana / rate limit,"site:tecnorete.it ""Villarbasse"" ""in vendita"""
Tempocasa,Villarbasse,ERROR,2026-10-03T17:19:26.363809+00:00,0,0,Google HTTP 429; DDG verifica umana / rate limit,"site:tempocasa.it/it/vendita/ ""Villarbasse"" vendita"
Facebook Marketplace,Villarbasse,ERROR,2026-10-03T17:19:35.384636+00:00,0,0,Google HTTP 429; DDG verifica umana / rate limit,"site:facebook.com/marketplace/item/ ""Villarbasse"" (casa OR appartamento OR villa) vendita"
Gruppi Facebook locali,Villarbasse,ERROR,2026-10-03T17:19:44.406504+00:00,0,0,Google HTTP 429; DDG verifica umana / rate limit,"site:facebook.com/groups/ ""Villarbasse"" (""vendo casa"" OR ""privato vende"" OR ""no agenzie"")"
Web generale,Villarbasse,ERROR,2026-10-03T17:19:53.401197+00:00,0,0,Google HTTP 429; DDG verifica umana / rate limit,"""Villarbasse"" (""privato vende"" OR ""no agenzie"") (casa OR appartamento OR villa) vendita"
Bacheche locali,Villarbasse,ERROR,2026-10-03T17:20:02.338337+00:00,0,0,Google HTTP 429; DDG verifica umana / rate limit,"""Villarbasse"" (""annuncio privato"" OR ""vendo appartamento"" OR ""vendo casa"") -immobiliare.it -idealista.it -casa.it"
