PRIORITA,SCORE,TIPO_OPPORTUNITA,TARGET,FASE_PROGETTO,OBIETTIVO_COMMERCIALE,COMUNE,FONTE,TITOLO,PREZZO,PREZZO_PRECEDENTE,RIBASSI,INDIZIO_INSERZIONISTA,STATO,PRIMA_RILEVAZIONE,ULTIMO_CONTROLLO,MOTIVI,PDF_DA_VERIFICARE,URL,CONTATTO_PRONTO,CONTATTI_PUBBLICI,FONTE_CONTATTO,CROSS_MATCH,NOME_INSERZIONISTA,RICERCA_PUBBLICA,VIA_RADAR,INDIRIZZI_ZONA,AZIONE_ZONA,MOTIVO_SCARTO_OPERATIVO
MEDIA,63,RESIDENZIALE,IMMOBILE,,ACQUISIZIONE IMMOBILE,Collegno,Privati generico,Case in Vendita da Privati Collegno - ClickCase.it,,,0,INDIZIO_PRIVATO,USCITO_MERCATO,2026-08-21T12:20:59.475506+00:00,2026-08-23T17:16:38.786876+00:00,fonte/query orientata ai privati | indizio privato/no agenzie | 30+ giorni monitorati,,https://www.clickcase.it/annunci/vendita-case-privati-collegno.html,NO,,,0,,ESEGUITA,viale XXIV Maggio,viale XXIV Maggio 54,VAI IN ZONA,PAGINA_CATEGORIA_O_RICERCA
MEDIA,58,INDUSTRIALE_LOGISTICA,IMMOBILE,,ACQUISIZIONE CAPANNONE / MAGAZZINO,Alpignano,Capannoni logistica,Capannone Vendita Alpignano - 29 case in vendita in Alpignano de Nuroa.it,140000,65000,10,NON_DETERMINATO,RELISTED,2026-08-28T05:06:35.529823+00:00,2026-09-25T13:39:37.452510+00:00,prezzo rilevato | ribasso rilevato | ribassi multipli | industriale logistica,,https://www.nuroa.it/vendita-immobili/capannone-vendita-alpignano,NO,,,0,,ESEGUITA,Via dei Ronchi,Via dei Ronchi 51/A6 | Via dei Ronchi 51,VAI IN ZONA,PAGINA_CATEGORIA_O_RICERCA
MEDIA,58,INDUSTRIALE_LOGISTICA,IMMOBILE,,ACQUISIZIONE CAPANNONE / MAGAZZINO,Beinasco,Capannoni logistica,Locale Commerciale Beinasco - 76 locali comerciali in vendita in ...,25000,350000,2,NON_DETERMINATO,POSSIBILE_USCITA,2026-09-10T05:58:05.659767+00:00,2026-09-24T18:35:30.192609+00:00,prezzo rilevato | ribasso rilevato | ribassi multipli | industriale logistica,,https://www.nuroa.it/vendita-immobili/locale-commerciale-beinasco,NO,,,0,,ESEGUITA,Strada Torino,Strada Torino 70 | Strada Torino 136 | Strada Torino 90 | Strada Torino 122,VAI IN ZONA,PAGINA_CATEGORIA_O_RICERCA
MEDIA,58,INDUSTRIALE_LOGISTICA,IMMOBILE,,ACQUISIZIONE CAPANNONE / MAGAZZINO,Bruino,Capannoni logistica,Capannone Bruino - 36 case in vendita in Bruino de Nuroa.it,160000,270000,2,NON_DETERMINATO,TRACKED,2026-09-11T23:19:47.988237+00:00,2026-09-25T13:39:37.453005+00:00,prezzo rilevato | ribasso rilevato | ribassi multipli | industriale logistica,,https://www.nuroa.it/vendita-immobili/capannone-bruino,NO,,,0,,ESEGUITA,Via G. Marconi,Via G. Marconi 101,VAI IN ZONA,PAGINA_CATEGORIA_O_RICERCA
MEDIA,56,RESIDENZIALE,IMMOBILE,,ACQUISIZIONE IMMOBILE,Avigliana,Trovit,"11 immobili in vendita a Villaggio Primavera, Avigliana - Trovit",21000,24000,2,NON_DETERMINATO,USCITO_MERCATO,2026-08-21T12:20:59.475257+00:00,2026-09-23T22:23:47.788702+00:00,prezzo rilevato | ribasso rilevato | ribassi multipli | 30+ giorni monitorati,,https://case.trovit.it/avigliana-villaggio-primavera,NO,,,0,,ESEGUITA,,,,PAGINA_CATEGORIA_O_RICERCA
MEDIA,56,RESIDENZIALE,IMMOBILE,,ACQUISIZIONE IMMOBILE,Oulx,Trovit,236 immobili in vendita a Oulx - Trovit,29000,37000,2,NON_DETERMINATO,USCITO_MERCATO,2026-08-21T12:20:59.475648+00:00,2026-08-27T21:04:17.080373+00:00,prezzo rilevato | ribasso rilevato | ribassi multipli | 30+ giorni monitorati,,https://case.trovit.it/oulx,NO,,,0,,ESEGUITA,,,,PAGINA_CATEGORIA_O_RICERCA
MEDIA,56,COMMERCIALE_IMMOBILE,IMMOBILE,,ACQUISIZIONE / LOCAZIONE IMMOBILE COMMERCIALE,Chiusa di San Michele,Commerciale negozi/locali,Torino 160 Mq - 261 case in vendita in Torino de Nuroa.it,45000,33000,3,NON_DETERMINATO,USCITO_MERCATO,2026-09-02T12:02:41.369862+00:00,2026-09-19T23:00:29.357014+00:00,prezzo rilevato | ribasso rilevato | ribassi multipli | commerciale immobile,,https://www.nuroa.it/vendita-immobili/torino-160-mq,NO,,,0,,NON_ESEGUITA,,,,PAGINA_CATEGORIA_O_RICERCA
MEDIA,55,RESIDENZIALE,IMMOBILE,,ACQUISIZIONE IMMOBILE,Fiano,TrovaCasa privati,Case in vendita a Fiano Romano - TrovaCasa,,,0,INDIZIO_PRIVATO,USCITO_MERCATO,2026-09-09T17:56:58.703445+00:00,2026-09-21T01:16:25.018269+00:00,fonte/query orientata ai privati | indizio privato/no agenzie,,https://www.trovacasa.it/case-in-vendita/fiano-romano,NO,,,0,,NON_ESEGUITA,,,,TITOLO_CATEGORIA_NON_OPERATIVO
MEDIA,51,RESIDENZIALE,IMMOBILE,,ACQUISIZIONE IMMOBILE,Rivoli,Mercato generale,Case in Vendita da Privati Rivoli - ClickCase.it,,,0,INDIZIO_PRIVATO,USCITO_MERCATO,2026-08-23T09:11:13.222671+00:00,2026-08-23T17:16:38.787022+00:00,indizio privato/no agenzie | 30+ giorni monitorati,,https://www.clickcase.it/annunci/vendita-case-privati-rivoli.html,NO,,,0,,ESEGUITA,,,,PAGINA_CATEGORIA_O_RICERCA
MEDIA,48,RESIDENZIALE,IMMOBILE,,ACQUISIZIONE IMMOBILE,Bruzolo,Mercato residenziale,Bruzolo - 32 case in vendita in Bruzolo de Nuroa.it,46000,149000,7,NON_DETERMINATO,TRACKED,2026-09-01T18:58:42.119252+00:00,2026-09-25T13:39:37.453029+00:00,prezzo rilevato | ribasso rilevato | ribassi multipli,,https://www.nuroa.it/vendita-immobili/bruzolo,NO,,,0,,ESEGUITA,"Via Camillo Benso... Piemonte, Torino Visualizza foto Appartamento in vendita di","Via Camillo Benso... Piemonte, Torino Visualizza foto Appartamento in vendita di 48",VAI IN ZONA,PAGINA_CATEGORIA_O_RICERCA
MEDIA,48,RESIDENZIALE,IMMOBILE,,ACQUISIZIONE IMMOBILE,Bruzolo,Mercato residenziale,Vendita Bruzolo - 29 case in vendita in Bruzolo de Nuroa.it,46000,23000,10,NON_DETERMINATO,POSSIBILE_USCITA,2026-09-05T04:44:03.762882+00:00,2026-09-24T07:40:08.271208+00:00,prezzo rilevato | ribasso rilevato | ribassi multipli,,https://www.nuroa.it/vendita-immobili/vendita-bruzolo,NO,,,0,la F.C. Immobiliare,ESEGUITA,"Via Camillo Benso... Piemonte, Torino Visualizza foto Appartamento in vendita di","Via Camillo Benso... Piemonte, Torino Visualizza foto Appartamento in vendita di 48",VAI IN ZONA,PAGINA_CATEGORIA_O_RICERCA
MEDIA,48,RESIDENZIALE,IMMOBILE,,ACQUISIZIONE IMMOBILE,Avigliana,Mercato residenziale,Case in vendita da Privati a Avigliana - CasaDaPrivato.it,105000,450000,3,NON_DETERMINATO,USCITO_MERCATO,2026-09-07T10:14:01.139002+00:00,2026-09-21T12:37:01.288207+00:00,prezzo rilevato | ribasso rilevato | ribassi multipli,,https://www.casadaprivato.it/annunci-vendita/immobili/torino-avigliana,NO,,,0,,ESEGUITA,Corso Laghi,Corso Laghi 159 | corso Laghi 238 | corso Laghi 165,VAI IN ZONA,TITOLO_CATEGORIA_NON_OPERATIVO
MEDIA,48,RESIDENZIALE,IMMOBILE,,ACQUISIZIONE IMMOBILE,Rivalta di Torino,Trovit,56 casas in vendita a Rivalta di Torino - Trovit,105000,189000,2,NON_DETERMINATO,POSSIBILE_USCITA,2026-09-12T19:18:03.778307+00:00,2026-09-24T07:40:08.272605+00:00,prezzo rilevato | ribasso rilevato | ribassi multipli,,https://case.trovit.it/casa-rivalta-torino,NO,,,0,,NON_ESEGUITA,,,,PAGINA_CATEGORIA_O_RICERCA
MEDIA,48,RESIDENZIALE,IMMOBILE,,ACQUISIZIONE IMMOBILE,Bruino,Mercato residenziale,Appartamento Bruino - 130 appartamenti in vendita in Bruino de Nuroa.it,79000,159000,3,NON_DETERMINATO,TRACKED,2026-09-15T13:33:03.393187+00:00,2026-09-25T13:39:37.452963+00:00,prezzo rilevato | ribasso rilevato | ribassi multipli,,https://www.nuroa.it/vendita-immobili/appartamento-bruino,NO,,,0,,ESEGUITA,"Via Giaveno - Via Volvera,precisamente in Via G. Marconi a circa","Via Giaveno - Via Volvera,precisamente in Via G. Marconi a circa 1",VAI IN ZONA,PAGINA_CATEGORIA_O_RICERCA
MEDIA,48,RESIDENZIALE,IMMOBILE,,ACQUISIZIONE IMMOBILE,Caselette,Mercato residenziale,Vendita Caselette - 83 case in vendita in Caselette de Nuroa.it,90000,38000,6,NON_DETERMINATO,POSSIBILE_USCITA,2026-09-15T13:33:03.393383+00:00,2026-09-24T07:40:08.271296+00:00,prezzo rilevato | ribasso rilevato | ribassi multipli,,https://www.nuroa.it/vendita-immobili/vendita-caselette,NO,,,0,,ESEGUITA,"Via Roma Piemonte, Torino Visualizza foto Appartamento in vendita di","Via Roma Piemonte, Torino Visualizza foto Appartamento in vendita di 80",VAI IN ZONA,PAGINA_CATEGORIA_O_RICERCA
MEDIA,48,RESIDENZIALE,IMMOBILE,,ACQUISIZIONE IMMOBILE,Borgone Susa,Tipologie residenziali,Vendita Borgone Susa - 66 case in vendita in Borgone Susa de ... - nuroa.it,30000,20000,2,NON_DETERMINATO,USCITO_MERCATO,2026-09-21T12:37:01.288468+00:00,2026-09-23T22:23:47.788931+00:00,prezzo rilevato | ribasso rilevato | ribassi multipli,,https://www.nuroa.it/vendita-immobili/vendita-borgone-susa,NO,,,0,,ESEGUITA,"Via A.... Piemonte, Torino Visualizza foto Villetta indipendente in vendita di","Via A.... Piemonte, Torino Visualizza foto Villetta indipendente in vendita di 120",VAI IN ZONA,PAGINA_CATEGORIA_O_RICERCA
MEDIA,48,RESIDENZIALE,IMMOBILE,,ACQUISIZIONE IMMOBILE,Borgone Susa,Mercato residenziale,Borgone Susa - 83 case in vendita in Borgone Susa de Nuroa.it,20000,30000,5,NON_DETERMINATO,TRACKED,2026-09-24T01:30:36.516010+00:00,2026-09-25T13:39:37.452835+00:00,prezzo rilevato | ribasso rilevato | ribassi multipli,,https://www.nuroa.it/vendita-immobili/borgone-susa,NO,,,0,la F.C. Immobiliare,ESEGUITA,"Via A.... Piemonte, Torino Visualizza foto Villetta indipendente in vendita di","Via A.... Piemonte, Torino Visualizza foto Villetta indipendente in vendita di 120",VAI IN ZONA,PAGINA_CATEGORIA_O_RICERCA
MEDIA,46,RESIDENZIALE,IMMOBILE,NUOVA_COSTRUZIONE,ACQUISIZIONE IMMOBILE,Druento,Wikicasa,Case in vendita a Druento - Wikicasa,30000,59000,1,NON_DETERMINATO,TRACKED,2026-09-08T06:35:04.157699+00:00,2026-09-25T01:30:21.914635+00:00,prezzo rilevato | ribasso rilevato | nuova costruzione,,https://www.wikicasa.it/vendita-case/druento/,NO,,,0,,NON_ESEGUITA,,,,TITOLO_CATEGORIA_NON_OPERATIVO
BASSA,44,RESIDENZIALE,IMMOBILE,,ACQUISIZIONE IMMOBILE,Buttigliera Alta,Tecnorete,Immobili in Vendita | Agenzia Tecnorete di Buttigliera Alta,15000,79000,2,INDIZIO_AGENZIA,TRACKED,2026-08-23T17:16:38.786789+00:00,2026-09-25T13:39:37.453052+00:00,indizio agenzia | prezzo rilevato | ribasso rilevato | ribassi multipli | 30+ giorni monitorati,,https://buttiglieraalta1.tecnorete.it/immobili-in-vendita,NO,,,0,,ESEGUITA,Via della Torre - Ferriera,Via della Torre - Ferriera 4,VAI IN ZONA,TITOLO_CATEGORIA_NON_OPERATIVO
BASSA,43,RESIDENZIALE,IMMOBILE,,ACQUISIZIONE IMMOBILE,Condove,Immobiliare.it,Vendita Rustico in Borgata Pralesio Superiore Condove. Da ristrutturare ...,,,0,INDIZIO_PRIVATO,USCITO_MERCATO,2026-08-27T21:04:17.079997+00:00,2026-09-07T10:14:01.140123+00:00,indizio privato/no agenzie,,https://www.immobiliare.it/annunci/129732716/,NO,,,0,,NON_ESEGUITA,,,,RUSTICO_ESCLUSO
BASSA,43,RESIDENZIALE,IMMOBILE,,ACQUISIZIONE IMMOBILE,Avigliana,Mercato residenziale,Case in Vendita da Privati Avigliana - ClickCase.it,,,0,INDIZIO_PRIVATO,USCITO_MERCATO,2026-09-06T13:51:47.103727+00:00,2026-09-06T13:51:47.103728+00:00,indizio privato/no agenzie,,https://www.clickcase.it/annunci/vendita-case-privati-avigliana.html,NO,,,0,,ESEGUITA,,,,PAGINA_CATEGORIA_O_RICERCA
BASSA,42,INDUSTRIALE_LOGISTICA,IMMOBILE,,ACQUISIZIONE CAPANNONE / MAGAZZINO,Giaglione,Bakeca privati,Vendita terreni e rustici a Torino Settembre 2026 su Bakeca,10000,,0,NON_DETERMINATO,USCITO_MERCATO,2026-09-01T18:58:42.120149+00:00,2026-09-04T00:12:37.946692+00:00,fonte/query orientata ai privati | prezzo rilevato | industriale logistica,,https://torino.bakeca.it/annunci/terreni-rustici/contrattotipo/vendita/,NO,,,0,,NON_ESEGUITA,,,,RUSTICO_ESCLUSO
BASSA,40,RESIDENZIALE,IMMOBILE,,ACQUISIZIONE IMMOBILE,Rosta,Bakeca privati,Annunci di case in vendita a Rosta centro città - Bakeca,150000,,0,NON_DETERMINATO,USCITO_MERCATO,2026-08-21T12:20:59.475811+00:00,2026-08-23T17:16:38.787034+00:00,fonte/query orientata ai privati | prezzo rilevato | 30+ giorni monitorati,,https://torino.bakeca.it/annunci/vendita-case/luogo/rosta/,NO,,,0,,NON_ESEGUITA,,,,TITOLO_CATEGORIA_NON_OPERATIVO
BASSA,40,RESIDENZIALE,IMMOBILE,,ACQUISIZIONE IMMOBILE,Rivoli,Bakeca privati,Annunci di case in vendita a Rivoli centro città - Bakeca,170240,,0,NON_DETERMINATO,USCITO_MERCATO,2026-08-22T17:17:15.502735+00:00,2026-09-12T05:52:24.478073+00:00,fonte/query orientata ai privati | prezzo rilevato | 30+ giorni monitorati,,https://torino.bakeca.it/annunci/vendita-case/luogo/Rivoli/,NO,,,0,,ESEGUITA,,,,TITOLO_CATEGORIA_NON_OPERATIVO
BASSA,40,RESIDENZIALE,IMMOBILE,,ACQUISIZIONE IMMOBILE,Mompantero,Bakeca privati,Vendita terreni e rustici a Torino da privati - Bakeca,24000,,0,NON_DETERMINATO,USCITO_MERCATO,2026-08-23T09:11:13.222601+00:00,2026-08-23T09:11:13.222603+00:00,fonte/query orientata ai privati | prezzo rilevato | 30+ giorni monitorati,,https://torino.bakeca.it/annunci/terreni-rustici/contrattotipo/vendita/inserzionistacase/privato/,NO,,,0,,ESEGUITA,,,,RUSTICO_ESCLUSO
BASSA,38,RESIDENZIALE,IMMOBILE,,ACQUISIZIONE IMMOBILE,Alpignano,Mercato residenziale,Case in vendita da Privati a Alpignano - CasaDaPrivato.it,18000,110000,1,NON_DETERMINATO,USCITO_MERCATO,2026-08-28T05:06:35.529806+00:00,2026-09-20T11:10:13.478283+00:00,prezzo rilevato | ribasso rilevato,,https://www.casadaprivato.it/annunci-vendita/immobili/torino-alpignano,NO,,,0,,ESEGUITA,Via Collegno,Via Collegno 23 | via Collegno 84,VAI IN ZONA,TITOLO_CATEGORIA_NON_OPERATIVO
BASSA,38,RESIDENZIALE,IMMOBILE,,ACQUISIZIONE IMMOBILE,Moncenisio,Mercato residenziale,Vendita Moncenisio - 225 case in vendita in Moncenisio de Nuroa.it,45000,35000,1,NON_DETERMINATO,TRACKED,2026-09-01T18:58:42.120547+00:00,2026-09-07T10:14:01.140656+00:00,prezzo rilevato | ribasso rilevato,,https://www.nuroa.it/vendita-immobili/vendita-moncenisio,NO,,,0,,NON_ESEGUITA,,,,PAGINA_CATEGORIA_O_RICERCA
BASSA,38,RESIDENZIALE,IMMOBILE,,ACQUISIZIONE IMMOBILE,Rivoli,Trovit,776 immobili bilocale in vendita a Rivoli - Trovit,83000,78000,1,NON_DETERMINATO,USCITO_MERCATO,2026-09-01T18:58:42.120866+00:00,2026-09-22T21:17:46.996408+00:00,prezzo rilevato | ribasso rilevato,,https://case.trovit.it/bilocale-rivoli,NO,,,0,,NON_ESEGUITA,,,,PAGINA_CATEGORIA_O_RICERCA
BASSA,38,RESIDENZIALE,IMMOBILE,,ACQUISIZIONE IMMOBILE,Mattie,Mercato residenziale,Vendita Torino Mattie - 41 case in vendita in Torino de Nuroa.it,22000,25000,1,NON_DETERMINATO,POSSIBILE_USCITA,2026-09-01T20:55:16.173181+00:00,2026-09-06T17:10:13.430587+00:00,prezzo rilevato | ribasso rilevato,,https://www.nuroa.it/vendita-immobili/vendita-torino-mattie,NO,,,0,,NON_ESEGUITA,,,,PAGINA_CATEGORIA_O_RICERCA
BASSA,38,RESIDENZIALE,IMMOBILE,,ACQUISIZIONE IMMOBILE,Villarbasse,Mercato residenziale,Case e Immobili in vendita a Villarbasse | PCase.it,72000,230000,1,NON_DETERMINATO,USCITO_MERCATO,2026-09-04T07:52:28.841467+00:00,2026-09-23T04:11:30.676770+00:00,prezzo rilevato | ribasso rilevato,,https://www.pcase.it/vendita/villarbasse/,NO,,,0,,NON_ESEGUITA,,,,TITOLO_CATEGORIA_NON_OPERATIVO
BASSA,38,RESIDENZIALE,IMMOBILE,,ACQUISIZIONE IMMOBILE,Bruino,Immobiliare.it,"Vendita Rustico Bruino. Ottimo stato, 170 m², rif. 127741914",295000,530000,1,NON_DETERMINATO,USCITO_MERCATO,2026-09-08T11:07:58.867954+00:00,2026-09-12T19:18:03.777044+00:00,prezzo rilevato | ribasso rilevato,,https://www.immobiliare.it/annunci/127741914/,NO,,,0,,ESEGUITA,,,,RUSTICO_ESCLUSO
BASSA,38,RESIDENZIALE,IMMOBILE,,ACQUISIZIONE IMMOBILE,Alpignano,Mercato residenziale,Case in vendita a Alpignano | Bilocale.it,195000,5250,1,NON_DETERMINATO,POSSIBILE_USCITA,2026-09-11T09:00:35.956989+00:00,2026-09-24T01:30:36.515643+00:00,prezzo rilevato | ribasso rilevato,,https://www.bilocale.it/vendita-case/alpignano/,NO,,,0,,ESEGUITA,"Via Valdellatorre, 10091 Alpignano TO, Italia","Via Valdellatorre,  10091 Alpignano TO, Italia 41",VAI IN ZONA,TITOLO_CATEGORIA_NON_OPERATIVO
BASSA,38,RESIDENZIALE,IMMOBILE,,ACQUISIZIONE IMMOBILE,Beinasco,Trovit,63 immobili villa in vendita a Beinasco - Trovit,65000,94000,1,NON_DETERMINATO,TRACKED,2026-09-12T17:06:03.934494+00:00,2026-09-25T13:39:37.452702+00:00,prezzo rilevato | ribasso rilevato,,https://case.trovit.it/beinasco-villa,NO,,,0,,ESEGUITA,,,,PAGINA_CATEGORIA_O_RICERCA
BASSA,38,RESIDENZIALE,IMMOBILE,,ACQUISIZIONE IMMOBILE,Beinasco,Mercato residenziale,Bilocale Beinasco - 60 appartamenti in vendita in Beinasco de Nuroa.it,79000,56500,1,NON_DETERMINATO,USCITO_MERCATO,2026-09-13T14:26:02.554577+00:00,2026-09-13T18:14:54.118883+00:00,prezzo rilevato | ribasso rilevato,,https://www.nuroa.it/vendita-immobili/bilocale-beinasco,NO,,,0,,ESEGUITA,Via Galileo Galilei,Via Galileo Galilei 43 | Via Galileo Galilei 32,VAI IN ZONA,PAGINA_CATEGORIA_O_RICERCA
BASSA,38,RESIDENZIALE,IMMOBILE,,ACQUISIZIONE IMMOBILE,Fiano,Trovit,11 immobili villa via padova in vendita a Fiano Romano,65000,70000,1,NON_DETERMINATO,USCITO_MERCATO,2026-09-13T14:26:02.555738+00:00,2026-09-23T22:23:47.789838+00:00,prezzo rilevato | ribasso rilevato,,https://case.trovit.it/villa-via-padova-fiano-romano,NO,,,0,,NON_ESEGUITA,,,,PAGINA_CATEGORIA_O_RICERCA
BASSA,38,RESIDENZIALE,IMMOBILE,,ACQUISIZIONE IMMOBILE,Bruino,Mercato residenziale,Case in vendita a Bruino - oikia.it,85000,89000,1,NON_DETERMINATO,USCITO_MERCATO,2026-09-14T18:41:54.042761+00:00,2026-09-23T09:26:39.098698+00:00,prezzo rilevato | ribasso rilevato,,https://www.oikia.it/vendita-case/bruino/,NO,,,0,,ESEGUITA,,,,TITOLO_CATEGORIA_NON_OPERATIVO
BASSA,38,RESIDENZIALE,IMMOBILE,,ACQUISIZIONE IMMOBILE,Bruino,Mercato residenziale,Bruino - 316 case in vendita in Bruino de Nuroa.it,160000,180000,1,NON_DETERMINATO,USCITO_MERCATO,2026-09-16T22:13:22.797394+00:00,2026-09-20T01:04:10.801483+00:00,prezzo rilevato | ribasso rilevato,,https://www.nuroa.it/vendita-immobili/bruino,NO,,,0,,ESEGUITA,"Via Giaveno - Via Volvera,precisamente in Via G. Marconi a circa","Via Giaveno - Via Volvera,precisamente in Via G. Marconi a circa 1",VAI IN ZONA,PAGINA_CATEGORIA_O_RICERCA
BASSA,35,RESIDENZIALE,IMMOBILE,,ACQUISIZIONE IMMOBILE,Bardonecchia,Subito privati,Bardonecchia - Vendita case Piemonte - Subito.it,,,0,NON_DETERMINATO,POSSIBILE_USCITA,2026-08-21T12:20:59.475284+00:00,2026-09-06T22:17:30.165125+00:00,fonte/query orientata ai privati | 30+ giorni monitorati,,https://www.subito.it/annunci-piemonte/vendita/immobili/?q=bardonecchia,NO,,,0,,ESEGUITA,,,,PAGINA_CATEGORIA_O_RICERCA
BASSA,35,RESIDENZIALE,IMMOBILE,,ACQUISIZIONE IMMOBILE,Bardonecchia,Bakeca privati,Annunci di case in vendita a Bardonecchia centro città,,,0,NON_DETERMINATO,USCITO_MERCATO,2026-08-21T12:20:59.475291+00:00,2026-08-23T09:11:13.222356+00:00,fonte/query orientata ai privati | 30+ giorni monitorati,,https://torino.bakeca.it/annunci/vendita-case/luogo/Bardonecchia/,NO,,,0,,ESEGUITA,,,,TITOLO_CATEGORIA_NON_OPERATIVO
BASSA,35,RESIDENZIALE,IMMOBILE,,ACQUISIZIONE IMMOBILE,Bruzolo,Subito privati,Case in vendita Bruzolo - Immobili - Subito.it,,,0,NON_DETERMINATO,TRACKED,2026-08-21T12:20:59.475325+00:00,2026-09-25T13:39:37.453036+00:00,fonte/query orientata ai privati | 30+ giorni monitorati,,https://www.subito.it/annunci-piemonte/vendita/immobili/torino/bruzolo/,NO,,,0,,ESEGUITA,,,,PAGINA_CATEGORIA_O_RICERCA
BASSA,35,RESIDENZIALE,IMMOBILE,,ACQUISIZIONE IMMOBILE,Bussoleno,Subito privati,Case in vendita Bussoleno - Immobili - Subito.it,,,0,NON_DETERMINATO,TRACKED,2026-08-21T12:20:59.475335+00:00,2026-09-07T00:44:29.374899+00:00,fonte/query orientata ai privati | 30+ giorni monitorati,,https://www.subito.it/annunci-piemonte/vendita/immobili/torino/bussoleno/,NO,,,0,,ESEGUITA,,,,PAGINA_CATEGORIA_O_RICERCA
BASSA,35,RESIDENZIALE,IMMOBILE,,ACQUISIZIONE IMMOBILE,Buttigliera Alta,Subito privati,Case in vendita Buttigliera Alta - Immobili - Subito.it,,,0,NON_DETERMINATO,POSSIBILE_USCITA,2026-08-21T12:20:59.475356+00:00,2026-09-24T13:39:01.456729+00:00,fonte/query orientata ai privati | 30+ giorni monitorati,,https://www.subito.it/annunci-piemonte/vendita/immobili/torino/buttigliera-alta/,NO,,,0,,ESEGUITA,,,,PAGINA_CATEGORIA_O_RICERCA
BASSA,35,RESIDENZIALE,IMMOBILE,,ACQUISIZIONE IMMOBILE,Caprie,Subito privati,Case in vendita Caprie - Immobili - Subito.it,,,0,NON_DETERMINATO,POSSIBILE_USCITA,2026-08-21T12:20:59.475387+00:00,2026-09-24T18:35:30.192970+00:00,fonte/query orientata ai privati | 30+ giorni monitorati,,https://www.subito.it/annunci-piemonte/vendita/immobili/torino/caprie/,NO,,,0,,ESEGUITA,,,,PAGINA_CATEGORIA_O_RICERCA
BASSA,35,RESIDENZIALE,IMMOBILE,,ACQUISIZIONE IMMOBILE,Caselette,Subito privati,Case in vendita Caselette - Immobili - Subito.it,,,0,NON_DETERMINATO,TRACKED,2026-08-21T12:20:59.475408+00:00,2026-09-25T13:39:37.453107+00:00,fonte/query orientata ai privati | 30+ giorni monitorati,,https://www.subito.it/annunci-piemonte/vendita/immobili/torino/caselette/,NO,,,0,,ESEGUITA,,,,PAGINA_CATEGORIA_O_RICERCA
BASSA,35,RESIDENZIALE,IMMOBILE,,ACQUISIZIONE IMMOBILE,Chianocco,Subito privati,Case in vendita Chianocco - Immobili - Subito.it,,,0,NON_DETERMINATO,TRACKED,2026-08-21T12:20:59.475423+00:00,2026-09-25T13:39:37.453168+00:00,fonte/query orientata ai privati | 30+ giorni monitorati,,https://www.subito.it/annunci-piemonte/vendita/immobili/torino/chianocco/,NO,,,0,,ESEGUITA,,,,PAGINA_CATEGORIA_O_RICERCA
BASSA,35,RESIDENZIALE,IMMOBILE,,ACQUISIZIONE IMMOBILE,Chiusa di San Michele,Subito privati,Case in vendita Chiusa di San Michele - Immobili - Subito.it,,,0,NON_DETERMINATO,USCITO_MERCATO,2026-08-21T12:20:59.475446+00:00,2026-09-20T11:10:13.479020+00:00,fonte/query orientata ai privati | 30+ giorni monitorati,,https://www.subito.it/annunci-piemonte/vendita/immobili/torino/chiusa-di-san-michele/,NO,,,0,,ESEGUITA,,,,PAGINA_CATEGORIA_O_RICERCA
BASSA,35,RESIDENZIALE,IMMOBILE,,ACQUISIZIONE IMMOBILE,Coazze,Subito privati,Case in vendita Coazze - Immobili - Subito.it,,,0,NON_DETERMINATO,TRACKED,2026-08-21T12:20:59.475481+00:00,2026-09-25T01:30:21.914457+00:00,fonte/query orientata ai privati | 30+ giorni monitorati,,https://www.subito.it/annunci-piemonte/vendita/immobili/torino/coazze/,NO,,,0,,ESEGUITA,,,,PAGINA_CATEGORIA_O_RICERCA
BASSA,35,RESIDENZIALE,IMMOBILE,,ACQUISIZIONE IMMOBILE,Giaglione,Subito privati,Case in vendita Giaglione - Immobili - Subito.it,,,0,NON_DETERMINATO,USCITO_MERCATO,2026-08-21T12:20:59.475534+00:00,2026-08-28T10:58:40.670775+00:00,fonte/query orientata ai privati | 30+ giorni monitorati,,https://www.subito.it/annunci-piemonte/vendita/immobili/torino/giaglione/,NO,,,0,,ESEGUITA,,,,PAGINA_CATEGORIA_O_RICERCA
BASSA,35,RESIDENZIALE,IMMOBILE,,ACQUISIZIONE IMMOBILE,Gravere,Subito privati,Case in vendita Gravere - Immobili - Subito.it,,,0,NON_DETERMINATO,USCITO_MERCATO,2026-08-21T12:20:59.475569+00:00,2026-08-28T10:58:40.670898+00:00,fonte/query orientata ai privati | 30+ giorni monitorati,,https://www.subito.it/annunci-piemonte/vendita/immobili/torino/gravere/,NO,,,0,,ESEGUITA,,,,PAGINA_CATEGORIA_O_RICERCA
BASSA,35,RESIDENZIALE,IMMOBILE,,ACQUISIZIONE IMMOBILE,Mattie,Subito privati,Case in vendita Mattie - Immobili - Subito.it,,,0,NON_DETERMINATO,TRACKED,2026-08-21T12:20:59.475590+00:00,2026-09-07T10:14:01.140555+00:00,fonte/query orientata ai privati | 30+ giorni monitorati,,https://www.subito.it/annunci-piemonte/vendita/immobili/torino/mattie/,NO,,,0,,ESEGUITA,,,,PAGINA_CATEGORIA_O_RICERCA
BASSA,35,RESIDENZIALE,IMMOBILE,,ACQUISIZIONE IMMOBILE,Meana di Susa,Subito privati,Case in vendita Meana di Susa - Immobili - Subito.it,,,0,NON_DETERMINATO,TRACKED,2026-08-21T12:20:59.475614+00:00,2026-09-07T10:14:01.140603+00:00,fonte/query orientata ai privati | 30+ giorni monitorati,,https://www.subito.it/annunci-piemonte/vendita/immobili/torino/meana-di-susa/,NO,,,0,,ESEGUITA,,,,PAGINA_CATEGORIA_O_RICERCA
BASSA,35,RESIDENZIALE,IMMOBILE,,ACQUISIZIONE IMMOBILE,Mompantero,Subito privati,Case in vendita Mompantero - Immobili - Subito.it,,,0,NON_DETERMINATO,USCITO_MERCATO,2026-08-21T12:20:59.475624+00:00,2026-08-23T17:16:38.786959+00:00,fonte/query orientata ai privati | 30+ giorni monitorati,,https://www.subito.it/annunci-piemonte/vendita/immobili/torino/mompantero/,NO,,,0,,ESEGUITA,,,,PAGINA_CATEGORIA_O_RICERCA
BASSA,35,RESIDENZIALE,IMMOBILE,,ACQUISIZIONE IMMOBILE,Oulx,Bakeca privati,Annunci di case in vendita a Oulx centro città - Bakeca,,,0,NON_DETERMINATO,USCITO_MERCATO,2026-08-21T12:20:59.475655+00:00,2026-08-23T17:16:38.786978+00:00,fonte/query orientata ai privati | 30+ giorni monitorati,,https://torino.bakeca.it/annunci/vendita-case/luogo/oulx/,NO,,,0,,ESEGUITA,,,,TITOLO_CATEGORIA_NON_OPERATIVO
BASSA,35,RESIDENZIALE,IMMOBILE,,ACQUISIZIONE IMMOBILE,Pianezza,Subito privati,Pianezza - Vendita case Piemonte - Subito.it,,,0,NON_DETERMINATO,TRACKED,2026-08-21T12:20:59.475681+00:00,2026-09-24T22:22:05.019099+00:00,fonte/query orientata ai privati | 30+ giorni monitorati,,https://www.subito.it/annunci-piemonte/vendita/immobili/?q=pianezza,NO,,,0,,NON_ESEGUITA,,,,PAGINA_CATEGORIA_O_RICERCA
BASSA,35,RESIDENZIALE,IMMOBILE,,ACQUISIZIONE IMMOBILE,Reano,Subito privati,Case in vendita Reano - Immobili - Subito.it,,,0,NON_DETERMINATO,TRACKED,2026-08-21T12:20:59.475775+00:00,2026-09-25T13:39:37.454011+00:00,fonte/query orientata ai privati | 30+ giorni monitorati,,https://www.subito.it/annunci-piemonte/vendita/immobili/torino/reano/,NO,,,0,,ESEGUITA,,,,PAGINA_CATEGORIA_O_RICERCA
BASSA,35,RESIDENZIALE,IMMOBILE,,ACQUISIZIONE IMMOBILE,Rubiana,Subito privati,Case in vendita Rubiana - Immobili - Subito.it,,,0,NON_DETERMINATO,TRACKED,2026-08-21T12:20:59.475827+00:00,2026-09-25T13:39:37.454488+00:00,fonte/query orientata ai privati | 30+ giorni monitorati,,https://www.subito.it/annunci-piemonte/vendita/immobili/torino/rubiana/,NO,,,0,,ESEGUITA,,,,PAGINA_CATEGORIA_O_RICERCA
BASSA,35,RESIDENZIALE,IMMOBILE,,ACQUISIZIONE IMMOBILE,San Giorio,Subito privati,Case in vendita San Giorio di Susa - Immobili - Subito.it,,,0,NON_DETERMINATO,TRACKED,2026-08-21T12:20:59.475844+00:00,2026-09-16T22:13:22.798873+00:00,fonte/query orientata ai privati | 30+ giorni monitorati,,https://www.subito.it/annunci-piemonte/vendita/immobili/torino/san-giorio-di-susa/,NO,,,0,,NON_ESEGUITA,,,,PAGINA_CATEGORIA_O_RICERCA
BASSA,35,RESIDENZIALE,IMMOBILE,,ACQUISIZIONE IMMOBILE,Sangano,Subito privati,Case in vendita Sangano - Immobili - Subito.it,,,0,NON_DETERMINATO,TRACKED,2026-08-21T12:20:59.475857+00:00,2026-09-07T10:14:01.141597+00:00,fonte/query orientata ai privati | 30+ giorni monitorati,,https://www.subito.it/annunci-piemonte/vendita/immobili/torino/sangano/,NO,,,0,,NON_ESEGUITA,,,,PAGINA_CATEGORIA_O_RICERCA
BASSA,35,RESIDENZIALE,IMMOBILE,,ACQUISIZIONE IMMOBILE,Val della Torre,Subito privati,Case in vendita Val della Torre - Immobili - Subito.it,,,0,NON_DETERMINATO,TRACKED,2026-08-21T12:20:59.475939+00:00,2026-09-25T01:30:21.916059+00:00,fonte/query orientata ai privati | 30+ giorni monitorati,,https://www.subito.it/annunci-piemonte/vendita/immobili/torino/val-della-torre/,NO,,,0,,NON_ESEGUITA,,,,PAGINA_CATEGORIA_O_RICERCA
BASSA,35,RESIDENZIALE,IMMOBILE,,ACQUISIZIONE IMMOBILE,Valgioie,Subito privati,Case in vendita Valgioie - Immobili - Subito.it,,,0,NON_DETERMINATO,TRACKED,2026-08-21T12:20:59.475958+00:00,2026-09-25T13:39:37.455042+00:00,fonte/query orientata ai privati | 30+ giorni monitorati,,https://www.subito.it/annunci-piemonte/vendita/immobili/torino/valgioie/,NO,,,0,,NON_ESEGUITA,,,,PAGINA_CATEGORIA_O_RICERCA
BASSA,35,RESIDENZIALE,IMMOBILE,,ACQUISIZIONE IMMOBILE,Villar Dora,Subito privati,Case in vendita Villar Dora - Immobili - Subito.it,,,0,NON_DETERMINATO,TRACKED,2026-08-21T12:20:59.475968+00:00,2026-09-25T13:39:37.455160+00:00,fonte/query orientata ai privati | 30+ giorni monitorati,,https://www.subito.it/annunci-piemonte/vendita/immobili/torino/villar-dora/,NO,,,0,,NON_ESEGUITA,,,,PAGINA_CATEGORIA_O_RICERCA
BASSA,35,RESIDENZIALE,IMMOBILE,,ACQUISIZIONE IMMOBILE,Villar Focchiardo,Subito privati,Case in vendita Villar Focchiardo - Immobili - Subito.it,,,0,NON_DETERMINATO,TRACKED,2026-08-21T12:20:59.475988+00:00,2026-09-25T13:39:37.455180+00:00,fonte/query orientata ai privati | 30+ giorni monitorati,,https://www.subito.it/annunci-piemonte/vendita/immobili/torino/villar-focchiardo/,NO,,,0,,NON_ESEGUITA,,,,PAGINA_CATEGORIA_O_RICERCA
BASSA,35,RESIDENZIALE,IMMOBILE,,ACQUISIZIONE IMMOBILE,Villarbasse,Subito privati,Case in vendita Villarbasse - Immobili - Subito.it,,,0,NON_DETERMINATO,TRACKED,2026-08-21T12:20:59.476020+00:00,2026-09-25T13:39:37.455249+00:00,fonte/query orientata ai privati | 30+ giorni monitorati,,https://www.subito.it/annunci-piemonte/vendita/immobili/torino/villarbasse/,NO,,,0,,NON_ESEGUITA,,,,PAGINA_CATEGORIA_O_RICERCA
BASSA,35,RESIDENZIALE,IMMOBILE,,ACQUISIZIONE IMMOBILE,Rivoli,Subito privati,Rivoli - Vendita case - Subito.it,,,0,NON_DETERMINATO,TRACKED,2026-08-22T17:17:15.502745+00:00,2026-09-25T13:39:37.454148+00:00,fonte/query orientata ai privati | 30+ giorni monitorati,,https://www.subito.it/annunci-italia/vendita/immobili/?q=rivoli,NO,,,0,,ESEGUITA,,,,PAGINA_CATEGORIA_O_RICERCA
BASSA,35,RESIDENZIALE,IMMOBILE,,ACQUISIZIONE IMMOBILE,Rosta,Subito privati,Case in vendita Rosta - Immobili - Subito.it,,,0,NON_DETERMINATO,TRACKED,2026-08-22T17:17:15.502765+00:00,2026-09-25T13:39:37.454396+00:00,fonte/query orientata ai privati | 30+ giorni monitorati,,https://www.subito.it/annunci-piemonte/vendita/immobili/torino/rosta/,NO,,,0,,ESEGUITA,,,,PAGINA_CATEGORIA_O_RICERCA
BASSA,35,RESIDENZIALE,IMMOBILE,,ACQUISIZIONE IMMOBILE,Sant'Antonino di Susa,Subito privati,Case in vendita Sant'Antonino di Susa - Immobili - Subito.it,,,0,NON_DETERMINATO,TRACKED,2026-08-22T17:17:15.502823+00:00,2026-09-25T13:39:37.454710+00:00,fonte/query orientata ai privati | 30+ giorni monitorati,,https://www.subito.it/annunci-piemonte/vendita/immobili/torino/sant-antonino-di-susa/,NO,,,0,,NON_ESEGUITA,,,,PAGINA_CATEGORIA_O_RICERCA
BASSA,35,RESIDENZIALE,IMMOBILE,,ACQUISIZIONE IMMOBILE,Susa,Subito privati,Case in vendita Susa - Immobili - Subito.it,,,0,NON_DETERMINATO,TRACKED,2026-08-22T17:17:15.502847+00:00,2026-09-07T04:45:03.057582+00:00,fonte/query orientata ai privati | 30+ giorni monitorati,,https://www.subito.it/annunci-piemonte/vendita/immobili/torino/susa/,NO,,,0,,NON_ESEGUITA,,,,PAGINA_CATEGORIA_O_RICERCA
BASSA,35,RESIDENZIALE,IMMOBILE,,ACQUISIZIONE IMMOBILE,Bardonecchia,Subito privati,Case in vendita Bardonecchia - Immobili - Subito.it,,,0,NON_DETERMINATO,USCITO_MERCATO,2026-08-23T09:11:13.222362+00:00,2026-08-23T09:11:13.222364+00:00,fonte/query orientata ai privati | 30+ giorni monitorati,,https://www.subito.it/annunci-piemonte/vendita/immobili/torino/bardonecchia/,NO,,,0,,ESEGUITA,,,,PAGINA_CATEGORIA_O_RICERCA
BASSA,35,RESIDENZIALE,IMMOBILE,,ACQUISIZIONE IMMOBILE,Condove,Subito privati,Case in vendita Condove - Immobili - Subito.it,,,0,NON_DETERMINATO,POSSIBILE_USCITA,2026-08-23T09:11:13.222521+00:00,2026-09-24T07:40:08.271726+00:00,fonte/query orientata ai privati | 30+ giorni monitorati,,https://www.subito.it/annunci-piemonte/vendita/immobili/torino/condove/,NO,,,0,,ESEGUITA,,,,PAGINA_CATEGORIA_O_RICERCA
BASSA,35,RESIDENZIALE,IMMOBILE,,ACQUISIZIONE IMMOBILE,Trana,Subito privati,Case in vendita Trana - Immobili - Subito.it,,,0,NON_DETERMINATO,TRACKED,2026-08-23T09:11:13.222753+00:00,2026-09-25T13:39:37.454804+00:00,fonte/query orientata ai privati | 30+ giorni monitorati,,https://www.subito.it/annunci-piemonte/vendita/immobili/torino/trana/,NO,,,0,,NON_ESEGUITA,,,,PAGINA_CATEGORIA_O_RICERCA
BASSA,35,RESIDENZIALE,IMMOBILE,,ACQUISIZIONE IMMOBILE,Vaie,Subito privati,Case in vendita Vaie - Immobili - Subito.it,,,0,NON_DETERMINATO,TRACKED,2026-08-23T09:11:13.222812+00:00,2026-09-25T13:39:37.454914+00:00,fonte/query orientata ai privati | 30+ giorni monitorati,,https://www.subito.it/annunci-piemonte/vendita/immobili/torino/vaie/,NO,,,0,,NON_ESEGUITA,,,,PAGINA_CATEGORIA_O_RICERCA
BASSA,35,RESIDENZIALE,IMMOBILE,,ACQUISIZIONE IMMOBILE,Pianezza,Subito privati,Case in vendita Pianezza - Immobili - Subito.it,,,0,NON_DETERMINATO,TRACKED,2026-08-23T17:16:38.786987+00:00,2026-09-25T01:30:21.915196+00:00,fonte/query orientata ai privati | 30+ giorni monitorati,,https://www.subito.it/annunci-piemonte/vendita/immobili/torino/pianezza/,NO,,,0,,ESEGUITA,,,,PAGINA_CATEGORIA_O_RICERCA
BASSA,34,RESIDENZIALE,IMMOBILE,,ACQUISIZIONE IMMOBILE,Almese,Trovit,159 immobili in vendita a Almese - Trovit,46000,27000,1,INDIZIO_AGENZIA,USCITO_MERCATO,2026-08-21T12:20:59.475157+00:00,2026-09-21T01:16:25.017483+00:00,indizio agenzia | prezzo rilevato | ribasso rilevato | 30+ giorni monitorati,,https://case.trovit.it/almese,NO,,,0,,ESEGUITA,,,,PAGINA_CATEGORIA_O_RICERCA
BASSA,32,RESIDENZIALE,IMMOBILE,,ACQUISIZIONE IMMOBILE,Chiomonte,Bakeca privati,Annunci di case in vendita a Chiomonte centro città,7990,,0,NON_DETERMINATO,USCITO_MERCATO,2026-09-02T16:09:34.323948+00:00,2026-09-04T00:12:37.946369+00:00,fonte/query orientata ai privati | prezzo rilevato,,https://torino.bakeca.it/annunci/vendita-case/luogo/chiomonte/,NO,,,0,,NON_ESEGUITA,,,,TITOLO_CATEGORIA_NON_OPERATIVO
BASSA,32,RESIDENZIALE,IMMOBILE,,ACQUISIZIONE IMMOBILE,Sant'Ambrogio di Torino,Bakeca privati,Annunci di case in vendita a Sant'Ambrogio di Torino centro città ...,134990,,0,NON_DETERMINATO,TRACKED,2026-09-06T04:45:18.784353+00:00,2026-09-07T04:45:03.057526+00:00,fonte/query orientata ai privati | prezzo rilevato,,https://torino.bakeca.it/annunci/vendita-case/luogo/sant%27ambrogio+di+torino/,NO,,,0,,NON_ESEGUITA,,,,TITOLO_CATEGORIA_NON_OPERATIVO
BASSA,32,RESIDENZIALE,IMMOBILE,,ACQUISIZIONE IMMOBILE,Almese,Bakeca privati,Annunci di case in vendita a Almese centro città - Bakeca,175000,,0,NON_DETERMINATO,RELISTED,2026-09-11T17:53:32.666859+00:00,2026-09-25T13:39:37.452364+00:00,fonte/query orientata ai privati | prezzo rilevato,,https://torino.bakeca.it/annunci/vendita-case/luogo/Almese/,NO,,,0,,ESEGUITA,via Milanere,via Milanere 29,VAI IN ZONA,TITOLO_CATEGORIA_NON_OPERATIVO
BASSA,32,RESIDENZIALE,IMMOBILE,,ACQUISIZIONE IMMOBILE,Avigliana,Bakeca privati,Annunci di case in vendita a Avigliana centro città - Bakeca,27140,,0,NON_DETERMINATO,USCITO_MERCATO,2026-09-11T17:53:32.667073+00:00,2026-09-14T18:41:54.042449+00:00,fonte/query orientata ai privati | prezzo rilevato,,https://torino.bakeca.it/annunci/vendita-case/luogo/avigliana/,NO,,,0,,ESEGUITA,Via G. Matteotti,Via G. Matteotti 6,VAI IN ZONA,TITOLO_CATEGORIA_NON_OPERATIVO
BASSA,32,RESIDENZIALE,IMMOBILE,,ACQUISIZIONE IMMOBILE,Grugliasco,Bakeca privati,Annunci di case in vendita a Grugliasco centro città,115000,,0,NON_DETERMINATO,RELISTED,2026-09-22T21:17:46.995958+00:00,2026-09-25T13:39:37.453839+00:00,fonte/query orientata ai privati | prezzo rilevato,,https://torino.bakeca.it/annunci/vendita-case/luogo/Grugliasco/,NO,,,0,,NON_ESEGUITA,,,,TITOLO_CATEGORIA_NON_OPERATIVO
BASSA,31,UFFICIO_DIREZIONALE,IMMOBILE,,ACQUISIZIONE / LOCAZIONE UFFICIO,Condove,Uffici e direzionale,162 Case in vendita a Condove - Mitula Case,,,0,NON_DETERMINATO,USCITO_MERCATO,2026-08-21T12:20:59.475529+00:00,2026-09-08T11:07:58.868404+00:00,ufficio direzionale | 30+ giorni monitorati,,https://immobiliare.mitula.it/casa-condove,NO,,,0,,ESEGUITA,,,,TITOLO_CATEGORIA_NON_OPERATIVO
BASSA,31,RESIDENZIALE,IMMOBILE,NUOVA_COSTRUZIONE,ACQUISIZIONE IMMOBILE,Rivoli,Nestoria,Case e appartamenti a Rivoli Torino. Immobili in vendita a Rivoli ...,,,0,NON_DETERMINATO,TRACKED,2026-08-21T12:20:59.475801+00:00,2026-09-25T13:39:37.454162+00:00,nuova costruzione | 30+ giorni monitorati,,https://www.nestoria.it/immobiliare/vendita/rivoli,NO,,,0,,ESEGUITA,,,,TITOLO_CATEGORIA_NON_OPERATIVO
BASSA,30,INDUSTRIALE_LOGISTICA,IMMOBILE,,ACQUISIZIONE CAPANNONE / MAGAZZINO,Trana,Trovit,10 locale commerciales in vendita a Trana - Trovit,33000,,0,NON_DETERMINATO,TRACKED,2026-08-27T21:04:17.081116+00:00,2026-09-25T13:39:37.454840+00:00,prezzo rilevato | industriale logistica,,https://case.trovit.it/negozio-trana,NO,,,0,,NON_ESEGUITA,,,,PAGINA_CATEGORIA_O_RICERCA
BASSA,30,INDUSTRIALE_LOGISTICA,IMMOBILE,,ACQUISIZIONE CAPANNONE / MAGAZZINO,Val della Torre,Capannoni logistica,Garage Val Della Torre - 30 Garage in vendita in Val Della Torre de ...,24000,,0,NON_DETERMINATO,USCITO_MERCATO,2026-09-01T23:36:27.692306+00:00,2026-09-01T23:36:27.692307+00:00,prezzo rilevato | industriale logistica,,https://www.nuroa.it/vendita-immobili/garage-val-della-torre,NO,,,0,,NON_ESEGUITA,,,,PAGINA_CATEGORIA_O_RICERCA
BASSA,30,INDUSTRIALE_LOGISTICA,IMMOBILE,,ACQUISIZIONE CAPANNONE / MAGAZZINO,Collegno,Trovit,132 locale commerciales in vendita a Collegno - Trovit,28000,,0,NON_DETERMINATO,USCITO_MERCATO,2026-09-07T04:45:03.056134+00:00,2026-09-12T19:18:03.777451+00:00,prezzo rilevato | industriale logistica,,https://case.trovit.it/negozio-collegno,NO,,,0,,NON_ESEGUITA,,,,PAGINA_CATEGORIA_O_RICERCA
BASSA,30,INDUSTRIALE_LOGISTICA,IMMOBILE,,ACQUISIZIONE CAPANNONE / MAGAZZINO,Alpignano,Trovit,8 capannones in vendita a Alpignano - Trovit,65000,,0,NON_DETERMINATO,USCITO_MERCATO,2026-09-09T20:56:38.868118+00:00,2026-09-18T19:44:01.660697+00:00,prezzo rilevato | industriale logistica,,https://case.trovit.it/capannone-alpignano,NO,,,0,,ESEGUITA,,,,PAGINA_CATEGORIA_O_RICERCA
BASSA,30,INDUSTRIALE_LOGISTICA,IMMOBILE,,ACQUISIZIONE CAPANNONE / MAGAZZINO,Pianezza,Trovit,14 capannones in vendita a Pianezza - Trovit,23240,,0,NON_DETERMINATO,USCITO_MERCATO,2026-09-16T22:13:22.798398+00:00,2026-09-22T01:45:50.162434+00:00,prezzo rilevato | industriale logistica,,https://case.trovit.it/capannone-pianezza,NO,,,0,,NON_ESEGUITA,,,,PAGINA_CATEGORIA_O_RICERCA
BASSA,30,INDUSTRIALE_LOGISTICA,IMMOBILE,,ACQUISIZIONE CAPANNONE / MAGAZZINO,Beinasco,Trovit,3 capannones in affitto a Beinasco - Trovit,5750,,0,NON_DETERMINATO,POSSIBILE_USCITA,2026-09-19T10:47:39.483578+00:00,2026-09-24T18:35:30.192590+00:00,prezzo rilevato | industriale logistica,,https://case.trovit.it/affitto-capannone-beinasco,NO,,,0,,ESEGUITA,,,,PAGINA_CATEGORIA_O_RICERCA
BASSA,30,INDUSTRIALE_LOGISTICA,IMMOBILE,,ACQUISIZIONE CAPANNONE / MAGAZZINO,Beinasco,Capannoni logistica,Garage Beinasco - 34 Garage in vendita in Beinasco de Nuroa.it,20000,,0,NON_DETERMINATO,USCITO_MERCATO,2026-09-19T18:06:37.665384+00:00,2026-09-23T15:03:11.506391+00:00,prezzo rilevato | industriale logistica,,https://www.nuroa.it/vendita-immobili/garage-beinasco,NO,,,0,,ESEGUITA,Via San Giacomo,Via San Giacomo 41 | Via San Giacomo 26 | via San Giacomo 12,VAI IN ZONA,PAGINA_CATEGORIA_O_RICERCA
BASSA,30,INDUSTRIALE_LOGISTICA,IMMOBILE,,ACQUISIZIONE CAPANNONE / MAGAZZINO,Bruino,Trovit,5 capannones in vendita a Bruino - Trovit,270000,,0,NON_DETERMINATO,TRACKED,2026-09-22T07:44:42.104849+00:00,2026-09-25T13:39:37.452997+00:00,prezzo rilevato | industriale logistica,,https://case.trovit.it/capannone-bruino,NO,,,0,,ESEGUITA,,,,PAGINA_CATEGORIA_O_RICERCA
BASSA,30,INDUSTRIALE_LOGISTICA,IMMOBILE,,ACQUISIZIONE CAPANNONE / MAGAZZINO,La Cassa,Trovit,15 capannones in vendita a La Cassa - Trovit,21950,,0,NON_DETERMINATO,USCITO_MERCATO,2026-09-22T07:44:42.106074+00:00,2026-09-23T15:03:11.508230+00:00,prezzo rilevato | industriale logistica,,https://case.trovit.it/capannone-cassa,NO,,,0,,NON_ESEGUITA,,,,PAGINA_CATEGORIA_O_RICERCA
BASSA,30,RESIDENZIALE,IMMOBILE,,ACQUISIZIONE IMMOBILE,Villarbasse,Mercato residenziale,71 Rustici in vendita a Villarbasse - Mitula Case,,,0,NON_DETERMINATO,NEW,2026-09-24T22:22:05.021478+00:00,2026-09-24T22:22:05.021482+00:00,nuova rilevazione,,https://immobiliare.mitula.it/rustico-villarbasse,NO,,,0,,NON_ESEGUITA,,,,RUSTICO_ESCLUSO
BASSA,30,RESIDENZIALE,IMMOBILE,,ACQUISIZIONE IMMOBILE,Buttigliera Alta,Mercato residenziale,Buttigliera Alta: case e appartamenti in vendita,,,0,NON_DETERMINATO,NEW,2026-09-25T01:30:21.914257+00:00,2026-09-25T01:30:21.914258+00:00,nuova rilevazione,,https://www.dove.it/vendita-case/buttigliera-alta,NO,,,0,,NON_ESEGUITA,,,,TITOLO_CATEGORIA_NON_OPERATIVO
BASSA,28,RESIDENZIALE,IMMOBILE,,ACQUISIZIONE IMMOBILE,Almese,Mercato residenziale,449 Immobili in vendita a Almese - Mitula Case,89000,,0,NON_DETERMINATO,TRACKED,2026-08-21T12:20:59.475199+00:00,2026-09-25T13:39:37.452311+00:00,prezzo rilevato | 30+ giorni monitorati,,https://immobiliare.mitula.it/almese,NO,,,0,,ESEGUITA,VIA AVIGLIANA,VIA AVIGLIANA 98,VAI IN ZONA,TITOLO_CATEGORIA_NON_OPERATIVO
BASSA,28,RESIDENZIALE,IMMOBILE,,ACQUISIZIONE IMMOBILE,Buttigliera Alta,Trovit,"19 immobili in vendita a Le Fronde, Buttigliera Alta - Trovit",75000,,0,NON_DETERMINATO,USCITO_MERCATO,2026-08-21T12:20:59.475347+00:00,2026-08-27T21:04:17.079604+00:00,prezzo rilevato | 30+ giorni monitorati,,https://case.trovit.it/fronde,NO,,,0,,ESEGUITA,,,,PAGINA_CATEGORIA_O_RICERCA
BASSA,28,RESIDENZIALE,IMMOBILE,,ACQUISIZIONE IMMOBILE,Caprie,Trovit,60 immobili in vendita a Caprie - Trovit,28000,,0,NON_DETERMINATO,USCITO_MERCATO,2026-08-21T12:20:59.475379+00:00,2026-08-27T21:04:17.079623+00:00,prezzo rilevato | 30+ giorni monitorati,,https://case.trovit.it/caprie,NO,,,0,,ESEGUITA,,,,PAGINA_CATEGORIA_O_RICERCA
BASSA,28,RESIDENZIALE,IMMOBILE,,ACQUISIZIONE IMMOBILE,Chiusa di San Michele,Trovit,58 immobili in vendita a Chiusa di San Michele - Trovit,28000,,0,NON_DETERMINATO,USCITO_MERCATO,2026-08-21T12:20:59.475439+00:00,2026-08-21T12:20:59.475441+00:00,prezzo rilevato | 30+ giorni monitorati,,https://case.trovit.it/chiusa-san-michele,NO,,,0,,ESEGUITA,,,,PAGINA_CATEGORIA_O_RICERCA
BASSA,28,RESIDENZIALE,IMMOBILE,,ACQUISIZIONE IMMOBILE,Coazze,Trovit,66 immobili villa in vendita a Coazze - Trovit,20000,,0,NON_DETERMINATO,TRACKED,2026-08-21T12:20:59.475472+00:00,2026-09-25T01:30:21.914438+00:00,prezzo rilevato | 30+ giorni monitorati,,https://case.trovit.it/villa-coazze,NO,,,0,,ESEGUITA,,,,PAGINA_CATEGORIA_O_RICERCA
BASSA,28,RESIDENZIALE,IMMOBILE,,ACQUISIZIONE IMMOBILE,Coazze,Trovit,"30 immobili in vendita a Forno, Coazze - Trovit",20000,,0,NON_DETERMINATO,USCITO_MERCATO,2026-08-21T12:20:59.475486+00:00,2026-08-27T21:04:17.079840+00:00,prezzo rilevato | 30+ giorni monitorati,,https://case.trovit.it/forno-coazze,NO,,,0,,ESEGUITA,,,,PAGINA_CATEGORIA_O_RICERCA
BASSA,28,RESIDENZIALE,IMMOBILE,,ACQUISIZIONE IMMOBILE,Collegno,Trovit,8 appartamentos viale gramsci collegno in vendita a Torino,115000,,0,NON_DETERMINATO,USCITO_MERCATO,2026-08-21T12:20:59.475499+00:00,2026-09-21T01:16:25.017191+00:00,prezzo rilevato | 30+ giorni monitorati,,https://case.trovit.it/appartamento-viale-gramsci-collegno-torino,NO,,,0,,ESEGUITA,,,,PAGINA_CATEGORIA_O_RICERCA
BASSA,28,RESIDENZIALE,IMMOBILE,,ACQUISIZIONE IMMOBILE,Condove,Trovit,156 immobili in vendita a Condove - Trovit,21000,,0,NON_DETERMINATO,USCITO_MERCATO,2026-08-21T12:20:59.475516+00:00,2026-09-19T23:00:29.357314+00:00,prezzo rilevato | 30+ giorni monitorati,,https://case.trovit.it/condove,NO,,,0,,ESEGUITA,,,,PAGINA_CATEGORIA_O_RICERCA
BASSA,28,RESIDENZIALE,IMMOBILE,,ACQUISIZIONE IMMOBILE,Gravere,Trovit,49 immobili in vendita a Gravere - Trovit,20000,,0,NON_DETERMINATO,USCITO_MERCATO,2026-08-21T12:20:59.475564+00:00,2026-09-01T23:36:27.691102+00:00,prezzo rilevato | 30+ giorni monitorati,,https://case.trovit.it/gravere,NO,,,0,,ESEGUITA,,,,PAGINA_CATEGORIA_O_RICERCA
BASSA,28,RESIDENZIALE,IMMOBILE,,ACQUISIZIONE IMMOBILE,Rivoli,Trovit,50 immobili villa collina in vendita a Rivoli - Trovit,99000,,0,NON_DETERMINATO,USCITO_MERCATO,2026-08-21T12:20:59.475785+00:00,2026-09-21T01:16:25.019246+00:00,prezzo rilevato | 30+ giorni monitorati,,https://case.trovit.it/villa-collina-rivoli,NO,,,0,,ESEGUITA,,,,PAGINA_CATEGORIA_O_RICERCA
BASSA,28,RESIDENZIALE,IMMOBILE,,ACQUISIZIONE IMMOBILE,Rubiana,Trovit,128 immobili in vendita a Rubiana - Trovit,20000,,0,NON_DETERMINATO,USCITO_MERCATO,2026-08-21T12:20:59.475820+00:00,2026-08-27T21:04:17.080778+00:00,prezzo rilevato | 30+ giorni monitorati,,https://case.trovit.it/rubiana,NO,,,0,,NON_ESEGUITA,,,,PAGINA_CATEGORIA_O_RICERCA
BASSA,28,RESIDENZIALE,IMMOBILE,,ACQUISIZIONE IMMOBILE,Sangano,Trovit,60 immobili villa in vendita a Sangano - Trovit,139000,,0,NON_DETERMINATO,USCITO_MERCATO,2026-08-21T12:20:59.475849+00:00,2026-08-23T17:16:38.787064+00:00,prezzo rilevato | 30+ giorni monitorati,,https://case.trovit.it/villa-sangano,NO,,,0,,NON_ESEGUITA,,,,PAGINA_CATEGORIA_O_RICERCA
BASSA,28,RESIDENZIALE,IMMOBILE,,ACQUISIZIONE IMMOBILE,Sant'Antonino di Susa,Trovit,42 immobili in vendita a Sant'Antonino di Susa - Trovit,29000,,0,NON_DETERMINATO,USCITO_MERCATO,2026-08-21T12:20:59.475878+00:00,2026-08-27T21:04:17.080954+00:00,prezzo rilevato | 30+ giorni monitorati,,https://case.trovit.it/sant-antonino-susa,NO,,,0,,NON_ESEGUITA,,,,PAGINA_CATEGORIA_O_RICERCA
BASSA,28,RESIDENZIALE,IMMOBILE,,ACQUISIZIONE IMMOBILE,Susa,Trovit,72 immobili in vendita a Susa - Trovit,24375,,0,NON_DETERMINATO,USCITO_MERCATO,2026-08-21T12:20:59.475894+00:00,2026-08-27T21:04:17.081032+00:00,prezzo rilevato | 30+ giorni monitorati,,https://case.trovit.it/susa,NO,,,0,,NON_ESEGUITA,,,,PAGINA_CATEGORIA_O_RICERCA
BASSA,28,RESIDENZIALE,IMMOBILE,,ACQUISIZIONE IMMOBILE,Villarbasse,Trovit,63 immobili villa in vendita a Villarbasse - Trovit,129000,,0,NON_DETERMINATO,USCITO_MERCATO,2026-08-21T12:20:59.476013+00:00,2026-09-21T18:48:49.173845+00:00,prezzo rilevato | 30+ giorni monitorati,,https://case.trovit.it/villa-villarbasse,NO,,,0,,NON_ESEGUITA,,,,PAGINA_CATEGORIA_O_RICERCA
BASSA,28,RESIDENZIALE,IMMOBILE,,ACQUISIZIONE IMMOBILE,Coazze,Trovit,110 casas in vendita a Coazze - Trovit,20000,,0,NON_DETERMINATO,USCITO_MERCATO,2026-08-22T17:17:15.502584+00:00,2026-08-23T17:16:38.786864+00:00,prezzo rilevato | 30+ giorni monitorati,,https://case.trovit.it/casa-coazze,NO,,,0,,ESEGUITA,,,,PAGINA_CATEGORIA_O_RICERCA
BASSA,28,RESIDENZIALE,IMMOBILE,,ACQUISIZIONE IMMOBILE,Collegno,Trovit,"63 immobili in vendita a Leumann, Collegno - Trovit",95000,,0,NON_DETERMINATO,USCITO_MERCATO,2026-08-22T17:17:15.502596+00:00,2026-08-22T17:17:15.502597+00:00,prezzo rilevato | 30+ giorni monitorati,,https://case.trovit.it/leumann,NO,,,0,,ESEGUITA,,,,PAGINA_CATEGORIA_O_RICERCA
BASSA,28,RESIDENZIALE,IMMOBILE,,ACQUISIZIONE IMMOBILE,Giaveno,Trovit,585 immobili in vendita a Giaveno - Trovit,20000,,0,NON_DETERMINATO,USCITO_MERCATO,2026-08-22T17:17:15.502625+00:00,2026-08-27T21:04:17.080064+00:00,prezzo rilevato | 30+ giorni monitorati,,https://case.trovit.it/giaveno,NO,,,0,,ESEGUITA,,,,PAGINA_CATEGORIA_O_RICERCA
BASSA,28,RESIDENZIALE,IMMOBILE,,ACQUISIZIONE IMMOBILE,San Giorio,Trovit,"1 immobili in vendita a Malpasso, San Giorio di Susa - Trovit",2833000,,0,NON_DETERMINATO,TRACKED,2026-08-22T17:17:15.502798+00:00,2026-08-27T21:04:17.080887+00:00,prezzo rilevato | 30+ giorni monitorati,,https://case.trovit.it/malpasso,NO,,,0,,NON_ESEGUITA,,,,PAGINA_CATEGORIA_O_RICERCA
BASSA,28,UFFICIO_DIREZIONALE,IMMOBILE,,ACQUISIZIONE / LOCAZIONE UFFICIO,Susa,Trovit,10 locale commerciales in vendita a Susa - Trovit,35000,,0,NON_DETERMINATO,TRACKED,2026-08-28T05:06:35.531441+00:00,2026-09-07T10:14:01.141842+00:00,prezzo rilevato | ufficio direzionale,,https://case.trovit.it/negozio-susa,NO,,,0,,NON_ESEGUITA,,,,PAGINA_CATEGORIA_O_RICERCA
BASSA,28,COMMERCIALE_IMMOBILE,IMMOBILE,,ACQUISIZIONE / LOCAZIONE IMMOBILE COMMERCIALE,Pianezza,Commerciale negozi/locali,Via Pianezza Torino - 384 case in vendita in Torino de Nuroa.it,22000,,0,NON_DETERMINATO,USCITO_MERCATO,2026-09-01T20:55:16.173429+00:00,2026-09-10T11:09:38.638544+00:00,prezzo rilevato | commerciale immobile,,https://www.nuroa.it/vendita-immobili/via-pianezza-torino,NO,,,0,,NON_ESEGUITA,,,,PAGINA_CATEGORIA_O_RICERCA
BASSA,28,UFFICIO_DIREZIONALE,IMMOBILE,,ACQUISIZIONE / LOCAZIONE UFFICIO,Pianezza,Trovit,26 locale commerciales in vendita a Pianezza - Trovit,28000,,0,NON_DETERMINATO,USCITO_MERCATO,2026-09-03T18:47:06.318945+00:00,2026-09-14T01:05:27.892091+00:00,prezzo rilevato | ufficio direzionale,,https://case.trovit.it/negozio-pianezza,NO,,,0,,NON_ESEGUITA,,,,PAGINA_CATEGORIA_O_RICERCA
BASSA,28,COMMERCIALE_IMMOBILE,IMMOBILE,,ACQUISIZIONE / LOCAZIONE IMMOBILE COMMERCIALE,Bussoleno,Commerciale negozi/locali,Bilocale Bussoleno - 27 appartamenti in vendita in Bussoleno de Nuroa.it,43000,,0,NON_DETERMINATO,USCITO_MERCATO,2026-09-05T09:19:10.295614+00:00,2026-09-05T19:08:06.333485+00:00,prezzo rilevato | commerciale immobile,,https://www.nuroa.it/vendita-immobili/bilocale-bussoleno,NO,,,0,,ESEGUITA,Via della Bocciofila,Via della Bocciofila 4,VAI IN ZONA,PAGINA_CATEGORIA_O_RICERCA
BASSA,28,COMMERCIALE_IMMOBILE,IMMOBILE,,ACQUISIZIONE / LOCAZIONE IMMOBILE COMMERCIALE,Alpignano,Trovit,76 locale commerciales in vendita a Alpignano - Trovit,35000,,0,NON_DETERMINATO,USCITO_MERCATO,2026-09-08T18:39:29.643196+00:00,2026-09-18T01:22:44.225378+00:00,prezzo rilevato | commerciale immobile,,https://case.trovit.it/negozio-alpignano,NO,,,0,,ESEGUITA,"Piazza dei Caduti, proponiamo muri negozio di circa","Piazza dei Caduti, proponiamo muri negozio di circa 35",VAI IN ZONA,PAGINA_CATEGORIA_O_RICERCA
BASSA,28,COMMERCIALE_IMMOBILE,IMMOBILE,,ACQUISIZIONE / LOCAZIONE IMMOBILE COMMERCIALE,Almese,Commerciale negozi/locali,Locale Commerciale Almese - 12 locali comerciali in vendita in Almese ...,140000,,0,NON_DETERMINATO,TRACKED,2026-09-24T13:39:01.456138+00:00,2026-09-25T13:39:37.452404+00:00,prezzo rilevato | commerciale immobile,,https://www.nuroa.it/vendita-immobili/locale-commerciale-almese,NO,,,0,,ESEGUITA,Via Roma,Via Roma 29 | Via Roma 80,VAI IN ZONA,PAGINA_CATEGORIA_O_RICERCA
BASSA,27,RESIDENZIALE,IMMOBILE,,ACQUISIZIONE IMMOBILE,Alpignano,Subito privati,Appartamenti in vendita Alpignano - Subito.it,,,0,NON_DETERMINATO,TRACKED,2026-08-27T21:04:17.079119+00:00,2026-09-25T13:39:37.452486+00:00,fonte/query orientata ai privati,,https://www.subito.it/annunci-piemonte/vendita/appartamenti/torino/alpignano/,NO,,,0,,ESEGUITA,,,,PAGINA_CATEGORIA_O_RICERCA
BASSA,27,RESIDENZIALE,IMMOBILE,,ACQUISIZIONE IMMOBILE,Caprie,Subito privati,Appartamenti in vendita Caprie - Subito.it,,,0,NON_DETERMINATO,USCITO_MERCATO,2026-08-27T21:04:17.079630+00:00,2026-08-28T05:06:35.530209+00:00,fonte/query orientata ai privati,,https://www.subito.it/annunci-piemonte/vendita/appartamenti/torino/caprie/,NO,,,0,,NON_ESEGUITA,,,,PAGINA_CATEGORIA_O_RICERCA
BASSA,27,RESIDENZIALE,IMMOBILE,,ACQUISIZIONE IMMOBILE,Grugliasco,Subito privati,Case in vendita Grugliasco - Immobili - Subito.it,,,0,NON_DETERMINATO,TRACKED,2026-08-27T21:04:17.080208+00:00,2026-09-25T13:39:37.453832+00:00,fonte/query orientata ai privati,,https://www.subito.it/annunci-piemonte/vendita/immobili/torino/grugliasco/,NO,,,0,,NON_ESEGUITA,,,,PAGINA_CATEGORIA_O_RICERCA
BASSA,27,RESIDENZIALE,IMMOBILE,,ACQUISIZIONE IMMOBILE,Grugliasco,Subito privati,Appartamenti in vendita Grugliasco - Subito.it,,,0,NON_DETERMINATO,TRACKED,2026-08-27T21:04:17.080214+00:00,2026-09-25T13:39:37.453824+00:00,fonte/query orientata ai privati,,https://www.subito.it/annunci-piemonte/vendita/appartamenti/torino/grugliasco/,NO,,,0,,NON_ESEGUITA,,,,PAGINA_CATEGORIA_O_RICERCA
BASSA,27,RESIDENZIALE,IMMOBILE,,ACQUISIZIONE IMMOBILE,Oulx,Subito privati,Case in vendita Oulx - Immobili - Subito.it,,,0,NON_DETERMINATO,USCITO_MERCATO,2026-08-27T21:04:17.080382+00:00,2026-08-27T21:04:17.080383+00:00,fonte/query orientata ai privati,,https://www.subito.it/annunci-piemonte/vendita/immobili/torino/oulx/,NO,,,0,,NON_ESEGUITA,,,,PAGINA_CATEGORIA_O_RICERCA
BASSA,27,RESIDENZIALE,IMMOBILE,,ACQUISIZIONE IMMOBILE,Rivoli,Subito privati,Appartamenti in vendita Rivoli - Subito.it,,,0,NON_DETERMINATO,POSSIBILE_USCITA,2026-08-27T21:04:17.080617+00:00,2026-09-24T07:40:08.272651+00:00,fonte/query orientata ai privati,,https://www.subito.it/annunci-piemonte/vendita/appartamenti/torino/rivoli/,NO,,,0,,NON_ESEGUITA,,,,PAGINA_CATEGORIA_O_RICERCA
BASSA,27,RESIDENZIALE,IMMOBILE,,ACQUISIZIONE IMMOBILE,Rubiana,Subito privati,Appartamenti in vendita Rubiana - Subito.it,,,0,NON_DETERMINATO,TRACKED,2026-08-27T21:04:17.080784+00:00,2026-09-24T22:22:05.020190+00:00,fonte/query orientata ai privati,,https://www.subito.it/annunci-piemonte/vendita/appartamenti/torino/rubiana/,NO,,,0,,NON_ESEGUITA,,,,PAGINA_CATEGORIA_O_RICERCA
BASSA,27,RESIDENZIALE,IMMOBILE,,ACQUISIZIONE IMMOBILE,Almese,Subito privati,Case in vendita Almese - Immobili - Subito.it,,,0,NON_DETERMINATO,TRACKED,2026-08-28T05:06:35.529748+00:00,2026-09-25T13:39:37.452383+00:00,fonte/query orientata ai privati,,https://www.subito.it/annunci-piemonte/vendita/immobili/torino/almese/,NO,,,0,,ESEGUITA,,,,PAGINA_CATEGORIA_O_RICERCA
BASSA,27,RESIDENZIALE,IMMOBILE,,ACQUISIZIONE IMMOBILE,Alpignano,Subito privati,Case in vendita Alpignano - Immobili - Subito.it,,,0,NON_DETERMINATO,USCITO_MERCATO,2026-08-28T05:06:35.529812+00:00,2026-09-17T06:08:55.030720+00:00,fonte/query orientata ai privati,,https://www.subito.it/annunci-piemonte/vendita/immobili/torino/alpignano/,NO,,,0,,ESEGUITA,,,,PAGINA_CATEGORIA_O_RICERCA
BASSA,27,RESIDENZIALE,IMMOBILE,,ACQUISIZIONE IMMOBILE,Collegno,Subito privati,Case in vendita Collegno - Immobili - Subito.it,,,0,NON_DETERMINATO,POSSIBILE_USCITA,2026-08-28T05:06:35.530463+00:00,2026-09-24T07:40:08.271607+00:00,fonte/query orientata ai privati,,https://www.subito.it/annunci-piemonte/vendita/immobili/torino/collegno/,NO,,,0,,NON_ESEGUITA,,,,PAGINA_CATEGORIA_O_RICERCA
BASSA,27,RESIDENZIALE,IMMOBILE,,ACQUISIZIONE IMMOBILE,Collegno,Subito privati,Appartamenti in vendita Collegno - Subito.it,,,0,NON_DETERMINATO,POSSIBILE_USCITA,2026-08-28T05:06:35.530468+00:00,2026-09-24T01:30:36.516571+00:00,fonte/query orientata ai privati,,https://www.subito.it/annunci-piemonte/vendita/appartamenti/torino/collegno/,NO,,,0,,NON_ESEGUITA,,,,PAGINA_CATEGORIA_O_RICERCA
BASSA,27,RESIDENZIALE,IMMOBILE,,ACQUISIZIONE IMMOBILE,Rivoli,Subito privati,Case in vendita Rivoli - Immobili - Subito.it,,,0,NON_DETERMINATO,USCITO_MERCATO,2026-08-28T05:06:35.531028+00:00,2026-09-16T19:00:37.439479+00:00,fonte/query orientata ai privati,,https://www.subito.it/annunci-piemonte/vendita/immobili/torino/rivoli/,NO,,,0,,NON_ESEGUITA,,,,PAGINA_CATEGORIA_O_RICERCA
BASSA,27,RESIDENZIALE,IMMOBILE,,ACQUISIZIONE IMMOBILE,Chiomonte,Subito privati,Case in vendita Chiomonte - Immobili - Subito.it,,,0,NON_DETERMINATO,TRACKED,2026-08-28T10:58:40.670405+00:00,2026-09-07T10:14:01.139661+00:00,fonte/query orientata ai privati,,https://www.subito.it/annunci-piemonte/vendita/immobili/torino/chiomonte/,NO,,,0,,NON_ESEGUITA,,,,PAGINA_CATEGORIA_O_RICERCA
BASSA,27,RESIDENZIALE,IMMOBILE,,ACQUISIZIONE IMMOBILE,San Didero,Subito privati,Rustico in val di susa - san didero - Terreni e rustici In vendita a Torino,,,0,NON_DETERMINATO,USCITO_MERCATO,2026-08-28T10:58:40.671700+00:00,2026-09-01T18:58:42.121266+00:00,fonte/query orientata ai privati,,https://www.subito.it/terreni-e-rustici/rustico-in-val-di-susa-san-didero-torino-658557461.htm,NO,,,0,,NON_ESEGUITA,,,,RUSTICO_ESCLUSO
BASSA,27,RESIDENZIALE,IMMOBILE,,ACQUISIZIONE IMMOBILE,Villar Dora,Bakeca privati,Annunci di case in vendita a Villar Dora centro città,,,0,NON_DETERMINATO,USCITO_MERCATO,2026-08-28T10:58:40.672276+00:00,2026-09-22T07:44:42.107231+00:00,fonte/query orientata ai privati,,https://torino.bakeca.it/annunci/vendita-case/luogo/villar+dora/,NO,,,0,,NON_ESEGUITA,,,,TITOLO_CATEGORIA_NON_OPERATIVO
BASSA,27,RESIDENZIALE,IMMOBILE,,ACQUISIZIONE IMMOBILE,Exilles,Subito privati,Case in vendita Exilles - Immobili - Subito.it,,,0,NON_DETERMINATO,TRACKED,2026-09-01T18:58:42.120063+00:00,2026-09-07T00:44:29.375582+00:00,fonte/query orientata ai privati,,https://www.subito.it/annunci-piemonte/vendita/immobili/torino/exilles/,NO,,,0,,NON_ESEGUITA,,,,PAGINA_CATEGORIA_O_RICERCA
BASSA,27,RESIDENZIALE,IMMOBILE,,ACQUISIZIONE IMMOBILE,Salbertrand,Subito privati,Appartamenti in vendita Salbertrand - Subito.it,,,0,NON_DETERMINATO,TRACKED,2026-09-01T18:58:42.121203+00:00,2026-09-07T10:14:01.141286+00:00,fonte/query orientata ai privati,,https://www.subito.it/annunci-piemonte/vendita/appartamenti/torino/salbertrand/,NO,,,0,,NON_ESEGUITA,,,,PAGINA_CATEGORIA_O_RICERCA
BASSA,27,RESIDENZIALE,IMMOBILE,,ACQUISIZIONE IMMOBILE,Sant'Ambrogio di Torino,Subito privati,Case in vendita Sant'Ambrogio di Torino - Immobili - Subito.it,,,0,NON_DETERMINATO,TRACKED,2026-09-01T18:58:42.121568+00:00,2026-09-07T10:14:01.141646+00:00,fonte/query orientata ai privati,,https://www.subito.it/annunci-piemonte/vendita/immobili/torino/sant-ambrogio-di-torino/,NO,,,0,,NON_ESEGUITA,,,,PAGINA_CATEGORIA_O_RICERCA
BASSA,27,RESIDENZIALE,IMMOBILE,,ACQUISIZIONE IMMOBILE,Val della Torre,Subito privati,Val della torre - Vendita case Piemonte - Subito.it,,,0,NON_DETERMINATO,USCITO_MERCATO,2026-09-01T18:58:42.122029+00:00,2026-09-16T19:00:37.440058+00:00,fonte/query orientata ai privati,,https://www.subito.it/annunci-piemonte/vendita/immobili/?q=val+della+torre,NO,,,0,,NON_ESEGUITA,,,,PAGINA_CATEGORIA_O_RICERCA
BASSA,27,RESIDENZIALE,IMMOBILE,,ACQUISIZIONE IMMOBILE,Giaveno,Subito privati,Appartamenti in vendita Giaveno - Subito.it,,,0,NON_DETERMINATO,POSSIBILE_USCITA,2026-09-01T20:55:16.172909+00:00,2026-09-24T07:40:08.272035+00:00,fonte/query orientata ai privati,,https://www.subito.it/annunci-piemonte/vendita/appartamenti/torino/giaveno/,NO,,,0,,NON_ESEGUITA,,,,PAGINA_CATEGORIA_O_RICERCA
BASSA,27,RESIDENZIALE,IMMOBILE,,ACQUISIZIONE IMMOBILE,Salbertrand,Subito privati,Case in vendita Salbertrand - Immobili - Subito.it,,,0,NON_DETERMINATO,TRACKED,2026-09-01T20:55:16.173836+00:00,2026-09-07T10:14:01.141279+00:00,fonte/query orientata ai privati,,https://www.subito.it/annunci-piemonte/vendita/immobili/torino/salbertrand/,NO,,,0,,NON_ESEGUITA,,,,PAGINA_CATEGORIA_O_RICERCA
BASSA,27,RESIDENZIALE,IMMOBILE,,ACQUISIZIONE IMMOBILE,Oulx,Subito privati,Appartamenti in vendita Oulx - Subito.it,,,0,NON_DETERMINATO,USCITO_MERCATO,2026-09-01T23:36:27.691331+00:00,2026-09-05T09:19:10.296873+00:00,fonte/query orientata ai privati,,https://www.subito.it/annunci-piemonte/vendita/appartamenti/torino/oulx/,NO,,,0,,NON_ESEGUITA,,,,PAGINA_CATEGORIA_O_RICERCA
BASSA,27,RESIDENZIALE,IMMOBILE,,ACQUISIZIONE IMMOBILE,Sant'Ambrogio di Torino,Subito privati,Appartamenti in vendita Sant'Ambrogio di Torino - Subito.it,,,0,NON_DETERMINATO,TRACKED,2026-09-02T12:02:41.371103+00:00,2026-09-07T04:45:03.057518+00:00,fonte/query orientata ai privati,,https://www.subito.it/annunci-piemonte/vendita/appartamenti/torino/sant-ambrogio-di-torino/,NO,,,0,,NON_ESEGUITA,,,,PAGINA_CATEGORIA_O_RICERCA
BASSA,27,RESIDENZIALE,IMMOBILE,,ACQUISIZIONE IMMOBILE,Bussoleno,Subito privati,Appartamenti in vendita Bussoleno - Subito.it,,,0,NON_DETERMINATO,USCITO_MERCATO,2026-09-03T18:47:06.317992+00:00,2026-09-03T18:47:06.317993+00:00,fonte/query orientata ai privati,,https://www.subito.it/annunci-piemonte/vendita/appartamenti/torino/bussoleno/,NO,,,0,,ESEGUITA,,,,PAGINA_CATEGORIA_O_RICERCA
BASSA,27,RESIDENZIALE,IMMOBILE,,ACQUISIZIONE IMMOBILE,Avigliana,Subito privati,Case in vendita Avigliana - Immobili - Subito.it,,,0,NON_DETERMINATO,POSSIBILE_USCITA,2026-09-04T07:52:28.838668+00:00,2026-09-24T07:40:08.270912+00:00,fonte/query orientata ai privati,,https://www.subito.it/annunci-piemonte/vendita/immobili/torino/avigliana/,NO,,,0,,ESEGUITA,,,,PAGINA_CATEGORIA_O_RICERCA
BASSA,27,RESIDENZIALE,IMMOBILE,,ACQUISIZIONE IMMOBILE,Susa,Subito privati,Susa - Vendita case Piemonte - Subito.it,,,0,NON_DETERMINATO,USCITO_MERCATO,2026-09-04T07:52:28.841061+00:00,2026-09-04T07:52:28.841063+00:00,fonte/query orientata ai privati,,https://www.subito.it/annunci-piemonte/vendita/immobili/?q=susa,NO,,,0,,NON_ESEGUITA,,,,PAGINA_CATEGORIA_O_RICERCA
BASSA,27,RESIDENZIALE,IMMOBILE,,ACQUISIZIONE IMMOBILE,Trana,Subito privati,Appartamenti in vendita Trana - Subito.it,,,0,NON_DETERMINATO,TRACKED,2026-09-04T19:20:00.005707+00:00,2026-09-24T22:22:05.020716+00:00,fonte/query orientata ai privati,,https://www.subito.it/annunci-piemonte/vendita/appartamenti/torino/trana/,NO,,,0,,NON_ESEGUITA,,,,PAGINA_CATEGORIA_O_RICERCA
BASSA,27,RESIDENZIALE,IMMOBILE,,ACQUISIZIONE IMMOBILE,Bardonecchia,Subito privati,Appartamenti in vendita Bardonecchia - Subito.it,,,0,NON_DETERMINATO,POSSIBILE_USCITA,2026-09-04T22:26:36.991152+00:00,2026-09-06T17:10:13.429469+00:00,fonte/query orientata ai privati,,https://www.subito.it/annunci-piemonte/vendita/appartamenti/torino/bardonecchia/,NO,,,0,,ESEGUITA,,,,PAGINA_CATEGORIA_O_RICERCA
BASSA,27,RESIDENZIALE,IMMOBILE,,ACQUISIZIONE IMMOBILE,Chiusa di San Michele,Subito privati,Appartamenti in vendita Chiusa di San Michele - Subito.it,,,0,NON_DETERMINATO,TRACKED,2026-09-08T06:35:04.157212+00:00,2026-09-25T13:39:37.453237+00:00,fonte/query orientata ai privati,,https://www.subito.it/annunci-piemonte/vendita/appartamenti/torino/chiusa-di-san-michele/,NO,,,0,,NON_ESEGUITA,,,,PAGINA_CATEGORIA_O_RICERCA
BASSA,27,RESIDENZIALE,IMMOBILE,,ACQUISIZIONE IMMOBILE,Givoletto,Subito privati,Case in vendita Givoletto - Immobili - Subito.it,,,0,NON_DETERMINATO,TRACKED,2026-09-08T06:35:04.157988+00:00,2026-09-25T13:39:37.453736+00:00,fonte/query orientata ai privati,,https://www.subito.it/annunci-piemonte/vendita/immobili/torino/givoletto/,NO,,,0,,NON_ESEGUITA,,,,PAGINA_CATEGORIA_O_RICERCA
BASSA,27,RESIDENZIALE,IMMOBILE,,ACQUISIZIONE IMMOBILE,La Cassa,Subito privati,Case in vendita La Cassa - Immobili - Subito.it,,,0,NON_DETERMINATO,USCITO_MERCATO,2026-09-08T06:35:04.158215+00:00,2026-09-11T09:00:35.958236+00:00,fonte/query orientata ai privati,,https://www.subito.it/annunci-piemonte/vendita/immobili/torino/la-cassa/,NO,,,0,,NON_ESEGUITA,,,,PAGINA_CATEGORIA_O_RICERCA
BASSA,27,RESIDENZIALE,IMMOBILE,,ACQUISIZIONE IMMOBILE,La Cassa,Subito privati,Appartamenti in vendita La Cassa - Subito.it,,,0,NON_DETERMINATO,TRACKED,2026-09-08T06:35:04.158222+00:00,2026-09-25T01:30:21.915149+00:00,fonte/query orientata ai privati,,https://www.subito.it/annunci-piemonte/vendita/appartamenti/torino/la-cassa/,NO,,,0,,NON_ESEGUITA,,,,PAGINA_CATEGORIA_O_RICERCA
BASSA,27,RESIDENZIALE,IMMOBILE,,ACQUISIZIONE IMMOBILE,Robassomero,Subito privati,Case in vendita Robassomero - Immobili - Subito.it,,,0,NON_DETERMINATO,TRACKED,2026-09-08T06:35:04.158682+00:00,2026-09-25T01:30:21.915518+00:00,fonte/query orientata ai privati,,https://www.subito.it/annunci-piemonte/vendita/immobili/torino/robassomero/,NO,,,0,,NON_ESEGUITA,,,,PAGINA_CATEGORIA_O_RICERCA
BASSA,27,RESIDENZIALE,IMMOBILE,,ACQUISIZIONE IMMOBILE,San Gillio,Subito privati,Appartamenti in vendita San Gillio - Subito.it,,,0,NON_DETERMINATO,TRACKED,2026-09-08T06:35:04.158970+00:00,2026-09-25T13:39:37.454600+00:00,fonte/query orientata ai privati,,https://www.subito.it/annunci-piemonte/vendita/appartamenti/torino/san-gillio/,NO,,,0,,NON_ESEGUITA,,,,PAGINA_CATEGORIA_O_RICERCA
BASSA,27,RESIDENZIALE,IMMOBILE,,ACQUISIZIONE IMMOBILE,San Gillio,Subito privati,Case in vendita San Gillio - Immobili - Subito.it,,,0,NON_DETERMINATO,TRACKED,2026-09-08T06:35:04.158977+00:00,2026-09-25T13:39:37.454607+00:00,fonte/query orientata ai privati,,https://www.subito.it/annunci-piemonte/vendita/immobili/torino/san-gillio/,NO,,,0,,NON_ESEGUITA,,,,PAGINA_CATEGORIA_O_RICERCA
BASSA,27,RESIDENZIALE,IMMOBILE,,ACQUISIZIONE IMMOBILE,Varisella,Subito privati,Case in vendita Varisella - Immobili - Subito.it,,,0,NON_DETERMINATO,TRACKED,2026-09-08T06:35:04.159444+00:00,2026-09-25T13:39:37.455119+00:00,fonte/query orientata ai privati,,https://www.subito.it/annunci-piemonte/vendita/immobili/torino/varisella/,NO,,,0,,NON_ESEGUITA,,,,PAGINA_CATEGORIA_O_RICERCA
BASSA,27,RESIDENZIALE,IMMOBILE,,ACQUISIZIONE IMMOBILE,Rivalta di Torino,Subito privati,Appartamenti in vendita Rivalta di Torino - Subito.it,,,0,NON_DETERMINATO,USCITO_MERCATO,2026-09-08T11:07:58.868919+00:00,2026-09-09T13:49:33.338658+00:00,fonte/query orientata ai privati,,https://www.subito.it/annunci-piemonte/vendita/appartamenti/torino/rivalta-di-torino/,NO,,,0,,NON_ESEGUITA,,,,PAGINA_CATEGORIA_O_RICERCA
BASSA,27,RESIDENZIALE,IMMOBILE,,ACQUISIZIONE IMMOBILE,Druento,Subito privati,Case in vendita Druento - Immobili - Subito.it,,,0,NON_DETERMINATO,TRACKED,2026-09-09T13:49:33.338120+00:00,2026-09-25T01:30:21.914630+00:00,fonte/query orientata ai privati,,https://www.subito.it/annunci-piemonte/vendita/immobili/torino/druento/,NO,,,0,,NON_ESEGUITA,,,,PAGINA_CATEGORIA_O_RICERCA
BASSA,27,RESIDENZIALE,IMMOBILE,,ACQUISIZIONE IMMOBILE,Fiano,Subito privati,Fiano romano - Vendita case - Subito.it,,,0,NON_DETERMINATO,USCITO_MERCATO,2026-09-09T17:56:58.703359+00:00,2026-09-12T05:52:24.477502+00:00,fonte/query orientata ai privati,,https://www.subito.it/annunci-italia/vendita/immobili/?q=fiano+romano,NO,,,0,,NON_ESEGUITA,,,,PAGINA_CATEGORIA_O_RICERCA
BASSA,27,RESIDENZIALE,IMMOBILE,,ACQUISIZIONE IMMOBILE,Fiano,Subito privati,Fiano romano - Vendita appartamenti Lazio - Subito.it,,,0,NON_DETERMINATO,USCITO_MERCATO,2026-09-09T23:18:34.768035+00:00,2026-09-09T23:18:34.768037+00:00,fonte/query orientata ai privati,,https://www.subito.it/annunci-lazio/vendita/appartamenti/?q=fiano+romano,NO,,,0,,NON_ESEGUITA,,,,PAGINA_CATEGORIA_O_RICERCA
BASSA,27,RESIDENZIALE,IMMOBILE,,ACQUISIZIONE IMMOBILE,Rivalta di Torino,Subito privati,Case in vendita Rivalta di Torino - Immobili - Subito.it,,,0,NON_DETERMINATO,POSSIBILE_USCITA,2026-09-09T23:18:34.768682+00:00,2026-09-24T18:35:30.194217+00:00,fonte/query orientata ai privati,,https://www.subito.it/annunci-piemonte/vendita/immobili/torino/rivalta-di-torino/,NO,,,0,,NON_ESEGUITA,,,,PAGINA_CATEGORIA_O_RICERCA
BASSA,27,RESIDENZIALE,IMMOBILE,,ACQUISIZIONE IMMOBILE,Robassomero,Subito privati,Appartamenti in vendita Robassomero - Subito.it,,,0,NON_DETERMINATO,TRACKED,2026-09-09T23:18:34.768892+00:00,2026-09-25T13:39:37.454321+00:00,fonte/query orientata ai privati,,https://www.subito.it/annunci-piemonte/vendita/appartamenti/torino/robassomero/,NO,,,0,,NON_ESEGUITA,,,,PAGINA_CATEGORIA_O_RICERCA
BASSA,27,RESIDENZIALE,IMMOBILE,,ACQUISIZIONE IMMOBILE,Val della Torre,Subito privati,Appartamenti in vendita Val della Torre - Subito.it,,,0,NON_DETERMINATO,USCITO_MERCATO,2026-09-09T23:18:34.769633+00:00,2026-09-17T11:30:50.192043+00:00,fonte/query orientata ai privati,,https://www.subito.it/annunci-piemonte/vendita/appartamenti/torino/val-della-torre/,NO,,,0,,NON_ESEGUITA,,,,PAGINA_CATEGORIA_O_RICERCA
BASSA,27,RESIDENZIALE,IMMOBILE,,ACQUISIZIONE IMMOBILE,Beinasco,Subito privati,Case in vendita Beinasco - Immobili - Subito.it,,,0,NON_DETERMINATO,TRACKED,2026-09-10T11:09:38.636934+00:00,2026-09-25T13:39:37.452694+00:00,fonte/query orientata ai privati,,https://www.subito.it/annunci-piemonte/vendita/immobili/torino/beinasco/,NO,,,0,,ESEGUITA,,,,PAGINA_CATEGORIA_O_RICERCA
BASSA,27,RESIDENZIALE,IMMOBILE,,ACQUISIZIONE IMMOBILE,Fiano,Subito privati,Appartamenti in vendita Fiano - Subito.it,,,0,NON_DETERMINATO,USCITO_MERCATO,2026-09-11T13:39:24.924086+00:00,2026-09-11T13:39:24.924087+00:00,fonte/query orientata ai privati,,https://www.subito.it/annunci-piemonte/vendita/appartamenti/torino/fiano/,NO,,,0,,NON_ESEGUITA,,,,PAGINA_CATEGORIA_O_RICERCA
BASSA,27,RESIDENZIALE,IMMOBILE,,ACQUISIZIONE IMMOBILE,Fiano,Subito privati,Case in vendita Fiano - Immobili - Subito.it,,,0,NON_DETERMINATO,USCITO_MERCATO,2026-09-11T13:39:24.924091+00:00,2026-09-20T06:08:00.346541+00:00,fonte/query orientata ai privati,,https://www.subito.it/annunci-piemonte/vendita/immobili/torino/fiano/,NO,,,0,,NON_ESEGUITA,,,,PAGINA_CATEGORIA_O_RICERCA
BASSA,27,RESIDENZIALE,IMMOBILE,,ACQUISIZIONE IMMOBILE,Avigliana,Subito privati,Appartamenti in vendita Avigliana - Subito.it,,,0,NON_DETERMINATO,USCITO_MERCATO,2026-09-11T17:53:32.667067+00:00,2026-09-12T14:11:38.610675+00:00,fonte/query orientata ai privati,,https://www.subito.it/annunci-piemonte/vendita/appartamenti/torino/avigliana/,NO,,,0,,ESEGUITA,,,,PAGINA_CATEGORIA_O_RICERCA
BASSA,27,RESIDENZIALE,IMMOBILE,,ACQUISIZIONE IMMOBILE,Rubiana,Bakeca privati,Annunci di case in vendita a Rubiana centro città - Bakeca,,,0,NON_DETERMINATO,USCITO_MERCATO,2026-09-11T17:53:32.668662+00:00,2026-09-15T18:17:59.373353+00:00,fonte/query orientata ai privati,,https://torino.bakeca.it/annunci/vendita-case/luogo/rubiana/,NO,,,0,,NON_ESEGUITA,,,,TITOLO_CATEGORIA_NON_OPERATIVO
BASSA,27,RESIDENZIALE,IMMOBILE,,ACQUISIZIONE IMMOBILE,Collegno,Subito privati,Collegno - Vendita case - Subito.it,,,0,NON_DETERMINATO,TRACKED,2026-09-13T09:37:53.087997+00:00,2026-09-25T01:30:21.914521+00:00,fonte/query orientata ai privati,,https://www.subito.it/annunci-italia/vendita/immobili/?q=collegno,NO,,,0,,NON_ESEGUITA,,,,PAGINA_CATEGORIA_O_RICERCA
BASSA,27,RESIDENZIALE,IMMOBILE,,ACQUISIZIONE IMMOBILE,Bruino,Subito privati,Case in vendita Bruino - Immobili - Subito.it,,,0,NON_DETERMINATO,USCITO_MERCATO,2026-09-13T14:26:02.554834+00:00,2026-09-22T21:17:46.994788+00:00,fonte/query orientata ai privati,,https://www.subito.it/annunci-piemonte/vendita/immobili/torino/bruino/,NO,,,0,,ESEGUITA,,,,PAGINA_CATEGORIA_O_RICERCA
BASSA,27,RESIDENZIALE,IMMOBILE,,ACQUISIZIONE IMMOBILE,Beinasco,Subito privati,Appartamenti in vendita Beinasco - Subito.it,,,0,NON_DETERMINATO,USCITO_MERCATO,2026-09-14T18:41:54.042550+00:00,2026-09-22T21:17:46.994531+00:00,fonte/query orientata ai privati,,https://www.subito.it/annunci-piemonte/vendita/appartamenti/torino/beinasco/,NO,,,0,,ESEGUITA,,,,PAGINA_CATEGORIA_O_RICERCA
BASSA,27,RESIDENZIALE,IMMOBILE,,ACQUISIZIONE IMMOBILE,Bruino,Subito privati,Appartamenti in vendita Bruino - Subito.it,,,0,NON_DETERMINATO,USCITO_MERCATO,2026-09-15T13:33:03.393199+00:00,2026-09-23T04:11:30.674044+00:00,fonte/query orientata ai privati,,https://www.subito.it/annunci-piemonte/vendita/appartamenti/torino/bruino/,NO,,,0,,ESEGUITA,,,,PAGINA_CATEGORIA_O_RICERCA
BASSA,27,RESIDENZIALE,IMMOBILE,,ACQUISIZIONE IMMOBILE,Rivoli,Subito privati,Rivoli - Vendita case Piemonte - Subito.it,,,0,NON_DETERMINATO,USCITO_MERCATO,2026-09-15T13:33:03.394722+00:00,2026-09-15T13:33:03.394723+00:00,fonte/query orientata ai privati,,https://www.subito.it/annunci-piemonte/vendita/immobili/?q=rivoli,NO,,,0,,NON_ESEGUITA,,,,PAGINA_CATEGORIA_O_RICERCA
BASSA,27,RESIDENZIALE,IMMOBILE,,ACQUISIZIONE IMMOBILE,Grugliasco,Subito privati,Appartamenti in vendita da privati a Grugliasco - Subito.it,,,0,NON_DETERMINATO,USCITO_MERCATO,2026-09-20T01:04:10.802582+00:00,2026-09-20T01:04:10.802583+00:00,fonte/query orientata ai privati,,https://www.subito.it/annunci-piemonte/vendita/appartamenti/torino/grugliasco/da-privati/,NO,,,0,,NON_ESEGUITA,,,,PAGINA_CATEGORIA_O_RICERCA
BASSA,27,RESIDENZIALE,IMMOBILE,,ACQUISIZIONE IMMOBILE,Valgioie,Subito privati,Appartamenti in vendita Valgioie - Subito.it,,,0,NON_DETERMINATO,RELISTED,2026-09-20T01:04:10.803617+00:00,2026-09-25T13:39:37.455031+00:00,fonte/query orientata ai privati,,https://www.subito.it/annunci-piemonte/vendita/appartamenti/torino/valgioie/,NO,,,0,,NON_ESEGUITA,,,,PAGINA_CATEGORIA_O_RICERCA
BASSA,27,RESIDENZIALE,IMMOBILE,,ACQUISIZIONE IMMOBILE,Caselette,Subito privati,Caselette - Vendita case Piemonte - Subito.it,,,0,NON_DETERMINATO,USCITO_MERCATO,2026-09-21T06:16:22.536491+00:00,2026-09-21T06:16:22.536493+00:00,fonte/query orientata ai privati,,https://www.subito.it/annunci-piemonte/vendita/immobili/?q=caselette,NO,,,0,,NON_ESEGUITA,,,,PAGINA_CATEGORIA_O_RICERCA
BASSA,27,RESIDENZIALE,IMMOBILE,,ACQUISIZIONE IMMOBILE,Villar Dora,Subito privati,Appartamenti in vendita Villar Dora - Subito.it,,,0,NON_DETERMINATO,TRACKED,2026-09-22T01:45:50.163228+00:00,2026-09-25T13:39:37.455151+00:00,fonte/query orientata ai privati,,https://www.subito.it/annunci-piemonte/vendita/appartamenti/torino/villar-dora/,NO,,,0,,NON_ESEGUITA,,,,PAGINA_CATEGORIA_O_RICERCA
BASSA,27,RESIDENZIALE,IMMOBILE,,ACQUISIZIONE IMMOBILE,Rosta,Subito privati,Appartamenti in vendita Rosta - Subito.it,,,0,NON_DETERMINATO,POSSIBILE_USCITA,2026-09-22T18:16:33.863681+00:00,2026-09-24T13:39:01.457860+00:00,fonte/query orientata ai privati,,https://www.subito.it/annunci-piemonte/vendita/appartamenti/torino/rosta/,NO,,,0,,NON_ESEGUITA,,,,PAGINA_CATEGORIA_O_RICERCA
BASSA,26,RESIDENZIALE,IMMOBILE,,ACQUISIZIONE IMMOBILE,Bussoleno,Mercato residenziale,Bussoleno - 169 case in vendita in Bussoleno de Nuroa.it,25000,26000,1,INDIZIO_AGENZIA,USCITO_MERCATO,2026-08-28T10:58:40.670178+00:00,2026-09-04T19:20:00.003433+00:00,indizio agenzia | prezzo rilevato | ribasso rilevato,,https://www.nuroa.it/vendita-immobili/bussoleno,NO,,,0,,ESEGUITA,Via della Bocciofila,Via della Bocciofila 4,VAI IN ZONA,PAGINA_CATEGORIA_O_RICERCA
BASSA,26,RESIDENZIALE,IMMOBILE,,ACQUISIZIONE IMMOBILE,Grugliasco,Wikicasa,Case in vendita a Grugliasco - Wikicasa,79000,84000,1,INDIZIO_AGENZIA,USCITO_MERCATO,2026-09-04T02:03:54.138415+00:00,2026-09-20T06:08:00.346904+00:00,indizio agenzia | prezzo rilevato | ribasso rilevato,,https://www.wikicasa.it/vendita-case/grugliasco/,NO,,,0,,NON_ESEGUITA,,,,TITOLO_CATEGORIA_NON_OPERATIVO
BASSA,25,INDUSTRIALE_LOGISTICA,IMMOBILE,,ACQUISIZIONE CAPANNONE / MAGAZZINO,Grugliasco,Trovit,46 locale commerciales in affitto a Grugliasco - Trovit,,,0,NON_DETERMINATO,USCITO_MERCATO,2026-08-28T05:06:35.530744+00:00,2026-09-16T22:13:22.798264+00:00,industriale logistica,,https://case.trovit.it/affitto-negozio-grugliasco,NO,,,0,,NON_ESEGUITA,,,,PAGINA_CATEGORIA_O_RICERCA
BASSA,25,INDUSTRIALE_LOGISTICA,IMMOBILE,,ACQUISIZIONE CAPANNONE / MAGAZZINO,Reano,Capannoni logistica,Terreno Reano - 10 terreni in vendita in Reano de Nuroa.it,,,0,NON_DETERMINATO,TRACKED,2026-08-28T10:58:40.671373+00:00,2026-09-25T13:39:37.454040+00:00,industriale logistica,,https://www.nuroa.it/vendita-immobili/terreno-reano,NO,,,0,,NON_ESEGUITA,,,,PAGINA_CATEGORIA_O_RICERCA
BASSA,25,INDUSTRIALE_LOGISTICA,IMMOBILE,,ACQUISIZIONE CAPANNONE / MAGAZZINO,Alpignano,Trovit,17 locale commerciales in affitto a Alpignano - Trovit,,,0,NON_DETERMINATO,POSSIBILE_USCITA,2026-09-01T18:58:42.118899+00:00,2026-09-24T13:39:01.456207+00:00,industriale logistica,,https://case.trovit.it/affitto-negozio-alpignano,NO,,,0,,ESEGUITA,"Via dei Ronchi, si propone in locazione un capannone di circa","Via dei Ronchi, si propone in locazione un capannone di circa 300",VAI IN ZONA,PAGINA_CATEGORIA_O_RICERCA
BASSA,25,INDUSTRIALE_LOGISTICA,IMMOBILE,,ACQUISIZIONE CAPANNONE / MAGAZZINO,Exilles,Immobiliare.it,"Vendita Rustico in Grangie Solliet Exilles. 60 m², rif. 98347312",,,0,NON_DETERMINATO,TRACKED,2026-09-01T18:58:42.120070+00:00,2026-09-07T10:14:01.140167+00:00,industriale logistica,,https://www.immobiliare.it/annunci/98347312/,NO,,,0,,NON_ESEGUITA,,,,RUSTICO_ESCLUSO
BASSA,25,INDUSTRIALE_LOGISTICA,IMMOBILE,,ACQUISIZIONE CAPANNONE / MAGAZZINO,Rosta,Trovit,5 capannones in affitto a Rosta - Trovit,,,0,NON_DETERMINATO,TRACKED,2026-09-01T18:58:42.121049+00:00,2026-09-24T22:22:05.020011+00:00,industriale logistica,,https://case.trovit.it/affitto-capannone-rosta,NO,,,0,,NON_ESEGUITA,,,,PAGINA_CATEGORIA_O_RICERCA
BASSA,25,INDUSTRIALE_LOGISTICA,IMMOBILE,,ACQUISIZIONE CAPANNONE / MAGAZZINO,Susa,Trovit,1 locale commerciales commerciale in affitto a Susa - Trovit,,,0,NON_DETERMINATO,USCITO_MERCATO,2026-09-01T20:55:16.174291+00:00,2026-09-06T00:53:48.288540+00:00,industriale logistica,,https://case.trovit.it/affitto-negozio-commerciale-susa,NO,,,0,,NON_ESEGUITA,,,,PAGINA_CATEGORIA_O_RICERCA
BASSA,25,INDUSTRIALE_LOGISTICA,IMMOBILE,,ACQUISIZIONE CAPANNONE / MAGAZZINO,Almese,Trovit,2 capannones in affitto a Almese - Trovit,,,0,NON_DETERMINATO,TRACKED,2026-09-01T23:36:27.689895+00:00,2026-09-25T13:39:37.452412+00:00,industriale logistica,,https://case.trovit.it/affitto-capannone-almese,NO,,,0,,ESEGUITA,,,,PAGINA_CATEGORIA_O_RICERCA
BASSA,25,INDUSTRIALE_LOGISTICA,IMMOBILE,,ACQUISIZIONE CAPANNONE / MAGAZZINO,Alpignano,Trovit,1 capannones in affitto a Alpignano - Trovit,,,0,NON_DETERMINATO,USCITO_MERCATO,2026-09-01T23:36:27.689979+00:00,2026-09-05T23:10:34.870196+00:00,industriale logistica,,https://case.trovit.it/affitto-capannone-alpignano,NO,,,0,,ESEGUITA,"Via dei Ronchi, si propone in locazione un capannone di circa","Via dei Ronchi, si propone in locazione un capannone di circa 300",VAI IN ZONA,PAGINA_CATEGORIA_O_RICERCA
BASSA,25,INDUSTRIALE_LOGISTICA,IMMOBILE,,ACQUISIZIONE CAPANNONE / MAGAZZINO,Avigliana,Trovit,30 capannones in affitto a Avigliana - Trovit,,,0,NON_DETERMINATO,USCITO_MERCATO,2026-09-01T23:36:27.690082+00:00,2026-09-20T01:04:10.801234+00:00,industriale logistica,,https://case.trovit.it/affitto-capannone-avigliana,NO,,,0,,ESEGUITA,,,,PAGINA_CATEGORIA_O_RICERCA
BASSA,25,INDUSTRIALE_LOGISTICA,IMMOBILE,,ACQUISIZIONE CAPANNONE / MAGAZZINO,Rivoli,Trovit,45 capannones in vendita a Rivoli - Trovit,,,0,NON_DETERMINATO,USCITO_MERCATO,2026-09-02T12:02:41.370657+00:00,2026-09-02T16:09:34.325151+00:00,industriale logistica,,https://case.trovit.it/capannone-rivoli,NO,,,0,,NON_ESEGUITA,,,,PAGINA_CATEGORIA_O_RICERCA
BASSA,25,INDUSTRIALE_LOGISTICA,IMMOBILE,,ACQUISIZIONE CAPANNONE / MAGAZZINO,Susa,Trovit,30 capannones in affitto a Susa - Trovit,,,0,NON_DETERMINATO,USCITO_MERCATO,2026-09-03T18:47:06.319677+00:00,2026-09-04T16:00:05.403402+00:00,industriale logistica,,https://case.trovit.it/affitto-capannone-susa,NO,,,0,,NON_ESEGUITA,,,,PAGINA_CATEGORIA_O_RICERCA
BASSA,25,INDUSTRIALE_LOGISTICA,IMMOBILE,,ACQUISIZIONE CAPANNONE / MAGAZZINO,Bardonecchia,Capannoni logistica,681 Immobili in vendita a Bardonecchia - Mitula Case,,,0,NON_DETERMINATO,USCITO_MERCATO,2026-09-04T02:03:54.137065+00:00,2026-09-05T16:59:36.014358+00:00,industriale logistica,,https://immobiliare.mitula.it/bardonecchia,NO,,,0,,ESEGUITA,via Campo Principe,via Campo Principe 31 | via Campo Principe 27 | Via Campo Principe 23,VAI IN ZONA,TITOLO_CATEGORIA_NON_OPERATIVO
BASSA,25,INDUSTRIALE_LOGISTICA,IMMOBILE,,ACQUISIZIONE CAPANNONE / MAGAZZINO,Susa,Trovit,30 locale commerciales torino porta in affitto a Susa - Trovit,,,0,NON_DETERMINATO,TRACKED,2026-09-06T13:51:47.106296+00:00,2026-09-07T10:14:01.141849+00:00,industriale logistica,,https://case.trovit.it/affitto-negozio-torino-porta-susa,NO,,,0,,NON_ESEGUITA,,,,PAGINA_CATEGORIA_O_RICERCA
BASSA,25,INDUSTRIALE_LOGISTICA,IMMOBILE,,ACQUISIZIONE CAPANNONE / MAGAZZINO,Rivalta di Torino,Trovit,12 locale commerciales in affitto a Rivalta di Torino - Trovit,,,0,NON_DETERMINATO,TRACKED,2026-09-08T11:07:58.868924+00:00,2026-09-25T13:39:37.454127+00:00,industriale logistica,,https://case.trovit.it/affitto-negozio-rivalta-torino,NO,,,0,,NON_ESEGUITA,,,,PAGINA_CATEGORIA_O_RICERCA
BASSA,25,INDUSTRIALE_LOGISTICA,IMMOBILE,,ACQUISIZIONE CAPANNONE / MAGAZZINO,Beinasco,Trovit,32 locale commerciales in affitto a Beinasco - Trovit,,,0,NON_DETERMINATO,POSSIBILE_USCITA,2026-09-09T13:49:33.337475+00:00,2026-09-24T18:35:30.192600+00:00,industriale logistica,,https://case.trovit.it/affitto-negozio-beinasco,NO,,,0,,ESEGUITA,,,,PAGINA_CATEGORIA_O_RICERCA
BASSA,25,INDUSTRIALE_LOGISTICA,IMMOBILE,,ACQUISIZIONE CAPANNONE / MAGAZZINO,Rivoli,Capannoni logistica,Capannone Rivoli - 81 case in vendita in Rivoli de Nuroa.it,,,0,NON_DETERMINATO,USCITO_MERCATO,2026-09-11T09:00:35.958488+00:00,2026-09-20T11:10:13.480193+00:00,industriale logistica,,https://www.nuroa.it/vendita-immobili/capannone-rivoli,NO,,,0,,NON_ESEGUITA,,,,PAGINA_CATEGORIA_O_RICERCA
BASSA,25,INDUSTRIALE_LOGISTICA,IMMOBILE,,ACQUISIZIONE CAPANNONE / MAGAZZINO,Almese,Trovit,2 locale commerciales in affitto a Almese - Trovit,,,0,NON_DETERMINATO,USCITO_MERCATO,2026-09-12T17:06:03.934172+00:00,2026-09-20T06:08:00.345623+00:00,industriale logistica,,https://case.trovit.it/affitto-negozio-almese,NO,,,0,,ESEGUITA,,,,PAGINA_CATEGORIA_O_RICERCA
BASSA,25,INDUSTRIALE_LOGISTICA,IMMOBILE,,ACQUISIZIONE CAPANNONE / MAGAZZINO,Rivoli,Trovit,7 capannones in affitto a Rivoli - Trovit,,,0,NON_DETERMINATO,TRACKED,2026-09-15T13:33:03.394767+00:00,2026-09-25T13:39:37.454223+00:00,industriale logistica,,https://case.trovit.it/affitto-capannone-rivoli,NO,,,0,,NON_ESEGUITA,,,,PAGINA_CATEGORIA_O_RICERCA
BASSA,25,INDUSTRIALE_LOGISTICA,IMMOBILE,,ACQUISIZIONE CAPANNONE / MAGAZZINO,Caprie,Trovit,5 locale commerciales centro via roma in affitto a Torino,,,0,NON_DETERMINATO,USCITO_MERCATO,2026-09-16T22:13:22.797520+00:00,2026-09-23T22:23:47.789153+00:00,industriale logistica,,https://case.trovit.it/affitto-negozio-centro-via-roma-torino,NO,,,0,,ESEGUITA,,,,PAGINA_CATEGORIA_O_RICERCA
BASSA,25,INDUSTRIALE_LOGISTICA,IMMOBILE,,ACQUISIZIONE CAPANNONE / MAGAZZINO,Druento,Trovit,30 capannones in affitto a Druento - Trovit,,,0,NON_DETERMINATO,POSSIBILE_USCITA,2026-09-17T16:48:02.647646+00:00,2026-09-23T22:23:47.789752+00:00,industriale logistica,,https://case.trovit.it/affitto-capannone-druento,NO,,,0,,NON_ESEGUITA,,,,PAGINA_CATEGORIA_O_RICERCA
BASSA,25,INDUSTRIALE_LOGISTICA,IMMOBILE,,ACQUISIZIONE CAPANNONE / MAGAZZINO,Collegno,Trovit,3 capannones in affitto a Collegno - Trovit,,,0,NON_DETERMINATO,USCITO_MERCATO,2026-09-17T23:05:00.275224+00:00,2026-09-22T18:16:33.862733+00:00,industriale logistica,,https://case.trovit.it/affitto-capannone-collegno,NO,,,0,,NON_ESEGUITA,,,,PAGINA_CATEGORIA_O_RICERCA
BASSA,25,INDUSTRIALE_LOGISTICA,IMMOBILE,,ACQUISIZIONE CAPANNONE / MAGAZZINO,Fiano,Trovit,12 capannones in affitto a Fiano Romano - Trovit,,,0,NON_DETERMINATO,TRACKED,2026-09-24T22:22:05.017858+00:00,2026-09-25T13:39:37.453479+00:00,industriale logistica,,https://case.trovit.it/affitto-capannone-fiano-romano,NO,,,0,,NON_ESEGUITA,,,,PAGINA_CATEGORIA_O_RICERCA
BASSA,23,RESIDENZIALE,IMMOBILE,,ACQUISIZIONE IMMOBILE,Alpignano,Nestoria,26.901 immobili in vendita a Alpignano - Nestoria,,,0,NON_DETERMINATO,TRACKED,2026-08-21T12:20:59.475251+00:00,2026-09-25T13:39:37.452470+00:00,30+ giorni monitorati,,https://www.nestoria.it/immobiliare/vendita/alpignano,NO,,,0,,ESEGUITA,"via Pianezza, in piccola palazzina al","via Pianezza, in piccola palazzina al 1",VAI IN ZONA,TITOLO_CATEGORIA_NON_OPERATIVO
BASSA,23,RESIDENZIALE,IMMOBILE,,ACQUISIZIONE IMMOBILE,Bruzolo,Casa.it,"Rustico, casale in Vendita in Via dei Mille 19 a Bruzolo - 55mq - Casa.it",,,0,NON_DETERMINATO,USCITO_MERCATO,2026-08-21T12:20:59.475314+00:00,2026-08-28T10:58:40.670149+00:00,30+ giorni monitorati,,https://www.casa.it/immobili/53531383/,NO,,,0,,ESEGUITA,Via dei Mille,Via dei Mille 19,VAI IN ZONA,RUSTICO_ESCLUSO
BASSA,23,RESIDENZIALE,IMMOBILE,,ACQUISIZIONE IMMOBILE,Bussoleno,Nestoria,Case e appartamenti a Bussoleno. Immobili in vendita a Bussoleno - Nestoria,,,0,NON_DETERMINATO,TRACKED,2026-08-21T12:20:59.475330+00:00,2026-09-07T10:14:01.139372+00:00,30+ giorni monitorati,,https://www.nestoria.it/immobiliare/vendita/bussoleno,NO,,,0,,ESEGUITA,,,,TITOLO_CATEGORIA_NON_OPERATIVO
BASSA,23,RESIDENZIALE,IMMOBILE,,ACQUISIZIONE IMMOBILE,Buttigliera Alta,Nestoria,24.555 immobili in vendita a Ferriera Buttigliera Alta,,,0,NON_DETERMINATO,USCITO_MERCATO,2026-08-21T12:20:59.475363+00:00,2026-08-23T09:11:13.222431+00:00,30+ giorni monitorati,,https://www.nestoria.it/immobiliare/vendita/ferriera_buttigliera-alta,NO,,,0,,ESEGUITA,,,,TITOLO_CATEGORIA_NON_OPERATIVO
BASSA,23,RESIDENZIALE,IMMOBILE,,ACQUISIZIONE IMMOBILE,Buttigliera Alta,Mercato residenziale,"Prisma Immobili | case in vendita | Buttigliera Alta, Metropolitan City ...",,,0,NON_DETERMINATO,USCITO_MERCATO,2026-08-21T12:20:59.475368+00:00,2026-09-22T07:44:42.104978+00:00,30+ giorni monitorati,,https://www.prismaimmobili.it/,NO,,,0,Metropolitan City ... Prisma Immobili offre consulenza immobiliare,ESEGUITA,,,,TITOLO_CATEGORIA_NON_OPERATIVO
BASSA,23,RESIDENZIALE,IMMOBILE,,ACQUISIZIONE IMMOBILE,Caselette,Mercato residenziale,37 Rustici in vendita a Caselette - Mitula Case,,,0,NON_DETERMINATO,USCITO_MERCATO,2026-08-21T12:20:59.475403+00:00,2026-09-20T21:00:13.355602+00:00,30+ giorni monitorati,,https://immobiliare.mitula.it/rustico-caselette,NO,,,0,,ESEGUITA,,,,RUSTICO_ESCLUSO
BASSA,23,RESIDENZIALE,IMMOBILE,,ACQUISIZIONE IMMOBILE,Chiusa di San Michele,Nestoria,12.142 immobili in vendita a Chiusa di San Michele - Nestoria,,,0,NON_DETERMINATO,TRACKED,2026-08-21T12:20:59.475434+00:00,2026-09-25T13:39:37.453223+00:00,30+ giorni monitorati,,https://www.nestoria.it/immobiliare/vendita/chiusa-di-san-michele,NO,,,0,,ESEGUITA,,,,TITOLO_CATEGORIA_NON_OPERATIVO
BASSA,23,RESIDENZIALE,IMMOBILE,,ACQUISIZIONE IMMOBILE,Collegno,Mercato residenziale,23 Immobili in vendita gramsci a Collegno - Mitula Case,,,0,NON_DETERMINATO,USCITO_MERCATO,2026-08-21T12:20:59.475494+00:00,2026-09-04T00:12:37.946532+00:00,30+ giorni monitorati,,https://immobiliare.mitula.it/gramsci-collegno,NO,,,0,,ESEGUITA,,,,TITOLO_CATEGORIA_NON_OPERATIVO
BASSA,23,RESIDENZIALE,IMMOBILE,,ACQUISIZIONE IMMOBILE,Condove,Nestoria,Case e appartamenti a Condove. Immobili in vendita a Condove - Nestoria,,,0,NON_DETERMINATO,TRACKED,2026-08-21T12:20:59.475511+00:00,2026-09-25T13:39:37.453347+00:00,30+ giorni monitorati,,https://www.nestoria.it/immobiliare/vendita/condove,NO,,,0,,ESEGUITA,,,,TITOLO_CATEGORIA_NON_OPERATIVO
BASSA,23,RESIDENZIALE,IMMOBILE,,ACQUISIZIONE IMMOBILE,Gravere,Nestoria,Case e appartamenti a Gravere. Immobili in vendita a Gravere - Nestoria,,,0,NON_DETERMINATO,TRACKED,2026-08-21T12:20:59.475554+00:00,2026-09-07T10:14:01.140372+00:00,30+ giorni monitorati,,https://www.nestoria.it/immobiliare/vendita/gravere,NO,,,0,,ESEGUITA,,,,TITOLO_CATEGORIA_NON_OPERATIVO
BASSA,23,RESIDENZIALE,IMMOBILE,,ACQUISIZIONE IMMOBILE,Gravere,Mercato residenziale,Case in vendita da Privati a Gravere - CasaDaPrivato.it,,,0,NON_DETERMINATO,TRACKED,2026-08-21T12:20:59.475559+00:00,2026-09-07T10:14:01.140386+00:00,30+ giorni monitorati,,https://www.casadaprivato.it/annunci-vendita/immobili/torino-gravere,NO,,,0,,ESEGUITA,Via Nazionale,Via Nazionale 45,VAI IN ZONA,TITOLO_CATEGORIA_NON_OPERATIVO
BASSA,23,RESIDENZIALE,IMMOBILE,,ACQUISIZIONE IMMOBILE,Grugliasco,Mercato generale,18 Appartamenti in vendita gramsci a Grugliasco - Mitula Case,,,0,NON_DETERMINATO,USCITO_MERCATO,2026-08-21T12:20:59.475575+00:00,2026-08-27T21:04:17.080203+00:00,30+ giorni monitorati,,https://immobiliare.mitula.it/appartamento-gramsci-grugliasco,NO,,,0,,ESEGUITA,,,,TITOLO_CATEGORIA_NON_OPERATIVO
BASSA,23,RESIDENZIALE,IMMOBILE,,ACQUISIZIONE IMMOBILE,Grugliasco,Mercato residenziale,5 Case in vendita gramsci a Grugliasco - Mitula Case,,,0,NON_DETERMINATO,TRACKED,2026-08-21T12:20:59.475585+00:00,2026-09-25T01:30:21.915036+00:00,30+ giorni monitorati,,https://immobiliare.mitula.it/casa-gramsci-grugliasco,NO,,,0,,ESEGUITA,,,,TITOLO_CATEGORIA_NON_OPERATIVO
BASSA,23,RESIDENZIALE,IMMOBILE,,ACQUISIZIONE IMMOBILE,Mattie,Nestoria,Case e appartamenti a Via Mattie. Immobili in vendita a Via ... - Nestoria,,,0,NON_DETERMINATO,RELISTED,2026-08-21T12:20:59.475603+00:00,2026-09-07T04:45:03.056643+00:00,30+ giorni monitorati,,https://www.nestoria.it/immobiliare/vendita/via-mattie,NO,,,0,,ESEGUITA,,,,TITOLO_CATEGORIA_NON_OPERATIVO
BASSA,23,RESIDENZIALE,IMMOBILE,,ACQUISIZIONE IMMOBILE,Reano,Nestoria,Case e appartamenti a Reano. Immobili in vendita a Reano - Nestoria,,,0,NON_DETERMINATO,USCITO_MERCATO,2026-08-21T12:20:59.475770+00:00,2026-09-22T07:44:42.106278+00:00,30+ giorni monitorati,,https://www.nestoria.it/immobiliare/vendita/reano,NO,,,0,,ESEGUITA,,,,TITOLO_CATEGORIA_NON_OPERATIVO
BASSA,23,RESIDENZIALE,IMMOBILE,,ACQUISIZIONE IMMOBILE,Rubiana,Mercato generale,Case in vendita Rubiana Caprino veronese (Verona) da agenzie immobiliari,,,0,NON_DETERMINATO,USCITO_MERCATO,2026-08-21T12:20:59.475833+00:00,2026-08-21T12:20:59.475834+00:00,30+ giorni monitorati,,https://www.caseinvendita360.com/case-vendita-agenzie-rubiana-caprino-veronese-vr,NO,,,0,,NON_ESEGUITA,,,,TITOLO_CATEGORIA_NON_OPERATIVO
BASSA,23,RESIDENZIALE,IMMOBILE,,ACQUISIZIONE IMMOBILE,Sant'Antonino di Susa,Mercato residenziale,"Case in vendita a Sant'Antonino di Susa, Valli Susa, Sangone",,,0,NON_DETERMINATO,USCITO_MERCATO,2026-08-21T12:20:59.475872+00:00,2026-09-20T11:10:13.480648+00:00,30+ giorni monitorati,,https://caseinvenditainaffitto.it/case-in-vendita/sant-antonino-di-susa-valli-susa-sangone,NO,,,0,,NON_ESEGUITA,,,,TITOLO_CATEGORIA_NON_OPERATIVO
BASSA,23,RESIDENZIALE,IMMOBILE,,ACQUISIZIONE IMMOBILE,Sant'Antonino di Susa,Mercato residenziale,Sant'antonino Di Susa - 48 case in vendita in Sant'Antonino Di Susa de ...,,,0,NON_DETERMINATO,USCITO_MERCATO,2026-08-21T12:20:59.475889+00:00,2026-09-08T06:35:04.159121+00:00,30+ giorni monitorati,,https://www.nuroa.it/vendita-immobili/sant-antonino-di-susa,NO,,,0,,NON_ESEGUITA,,,,PAGINA_CATEGORIA_O_RICERCA
BASSA,23,RESIDENZIALE,IMMOBILE,,ACQUISIZIONE IMMOBILE,Susa,Mercato generale,106 Appartamenti in vendita a Susa - Mitula Case,,,0,NON_DETERMINATO,USCITO_MERCATO,2026-08-21T12:20:59.475902+00:00,2026-08-27T21:04:17.081037+00:00,30+ giorni monitorati,,https://immobiliare.mitula.it/appartamento-susa,NO,,,0,,NON_ESEGUITA,,,,TITOLO_CATEGORIA_NON_OPERATIVO
BASSA,23,RESIDENZIALE,IMMOBILE,,ACQUISIZIONE IMMOBILE,Susa,Mercato residenziale,Casa Val Susa - 16 case in vendita in Susa de Nuroa.it,,,0,NON_DETERMINATO,USCITO_MERCATO,2026-08-21T12:20:59.475907+00:00,2026-09-01T18:58:42.121723+00:00,30+ giorni monitorati,,https://www.nuroa.it/vendita-immobili/casa-val-susa,NO,,,0,,NON_ESEGUITA,,,,PAGINA_CATEGORIA_O_RICERCA
BASSA,23,RESIDENZIALE,IMMOBILE,,ACQUISIZIONE IMMOBILE,Trana,Nestoria,Case e appartamenti a Trana. Immobili in vendita a Trana - Nestoria,,,0,NON_DETERMINATO,TRACKED,2026-08-21T12:20:59.475912+00:00,2026-09-25T13:39:37.454818+00:00,30+ giorni monitorati,,https://www.nestoria.it/immobiliare/vendita/trana,NO,,,0,,NON_ESEGUITA,,,,TITOLO_CATEGORIA_NON_OPERATIVO
BASSA,23,RESIDENZIALE,IMMOBILE,,ACQUISIZIONE IMMOBILE,Trana,Mercato generale,"Case in vendita a Moranda, Trana - Case in Vendita e in Affitto",,,0,NON_DETERMINATO,USCITO_MERCATO,2026-08-21T12:20:59.475920+00:00,2026-08-23T17:16:38.787103+00:00,30+ giorni monitorati,,https://caseinvenditainaffitto.it/case-in-vendita/moranda-trana,NO,,,0,,NON_ESEGUITA,,,,TITOLO_CATEGORIA_NON_OPERATIVO
BASSA,23,RESIDENZIALE,IMMOBILE,,ACQUISIZIONE IMMOBILE,Valgioie,Mercato residenziale,147 Case in vendita a Valgioie - Mitula Case,,,0,NON_DETERMINATO,USCITO_MERCATO,2026-08-21T12:20:59.475953+00:00,2026-09-13T23:15:39.650973+00:00,30+ giorni monitorati,,https://immobiliare.mitula.it/casa-valgioie,NO,,,0,,NON_ESEGUITA,,,,TITOLO_CATEGORIA_NON_OPERATIVO
BASSA,23,RESIDENZIALE,IMMOBILE,,ACQUISIZIONE IMMOBILE,Villar Focchiardo,Nestoria,8.070 immobili in vendita a Villar Focchiardo - Nestoria,,,0,NON_DETERMINATO,TRACKED,2026-08-21T12:20:59.475977+00:00,2026-09-25T13:39:37.455186+00:00,30+ giorni monitorati,,https://www.nestoria.it/immobiliare/vendita/villar-focchiardo,NO,,,0,,NON_ESEGUITA,,,,TITOLO_CATEGORIA_NON_OPERATIVO
BASSA,23,RESIDENZIALE,IMMOBILE,,ACQUISIZIONE IMMOBILE,Villar Focchiardo,Mercato residenziale,"Case in vendita a Villar Focchiardo, Valli Susa, Sangone - Case in ...",,,0,NON_DETERMINATO,USCITO_MERCATO,2026-08-21T12:20:59.475982+00:00,2026-09-12T10:35:02.925569+00:00,30+ giorni monitorati,,https://caseinvenditainaffitto.it/case-in-vendita/villar-focchiardo-valli-susa-sangone,NO,,,0,,NON_ESEGUITA,,,,TITOLO_CATEGORIA_NON_OPERATIVO
BASSA,23,RESIDENZIALE,IMMOBILE,,ACQUISIZIONE IMMOBILE,Villar Focchiardo,Mercato residenziale,Bassa Susa - 40 case in vendita in Susa de Nuroa.it,,,0,NON_DETERMINATO,USCITO_MERCATO,2026-08-21T12:20:59.475998+00:00,2026-09-13T23:15:39.651099+00:00,30+ giorni monitorati,,https://www.nuroa.it/vendita-immobili/bassa-susa,NO,,,0,,NON_ESEGUITA,,,,PAGINA_CATEGORIA_O_RICERCA
BASSA,23,RESIDENZIALE,IMMOBILE,,ACQUISIZIONE IMMOBILE,Bardonecchia,Nestoria,Case e appartamenti a Bardonecchia. Immobili in vendita a ... - Nestoria,,,0,NON_DETERMINATO,TRACKED,2026-08-22T17:17:15.502432+00:00,2026-09-07T10:14:01.139133+00:00,30+ giorni monitorati,,https://www.nestoria.it/immobiliare/vendita/bardonecchia,NO,,,0,,ESEGUITA,,,,TITOLO_CATEGORIA_NON_OPERATIVO
BASSA,23,RESIDENZIALE,IMMOBILE,,ACQUISIZIONE IMMOBILE,Rosta,Mercato generale,"Case in vendita a Rosta, Torino Ovest",,,0,NON_DETERMINATO,USCITO_MERCATO,2026-08-22T17:17:15.502755+00:00,2026-08-22T17:17:15.502757+00:00,30+ giorni monitorati,,https://caseinvenditainaffitto.it/case-in-vendita/rosta-torino-ovest,NO,,,0,,NON_ESEGUITA,,,,TITOLO_CATEGORIA_NON_OPERATIVO
BASSA,23,RESIDENZIALE,IMMOBILE,,ACQUISIZIONE IMMOBILE,Susa,Agenzie,"Case in vendita a Susa, Valli Susa, Sangone",,,0,NON_DETERMINATO,USCITO_MERCATO,2026-08-22T17:17:15.502835+00:00,2026-08-27T21:04:17.081054+00:00,30+ giorni monitorati,,https://caseinvenditainaffitto.it/case-in-vendita/susa-valli-susa-sangone,NO,,,0,,NON_ESEGUITA,,,,TITOLO_CATEGORIA_NON_OPERATIVO
BASSA,23,RESIDENZIALE,IMMOBILE,,ACQUISIZIONE IMMOBILE,Susa,Mercato residenziale,Case in vendita da Privati a Susa - CasaDaPrivato.it,,,0,NON_DETERMINATO,POSSIBILE_USCITA,2026-08-22T17:17:15.502840+00:00,2026-09-06T13:51:47.106256+00:00,30+ giorni monitorati,,https://www.casadaprivato.it/annunci-vendita/immobili/torino-susa,NO,,,0,,NON_ESEGUITA,,,,TITOLO_CATEGORIA_NON_OPERATIVO
BASSA,23,RESIDENZIALE,IMMOBILE,,ACQUISIZIONE IMMOBILE,Trana,Immobiliare.it,"Vendita Rustico in via 20 Settembre Trana. Ottimo stato, posto auto ...",,,0,NON_DETERMINATO,USCITO_MERCATO,2026-08-22T17:17:15.502896+00:00,2026-08-23T09:11:13.222758+00:00,30+ giorni monitorati,,https://www.immobiliare.it/annunci/128140996/,NO,,,0,,NON_ESEGUITA,,,,RUSTICO_ESCLUSO
BASSA,23,RESIDENZIALE,IMMOBILE,,ACQUISIZIONE IMMOBILE,Venaus,Mercato residenziale,291 Immobili in vendita a Venaus - Mitula Case,,,0,NON_DETERMINATO,TRACKED,2026-08-22T17:17:15.502944+00:00,2026-09-07T10:14:01.142109+00:00,30+ giorni monitorati,,https://immobiliare.mitula.it/venaus,NO,,,0,,NON_ESEGUITA,,,,TITOLO_CATEGORIA_NON_OPERATIVO
BASSA,23,RESIDENZIALE,IMMOBILE,,ACQUISIZIONE IMMOBILE,Borgone Susa,Mercato residenziale,271 Immobili in vendita a Borgone Susa - Mitula Case,,,0,NON_DETERMINATO,USCITO_MERCATO,2026-08-23T09:11:13.222380+00:00,2026-09-13T23:15:39.648957+00:00,30+ giorni monitorati,,https://immobiliare.mitula.it/borgone-susa,NO,,,0,,ESEGUITA,,,,TITOLO_CATEGORIA_NON_OPERATIVO
BASSA,23,RESIDENZIALE,IMMOBILE,,ACQUISIZIONE IMMOBILE,Bussoleno,Mercato generale,"Case in vendita a Centro, Bussoleno",,,0,NON_DETERMINATO,USCITO_MERCATO,2026-08-23T09:11:13.222408+00:00,2026-08-23T17:16:38.786761+00:00,30+ giorni monitorati,,https://caseinvenditainaffitto.it/case-in-vendita/centro-bussoleno,NO,,,0,,ESEGUITA,"Viale Lungo Dora, Bussoleno","Viale Lungo Dora, Bussoleno 160",VAI IN ZONA,TITOLO_CATEGORIA_NON_OPERATIVO
BASSA,23,RESIDENZIALE,IMMOBILE,,ACQUISIZIONE IMMOBILE,Meana di Susa,Trovit,38 immobili in vendita a Meana di Susa - Trovit,,,0,NON_DETERMINATO,USCITO_MERCATO,2026-08-23T09:11:13.222584+00:00,2026-09-01T20:55:16.173214+00:00,30+ giorni monitorati,,https://case.trovit.it/meana-susa,NO,,,0,,ESEGUITA,,,,PAGINA_CATEGORIA_O_RICERCA
BASSA,23,RESIDENZIALE,IMMOBILE,,ACQUISIZIONE IMMOBILE,Vaie,Mercato generale,"Case in vendita a Vaie, Valli Susa, Sangone",,,0,NON_DETERMINATO,USCITO_MERCATO,2026-08-23T09:11:13.222802+00:00,2026-08-23T09:11:13.222804+00:00,30+ giorni monitorati,,https://caseinvenditainaffitto.it/case-in-vendita/vaie-valli-susa-sangone,NO,,,0,,NON_ESEGUITA,,,,TITOLO_CATEGORIA_NON_OPERATIVO
BASSA,23,RESIDENZIALE,IMMOBILE,,ACQUISIZIONE IMMOBILE,Buttigliera Alta,Mercato generale,970 Immobili in vendita a Buttigliera Alta - Mitula Case,,,0,NON_DETERMINATO,USCITO_MERCATO,2026-08-23T17:16:38.786795+00:00,2026-08-27T21:04:17.079616+00:00,30+ giorni monitorati,,https://immobiliare.mitula.it/buttigliera-alta,NO,,,0,,ESEGUITA,,,,TITOLO_CATEGORIA_NON_OPERATIVO
BASSA,23,RESIDENZIALE,IMMOBILE,,ACQUISIZIONE IMMOBILE,Condove,Idealista,"Proprietà rustica in vendita in Borgata Borlera, 12, Condove ...",,,0,NON_DETERMINATO,USCITO_MERCATO,2026-08-23T17:16:38.786881+00:00,2026-09-11T13:39:24.923882+00:00,30+ giorni monitorati,,https://www.idealista.it/immobile/36228538/,NO,,,0,,ESEGUITA,Borgata Borlera,Borgata Borlera 12 | Borgata Borlera 21,VAI IN ZONA,RUSTICO_ESCLUSO
BASSA,23,RESIDENZIALE,IMMOBILE,,ACQUISIZIONE IMMOBILE,Giaglione,Mercato residenziale,28 Rustici in vendita a Giaglione - Mitula Case,,,0,NON_DETERMINATO,TRACKED,2026-08-23T17:16:38.786903+00:00,2026-09-07T10:14:01.140242+00:00,30+ giorni monitorati,,https://immobiliare.mitula.it/rustico-giaglione,NO,,,0,,ESEGUITA,,,,RUSTICO_ESCLUSO
BASSA,23,UFFICIO_DIREZIONALE,IMMOBILE,,ACQUISIZIONE / LOCAZIONE UFFICIO,Bussoleno,Nestoria,Case a Bussoleno. Immobili in affitto a Bussoleno - Nestoria,,,0,NON_DETERMINATO,USCITO_MERCATO,2026-08-28T05:06:35.530149+00:00,2026-08-28T05:06:35.530150+00:00,ufficio direzionale,,https://www.nestoria.it/immobiliare/affitto/bussoleno,NO,,,0,,ESEGUITA,,,,TITOLO_CATEGORIA_NON_OPERATIVO
BASSA,23,COMMERCIALE_IMMOBILE,IMMOBILE,,ACQUISIZIONE / LOCAZIONE IMMOBILE COMMERCIALE,Condove,Trovit,"30 locale commerciales reggio emilia in vendita a Bar, Condove",,,0,NON_DETERMINATO,USCITO_MERCATO,2026-08-28T05:06:35.530551+00:00,2026-09-05T09:19:10.296236+00:00,commerciale immobile,,https://case.trovit.it/negozio-bar-reggio-emilia,NO,,,0,,NON_ESEGUITA,,,,PAGINA_CATEGORIA_O_RICERCA
BASSA,23,UFFICIO_DIREZIONALE,IMMOBILE,,ACQUISIZIONE / LOCAZIONE UFFICIO,Condove,Trovit,"19 locale commerciales circolo in affitto a Bar, Condove - Trovit",,,0,NON_DETERMINATO,POSSIBILE_USCITA,2026-08-28T10:58:40.670711+00:00,2026-09-24T13:39:01.457035+00:00,ufficio direzionale,,https://case.trovit.it/affitto-negozio-circolo-bar,NO,,,0,,NON_ESEGUITA,,,,PAGINA_CATEGORIA_O_RICERCA
BASSA,23,COMMERCIALE_IMMOBILE,IMMOBILE,,ACQUISIZIONE / LOCAZIONE IMMOBILE COMMERCIALE,Oulx,Commerciale negozi/locali,Locale Commerciale Oulx - 34 locali comerciali in vendita in Oulx de ...,,,0,NON_DETERMINATO,TRACKED,2026-08-28T10:58:40.671182+00:00,2026-09-07T00:44:29.376083+00:00,commerciale immobile,,https://www.nuroa.it/vendita-immobili/locale-commerciale-oulx,NO,,,0,,NON_ESEGUITA,,,,PAGINA_CATEGORIA_O_RICERCA
BASSA,23,UFFICIO_DIREZIONALE,IMMOBILE,,ACQUISIZIONE / LOCAZIONE UFFICIO,Rosta,Trovit,3 locale commerciales in affitto a Rosta - Trovit,,,0,NON_DETERMINATO,POSSIBILE_USCITA,2026-08-28T10:58:40.671553+00:00,2026-09-24T07:40:08.272873+00:00,ufficio direzionale,,https://case.trovit.it/affitto-negozio-rosta,NO,,,0,,NON_ESEGUITA,,,,PAGINA_CATEGORIA_O_RICERCA
BASSA,23,UFFICIO_DIREZIONALE,IMMOBILE,,ACQUISIZIONE / LOCAZIONE UFFICIO,Sangano,Trovit,2 locale commerciales in affitto a Sangano - Trovit,,,0,NON_DETERMINATO,POSSIBILE_USCITA,2026-08-28T10:58:40.671887+00:00,2026-09-06T19:19:39.866046+00:00,ufficio direzionale,,https://case.trovit.it/affitto-negozio-sangano,NO,,,0,,NON_ESEGUITA,,,,PAGINA_CATEGORIA_O_RICERCA
BASSA,23,COMMERCIALE_IMMOBILE,IMMOBILE,,ACQUISIZIONE / LOCAZIONE IMMOBILE COMMERCIALE,Bussoleno,Trovit,2 locale commerciales in affitto a Bussoleno - Trovit,,,0,NON_DETERMINATO,USCITO_MERCATO,2026-09-01T18:58:42.119291+00:00,2026-09-04T19:20:00.003447+00:00,commerciale immobile,,https://case.trovit.it/affitto-negozio-bussoleno,NO,,,0,,ESEGUITA,"strada principale, si trova un negozio di","strada principale, si trova un negozio di 65",VAI IN ZONA,PAGINA_CATEGORIA_O_RICERCA
BASSA,23,UFFICIO_DIREZIONALE,IMMOBILE,,ACQUISIZIONE / LOCAZIONE UFFICIO,Chiomonte,Trovit,1 locale commerciales in affitto a Chiomonte - Trovit,,,0,NON_DETERMINATO,TRACKED,2026-09-01T18:58:42.119585+00:00,2026-09-07T10:14:01.139669+00:00,ufficio direzionale,,https://case.trovit.it/affitto-negozio-chiomonte,NO,,,0,,NON_ESEGUITA,,,,PAGINA_CATEGORIA_O_RICERCA
BASSA,23,COMMERCIALE_IMMOBILE,IMMOBILE,,ACQUISIZIONE / LOCAZIONE IMMOBILE COMMERCIALE,Grugliasco,Trovit,100 locale commerciales in vendita a Grugliasco - Trovit,,,0,NON_DETERMINATO,USCITO_MERCATO,2026-09-01T23:36:27.691174+00:00,2026-09-01T23:36:27.691176+00:00,commerciale immobile,,https://case.trovit.it/negozio-grugliasco,NO,,,0,,NON_ESEGUITA,,,,PAGINA_CATEGORIA_O_RICERCA
BASSA,23,UFFICIO_DIREZIONALE,IMMOBILE,,ACQUISIZIONE / LOCAZIONE UFFICIO,Pianezza,Trovit,12 locale commerciales in affitto a Pianezza - Trovit,,,0,NON_DETERMINATO,TRACKED,2026-09-02T07:11:25.326501+00:00,2026-09-25T01:30:21.915212+00:00,ufficio direzionale,,https://case.trovit.it/affitto-negozio-pianezza,NO,,,0,,NON_ESEGUITA,,,,PAGINA_CATEGORIA_O_RICERCA
BASSA,23,COMMERCIALE_IMMOBILE,IMMOBILE,,ACQUISIZIONE / LOCAZIONE IMMOBILE COMMERCIALE,Bardonecchia,Commerciale negozi/locali,I nostri immobili in vendita - bardonecchiaamormio.com,,,0,NON_DETERMINATO,USCITO_MERCATO,2026-09-02T12:02:41.369498+00:00,2026-09-02T12:02:41.369499+00:00,commerciale immobile,,https://bardonecchiaamormio.com/it/vendite,NO,,,0,,ESEGUITA,,,,TITOLO_CATEGORIA_NON_OPERATIVO
BASSA,23,UFFICIO_DIREZIONALE,IMMOBILE,,ACQUISIZIONE / LOCAZIONE UFFICIO,Avigliana,Trovit,8 locale commerciales in affitto a Avigliana - Trovit,,,0,NON_DETERMINATO,TRACKED,2026-09-02T16:09:34.323479+00:00,2026-09-24T22:22:05.015669+00:00,ufficio direzionale,,https://case.trovit.it/affitto-negozio-avigliana,NO,,,0,,ESEGUITA,,,,PAGINA_CATEGORIA_O_RICERCA
BASSA,23,UFFICIO_DIREZIONALE,IMMOBILE,,ACQUISIZIONE / LOCAZIONE UFFICIO,Mattie,Nestoria,Case a Mattie. Immobili in affitto a Mattie - Nestoria,,,0,NON_DETERMINATO,USCITO_MERCATO,2026-09-03T18:47:06.318769+00:00,2026-09-05T00:56:52.328109+00:00,ufficio direzionale,,https://www.nestoria.it/immobiliare/affitto/mattie,NO,,,0,,NON_ESEGUITA,,,,TITOLO_CATEGORIA_NON_OPERATIVO
BASSA,23,COMMERCIALE_IMMOBILE,IMMOBILE,,ACQUISIZIONE / LOCAZIONE IMMOBILE COMMERCIALE,Sant'Ambrogio di Torino,Trovit,4 immobili in affitto a Sant'Ambrogio di Torino - Trovit,,,0,NON_DETERMINATO,USCITO_MERCATO,2026-09-03T18:47:06.319559+00:00,2026-09-03T18:47:06.319560+00:00,commerciale immobile,,https://case.trovit.it/affitto-sant-ambrogio-torino,NO,,,0,,NON_ESEGUITA,,,,PAGINA_CATEGORIA_O_RICERCA
BASSA,23,COMMERCIALE_IMMOBILE,IMMOBILE,,ACQUISIZIONE / LOCAZIONE IMMOBILE COMMERCIALE,Coazze,Commerciale negozi/locali,Appartamenti in affitto a Giaveno Via Coazze. - caasa.it,,,0,NON_DETERMINATO,USCITO_MERCATO,2026-09-06T19:19:39.864419+00:00,2026-09-06T19:19:39.864421+00:00,commerciale immobile,,https://www.caasa.it/torino/giaveno-zona-v-coazze/appartamento/in-affitto.html,NO,,,0,,NON_ESEGUITA,,,,TITOLO_CATEGORIA_NON_OPERATIVO
BASSA,23,UFFICIO_DIREZIONALE,IMMOBILE,,ACQUISIZIONE / LOCAZIONE UFFICIO,Collegno,Trovit,30 locale commerciales in affitto a Collegno - Trovit,,,0,NON_DETERMINATO,TRACKED,2026-09-06T19:19:39.864542+00:00,2026-09-24T22:22:05.017197+00:00,ufficio direzionale,,https://case.trovit.it/affitto-negozio-collegno,NO,,,0,,NON_ESEGUITA,,,,PAGINA_CATEGORIA_O_RICERCA
BASSA,23,UFFICIO_DIREZIONALE,IMMOBILE,,ACQUISIZIONE / LOCAZIONE UFFICIO,Beinasco,Trovit,30 ufficios in affitto a Beinasco - Trovit,,,0,NON_DETERMINATO,POSSIBILE_USCITA,2026-09-08T06:35:04.156712+00:00,2026-09-24T01:30:36.515918+00:00,ufficio direzionale,,https://case.trovit.it/affitto-uffici-beinasco,NO,,,0,,ESEGUITA,,,,PAGINA_CATEGORIA_O_RICERCA
BASSA,23,UFFICIO_DIREZIONALE,IMMOBILE,,ACQUISIZIONE / LOCAZIONE UFFICIO,Bruino,Nestoria,Case a Bruino. Immobili in affitto a Bruino - Nestoria,,,0,NON_DETERMINATO,USCITO_MERCATO,2026-09-08T06:35:04.156912+00:00,2026-09-13T14:26:02.554857+00:00,ufficio direzionale,,https://www.nestoria.it/immobiliare/affitto/bruino,NO,,,0,,ESEGUITA,,,,TITOLO_CATEGORIA_NON_OPERATIVO
BASSA,23,UFFICIO_DIREZIONALE,IMMOBILE,,ACQUISIZIONE / LOCAZIONE UFFICIO,Druento,Trovit,8 locale commerciales in affitto a Druento - Trovit,,,0,NON_DETERMINATO,TRACKED,2026-09-08T06:35:04.157706+00:00,2026-09-25T01:30:21.914664+00:00,ufficio direzionale,,https://case.trovit.it/affitto-negozio-druento,NO,,,0,,NON_ESEGUITA,,,,PAGINA_CATEGORIA_O_RICERCA
BASSA,23,UFFICIO_DIREZIONALE,IMMOBILE,,ACQUISIZIONE / LOCAZIONE UFFICIO,Druento,Uffici e direzionale,Appartamenti e case in affitto a Druento - altroaffitto.it,,,0,NON_DETERMINATO,USCITO_MERCATO,2026-09-08T06:35:04.157713+00:00,2026-09-16T19:00:37.438863+00:00,ufficio direzionale,,https://www.altroaffitto.it/affitti/Druento?page=1,NO,,,0,,NON_ESEGUITA,,,,TITOLO_CATEGORIA_NON_OPERATIVO
BASSA,23,UFFICIO_DIREZIONALE,IMMOBILE,,ACQUISIZIONE / LOCAZIONE UFFICIO,Fiano,Uffici e direzionale,Immobili in affitto - Masci Immobili - FCM Immobili srl - Fiano Romano,,,0,NON_DETERMINATO,TRACKED,2026-09-08T06:35:04.157799+00:00,2026-09-25T13:39:37.453466+00:00,ufficio direzionale,,https://www.masciimmobili.it/web/immobili.asp?tipo_contratto=A&language=ita&pagref=1913,NO,,,0,,NON_ESEGUITA,,,,TITOLO_CATEGORIA_NON_OPERATIVO
BASSA,23,UFFICIO_DIREZIONALE,IMMOBILE,,ACQUISIZIONE / LOCAZIONE UFFICIO,Fiano,Trovit,32 locale commerciales in affitto a Fiano Romano - Trovit,,,0,NON_DETERMINATO,TRACKED,2026-09-08T21:57:25.795599+00:00,2026-09-25T13:39:37.453473+00:00,ufficio direzionale,,https://case.trovit.it/affitto-negozio-fiano-romano,NO,,,0,,NON_ESEGUITA,,,,PAGINA_CATEGORIA_O_RICERCA
BASSA,23,COMMERCIALE_IMMOBILE,IMMOBILE,,ACQUISIZIONE / LOCAZIONE IMMOBILE COMMERCIALE,Val della Torre,Trovit,11 locale commerciales ristorante in affitto a Torino - Trovit,,,0,NON_DETERMINATO,USCITO_MERCATO,2026-09-11T09:00:35.958988+00:00,2026-09-21T01:16:25.020557+00:00,commerciale immobile,,https://case.trovit.it/affitto-negozio-ristorante-torino,NO,,,0,,NON_ESEGUITA,,,,PAGINA_CATEGORIA_O_RICERCA
BASSA,23,COMMERCIALE_IMMOBILE,IMMOBILE,,ACQUISIZIONE / LOCAZIONE IMMOBILE COMMERCIALE,Rivoli,Trovit,46 locale commerciales piazza in affitto a Rivoli - Trovit,,,0,NON_DETERMINATO,USCITO_MERCATO,2026-09-11T17:53:32.668455+00:00,2026-09-17T23:05:00.276242+00:00,commerciale immobile,,https://case.trovit.it/affitto-negozio-piazza-rivoli,NO,,,0,,NON_ESEGUITA,,,,PAGINA_CATEGORIA_O_RICERCA
BASSA,23,UFFICIO_DIREZIONALE,IMMOBILE,,ACQUISIZIONE / LOCAZIONE UFFICIO,Alpignano,Uffici e direzionale,440 Appartamenti in affitto a Alpignano - Mitula Case,,,0,NON_DETERMINATO,USCITO_MERCATO,2026-09-13T18:14:54.118654+00:00,2026-09-13T18:14:54.118655+00:00,ufficio direzionale,,https://immobiliare.mitula.it/affitto-appartamento-alpignano,NO,,,0,,ESEGUITA,"via Valdellatorre, a soli","via Valdellatorre, a soli 300",VAI IN ZONA,TITOLO_CATEGORIA_NON_OPERATIVO
BASSA,23,COMMERCIALE_IMMOBILE,IMMOBILE,,ACQUISIZIONE / LOCAZIONE IMMOBILE COMMERCIALE,Val della Torre,Trovit,4 immobili in affitto a Val della Torre - Trovit,,,0,NON_DETERMINATO,TRACKED,2026-09-13T18:14:54.120996+00:00,2026-09-25T01:30:21.916071+00:00,commerciale immobile,,https://case.trovit.it/affitto-val-torre,NO,,,0,,NON_ESEGUITA,,,,PAGINA_CATEGORIA_O_RICERCA
BASSA,23,UFFICIO_DIREZIONALE,IMMOBILE,,ACQUISIZIONE / LOCAZIONE UFFICIO,Bruino,Trovit,18 locale commerciales in affitto a Bruino - Trovit,,,0,NON_DETERMINATO,USCITO_MERCATO,2026-09-14T01:05:27.890842+00:00,2026-09-15T01:31:48.169787+00:00,ufficio direzionale,,https://case.trovit.it/affitto-negozio-bruino,NO,,,0,,ESEGUITA,,,,PAGINA_CATEGORIA_O_RICERCA
BASSA,23,UFFICIO_DIREZIONALE,IMMOBILE,,ACQUISIZIONE / LOCAZIONE UFFICIO,San Gillio,Nestoria,9.145 appartamenti in affitto a San Gillio - Nestoria,,,0,NON_DETERMINATO,USCITO_MERCATO,2026-09-16T14:58:05.672593+00:00,2026-09-22T21:17:46.996749+00:00,ufficio direzionale,,https://www.nestoria.it/appartamenti/affitto/san-gillio,NO,,,0,,NON_ESEGUITA,,,,TITOLO_CATEGORIA_NON_OPERATIVO
BASSA,23,UFFICIO_DIREZIONALE,IMMOBILE,,ACQUISIZIONE / LOCAZIONE UFFICIO,Caselette,Nestoria,Case a Caselette. Immobili in affitto a Caselette - Nestoria,,,0,NON_DETERMINATO,USCITO_MERCATO,2026-09-16T19:00:37.438483+00:00,2026-09-18T19:44:01.661446+00:00,ufficio direzionale,,https://www.nestoria.it/immobiliare/affitto/caselette,NO,,,0,,NON_ESEGUITA,,,,TITOLO_CATEGORIA_NON_OPERATIVO
BASSA,23,COMMERCIALE_IMMOBILE,IMMOBILE,,ACQUISIZIONE / LOCAZIONE IMMOBILE COMMERCIALE,Condove,Trovit,"30 locale commerciales bergamo affitto in affitto a Bar, Condove",,,0,NON_DETERMINATO,POSSIBILE_USCITA,2026-09-24T01:30:36.516700+00:00,2026-09-24T13:39:01.457031+00:00,commerciale immobile,,https://case.trovit.it/affitto-negozio-bergamo-bar-affitto,NO,,,0,,NON_ESEGUITA,,,,PAGINA_CATEGORIA_O_RICERCA
BASSA,23,RESIDENZIALE,IMMOBILE,,ACQUISIZIONE IMMOBILE,Rivalta di Torino,Tecnocasa,Annunci case e appartamenti in vendita e in affitto - Tecnocasa.it,249000,,0,INDIZIO_AGENZIA,NEW,2026-09-25T01:30:21.915372+00:00,2026-09-25T01:30:21.915373+00:00,nuova rilevazione | indizio agenzia | prezzo rilevato,,https://www.tecnocasa.it/vendita/ville/torino/rivalta-di-torino/61137347.html,NO,,,0,,NON_ESEGUITA,,,,TITOLO_CATEGORIA_NON_OPERATIVO
BASSA,23,RESIDENZIALE,IMMOBILE,,ACQUISIZIONE IMMOBILE,Chianocco,Tecnocasa,Annunci case e appartamenti in vendita e in affitto - Tecnocasa.it,118000,,0,INDIZIO_AGENZIA,NEW,2026-09-25T13:39:37.453193+00:00,2026-09-25T13:39:37.453195+00:00,nuova rilevazione | indizio agenzia | prezzo rilevato,,https://www.tecnocasa.it/vendita/rustici-cascine-case/torino/chianocco/61271553.html,NO,,,0,,NON_ESEGUITA,,,,RUSTICO_ESCLUSO
BASSA,20,RESIDENZIALE,IMMOBILE,,ACQUISIZIONE IMMOBILE,Almese,Idealista,"Proprietà rustica in vendita in Via Rubiana, 51, Almese - idealista",150000,,0,NON_DETERMINATO,USCITO_MERCATO,2026-08-27T21:04:17.079042+00:00,2026-09-09T23:18:34.766671+00:00,prezzo rilevato,,https://www.idealista.it/immobile/36195511/,NO,,,0,Almese - idealista RUSTICO CON VISTA PANORAMICALa FC Immobiliare,ESEGUITA,Via Rubiana,Via Rubiana 51 | via Rubiana 100,VAI IN ZONA,RUSTICO_ESCLUSO
BASSA,20,RESIDENZIALE,IMMOBILE,,ACQUISIZIONE IMMOBILE,Alpignano,Trovit,13 immobili zona belvedere in vendita a Alpignano - Trovit,120000,,0,NON_DETERMINATO,USCITO_MERCATO,2026-08-27T21:04:17.079110+00:00,2026-08-27T21:04:17.079111+00:00,prezzo rilevato,,https://case.trovit.it/zona-belvedere-alpignano,NO,,,0,,ESEGUITA,,,,PAGINA_CATEGORIA_O_RICERCA
BASSA,20,RESIDENZIALE,IMMOBILE,,ACQUISIZIONE IMMOBILE,Bussoleno,Trovit,30 immobili asta in vendita a Bussoleno - Trovit,21000,,0,NON_DETERMINATO,USCITO_MERCATO,2026-08-27T21:04:17.079560+00:00,2026-08-27T21:04:17.079561+00:00,prezzo rilevato,,https://case.trovit.it/asta-bussoleno,NO,,,0,,NON_ESEGUITA,,,,PAGINA_CATEGORIA_O_RICERCA
BASSA,20,RESIDENZIALE,IMMOBILE,,ACQUISIZIONE IMMOBILE,Coazze,Trovit,224 immobili in vendita a Coazze - Trovit,25000,,0,NON_DETERMINATO,USCITO_MERCATO,2026-08-27T21:04:17.079828+00:00,2026-08-27T21:04:17.079830+00:00,prezzo rilevato,,https://case.trovit.it/coazze,NO,,,0,,NON_ESEGUITA,,,,PAGINA_CATEGORIA_O_RICERCA
BASSA,20,RESIDENZIALE,IMMOBILE,,ACQUISIZIONE IMMOBILE,Giaveno,Trovit,161 immobili borgata in vendita a Giaveno - Trovit,20000,,0,NON_DETERMINATO,USCITO_MERCATO,2026-08-27T21:04:17.080080+00:00,2026-08-27T21:04:17.080081+00:00,prezzo rilevato,,https://case.trovit.it/borgata-giaveno,NO,,,0,,NON_ESEGUITA,,,,PAGINA_CATEGORIA_O_RICERCA
BASSA,20,RESIDENZIALE,IMMOBILE,,ACQUISIZIONE IMMOBILE,Rivoli,Tipologie complete,Indipendente Rivoli - 182 case in vendita in Rivoli de Nuroa.it,79000,,0,NON_DETERMINATO,USCITO_MERCATO,2026-08-27T21:04:17.080622+00:00,2026-08-27T21:04:17.080624+00:00,prezzo rilevato,,https://www.nuroa.it/vendita-immobili/indipendente-rivoli,NO,,,0,,NON_ESEGUITA,,,,PAGINA_CATEGORIA_O_RICERCA
BASSA,20,RESIDENZIALE,IMMOBILE,,ACQUISIZIONE IMMOBILE,Val della Torre,Tempocasa,Rustico in Vendita a Val della Torre | Euro 89.000 | Mq 150,89000,,0,NON_DETERMINATO,USCITO_MERCATO,2026-08-27T21:04:17.081227+00:00,2026-08-28T10:58:40.672171+00:00,prezzo rilevato,,https://tempocasa.it/it/vendita/torino/val-della-torre/rustico/13807432,NO,,,0,,NON_ESEGUITA,,,,RUSTICO_ESCLUSO
BASSA,20,RESIDENZIALE,IMMOBILE,,ACQUISIZIONE IMMOBILE,Venaus,Trovit,13 immobili in vendita a Venaus - Trovit,35000,,0,NON_DETERMINATO,USCITO_MERCATO,2026-08-27T21:04:17.081283+00:00,2026-08-27T21:04:17.081285+00:00,prezzo rilevato,,https://case.trovit.it/venaus,NO,,,0,,NON_ESEGUITA,,,,PAGINA_CATEGORIA_O_RICERCA
BASSA,20,RESIDENZIALE,IMMOBILE,,ACQUISIZIONE IMMOBILE,Villar Focchiardo,Idealista,"Proprietà rustica all'asta in Via Preinera, 10050, Villar Focchiardo ...",12000,,0,NON_DETERMINATO,USCITO_MERCATO,2026-08-27T21:04:17.081370+00:00,2026-08-28T05:06:35.531723+00:00,prezzo rilevato,,https://www.idealista.it/immobile/36647671/,NO,,,0,,NON_ESEGUITA,,,,RUSTICO_ESCLUSO
BASSA,20,RESIDENZIALE,IMMOBILE,,ACQUISIZIONE IMMOBILE,Rubiana,Mercato residenziale,Rubiana - 358 case in vendita in Rubiana de Nuroa.it,28000,,0,NON_DETERMINATO,USCITO_MERCATO,2026-08-28T05:06:35.531236+00:00,2026-09-07T00:44:29.376311+00:00,prezzo rilevato,,https://www.nuroa.it/vendita-immobili/rubiana,NO,,,0,,NON_ESEGUITA,,,,PAGINA_CATEGORIA_O_RICERCA
BASSA,20,RESIDENZIALE,IMMOBILE,,ACQUISIZIONE IMMOBILE,Susa,Tipologie residenziali,Val Susa Indipendente - 32 case in vendita in Susa de Nuroa.it,29000,,0,NON_DETERMINATO,TRACKED,2026-08-28T05:06:35.531430+00:00,2026-09-07T10:14:01.141826+00:00,prezzo rilevato,,https://www.nuroa.it/vendita-immobili/val-susa-indipendente,NO,,,0,,NON_ESEGUITA,,,,PAGINA_CATEGORIA_O_RICERCA
BASSA,20,RESIDENZIALE,IMMOBILE,,ACQUISIZIONE IMMOBILE,Buttigliera Alta,Nestoria,Case e appartamenti a Buttigliera Alta. Immobili in vendita a ...,188000,,0,NON_DETERMINATO,USCITO_MERCATO,2026-08-28T10:58:40.670248+00:00,2026-09-11T09:00:35.957431+00:00,prezzo rilevato,,https://www.nestoria.it/immobiliare/vendita/buttigliera-alta,NO,,,0,,ESEGUITA,,,,TITOLO_CATEGORIA_NON_OPERATIVO
BASSA,20,RESIDENZIALE,IMMOBILE,,ACQUISIZIONE IMMOBILE,Oulx,Wikicasa,Case in vendita a Oulx • Wikicasa,35000,,0,NON_DETERMINATO,TRACKED,2026-08-28T10:58:40.671165+00:00,2026-09-07T10:14:01.140735+00:00,prezzo rilevato,,https://www.wikicasa.it/vendita-case/oulx/,NO,,,0,,NON_ESEGUITA,,,,TITOLO_CATEGORIA_NON_OPERATIVO
BASSA,20,RESIDENZIALE,IMMOBILE,,ACQUISIZIONE IMMOBILE,Bardonecchia,Wikicasa,Case in vendita a Bardonecchia - Wikicasa,65000,,0,NON_DETERMINATO,USCITO_MERCATO,2026-09-01T18:58:42.119028+00:00,2026-09-01T18:58:42.119029+00:00,prezzo rilevato,,https://www.wikicasa.it/vendita-case/bardonecchia/,NO,,,0,,ESEGUITA,,,,TITOLO_CATEGORIA_NON_OPERATIVO
BASSA,20,RESIDENZIALE,IMMOBILE,,ACQUISIZIONE IMMOBILE,Caselette,Wikicasa,Case in vendita a Caselette • Wikicasa,95000,,0,NON_DETERMINATO,USCITO_MERCATO,2026-09-01T18:58:42.119416+00:00,2026-09-11T13:39:24.923522+00:00,prezzo rilevato,,https://www.wikicasa.it/vendita-case/caselette/,NO,,,0,,ESEGUITA,corso Susa,corso Susa 192,VAI IN ZONA,TITOLO_CATEGORIA_NON_OPERATIVO
BASSA,20,RESIDENZIALE,IMMOBILE,,ACQUISIZIONE IMMOBILE,Caselette,Mercato residenziale,"Case in vendita a Caselette, Valli Susa, Sangone",350000,,0,NON_DETERMINATO,USCITO_MERCATO,2026-09-01T18:58:42.119455+00:00,2026-09-02T12:02:41.369740+00:00,prezzo rilevato,,https://caseinvenditainaffitto.it/case-in-vendita/caselette-valli-susa-sangone,NO,,,0,,ESEGUITA,"Corso Susa, Caselette","Corso Susa, Caselette 156",VAI IN ZONA,TITOLO_CATEGORIA_NON_OPERATIVO
BASSA,20,RESIDENZIALE,IMMOBILE,,ACQUISIZIONE IMMOBILE,Collegno,Trovit,66 immobili villa in vendita a Collegno - Trovit,81000,,0,NON_DETERMINATO,USCITO_MERCATO,2026-09-01T18:58:42.119830+00:00,2026-09-15T01:31:48.170170+00:00,prezzo rilevato,,https://case.trovit.it/villa-collegno,NO,,,0,,NON_ESEGUITA,,,,PAGINA_CATEGORIA_O_RICERCA
BASSA,20,RESIDENZIALE,IMMOBILE,,ACQUISIZIONE IMMOBILE,Giaveno,Mercato residenziale,Giaveno Selvaggio - 60 case in vendita in Giaveno de Nuroa.it,45000,35000,0,NON_DETERMINATO,USCITO_MERCATO,2026-09-01T18:58:42.120159+00:00,2026-09-19T23:00:29.357747+00:00,prezzo rilevato,,https://www.nuroa.it/vendita-immobili/giaveno-selvaggio,NO,,,0,,NON_ESEGUITA,,,,PAGINA_CATEGORIA_O_RICERCA
BASSA,20,RESIDENZIALE,IMMOBILE,,ACQUISIZIONE IMMOBILE,Rosta,Trovit,102 immobili villa in vendita a Rosta - Trovit,66000,,0,NON_DETERMINATO,TRACKED,2026-09-01T18:58:42.121018+00:00,2026-09-24T22:22:05.019983+00:00,prezzo rilevato,,https://case.trovit.it/villa-rosta,NO,,,0,,NON_ESEGUITA,,,,PAGINA_CATEGORIA_O_RICERCA
BASSA,20,RESIDENZIALE,IMMOBILE,,ACQUISIZIONE IMMOBILE,Mattie,Wikicasa,Case in vendita a Mattie • Wikicasa,30000,,0,NON_DETERMINATO,TRACKED,2026-09-01T20:55:16.173168+00:00,2026-09-07T10:14:01.140547+00:00,prezzo rilevato,,https://www.wikicasa.it/vendita-case/mattie/,NO,,,0,,NON_ESEGUITA,,,,TITOLO_CATEGORIA_NON_OPERATIVO
BASSA,20,RESIDENZIALE,IMMOBILE,,ACQUISIZIONE IMMOBILE,San Valeriano,Mercato residenziale,Appartamento Borgone Susa - 28 appartamenti in vendita in Borgone Susa ...,87000,,0,NON_DETERMINATO,TRACKED,2026-09-02T07:11:25.327128+00:00,2026-09-07T10:14:01.141524+00:00,prezzo rilevato,,https://www.nuroa.it/vendita-immobili/appartamento-borgone-susa,NO,,,0,,ESEGUITA,"via principale del paese e vicina al centro, appartamento al piano terra di","via principale del paese e vicina al centro, appartamento al piano terra di 98",VAI IN ZONA,PAGINA_CATEGORIA_O_RICERCA
BASSA,20,RESIDENZIALE,IMMOBILE,,ACQUISIZIONE IMMOBILE,Collegno,Wikicasa,Case in vendita a Collegno - Wikicasa,15000,,0,NON_DETERMINATO,USCITO_MERCATO,2026-09-02T16:09:34.324175+00:00,2026-09-21T01:16:25.017161+00:00,prezzo rilevato,,https://www.wikicasa.it/vendita-case/collegno/,NO,,,0,,NON_ESEGUITA,,,,TITOLO_CATEGORIA_NON_OPERATIVO
BASSA,20,RESIDENZIALE,IMMOBILE,,ACQUISIZIONE IMMOBILE,Susa,Trovit,14 casas in vendita a Susa - Trovit,24370,,0,NON_DETERMINATO,TRACKED,2026-09-02T16:09:34.325829+00:00,2026-09-07T10:14:01.141808+00:00,prezzo rilevato,,https://case.trovit.it/casa-susa,NO,,,0,,NON_ESEGUITA,,,,PAGINA_CATEGORIA_O_RICERCA
BASSA,20,RESIDENZIALE,IMMOBILE,,ACQUISIZIONE IMMOBILE,Alpignano,Wikicasa,Case in vendita a Alpignano - Wikicasa,55000,,0,NON_DETERMINATO,POSSIBILE_USCITA,2026-09-03T18:47:06.317628+00:00,2026-09-24T01:30:36.515622+00:00,prezzo rilevato,,https://www.wikicasa.it/vendita-case/alpignano/,NO,,,0,,ESEGUITA,,,,TITOLO_CATEGORIA_NON_OPERATIVO
BASSA,20,RESIDENZIALE,IMMOBILE,,ACQUISIZIONE IMMOBILE,Avigliana,Mercato residenziale,"Case in vendita a Avigliana, Valli Susa, Sangone",270000,,0,NON_DETERMINATO,USCITO_MERCATO,2026-09-03T18:47:06.317723+00:00,2026-09-03T18:47:06.317724+00:00,prezzo rilevato,,https://caseinvenditainaffitto.it/case-in-vendita/avigliana-valli-susa-sangone?page=7,NO,,,0,,ESEGUITA,"Vicolo Statuto, Avigliana","Vicolo Statuto, Avigliana 75",VAI IN ZONA,TITOLO_CATEGORIA_NON_OPERATIVO
BASSA,20,RESIDENZIALE,IMMOBILE,,ACQUISIZIONE IMMOBILE,San Valeriano,Trovit,"5 immobili in vendita a San Valeriano, Borgone di Susa - Trovit",186000,,0,NON_DETERMINATO,TRACKED,2026-09-03T18:47:06.319460+00:00,2026-09-07T10:14:01.141515+00:00,prezzo rilevato,,https://case.trovit.it/san-valeriano,NO,,,0,,NON_ESEGUITA,,,,PAGINA_CATEGORIA_O_RICERCA
BASSA,20,RESIDENZIALE,IMMOBILE,,ACQUISIZIONE IMMOBILE,Borgone Susa,Mercato residenziale,Rustico in a borgone susa in vendita - Waa2,9500,,0,NON_DETERMINATO,USCITO_MERCATO,2026-09-04T00:12:37.946130+00:00,2026-09-04T00:12:37.946131+00:00,prezzo rilevato,,https://case.waa2.it/vendita/rustico-in-a-borgone-susa,NO,,,0,,ESEGUITA,,,,RUSTICO_ESCLUSO
BASSA,20,RESIDENZIALE,IMMOBILE,,ACQUISIZIONE IMMOBILE,Bussoleno,Mercato residenziale,"Case in vendita a Bussoleno, Valli Susa, Sangone",130000,,0,NON_DETERMINATO,RELISTED,2026-09-04T00:12:37.946209+00:00,2026-09-07T00:44:29.374877+00:00,prezzo rilevato,,https://caseinvenditainaffitto.it/case-in-vendita/bussoleno-valli-susa-sangone?page=2,NO,,,2,,ESEGUITA,"Via Traforo, Bussoleno","Via Traforo, Bussoleno 85 | Via Traforo, Bussoleno 33",VAI IN ZONA,TITOLO_CATEGORIA_NON_OPERATIVO
BASSA,20,RESIDENZIALE,IMMOBILE,,ACQUISIZIONE IMMOBILE,Bussoleno,Mercato residenziale,Immobili Bussoleno - 169 case in vendita in Bussoleno de Nuroa.it,25000,,0,NON_DETERMINATO,POSSIBILE_USCITA,2026-09-04T07:52:28.838981+00:00,2026-09-06T17:10:13.429720+00:00,prezzo rilevato,,https://www.nuroa.it/vendita-immobili/immobili-bussoleno,NO,,,0,,ESEGUITA,Via della Bocciofila,Via della Bocciofila 4,VAI IN ZONA,PAGINA_CATEGORIA_O_RICERCA
BASSA,20,RESIDENZIALE,IMMOBILE,,ACQUISIZIONE IMMOBILE,Buttigliera Alta,Mercato residenziale,case in vendita a Buttigliera Alta - oikia.it,22000,,0,NON_DETERMINATO,POSSIBILE_USCITA,2026-09-04T12:01:02.699376+00:00,2026-09-24T18:35:30.192947+00:00,prezzo rilevato,,https://www.oikia.it/vendita-case/buttigliera_alta/,NO,,,0,,ESEGUITA,via Reano,via Reano 23,VAI IN ZONA,TITOLO_CATEGORIA_NON_OPERATIVO
BASSA,20,RESIDENZIALE,IMMOBILE,,ACQUISIZIONE IMMOBILE,Alpignano,Tipologie residenziali,Casa Indipendente Alpignano - 26 case in vendita in ... - nuroa.it,450000,,0,NON_DETERMINATO,USCITO_MERCATO,2026-09-04T16:00:05.400504+00:00,2026-09-06T17:10:13.429186+00:00,prezzo rilevato,,https://www.nuroa.it/vendita-immobili/casa-indipendente-alpignano,NO,,,0,,ESEGUITA,"Via Biancone Piemonte, Torino Visualizza foto Villetta indipendente in vendita di","Via Biancone Piemonte, Torino Visualizza foto Villetta indipendente in vendita di 234",VAI IN ZONA,PAGINA_CATEGORIA_O_RICERCA
BASSA,20,RESIDENZIALE,IMMOBILE,,ACQUISIZIONE IMMOBILE,Caselette,Trovit,22 casas in vendita a Caselette - Trovit,74000,,0,NON_DETERMINATO,USCITO_MERCATO,2026-09-04T16:00:05.401161+00:00,2026-09-07T04:45:03.055735+00:00,prezzo rilevato,,https://case.trovit.it/casa-caselette,NO,,,0,,NON_ESEGUITA,,,,PAGINA_CATEGORIA_O_RICERCA
BASSA,20,RESIDENZIALE,IMMOBILE,,ACQUISIZIONE IMMOBILE,Alpignano,Immobiliare.it,Vendita Rustico in via Alpignano 133 Val della Torre. Da ristrutturare ...,69000,,0,NON_DETERMINATO,USCITO_MERCATO,2026-09-04T22:26:36.991005+00:00,2026-09-04T22:26:36.991007+00:00,prezzo rilevato,,https://www.immobiliare.it/annunci/130993166/,NO,,,0,Val della Torre - Immobiliare,ESEGUITA,via Alpignano,via Alpignano 133 | Via Alpignano 13 | via Alpignano 44 | via Alpignano 59,VAI IN ZONA,RUSTICO_ESCLUSO
BASSA,20,RESIDENZIALE,IMMOBILE,,ACQUISIZIONE IMMOBILE,Pianezza,Trovit,3 casas privato in vendita a Pianezza - Trovit,395000,,0,NON_DETERMINATO,USCITO_MERCATO,2026-09-04T22:26:36.992739+00:00,2026-09-04T22:26:36.992740+00:00,prezzo rilevato,,https://case.trovit.it/casa-privato-pianezza,NO,,,0,,NON_ESEGUITA,,,,PAGINA_CATEGORIA_O_RICERCA
BASSA,20,RESIDENZIALE,IMMOBILE,,ACQUISIZIONE IMMOBILE,Avigliana,Mercato residenziale,Avigliana Vista Lago - 10 case in vendita in Avigliana de Nuroa.it,339000,209000,0,NON_DETERMINATO,USCITO_MERCATO,2026-09-05T09:19:10.295302+00:00,2026-09-20T11:10:13.478431+00:00,prezzo rilevato,,https://www.nuroa.it/vendita-immobili/avigliana-vista-lago,NO,,,0,,ESEGUITA,via Pinerolo,via Pinerolo 45,VAI IN ZONA,PAGINA_CATEGORIA_O_RICERCA
BASSA,20,RESIDENZIALE,IMMOBILE,,ACQUISIZIONE IMMOBILE,Oulx,Trovit,24 immobili baita in vendita a Oulx - Trovit,85000,,0,NON_DETERMINATO,USCITO_MERCATO,2026-09-05T09:19:10.296884+00:00,2026-09-05T09:19:10.296886+00:00,prezzo rilevato,,https://case.trovit.it/baita-oulx,NO,,,0,,NON_ESEGUITA,,,,PAGINA_CATEGORIA_O_RICERCA
BASSA,20,RESIDENZIALE,IMMOBILE,,ACQUISIZIONE IMMOBILE,Bussoleno,Trovit,37 casas in vendita a Bussoleno - Trovit,22000,,0,NON_DETERMINATO,TRACKED,2026-09-05T16:59:36.014514+00:00,2026-09-07T10:14:01.139382+00:00,prezzo rilevato,,https://case.trovit.it/casa-bussoleno,NO,,,0,,ESEGUITA,,,,PAGINA_CATEGORIA_O_RICERCA
BASSA,20,RESIDENZIALE,IMMOBILE,,ACQUISIZIONE IMMOBILE,Grugliasco,Nestoria,Case e appartamenti a Grugliasco. Immobili in vendita a Grugliasco ...,143000,,0,NON_DETERMINATO,POSSIBILE_USCITA,2026-09-05T23:10:34.871573+00:00,2026-09-24T18:35:30.193825+00:00,prezzo rilevato,,https://www.nestoria.it/immobiliare/vendita/grugliasco,NO,,,0,,NON_ESEGUITA,,,,TITOLO_CATEGORIA_NON_OPERATIVO
BASSA,20,RESIDENZIALE,IMMOBILE,,ACQUISIZIONE IMMOBILE,Alpignano,Trovit,208 appartamentos in vendita a Alpignano - Trovit,55000,,0,NON_DETERMINATO,TRACKED,2026-09-06T04:45:18.782677+00:00,2026-09-25T13:39:37.452478+00:00,prezzo rilevato,,https://case.trovit.it/appartamento-alpignano,NO,,,0,,ESEGUITA,,,,PAGINA_CATEGORIA_O_RICERCA
BASSA,20,RESIDENZIALE,IMMOBILE,,ACQUISIZIONE IMMOBILE,Bruzolo,Immobiliare.it,"Vendita Rustico Bruzolo. Da ristrutturare, 130 m², rif. 123079711",45000,,0,NON_DETERMINATO,USCITO_MERCATO,2026-09-06T19:19:39.863969+00:00,2026-09-11T09:00:35.957408+00:00,prezzo rilevato,,https://www.immobiliare.it/annunci/123079711/,NO,,,0,nel centro storico di Bruzolo si,ESEGUITA,,,,RUSTICO_ESCLUSO
BASSA,20,RESIDENZIALE,IMMOBILE,,ACQUISIZIONE IMMOBILE,Druento,Mercato residenziale,Case in vendita a Druento - oikia.it,30000,10500,0,NON_DETERMINATO,TRACKED,2026-09-08T06:35:04.157682+00:00,2026-09-25T01:30:21.914642+00:00,prezzo rilevato,,https://www.oikia.it/vendita-case/druento/,NO,,,0,,NON_ESEGUITA,,,,TITOLO_CATEGORIA_NON_OPERATIVO
BASSA,20,RESIDENZIALE,IMMOBILE,,ACQUISIZIONE IMMOBILE,Bruzolo,Mercato residenziale,Appartamento Bruzolo - 20 appartamenti in vendita in Bruzolo de Nuroa.it,285000,35000,0,NON_DETERMINATO,USCITO_MERCATO,2026-09-08T11:07:58.868004+00:00,2026-09-17T20:20:41.889628+00:00,prezzo rilevato,,https://www.nuroa.it/vendita-immobili/appartamento-bruzolo,NO,,,0,,ESEGUITA,"Via Camillo Benso... Piemonte, Torino Visualizza foto Appartamento in vendita di","Via Camillo Benso... Piemonte, Torino Visualizza foto Appartamento in vendita di 48",VAI IN ZONA,PAGINA_CATEGORIA_O_RICERCA
BASSA,20,RESIDENZIALE,IMMOBILE,,ACQUISIZIONE IMMOBILE,Giaveno,Wikicasa,Case in vendita a Giaveno - Wikicasa,10000,,0,NON_DETERMINATO,USCITO_MERCATO,2026-09-08T18:39:29.644593+00:00,2026-09-19T18:06:37.666780+00:00,prezzo rilevato,,https://www.wikicasa.it/vendita-case/giaveno/,NO,,,0,,NON_ESEGUITA,,,,TITOLO_CATEGORIA_NON_OPERATIVO
BASSA,20,RESIDENZIALE,IMMOBILE,,ACQUISIZIONE IMMOBILE,Villarbasse,Trovit,10 terrenos in vendita a Villarbasse - Trovit,260000,,0,NON_DETERMINATO,USCITO_MERCATO,2026-09-09T13:49:33.339268+00:00,2026-09-09T13:49:33.339269+00:00,prezzo rilevato,,https://case.trovit.it/terreno-villarbasse,NO,,,0,,NON_ESEGUITA,,,,PAGINA_CATEGORIA_O_RICERCA
BASSA,20,RESIDENZIALE,IMMOBILE,,ACQUISIZIONE IMMOBILE,Villarbasse,Tecnorete,Trilocale in vendita - Appartamenti in vendita rif. 61206047 | Agenzia ...,109000,,0,NON_DETERMINATO,USCITO_MERCATO,2026-09-09T13:49:33.339293+00:00,2026-09-09T13:49:33.339294+00:00,prezzo rilevato,,https://buttiglieraalta1.tecnorete.it/villarbasse/appartamenti-in-vendita-61206047,NO,,,0,,NON_ESEGUITA,,,,TITOLO_CATEGORIA_NON_OPERATIVO
BASSA,20,RESIDENZIALE,IMMOBILE,,ACQUISIZIONE IMMOBILE,San Giorio di Susa,Mercato residenziale,Via Susa Torino - 984 case in vendita in Torino de Nuroa.it,22000,,0,NON_DETERMINATO,USCITO_MERCATO,2026-09-10T11:09:38.639111+00:00,2026-09-10T11:09:38.639113+00:00,prezzo rilevato,,https://www.nuroa.it/vendita-immobili/via-susa-torino,NO,,,0,,NON_ESEGUITA,,,,PAGINA_CATEGORIA_O_RICERCA
BASSA,20,RESIDENZIALE,IMMOBILE,,ACQUISIZIONE IMMOBILE,Almese,Mercato residenziale,Almese - 238 case in vendita in Almese de Nuroa.it,95000,75000,0,NON_DETERMINATO,USCITO_MERCATO,2026-09-10T18:28:14.179810+00:00,2026-09-23T22:23:47.788458+00:00,prezzo rilevato,,https://www.nuroa.it/vendita-immobili/almese,NO,,,0,,ESEGUITA,Via Braida,Via Braida 18,VAI IN ZONA,PAGINA_CATEGORIA_O_RICERCA
BASSA,20,RESIDENZIALE,IMMOBILE,,ACQUISIZIONE IMMOBILE,Buttigliera Alta,Mercato residenziale,Ferriera Buttigliera Alta - 164 case in vendita in Buttigliera Alta de ...,80000,63000,0,NON_DETERMINATO,USCITO_MERCATO,2026-09-11T09:00:35.957455+00:00,2026-09-11T23:19:47.988362+00:00,prezzo rilevato,,https://www.nuroa.it/vendita-immobili/ferriera-buttigliera-alta,NO,,,0,,ESEGUITA,Via dei Comuni,Via dei Comuni 16,VAI IN ZONA,PAGINA_CATEGORIA_O_RICERCA
BASSA,20,RESIDENZIALE,IMMOBILE,,ACQUISIZIONE IMMOBILE,Almese,Mercato residenziale,Case in vendita a Almese - oikia.it,62000,,0,NON_DETERMINATO,USCITO_MERCATO,2026-09-11T17:53:32.666843+00:00,2026-09-12T14:11:38.610407+00:00,prezzo rilevato,,https://www.oikia.it/vendita-case/almese/,NO,,,0,,ESEGUITA,,,,TITOLO_CATEGORIA_NON_OPERATIVO
BASSA,20,RESIDENZIALE,IMMOBILE,,ACQUISIZIONE IMMOBILE,San Giorio di Susa,Trovit,11 immobili villa in vendita a San Giorio di Susa - Trovit,25000,,0,NON_DETERMINATO,USCITO_MERCATO,2026-09-11T17:53:32.668820+00:00,2026-09-11T17:53:32.668822+00:00,prezzo rilevato,,https://case.trovit.it/villa-san-giorio-susa,NO,,,0,,NON_ESEGUITA,,,,PAGINA_CATEGORIA_O_RICERCA
BASSA,20,RESIDENZIALE,IMMOBILE,,ACQUISIZIONE IMMOBILE,San Giorio di Susa,Trovit,7 casas martinetti in vendita a San Giorio di Susa - Trovit,21000,,0,NON_DETERMINATO,USCITO_MERCATO,2026-09-11T17:53:32.668829+00:00,2026-09-11T17:53:32.668830+00:00,prezzo rilevato,,https://case.trovit.it/casa-martinetti-san-giorio-susa,NO,,,0,,NON_ESEGUITA,,,,PAGINA_CATEGORIA_O_RICERCA
BASSA,20,RESIDENZIALE,IMMOBILE,,ACQUISIZIONE IMMOBILE,San Giorio di Susa,Trovit,"30 appartamentos genova corso in vendita a Martinetti, San ... - Trovit",49000,,0,NON_DETERMINATO,USCITO_MERCATO,2026-09-11T17:53:32.668836+00:00,2026-09-11T17:53:32.668837+00:00,prezzo rilevato,,https://case.trovit.it/appartamento-genova-corso-martinetti,NO,,,0,,NON_ESEGUITA,,,,PAGINA_CATEGORIA_O_RICERCA
BASSA,20,RESIDENZIALE,IMMOBILE,,ACQUISIZIONE IMMOBILE,San Giorio di Susa,Trovit,"8 appartamentos genova corso giardino in vendita a Martinetti, San ...",99000,,0,NON_DETERMINATO,USCITO_MERCATO,2026-09-11T17:53:32.668843+00:00,2026-09-11T17:53:32.668845+00:00,prezzo rilevato,,https://case.trovit.it/appartamento-genova-corso-martinetti-giardino,NO,,,0,,NON_ESEGUITA,,,,PAGINA_CATEGORIA_O_RICERCA
BASSA,20,RESIDENZIALE,IMMOBILE,,ACQUISIZIONE IMMOBILE,Fiano,Wikicasa,Case in vendita a Fiano Romano - Wikicasa,55000,,0,NON_DETERMINATO,TRACKED,2026-09-12T05:52:24.477512+00:00,2026-09-25T01:30:21.914750+00:00,prezzo rilevato,,https://www.wikicasa.it/vendita-case/fiano-romano/,NO,,,0,,NON_ESEGUITA,,,,TITOLO_CATEGORIA_NON_OPERATIVO
BASSA,20,RESIDENZIALE,IMMOBILE,,ACQUISIZIONE IMMOBILE,Val della Torre,Trovit,22 rusticos in vendita a Val della Torre - Trovit,25000,,0,NON_DETERMINATO,USCITO_MERCATO,2026-09-12T05:52:24.478631+00:00,2026-09-12T17:06:03.936920+00:00,prezzo rilevato,,https://case.trovit.it/rustico-val-torre,NO,,,0,,NON_ESEGUITA,,,,RUSTICO_ESCLUSO
BASSA,20,RESIDENZIALE,IMMOBILE,,ACQUISIZIONE IMMOBILE,Alpignano,Trovit,78 casas in vendita a Alpignano - Trovit,94000,,0,NON_DETERMINATO,USCITO_MERCATO,2026-09-12T19:18:03.776604+00:00,2026-09-12T19:18:03.776605+00:00,prezzo rilevato,,https://case.trovit.it/casa-alpignano,NO,,,0,,ESEGUITA,,,,PAGINA_CATEGORIA_O_RICERCA
BASSA,20,RESIDENZIALE,IMMOBILE,,ACQUISIZIONE IMMOBILE,Valgioie,Mercato residenziale,Casa Valgioie - 4 case in vendita in Valgioie de Nuroa.it,65000,,0,NON_DETERMINATO,TRACKED,2026-09-13T09:37:53.089938+00:00,2026-09-25T01:30:21.916161+00:00,prezzo rilevato,,https://www.nuroa.it/vendita-immobili/casa-valgioie,NO,,,0,,NON_ESEGUITA,,,,PAGINA_CATEGORIA_O_RICERCA
BASSA,20,RESIDENZIALE,IMMOBILE,,ACQUISIZIONE IMMOBILE,Villar Dora,Tecnorete,"Casa semindipendente in vendita a Villar Dora, Bert - Torino. € 89.000 ...",89000,,0,NON_DETERMINATO,USCITO_MERCATO,2026-09-13T14:26:02.557480+00:00,2026-09-20T21:00:13.358546+00:00,prezzo rilevato,,https://www.tecnorete.it/vendita/rustici-cascine-case/torino/villar-dora/61140649.html,NO,,,0,,NON_ESEGUITA,,,,RUSTICO_ESCLUSO
BASSA,20,RESIDENZIALE,IMMOBILE,,ACQUISIZIONE IMMOBILE,Villarbasse,Trovit,114 immobili in vendita a Villarbasse - Trovit,49000,,0,NON_DETERMINATO,USCITO_MERCATO,2026-09-13T14:26:02.557615+00:00,2026-09-18T17:15:59.825745+00:00,prezzo rilevato,,https://case.trovit.it/villarbasse,NO,,,0,,NON_ESEGUITA,,,,PAGINA_CATEGORIA_O_RICERCA
BASSA,20,RESIDENZIALE,IMMOBILE,,ACQUISIZIONE IMMOBILE,Caselette,Tecnocasa,"Casa semindipendente in vendita a Caselette - Torino. € 115.000, 85 Mq ...",115000,,0,NON_DETERMINATO,USCITO_MERCATO,2026-09-13T20:46:02.145742+00:00,2026-09-21T01:16:25.016312+00:00,prezzo rilevato,,https://www.tecnocasa.it/vendita/rustici-cascine-case/torino/caselette/61160579.html,NO,,,0,,NON_ESEGUITA,,,,RUSTICO_ESCLUSO
BASSA,20,RESIDENZIALE,IMMOBILE,,ACQUISIZIONE IMMOBILE,Caselette,Tecnocasa,"Casa semindipendente in vendita a Caselette - Torino. € 210.000, 200 Mq ...",210000,,0,NON_DETERMINATO,USCITO_MERCATO,2026-09-13T20:46:02.145753+00:00,2026-09-21T01:16:25.016322+00:00,prezzo rilevato,,https://www.tecnocasa.it/vendita/rustici-cascine-case/torino/caselette/61179904.html,NO,,,0,,NON_ESEGUITA,,,,RUSTICO_ESCLUSO
BASSA,20,RESIDENZIALE,IMMOBILE,,ACQUISIZIONE IMMOBILE,Reano,Tecnorete,Monolocale in vendita - Appartamenti in vendita rif. 61133788 | Agenzia ...,32000,,0,NON_DETERMINATO,USCITO_MERCATO,2026-09-13T20:46:02.147571+00:00,2026-09-13T20:46:02.147573+00:00,prezzo rilevato,,https://buttiglieraalta1.tecnorete.it/reano/appartamenti-in-vendita-61133788,NO,,,0,,NON_ESEGUITA,,,,TITOLO_CATEGORIA_NON_OPERATIVO
BASSA,20,RESIDENZIALE,IMMOBILE,,ACQUISIZIONE IMMOBILE,Reano,Tecnorete,Trilocale in vendita - Appartamenti in vendita rif. 61137766 | Agenzia ...,89000,,0,NON_DETERMINATO,USCITO_MERCATO,2026-09-13T20:46:02.147580+00:00,2026-09-13T20:46:02.147582+00:00,prezzo rilevato,,https://buttiglieraalta1.tecnorete.it/reano/appartamenti-in-vendita-61137766,NO,,,0,,NON_ESEGUITA,,,,TITOLO_CATEGORIA_NON_OPERATIVO
BASSA,20,RESIDENZIALE,IMMOBILE,,ACQUISIZIONE IMMOBILE,Bruzolo,Mercato residenziale,"Case in vendita a Bruzolo, Valli Susa, Sangone",250000,,0,NON_DETERMINATO,TRACKED,2026-09-14T01:05:27.890949+00:00,2026-09-25T13:39:37.453020+00:00,prezzo rilevato,,https://caseinvenditainaffitto.it/case-in-vendita/bruzolo-valli-susa-sangone,NO,,,2,,ESEGUITA,"Via Silvio Borgis, Bruzolo","Via Silvio Borgis, Bruzolo 232",VAI IN ZONA,TITOLO_CATEGORIA_NON_OPERATIVO
BASSA,20,RESIDENZIALE,IMMOBILE,,ACQUISIZIONE IMMOBILE,Avigliana,Mercato residenziale,Case in vendita a Avigliana - oikia.it,29000,,0,NON_DETERMINATO,USCITO_MERCATO,2026-09-14T18:41:54.042427+00:00,2026-09-14T18:41:54.042429+00:00,prezzo rilevato,,https://www.oikia.it/vendita-case/avigliana/,NO,,,0,,ESEGUITA,,,,TITOLO_CATEGORIA_NON_OPERATIVO
BASSA,20,RESIDENZIALE,IMMOBILE,,ACQUISIZIONE IMMOBILE,Villar Dora,Wikicasa,Case in vendita a Villar Dora - Wikicasa,24000,,0,NON_DETERMINATO,USCITO_MERCATO,2026-09-14T18:41:54.045344+00:00,2026-09-20T21:00:13.358491+00:00,prezzo rilevato,,https://www.wikicasa.it/vendita-case/villar-dora/,NO,,,0,,NON_ESEGUITA,,,,TITOLO_CATEGORIA_NON_OPERATIVO
BASSA,20,RESIDENZIALE,IMMOBILE,,ACQUISIZIONE IMMOBILE,Givoletto,Mercato residenziale,Case in vendita a Givoletto - oikia.it,59000,55000,0,NON_DETERMINATO,TRACKED,2026-09-14T22:36:38.493847+00:00,2026-09-24T22:22:05.018350+00:00,prezzo rilevato,,https://www.oikia.it/vendita-case/givoletto/,NO,,,0,,NON_ESEGUITA,,,,TITOLO_CATEGORIA_NON_OPERATIVO
BASSA,20,RESIDENZIALE,IMMOBILE,,ACQUISIZIONE IMMOBILE,San Gillio,Mercato residenziale,case in vendita a San Gillio - oikia.it,81000,48000,0,NON_DETERMINATO,USCITO_MERCATO,2026-09-14T22:36:38.494819+00:00,2026-09-19T18:06:37.668367+00:00,prezzo rilevato,,https://www.oikia.it/vendita-case/san_gillio/,NO,,,0,,NON_ESEGUITA,,,,TITOLO_CATEGORIA_NON_OPERATIVO
BASSA,20,RESIDENZIALE,IMMOBILE,,ACQUISIZIONE IMMOBILE,Beinasco,Wikicasa,Case in vendita a Beinasco - Wikicasa,56500,,0,NON_DETERMINATO,TRACKED,2026-09-16T04:54:00.958105+00:00,2026-09-25T13:39:37.452709+00:00,prezzo rilevato,,https://www.wikicasa.it/vendita-case/beinasco/,NO,,,0,Homepanda,ESEGUITA,Via San Giacomo,Via San Giacomo 10 | Via San Giacomo 26 | via San Giacomo 12,VAI IN ZONA,TITOLO_CATEGORIA_NON_OPERATIVO
BASSA,20,RESIDENZIALE,IMMOBILE,,ACQUISIZIONE IMMOBILE,Caselette,Mercato residenziale,Case in vendita a Caselette | Bilocale.it,112500,,0,NON_DETERMINATO,USCITO_MERCATO,2026-09-16T04:54:00.958566+00:00,2026-09-19T23:00:29.356863+00:00,prezzo rilevato,,https://www.bilocale.it/vendita-case/caselette/,NO,,,0,,ESEGUITA,Via Roma,Via Roma 31,VAI IN ZONA,TITOLO_CATEGORIA_NON_OPERATIVO
BASSA,20,RESIDENZIALE,IMMOBILE,,ACQUISIZIONE IMMOBILE,Avigliana,Mercato residenziale,Case in vendita a Avigliana | Bilocale.it,199000,,0,NON_DETERMINATO,USCITO_MERCATO,2026-09-16T14:58:05.670132+00:00,2026-09-19T18:06:37.665212+00:00,prezzo rilevato,,https://www.bilocale.it/vendita-case/avigliana/,NO,,,0,,ESEGUITA,,,,TITOLO_CATEGORIA_NON_OPERATIVO
BASSA,20,RESIDENZIALE,IMMOBILE,,ACQUISIZIONE IMMOBILE,Villarbasse,Mercato residenziale,Villa Villarbasse - 21 case in vendita in Villarbasse de Nuroa.it,165000,,0,NON_DETERMINATO,TRACKED,2026-09-16T19:00:37.440209+00:00,2026-09-25T01:30:21.916338+00:00,prezzo rilevato,,https://www.nuroa.it/vendita-immobili/villa-villarbasse,NO,,,0,,NON_ESEGUITA,,,,PAGINA_CATEGORIA_O_RICERCA
BASSA,20,RESIDENZIALE,IMMOBILE,,ACQUISIZIONE IMMOBILE,Rosta,Mercato residenziale,Case in vendita a Rosta - oikia.it,79000,,0,NON_DETERMINATO,USCITO_MERCATO,2026-09-16T22:13:22.798702+00:00,2026-09-16T22:13:22.798703+00:00,prezzo rilevato,,https://www.oikia.it/vendita-case/rosta/,NO,,,0,,NON_ESEGUITA,,,,TITOLO_CATEGORIA_NON_OPERATIVO
BASSA,20,RESIDENZIALE,IMMOBILE,,ACQUISIZIONE IMMOBILE,Druento,Mercato residenziale,Villa Druento - 28 case in vendita in Druento de Nuroa.it,49000,,0,NON_DETERMINATO,USCITO_MERCATO,2026-09-17T06:08:55.032176+00:00,2026-09-20T01:04:10.802037+00:00,prezzo rilevato,,https://www.nuroa.it/vendita-immobili/villa-druento,NO,,,0,,NON_ESEGUITA,,,,PAGINA_CATEGORIA_O_RICERCA
BASSA,20,RESIDENZIALE,IMMOBILE,,ACQUISIZIONE IMMOBILE,Pianezza,Trovit,113 immobili villa in vendita a Pianezza - Trovit,85000,,0,NON_DETERMINATO,USCITO_MERCATO,2026-09-17T16:48:02.648165+00:00,2026-09-21T06:16:22.537721+00:00,prezzo rilevato,,https://case.trovit.it/villa-pianezza,NO,,,0,,NON_ESEGUITA,,,,PAGINA_CATEGORIA_O_RICERCA
BASSA,20,RESIDENZIALE,IMMOBILE,,ACQUISIZIONE IMMOBILE,Bruino,Trovit,15 rusticos in vendita a Bruino - Trovit,112490,,0,NON_DETERMINATO,USCITO_MERCATO,2026-09-18T17:15:59.822956+00:00,2026-09-21T06:16:22.536265+00:00,prezzo rilevato,,https://case.trovit.it/rustico-bruino,NO,,,0,,ESEGUITA,,,,RUSTICO_ESCLUSO
BASSA,20,RESIDENZIALE,IMMOBILE,,ACQUISIZIONE IMMOBILE,Druento,Tecnocasa,"Casa semindipendente in vendita a Druento - Torino. € 179.000, 190 Mq ...",179000,,0,NON_DETERMINATO,USCITO_MERCATO,2026-09-18T17:15:59.823900+00:00,2026-09-21T01:16:25.017841+00:00,prezzo rilevato,,https://www.tecnocasa.it/vendita/rustici-cascine-case/torino/druento/60922588.html,NO,,,0,,NON_ESEGUITA,,,,RUSTICO_ESCLUSO
BASSA,20,RESIDENZIALE,IMMOBILE,,ACQUISIZIONE IMMOBILE,Givoletto,Mercato residenziale,Forvilla Givoletto - 16 case in vendita in Givoletto de Nuroa.it,25000,,0,NON_DETERMINATO,USCITO_MERCATO,2026-09-19T06:11:00.696379+00:00,2026-09-20T06:08:00.346813+00:00,prezzo rilevato,,https://www.nuroa.it/vendita-immobili/forvilla-givoletto,NO,,,0,,NON_ESEGUITA,,,,PAGINA_CATEGORIA_O_RICERCA
BASSA,20,RESIDENZIALE,IMMOBILE,,ACQUISIZIONE IMMOBILE,Reano,Immobiliare.it,"Vendita Rustico in via Sangano 5 Sangano. Buono stato, posto auto, 580 ...",40000,,0,NON_DETERMINATO,USCITO_MERCATO,2026-09-19T06:11:00.696888+00:00,2026-09-23T22:23:47.790505+00:00,prezzo rilevato,,https://www.immobiliare.it/annunci/108905523/,NO,,,0,,NON_ESEGUITA,,,,RUSTICO_ESCLUSO
BASSA,20,RESIDENZIALE,IMMOBILE,,ACQUISIZIONE IMMOBILE,Coazze,Mercato residenziale,Vendesi Baita Montagna - 222 case in vendita in Montagna de ... - nuroa.it,22000,,0,NON_DETERMINATO,USCITO_MERCATO,2026-09-19T18:06:37.666102+00:00,2026-09-19T18:06:37.666121+00:00,prezzo rilevato,,https://www.nuroa.it/vendita-immobili/vendesi-baita-montagna,NO,,,0,,NON_ESEGUITA,,,,PAGINA_CATEGORIA_O_RICERCA
BASSA,20,RESIDENZIALE,IMMOBILE,,ACQUISIZIONE IMMOBILE,Avigliana,Trovit,192 appartamentos in vendita a Avigliana - Trovit,43000,,0,NON_DETERMINATO,TRACKED,2026-09-20T21:00:13.354829+00:00,2026-09-25T13:39:37.452599+00:00,prezzo rilevato,,https://case.trovit.it/appartamento-avigliana,NO,,,0,,ESEGUITA,,,,PAGINA_CATEGORIA_O_RICERCA
BASSA,20,RESIDENZIALE,IMMOBILE,,ACQUISIZIONE IMMOBILE,Borgone Susa,Wikicasa,Case in vendita a Borgone Susa - Wikicasa,18000,,0,NON_DETERMINATO,USCITO_MERCATO,2026-09-20T21:00:13.355237+00:00,2026-09-20T21:00:13.355238+00:00,prezzo rilevato,,https://www.wikicasa.it/vendita-case/borgone-susa/,NO,,,0,,ESEGUITA,,,,TITOLO_CATEGORIA_NON_OPERATIVO
BASSA,20,RESIDENZIALE,IMMOBILE,,ACQUISIZIONE IMMOBILE,Chianocco,Tecnorete,"Casa semindipendente in vendita a Chianocco - Torino. € 115.000, 206 Mq ...",115000,,0,NON_DETERMINATO,USCITO_MERCATO,2026-09-20T21:00:13.355806+00:00,2026-09-21T01:16:25.016440+00:00,prezzo rilevato,,https://www.tecnorete.it/vendita/rustici-cascine-case/torino/chianocco/60915625.html,NO,,,0,,NON_ESEGUITA,,,,RUSTICO_ESCLUSO
BASSA,20,RESIDENZIALE,IMMOBILE,,ACQUISIZIONE IMMOBILE,Coazze,Tecnocasa,"Casa indipendente in vendita a Coazze - Torino. € 84.000, 85 Mq ...",84000,,0,NON_DETERMINATO,USCITO_MERCATO,2026-09-20T21:00:13.356097+00:00,2026-09-21T01:16:25.016810+00:00,prezzo rilevato,,https://www.tecnocasa.it/vendita/rustici-cascine-case/torino/coazze/61187270.html,NO,,,0,,NON_ESEGUITA,,,,RUSTICO_ESCLUSO
BASSA,20,RESIDENZIALE,IMMOBILE,,ACQUISIZIONE IMMOBILE,Coazze,Tecnorete,Bilocale in vendita - Appartamenti in vendita rif. 61141104 | Agenzia ...,59000,,0,NON_DETERMINATO,USCITO_MERCATO,2026-09-20T21:00:13.356143+00:00,2026-09-21T01:16:25.016852+00:00,prezzo rilevato,,https://giaveno1.tecnorete.it/coazze/appartamenti-in-vendita-61141104,NO,,,0,,NON_ESEGUITA,,,,TITOLO_CATEGORIA_NON_OPERATIVO
BASSA,20,RESIDENZIALE,IMMOBILE,,ACQUISIZIONE IMMOBILE,Villar Dora,Trovit,56 immobili villa in vendita a Villar Dora - Trovit,39000,,0,NON_DETERMINATO,USCITO_MERCATO,2026-09-20T21:00:13.358513+00:00,2026-09-20T21:00:13.358514+00:00,prezzo rilevato,,https://case.trovit.it/villa-villar-dora,NO,,,0,,NON_ESEGUITA,,,,PAGINA_CATEGORIA_O_RICERCA
BASSA,20,RESIDENZIALE,IMMOBILE,,ACQUISIZIONE IMMOBILE,Villar Dora,Trovit,106 immobili in vendita a Villar Dora - Trovit,24000,,0,NON_DETERMINATO,USCITO_MERCATO,2026-09-20T21:00:13.358521+00:00,2026-09-20T21:00:13.358523+00:00,prezzo rilevato,,https://case.trovit.it/villar-dora,NO,,,0,,NON_ESEGUITA,,,,PAGINA_CATEGORIA_O_RICERCA
BASSA,20,RESIDENZIALE,IMMOBILE,,ACQUISIZIONE IMMOBILE,Bruzolo,Tecnocasa,"Casa semindipendente in vendita a Bruzolo - Torino. € 75.000, 156 Mq ...",75000,,0,NON_DETERMINATO,USCITO_MERCATO,2026-09-21T01:16:25.016098+00:00,2026-09-21T01:16:25.016099+00:00,prezzo rilevato,,https://www.tecnocasa.it/vendita/rustici-cascine-case/torino/bruzolo/61200723.html,NO,,,0,,NON_ESEGUITA,,,,RUSTICO_ESCLUSO
BASSA,20,RESIDENZIALE,IMMOBILE,,ACQUISIZIONE IMMOBILE,Bruzolo,Tecnocasa,"Casa semindipendente in vendita a Bruzolo - Torino. € 125.000, 136 Mq ...",125000,,0,NON_DETERMINATO,USCITO_MERCATO,2026-09-21T01:16:25.016108+00:00,2026-09-21T01:16:25.016109+00:00,prezzo rilevato,,https://www.tecnocasa.it/vendita/rustici-cascine-case/torino/bruzolo/61082234.html,NO,,,0,,NON_ESEGUITA,,,,RUSTICO_ESCLUSO
BASSA,20,RESIDENZIALE,IMMOBILE,,ACQUISIZIONE IMMOBILE,Bruzolo,Tecnorete,"Casa indipendente in vendita a Bruzolo - Torino. € 59.000, 111 Mq ...",59000,,0,NON_DETERMINATO,USCITO_MERCATO,2026-09-21T01:16:25.016116+00:00,2026-09-21T01:16:25.016117+00:00,prezzo rilevato,,https://www.tecnorete.it/vendita/rustici-cascine-case/torino/bruzolo/60895404.html,NO,,,0,,NON_ESEGUITA,,,,RUSTICO_ESCLUSO
BASSA,20,RESIDENZIALE,IMMOBILE,,ACQUISIZIONE IMMOBILE,Caselette,Trovit,213 immobili in vendita a Torino intorno 35.000 - Trovit,38000,,0,NON_DETERMINATO,USCITO_MERCATO,2026-09-21T01:16:25.016305+00:00,2026-09-21T01:16:25.016306+00:00,prezzo rilevato,,https://case.trovit.it/torino-35000-euro,NO,,,0,,NON_ESEGUITA,,,,PAGINA_CATEGORIA_O_RICERCA
BASSA,20,RESIDENZIALE,IMMOBILE,,ACQUISIZIONE IMMOBILE,Chiusa di San Michele,Trovit,25 casas in vendita a Chiusa di San Michele - Trovit,28000,,0,NON_DETERMINATO,USCITO_MERCATO,2026-09-21T01:16:25.016589+00:00,2026-09-21T01:16:25.016591+00:00,prezzo rilevato,,https://case.trovit.it/casa-chiusa-san-michele,NO,,,0,,NON_ESEGUITA,,,,PAGINA_CATEGORIA_O_RICERCA
BASSA,20,RESIDENZIALE,IMMOBILE,,ACQUISIZIONE IMMOBILE,Condove,Tecnocasa,"Casa semindipendente in vendita a Condove - Torino. € 69.000, 50 Mq ...",69000,,0,NON_DETERMINATO,USCITO_MERCATO,2026-09-21T01:16:25.017539+00:00,2026-09-21T01:16:25.017540+00:00,prezzo rilevato,,https://www.tecnocasa.it/vendita/rustici-cascine-case/torino/condove/61089823.html,NO,,,0,,NON_ESEGUITA,,,,RUSTICO_ESCLUSO
BASSA,20,RESIDENZIALE,IMMOBILE,,ACQUISIZIONE IMMOBILE,Condove,Tecnocasa,"Casa semindipendente in vendita a Condove, Maffiotto - Torino. € 19.000 ...",19000,,0,NON_DETERMINATO,USCITO_MERCATO,2026-09-21T01:16:25.017546+00:00,2026-09-21T01:16:25.017547+00:00,prezzo rilevato,,https://www.tecnocasa.it/vendita/rustici-cascine-case/torino/condove/60970173.html,NO,,,0,,NON_ESEGUITA,,,,RUSTICO_ESCLUSO
BASSA,20,RESIDENZIALE,IMMOBILE,,ACQUISIZIONE IMMOBILE,Rivoli,Trovit,286 immobili villa bifamiliare in vendita a Rivoli - Trovit,99000,,0,NON_DETERMINATO,USCITO_MERCATO,2026-09-21T01:16:25.019256+00:00,2026-09-21T01:16:25.019257+00:00,prezzo rilevato,,https://case.trovit.it/villa-bifamiliare-rivoli,NO,,,0,,NON_ESEGUITA,,,,PAGINA_CATEGORIA_O_RICERCA
BASSA,20,RESIDENZIALE,IMMOBILE,,ACQUISIZIONE IMMOBILE,Rivoli,Trovit,278 casas indipendente in vendita a Rivoli - Trovit,99000,,0,NON_DETERMINATO,USCITO_MERCATO,2026-09-21T01:16:25.019263+00:00,2026-09-21T01:16:25.019265+00:00,prezzo rilevato,,https://case.trovit.it/casa-indipendente-rivoli,NO,,,0,,NON_ESEGUITA,,,,PAGINA_CATEGORIA_O_RICERCA
BASSA,20,RESIDENZIALE,IMMOBILE,,ACQUISIZIONE IMMOBILE,Rivoli,Trovit,9 rusticos in vendita a Rivoli Veronese - Trovit,120000,,0,NON_DETERMINATO,USCITO_MERCATO,2026-09-21T01:16:25.019271+00:00,2026-09-21T01:16:25.019272+00:00,prezzo rilevato,,https://case.trovit.it/rustico-rivoli-veronese,NO,,,0,,NON_ESEGUITA,,,,RUSTICO_ESCLUSO
BASSA,20,RESIDENZIALE,IMMOBILE,,ACQUISIZIONE IMMOBILE,San Didero,Trovit,12 risultati: casa in vendita a San Didero - Trovit,19000,,0,NON_DETERMINATO,USCITO_MERCATO,2026-09-21T01:16:25.019850+00:00,2026-09-21T01:16:25.019852+00:00,prezzo rilevato,,https://case.trovit.it/casa-san-didero,NO,,,0,,NON_ESEGUITA,,,,PAGINA_CATEGORIA_O_RICERCA
BASSA,20,RESIDENZIALE,IMMOBILE,,ACQUISIZIONE IMMOBILE,San Didero,Tecnorete,"Casa semindipendente in vendita a San Didero - Torino. € 49.000, 130 Mq ...",49000,,0,NON_DETERMINATO,USCITO_MERCATO,2026-09-21T01:16:25.019868+00:00,2026-09-21T01:16:25.019869+00:00,prezzo rilevato,,https://www.tecnorete.it/vendita/rustici-cascine-case/torino/san-didero/61140800.html,NO,,,0,,NON_ESEGUITA,,,,RUSTICO_ESCLUSO
BASSA,20,RESIDENZIALE,IMMOBILE,,ACQUISIZIONE IMMOBILE,San Gillio,Wikicasa,Case in vendita a San Gillio - Wikicasa,58000,,0,NON_DETERMINATO,USCITO_MERCATO,2026-09-21T01:16:25.019982+00:00,2026-09-21T01:16:25.019984+00:00,prezzo rilevato,,https://www.wikicasa.it/vendita-case/san-gillio/,NO,,,0,,NON_ESEGUITA,,,,TITOLO_CATEGORIA_NON_OPERATIVO
BASSA,20,RESIDENZIALE,IMMOBILE,,ACQUISIZIONE IMMOBILE,San Gillio,Trovit,41 appartamentos in vendita a San Gillio - Trovit,55000,,0,NON_DETERMINATO,USCITO_MERCATO,2026-09-21T01:16:25.019995+00:00,2026-09-21T01:16:25.019996+00:00,prezzo rilevato,,https://case.trovit.it/appartamento-san-gillio,NO,,,0,,NON_ESEGUITA,,,,PAGINA_CATEGORIA_O_RICERCA
BASSA,20,RESIDENZIALE,IMMOBILE,,ACQUISIZIONE IMMOBILE,San Gillio,Tecnorete,Quadrilocale in vendita - Appartamenti in vendita rif. 61200777 ...,149000,,0,NON_DETERMINATO,USCITO_MERCATO,2026-09-21T01:16:25.020084+00:00,2026-09-21T01:16:25.020085+00:00,prezzo rilevato,,https://druento1.tecnorete.it/san-gillio/appartamenti-in-vendita-61200777,NO,,,0,,NON_ESEGUITA,,,,TITOLO_CATEGORIA_NON_OPERATIVO
BASSA,20,RESIDENZIALE,IMMOBILE,,ACQUISIZIONE IMMOBILE,San Gillio,Tecnorete,Quadrilocale in vendita - Appartamenti in vendita rif. 61210357 ...,214000,,0,NON_DETERMINATO,USCITO_MERCATO,2026-09-21T01:16:25.020091+00:00,2026-09-21T01:16:25.020092+00:00,prezzo rilevato,,https://druento1.tecnorete.it/san-gillio/appartamenti-in-vendita-61210357,NO,,,0,,NON_ESEGUITA,,,,TITOLO_CATEGORIA_NON_OPERATIVO
BASSA,20,RESIDENZIALE,IMMOBILE,,ACQUISIZIONE IMMOBILE,Trana,Tecnocasa,"Casa semindipendente in vendita a Trana - Torino. € 299.000, 150 Mq ...",299000,,0,NON_DETERMINATO,USCITO_MERCATO,2026-09-21T01:16:25.020412+00:00,2026-09-21T01:16:25.020414+00:00,prezzo rilevato,,https://www.tecnocasa.it/vendita/rustici-cascine-case/torino/trana/61109886.html,NO,,,0,,NON_ESEGUITA,,,,RUSTICO_ESCLUSO
BASSA,20,RESIDENZIALE,IMMOBILE,,ACQUISIZIONE IMMOBILE,Bruzolo,Wikicasa,Case in vendita a Bruzolo - Wikicasa,69000,,0,NON_DETERMINATO,TRACKED,2026-09-22T01:45:50.161477+00:00,2026-09-24T22:22:05.016329+00:00,prezzo rilevato,,https://www.wikicasa.it/vendita-case/bruzolo/,NO,,,0,,ESEGUITA,,,,TITOLO_CATEGORIA_NON_OPERATIVO
BASSA,20,RESIDENZIALE,IMMOBILE,,ACQUISIZIONE IMMOBILE,Caprie,Tecnocasa,"Casa semindipendente in vendita a Caprie, Novaretto - Torino. € 86.000 ...",86000,,0,NON_DETERMINATO,USCITO_MERCATO,2026-09-22T13:28:47.915753+00:00,2026-09-22T13:28:47.915755+00:00,prezzo rilevato,,https://www.tecnocasa.it/vendita/rustici-cascine-case/torino/caprie/61068789.html,NO,,,0,,NON_ESEGUITA,,,,RUSTICO_ESCLUSO
BASSA,20,RESIDENZIALE,IMMOBILE,,ACQUISIZIONE IMMOBILE,Caprie,Tecnocasa,"Casa semindipendente in vendita a Caprie - Torino. € 125.000, 85 Mq ...",125000,,0,NON_DETERMINATO,USCITO_MERCATO,2026-09-22T13:28:47.915762+00:00,2026-09-22T13:28:47.915764+00:00,prezzo rilevato,,https://www.tecnocasa.it/vendita/rustici-cascine-case/torino/caprie/60957760.html,NO,,,0,,NON_ESEGUITA,,,,RUSTICO_ESCLUSO
BASSA,20,RESIDENZIALE,IMMOBILE,,ACQUISIZIONE IMMOBILE,Val della Torre,Tecnorete,Casa semindipendente in vendita a Val Della Torre - Torino. € 249.000 ...,249000,,0,NON_DETERMINATO,USCITO_MERCATO,2026-09-22T21:17:46.997223+00:00,2026-09-22T21:17:46.997224+00:00,prezzo rilevato,,https://www.tecnorete.it/vendita/rustici-cascine-case/torino/val-della-torre/61204502.html,NO,,,0,,NON_ESEGUITA,,,,RUSTICO_ESCLUSO
BASSA,20,RESIDENZIALE,IMMOBILE,,ACQUISIZIONE IMMOBILE,Val della Torre,Tecnorete,Casa semindipendente in vendita - Rustici / cascine / case in vendita ...,169000,,0,NON_DETERMINATO,USCITO_MERCATO,2026-09-22T21:17:46.997239+00:00,2026-09-22T21:17:46.997241+00:00,prezzo rilevato,,https://givoletto1.tecnorete.it/val-della-torre/rustici-cascine-case-in-vendita-61091940,NO,,,0,,NON_ESEGUITA,,,,RUSTICO_ESCLUSO
BASSA,20,RESIDENZIALE,IMMOBILE,,ACQUISIZIONE IMMOBILE,Almese,Mercato residenziale,Casa Almese - 27 case in vendita in Almese de Nuroa.it,349000,,0,NON_DETERMINATO,TRACKED,2026-09-24T01:30:36.515562+00:00,2026-09-25T01:30:21.913667+00:00,prezzo rilevato,,https://www.nuroa.it/vendita-immobili/casa-almese,NO,,,0,,ESEGUITA,Via Braida,Via Braida 18,VAI IN ZONA,PAGINA_CATEGORIA_O_RICERCA
BASSA,20,RESIDENZIALE,IMMOBILE,,ACQUISIZIONE IMMOBILE,Rosta,Trovit,100 villa indipendentes in vendita a Rosta - Trovit,66000,,0,NON_DETERMINATO,POSSIBILE_USCITA,2026-09-24T07:40:08.272963+00:00,2026-09-24T07:40:08.272964+00:00,prezzo rilevato,,https://case.trovit.it/villa-indipendente-rosta,NO,,,0,,NON_ESEGUITA,,,,PAGINA_CATEGORIA_O_RICERCA
BASSA,20,RESIDENZIALE,IMMOBILE,,ACQUISIZIONE IMMOBILE,Beinasco,Trovit,"18 immobili villa in vendita a Borgaretto, Beinasco - Trovit",94000,,0,NON_DETERMINATO,POSSIBILE_USCITA,2026-09-24T13:39:01.456469+00:00,2026-09-24T13:39:01.456470+00:00,prezzo rilevato,,https://case.trovit.it/villa-borgaretto,NO,,,0,,ESEGUITA,,,,PAGINA_CATEGORIA_O_RICERCA
BASSA,18,INDUSTRIALE_LOGISTICA,IMMOBILE,,ACQUISIZIONE CAPANNONE / MAGAZZINO,Buttigliera Alta,Tecnocasa,Annunci case e appartamenti in vendita e in affitto - Tecnocasa.it,109000,,0,INDIZIO_AGENZIA,USCITO_MERCATO,2026-09-02T07:11:25.325482+00:00,2026-09-02T07:11:25.325483+00:00,indizio agenzia | prezzo rilevato | industriale logistica,,https://www.tecnocasa.it/vendita/negozio/torino/buttigliera-alta/60932694.html,NO,,,0,,ESEGUITA,Via Monte Bianco,Via Monte Bianco 60/A,VAI IN ZONA,TITOLO_CATEGORIA_NON_OPERATIVO
BASSA,18,RESIDENZIALE,IMMOBILE,,ACQUISIZIONE IMMOBILE,Pianezza,Tecnorete,"Cerco casa, portale dedicato alle ricerca di appartamenti in vendita e ...",,,0,INDIZIO_AGENZIA,NEW,2026-09-25T01:30:21.915201+00:00,2026-09-25T01:30:21.915202+00:00,nuova rilevazione | indizio agenzia,,https://www.tecnorete.it/annunci/immobili/piemonte/torino/pianezza.html,NO,,,0,,NON_ESEGUITA,,,,TITOLO_CATEGORIA_NON_OPERATIVO
BASSA,18,RESIDENZIALE,IMMOBILE,,ACQUISIZIONE IMMOBILE,Rivalta di Torino,Tecnorete,Appartamenti in Vendita | Agenzia Tecnorete di Rivalta Di Torino,,,0,INDIZIO_AGENZIA,NEW,2026-09-25T01:30:21.915391+00:00,2026-09-25T01:30:21.915392+00:00,nuova rilevazione | indizio agenzia,,https://rivaltaditorino1.tecnorete.it/appartamenti-in-vendita/,NO,,,0,,NON_ESEGUITA,,,,TITOLO_CATEGORIA_NON_OPERATIVO
BASSA,16,RESIDENZIALE,IMMOBILE,,ACQUISIZIONE IMMOBILE,Alpignano,Mercato generale,Immobili in vendita a Alpignano | Gabetti,179000,,0,INDIZIO_AGENZIA,USCITO_MERCATO,2026-08-21T12:20:59.475246+00:00,2026-08-27T21:04:17.079103+00:00,indizio agenzia | prezzo rilevato | 30+ giorni monitorati,,https://www.gabetti.it/vendita/alpignano,NO,,,0,,ESEGUITA,Via Della costa,Via Della costa 41 | via della Costa 71,VAI IN ZONA,TITOLO_CATEGORIA_NON_OPERATIVO
BASSA,16,RESIDENZIALE,IMMOBILE,,ACQUISIZIONE IMMOBILE,Avigliana,Tecnorete,Immobili in Vendita | Agenzia Tecnorete di Avigliana,395000,225000,0,INDIZIO_AGENZIA,USCITO_MERCATO,2026-08-21T12:20:59.475265+00:00,2026-09-13T14:26:02.554466+00:00,indizio agenzia | prezzo rilevato | 30+ giorni monitorati,,https://avigliana1.tecnorete.it/immobili-in-vendita,NO,,,0,,ESEGUITA,Via Sacra San Michele - Laghi,Via Sacra San Michele - Laghi 6,VAI IN ZONA,TITOLO_CATEGORIA_NON_OPERATIVO
BASSA,16,RESIDENZIALE,IMMOBILE,,ACQUISIZIONE IMMOBILE,Bardonecchia,Mercato generale,Immobili in vendita a Bardonecchia | Gabetti,290000,,0,INDIZIO_AGENZIA,USCITO_MERCATO,2026-08-21T12:20:59.475278+00:00,2026-08-27T21:04:17.079335+00:00,indizio agenzia | prezzo rilevato | 30+ giorni monitorati,,https://www.gabetti.it/vendita/bardonecchia,NO,,,0,,ESEGUITA,Via Sommeiller,Via Sommeiller 8,VAI IN ZONA,TITOLO_CATEGORIA_NON_OPERATIVO
BASSA,16,RESIDENZIALE,IMMOBILE,,ACQUISIZIONE IMMOBILE,Borgone Susa,Nestoria,Case e appartamenti a Borgone Susa. Immobili in vendita a ... - Nestoria,165000,,0,INDIZIO_AGENZIA,TRACKED,2026-08-21T12:20:59.475298+00:00,2026-09-25T13:39:37.452846+00:00,indizio agenzia | prezzo rilevato | 30+ giorni monitorati,,https://www.nestoria.it/immobiliare/vendita/borgone-susa,NO,,,0,,ESEGUITA,,,,TITOLO_CATEGORIA_NON_OPERATIVO
BASSA,16,RESIDENZIALE,IMMOBILE,,ACQUISIZIONE IMMOBILE,Mompantero,Tempocasa,Rustico in Vendita a Mompantero | Euro 15.000 | Mq 130,15000,,0,INDIZIO_AGENZIA,USCITO_MERCATO,2026-08-21T12:20:59.475638+00:00,2026-08-21T12:20:59.475639+00:00,indizio agenzia | prezzo rilevato | 30+ giorni monitorati,,https://tempocasa.it/it/vendita/torino/mompantero/rustico/15026729,NO,,,0,,ESEGUITA,,,,RUSTICO_ESCLUSO
BASSA,16,RESIDENZIALE,IMMOBILE,,ACQUISIZIONE IMMOBILE,Villarbasse,Wikicasa,Case in vendita a Villarbasse - Wikicasa,49000,,0,INDIZIO_AGENZIA,TRACKED,2026-08-21T12:20:59.476005+00:00,2026-09-25T13:39:37.455257+00:00,indizio agenzia | prezzo rilevato | 30+ giorni monitorati,,https://www.wikicasa.it/vendita-case/villarbasse/,NO,,,0,,NON_ESEGUITA,,,,TITOLO_CATEGORIA_NON_OPERATIVO
BASSA,16,RESIDENZIALE,IMMOBILE,,ACQUISIZIONE IMMOBILE,Buttigliera Alta,Wikicasa,Case in vendita a Buttigliera Alta - Wikicasa,15000,,0,INDIZIO_AGENZIA,TRACKED,2026-08-23T17:16:38.786783+00:00,2026-09-25T13:39:37.453059+00:00,indizio agenzia | prezzo rilevato | 30+ giorni monitorati,,https://www.wikicasa.it/vendita-case/buttigliera-alta/,NO,,,0,,ESEGUITA,Corso Laghi,Corso Laghi 75 | corso Laghi 81,VAI IN ZONA,TITOLO_CATEGORIA_NON_OPERATIVO
BASSA,16,COMMERCIALE_IMMOBILE,IMMOBILE,,ACQUISIZIONE / LOCAZIONE IMMOBILE COMMERCIALE,Giaveno,Commerciale negozi/locali,Locale Commerciale Giaveno - 62 locali comerciali in vendita in Giaveno ...,36000,,0,INDIZIO_AGENZIA,TRACKED,2026-08-28T10:58:40.670818+00:00,2026-09-25T13:39:37.453559+00:00,indizio agenzia | prezzo rilevato | commerciale immobile,,https://www.nuroa.it/vendita-immobili/locale-commerciale-giaveno,NO,,,0,,NON_ESEGUITA,,,,PAGINA_CATEGORIA_O_RICERCA
BASSA,15,RESIDENZIALE,IMMOBILE,,ACQUISIZIONE IMMOBILE,Bardonecchia,Agenzie,Gruppo Immobiliare Bardonecchia - Immobili in affitto e in vendita,,,0,NON_DETERMINATO,USCITO_MERCATO,2026-08-27T21:04:17.079377+00:00,2026-08-27T21:04:17.079379+00:00,monitoraggio base,,https://www.gbi.it/,NO,,,0,Gruppo Immobiliare,ESEGUITA,,,,TITOLO_CATEGORIA_NON_OPERATIVO
BASSA,15,RESIDENZIALE,IMMOBILE,,ACQUISIZIONE IMMOBILE,Caprie,Nestoria,Case e appartamenti a Via Caprie. Immobili in vendita a Via ... - Nestoria,,,0,NON_DETERMINATO,USCITO_MERCATO,2026-08-27T21:04:17.079641+00:00,2026-08-27T21:04:17.079642+00:00,monitoraggio base,,https://www.nestoria.it/immobiliare/vendita/via-caprie,NO,,,0,,NON_ESEGUITA,,,,TITOLO_CATEGORIA_NON_OPERATIVO
BASSA,15,RESIDENZIALE,IMMOBILE,,ACQUISIZIONE IMMOBILE,Caselette,Nestoria,25.839 immobili in vendita a Caselette - Nestoria,,,0,NON_DETERMINATO,TRACKED,2026-08-27T21:04:17.079656+00:00,2026-09-25T13:39:37.453092+00:00,monitoraggio base,,https://www.nestoria.it/immobiliare/vendita/caselette,NO,,,0,,ESEGUITA,,,,TITOLO_CATEGORIA_NON_OPERATIVO
BASSA,15,RESIDENZIALE,IMMOBILE,,ACQUISIZIONE IMMOBILE,Chiusa di San Michele,Mercato residenziale,Casa Chiusa Di San Michele - 16 case in vendita in Chiusa Di San ...,,,0,NON_DETERMINATO,USCITO_MERCATO,2026-08-27T21:04:17.079759+00:00,2026-08-28T10:58:40.670449+00:00,monitoraggio base,,https://www.nuroa.it/vendita-immobili/casa-chiusa-di-san-michele,NO,,,0,,NON_ESEGUITA,,,,PAGINA_CATEGORIA_O_RICERCA
BASSA,15,RESIDENZIALE,IMMOBILE,,ACQUISIZIONE IMMOBILE,Coazze,Mercato residenziale,Case in vendita da Privati a Coazze - CasaDaPrivato.it,,,0,NON_DETERMINATO,TRACKED,2026-08-27T21:04:17.079817+00:00,2026-09-24T22:22:05.016961+00:00,monitoraggio base,,https://www.casadaprivato.it/annunci-vendita/immobili/torino-coazze,NO,,,0,,NON_ESEGUITA,,,,TITOLO_CATEGORIA_NON_OPERATIVO
BASSA,15,RESIDENZIALE,IMMOBILE,,ACQUISIZIONE IMMOBILE,Coazze,Agenzie,44 Rustici in vendita a Coazze - Mitula Case,,,0,NON_DETERMINATO,USCITO_MERCATO,2026-08-27T21:04:17.079847+00:00,2026-08-27T21:04:17.079848+00:00,monitoraggio base,,https://immobiliare.mitula.it/rustico-coazze,NO,,,0,,NON_ESEGUITA,,,,RUSTICO_ESCLUSO
BASSA,15,RESIDENZIALE,IMMOBILE,,ACQUISIZIONE IMMOBILE,Condove,Tipologie residenziali,Rustico in vendita a Condove Cod. 34221003-2080,,,0,NON_DETERMINATO,USCITO_MERCATO,2026-08-27T21:04:17.079975+00:00,2026-08-28T10:58:40.670672+00:00,monitoraggio base,,https://www.fcimmobiliare.it/i-672099-vendita-rustico-condove/,NO,,,0,,NON_ESEGUITA,,,,RUSTICO_ESCLUSO
BASSA,15,RESIDENZIALE,IMMOBILE,,ACQUISIZIONE IMMOBILE,Condove,Immobiliare.it,"Vendita Rustico in Borgata Belle Fugera 11 Condove. Buono stato, 122 m² ...",,,0,NON_DETERMINATO,TRACKED,2026-08-27T21:04:17.079986+00:00,2026-09-25T13:39:37.453427+00:00,monitoraggio base,,https://www.immobiliare.it/annunci/130667076/,NO,,,0,,NON_ESEGUITA,,,,RUSTICO_ESCLUSO
BASSA,15,RESIDENZIALE,IMMOBILE,,ACQUISIZIONE IMMOBILE,Condove,Immobiliare.it,Vendita Rustico in Strada Comunale Condove-Mocchie 39 Condove. Da ...,,,0,NON_DETERMINATO,TRACKED,2026-08-27T21:04:17.079992+00:00,2026-09-25T13:39:37.453414+00:00,monitoraggio base,,https://www.immobiliare.it/annunci/130817214/,NO,,,0,,NON_ESEGUITA,,,,RUSTICO_ESCLUSO
BASSA,15,RESIDENZIALE,IMMOBILE,,ACQUISIZIONE IMMOBILE,Grugliasco,Nestoria,27.263 immobili in vendita a Gerbido Grugliasco - Nestoria,,,0,NON_DETERMINATO,USCITO_MERCATO,2026-08-27T21:04:17.080226+00:00,2026-08-27T21:04:17.080227+00:00,monitoraggio base,,https://www.nestoria.it/immobiliare/vendita/gerbido_grugliasco,NO,,,0,,NON_ESEGUITA,,,,TITOLO_CATEGORIA_NON_OPERATIVO
BASSA,15,RESIDENZIALE,IMMOBILE,,ACQUISIZIONE IMMOBILE,Mattie,Trovit,20 casas in vendita a Mattie - Trovit,,,0,NON_DETERMINATO,USCITO_MERCATO,2026-08-27T21:04:17.080289+00:00,2026-08-28T10:58:40.671030+00:00,monitoraggio base,,https://case.trovit.it/casa-mattie,NO,,,0,,NON_ESEGUITA,,,,PAGINA_CATEGORIA_O_RICERCA
BASSA,15,RESIDENZIALE,IMMOBILE,,ACQUISIZIONE IMMOBILE,Meana di Susa,Nestoria,Case e appartamenti a Meana di Susa. Immobili in vendita a ... - Nestoria,,,0,NON_DETERMINATO,TRACKED,2026-08-27T21:04:17.080328+00:00,2026-09-07T10:14:01.140587+00:00,monitoraggio base,,https://www.nestoria.it/immobiliare/vendita/meana-di-susa,NO,,,0,,NON_ESEGUITA,,,,TITOLO_CATEGORIA_NON_OPERATIVO
BASSA,15,RESIDENZIALE,IMMOBILE,,ACQUISIZIONE IMMOBILE,Meana di Susa,Agenzie,16 Rustici in vendita a Meana Di Susa - Mitula Case,,,0,NON_DETERMINATO,USCITO_MERCATO,2026-08-27T21:04:17.080349+00:00,2026-08-27T21:04:17.080351+00:00,monitoraggio base,,https://immobiliare.mitula.it/rustico-meana-susa,NO,,,0,,NON_ESEGUITA,,,,RUSTICO_ESCLUSO
BASSA,15,RESIDENZIALE,IMMOBILE,,ACQUISIZIONE IMMOBILE,Oulx,Nestoria,Case e appartamenti a Oulx. Immobili in vendita a Oulx - Nestoria,,,0,NON_DETERMINATO,TRACKED,2026-08-27T21:04:17.080392+00:00,2026-09-07T10:14:01.140743+00:00,monitoraggio base,,https://www.nestoria.it/immobiliare/vendita/oulx,NO,,,0,,NON_ESEGUITA,,,,TITOLO_CATEGORIA_NON_OPERATIVO
BASSA,15,RESIDENZIALE,IMMOBILE,,ACQUISIZIONE IMMOBILE,Reano,Mercato residenziale,Appartamenti in vendita a Reano - case in vendita e affitto,,,0,NON_DETERMINATO,USCITO_MERCATO,2026-08-27T21:04:17.080571+00:00,2026-08-28T10:58:40.671364+00:00,monitoraggio base,,https://www.case24.it/immobili/piemonte/torino/reano/,NO,,,0,,NON_ESEGUITA,,,,TITOLO_CATEGORIA_NON_OPERATIVO
BASSA,15,RESIDENZIALE,IMMOBILE,,ACQUISIZIONE IMMOBILE,Reano,Wikicasa,Case in vendita a Reano - Wikicasa,,,0,NON_DETERMINATO,TRACKED,2026-08-27T21:04:17.080576+00:00,2026-09-25T13:39:37.454020+00:00,monitoraggio base,,https://www.wikicasa.it/vendita-case/reano/,NO,,,0,,NON_ESEGUITA,,,,TITOLO_CATEGORIA_NON_OPERATIVO
BASSA,15,RESIDENZIALE,IMMOBILE,,ACQUISIZIONE IMMOBILE,Rivoli,Immobiliare.it,Vendita Rustico in via Giovanni Battista Rossano 24 Rivoli. Da ...,,,0,NON_DETERMINATO,USCITO_MERCATO,2026-08-27T21:04:17.080659+00:00,2026-09-14T22:36:38.494502+00:00,monitoraggio base,,https://www.immobiliare.it/annunci/121791604/,NO,,,0,,NON_ESEGUITA,,,,RUSTICO_ESCLUSO
BASSA,15,RESIDENZIALE,IMMOBILE,,ACQUISIZIONE IMMOBILE,Rubiana,Nestoria,15.553 immobili in vendita a Rubiana Torino - Nestoria,,,0,NON_DETERMINATO,TRACKED,2026-08-27T21:04:17.080790+00:00,2026-09-25T13:39:37.454481+00:00,monitoraggio base,,https://www.nestoria.it/immobiliare/vendita/rubiana_torino,NO,,,0,,NON_ESEGUITA,,,,TITOLO_CATEGORIA_NON_OPERATIVO
BASSA,15,RESIDENZIALE,IMMOBILE,,ACQUISIZIONE IMMOBILE,Rubiana,Mercato residenziale,"Case in vendita a Rubiana, Valli Susa, Sangone",,,0,NON_DETERMINATO,USCITO_MERCATO,2026-08-27T21:04:17.080795+00:00,2026-08-28T05:06:35.531229+00:00,monitoraggio base,,https://caseinvenditainaffitto.it/case-in-vendita/rubiana-valli-susa-sangone,NO,,,0,,NON_ESEGUITA,,,,TITOLO_CATEGORIA_NON_OPERATIVO
BASSA,15,RESIDENZIALE,IMMOBILE,,ACQUISIZIONE IMMOBILE,Sant'Antonino di Susa,Mercato residenziale,Case in vendita da Privati a Sant'Antonino di Susa,,,0,NON_DETERMINATO,USCITO_MERCATO,2026-08-27T21:04:17.080965+00:00,2026-09-20T06:08:00.347515+00:00,monitoraggio base,,https://www.casadaprivato.it/annunci-vendita/immobili/torino-sant_antonino_di_susa,NO,,,0,,NON_ESEGUITA,,,,TITOLO_CATEGORIA_NON_OPERATIVO
BASSA,15,RESIDENZIALE,IMMOBILE,,ACQUISIZIONE IMMOBILE,Susa,Wikicasa,Case in vendita a Susa - Wikicasa,,,0,NON_DETERMINATO,USCITO_MERCATO,2026-08-27T21:04:17.081061+00:00,2026-08-27T21:04:17.081063+00:00,monitoraggio base,,https://www.wikicasa.it/vendita-case/susa/,NO,,,0,,NON_ESEGUITA,,,,TITOLO_CATEGORIA_NON_OPERATIVO
BASSA,15,RESIDENZIALE,IMMOBILE,,ACQUISIZIONE IMMOBILE,Val della Torre,Immobiliare.it,Vendita Rustico in via Castello 71 Val della Torre. Da ristrutturare ...,,,0,NON_DETERMINATO,USCITO_MERCATO,2026-08-27T21:04:17.081221+00:00,2026-09-06T19:19:39.866437+00:00,monitoraggio base,,https://www.immobiliare.it/annunci/130837718/,NO,,,0,,NON_ESEGUITA,,,,RUSTICO_ESCLUSO
BASSA,15,RESIDENZIALE,IMMOBILE,,ACQUISIZIONE IMMOBILE,Venaus,Mercato residenziale,"Case in affitto a Ar Cenisio, Venaus - Case in Vendita e in Affitto",,,0,NON_DETERMINATO,USCITO_MERCATO,2026-08-27T21:04:17.081308+00:00,2026-08-28T05:06:35.531647+00:00,monitoraggio base,,https://caseinvenditainaffitto.it/case-in-affitto/ar-cenisio-venaus,NO,,,0,,NON_ESEGUITA,,,,TITOLO_CATEGORIA_NON_OPERATIVO
BASSA,15,RESIDENZIALE,IMMOBILE,,ACQUISIZIONE IMMOBILE,Villar Focchiardo,Casa.it,"Rustico, casale in Vendita in Via Preinera 10050 a Villar Focchiardo",,,0,NON_DETERMINATO,USCITO_MERCATO,2026-08-27T21:04:17.081364+00:00,2026-08-27T21:04:17.081366+00:00,monitoraggio base,,https://www.casa.it/immobili/54614855/,NO,,,0,,NON_ESEGUITA,,,,RUSTICO_ESCLUSO
BASSA,15,RESIDENZIALE,IMMOBILE,,ACQUISIZIONE IMMOBILE,Villar Focchiardo,Immobiliare.it,"Asta per rustico - casale, , Baratte Villar Focchiardo, rif. 131963176 ...",,,0,NON_DETERMINATO,USCITO_MERCATO,2026-08-27T21:04:17.081375+00:00,2026-08-27T21:04:17.081377+00:00,monitoraggio base,,https://www.immobiliare.it/annunci/131963176/,NO,,,0,,NON_ESEGUITA,,,,RUSTICO_ESCLUSO
BASSA,15,RESIDENZIALE,IMMOBILE,,ACQUISIZIONE IMMOBILE,Villarbasse,Nestoria,Case e appartamenti a Villarbasse. Immobili in vendita a ... - Nestoria,,,0,NON_DETERMINATO,TRACKED,2026-08-27T21:04:17.081392+00:00,2026-09-25T13:39:37.455230+00:00,monitoraggio base,,https://www.nestoria.it/immobiliare/vendita/villarbasse,NO,,,0,,NON_ESEGUITA,,,,TITOLO_CATEGORIA_NON_OPERATIVO
BASSA,15,RESIDENZIALE,IMMOBILE,,ACQUISIZIONE IMMOBILE,Condove,Mercato residenziale,"Case in vendita a Poisatto, Condove",,,0,NON_DETERMINATO,USCITO_MERCATO,2026-08-28T05:06:35.530536+00:00,2026-09-02T07:11:25.325789+00:00,monitoraggio base,,https://caseinvenditainaffitto.it/case-in-vendita/poisatto-condove,NO,,,0,,NON_ESEGUITA,,,,TITOLO_CATEGORIA_NON_OPERATIVO
BASSA,15,RESIDENZIALE,IMMOBILE,,ACQUISIZIONE IMMOBILE,San Giorio,Nestoria,Case e appartamenti a San Giorio. Immobili in vendita a San ... - Nestoria,,,0,NON_DETERMINATO,TRACKED,2026-08-28T05:06:35.531285+00:00,2026-09-23T22:23:47.791036+00:00,monitoraggio base,,https://www.nestoria.it/immobiliare/vendita/san-giorio,NO,,,0,,NON_ESEGUITA,,,,TITOLO_CATEGORIA_NON_OPERATIVO
BASSA,15,RESIDENZIALE,IMMOBILE,,ACQUISIZIONE IMMOBILE,Venaus,Nestoria,Case e appartamenti a Bar Cenisio. Immobili in vendita a Bar ... - Nestoria,,,0,NON_DETERMINATO,USCITO_MERCATO,2026-08-28T05:06:35.531653+00:00,2026-09-01T20:55:16.174537+00:00,monitoraggio base,,https://www.nestoria.it/immobiliare/vendita/bar-cenisio,NO,,,0,,NON_ESEGUITA,,,,TITOLO_CATEGORIA_NON_OPERATIVO
BASSA,15,RESIDENZIALE,IMMOBILE,,ACQUISIZIONE IMMOBILE,Villar Focchiardo,Mercato residenziale,"Rustico 5 locali, 122 m² in Via Preinera 38 e 38/A, Villar Focchiardo ...",,,0,NON_DETERMINATO,USCITO_MERCATO,2026-08-28T05:06:35.531714+00:00,2026-08-28T05:06:35.531715+00:00,monitoraggio base,,https://asteflorio.it/aste/rustico-5-5-locali-a-villar-focchiardo-to-villar-focchiardo,NO,,,0,,NON_ESEGUITA,,,,RUSTICO_ESCLUSO
BASSA,15,RESIDENZIALE,IMMOBILE,,ACQUISIZIONE IMMOBILE,Chiomonte,Nestoria,Case e appartamenti a Chiomonte. Immobili in vendita a Chiomonte - Nestoria,,,0,NON_DETERMINATO,TRACKED,2026-08-28T10:58:40.670386+00:00,2026-09-07T10:14:01.139646+00:00,monitoraggio base,,https://www.nestoria.it/immobiliare/vendita/chiomonte,NO,,,0,,ESEGUITA,,,,TITOLO_CATEGORIA_NON_OPERATIVO
BASSA,15,RESIDENZIALE,IMMOBILE,,ACQUISIZIONE IMMOBILE,Chiomonte,Trovit,69 immobili in vendita a Chiomonte - Trovit,,,0,NON_DETERMINATO,USCITO_MERCATO,2026-08-28T10:58:40.670392+00:00,2026-08-28T10:58:40.670394+00:00,monitoraggio base,,https://case.trovit.it/chiomonte,NO,,,0,,NON_ESEGUITA,,,,PAGINA_CATEGORIA_O_RICERCA
BASSA,15,RESIDENZIALE,IMMOBILE,,ACQUISIZIONE IMMOBILE,Chiomonte,Mercato residenziale,"Case in vendita a Frais, Chiomonte - Case in Vendita e in Affitto",,,0,NON_DETERMINATO,TRACKED,2026-08-28T10:58:40.670399+00:00,2026-09-07T00:44:29.375130+00:00,monitoraggio base,,https://caseinvenditainaffitto.it/case-in-vendita/frais-chiomonte,NO,,,0,,NON_ESEGUITA,,,,TITOLO_CATEGORIA_NON_OPERATIVO
BASSA,15,RESIDENZIALE,IMMOBILE,,ACQUISIZIONE IMMOBILE,Moncenisio,Nestoria,Appartamenti a Moncenisio. Appartamenti in vendita a Moncenisio - Nestoria,,,0,NON_DETERMINATO,TRACKED,2026-08-28T10:58:40.671115+00:00,2026-09-07T10:14:01.140649+00:00,monitoraggio base,,https://www.nestoria.it/appartamenti/vendita/moncenisio,NO,,,0,,NON_ESEGUITA,,,,TITOLO_CATEGORIA_NON_OPERATIVO
BASSA,15,RESIDENZIALE,IMMOBILE,,ACQUISIZIONE IMMOBILE,San Didero,Nestoria,Case e appartamenti a San Didero. Immobili in vendita a San ... - Nestoria,,,0,NON_DETERMINATO,TRACKED,2026-08-28T10:58:40.671693+00:00,2026-09-25T13:39:37.454567+00:00,monitoraggio base,,https://www.nestoria.it/immobiliare/vendita/san-didero,NO,,,0,,NON_ESEGUITA,,,,TITOLO_CATEGORIA_NON_OPERATIVO
BASSA,15,RESIDENZIALE,IMMOBILE,,ACQUISIZIONE IMMOBILE,Val della Torre,Immobiliare.it,"Vendita Rustico in via Ciaine, 53 Val della Torre. Da ristrutturare ...",,,0,NON_DETERMINATO,USCITO_MERCATO,2026-08-28T10:58:40.672165+00:00,2026-08-28T10:58:40.672167+00:00,monitoraggio base,,https://www.immobiliare.it/annunci/131531490/,NO,,,0,,NON_ESEGUITA,,,,RUSTICO_ESCLUSO
BASSA,15,RESIDENZIALE,IMMOBILE,,ACQUISIZIONE IMMOBILE,Villar Focchiardo,Casa.it,"Rustico, casale in Vendita in Via Preinera a Villar Focchiardo",,,0,NON_DETERMINATO,USCITO_MERCATO,2026-08-28T10:58:40.672321+00:00,2026-09-06T19:19:39.866597+00:00,monitoraggio base,,https://www.casa.it/immobili/54620897/,NO,,,0,,NON_ESEGUITA,,,,RUSTICO_ESCLUSO
BASSA,15,RESIDENZIALE,IMMOBILE,,ACQUISIZIONE IMMOBILE,Alpignano,Wikicasa,Appartamenti in vendita a Alpignano - Wikicasa,,,0,NON_DETERMINATO,POSSIBILE_USCITA,2026-09-01T18:58:42.118878+00:00,2026-09-24T18:35:30.192381+00:00,monitoraggio base,,https://www.wikicasa.it/vendita-appartamenti/alpignano/,NO,,,0,,ESEGUITA,,,,TITOLO_CATEGORIA_NON_OPERATIVO
BASSA,15,RESIDENZIALE,IMMOBILE,,ACQUISIZIONE IMMOBILE,Chiomonte,Mercato residenziale,Chiomonte - 91 case in vendita in Chiomonte de Nuroa.it,,,0,NON_DETERMINATO,TRACKED,2026-09-01T18:58:42.119547+00:00,2026-09-07T10:14:01.139654+00:00,monitoraggio base,,https://www.nuroa.it/vendita-immobili/chiomonte,NO,,,0,,NON_ESEGUITA,,,,PAGINA_CATEGORIA_O_RICERCA
BASSA,15,RESIDENZIALE,IMMOBILE,,ACQUISIZIONE IMMOBILE,Exilles,Nestoria,Case e appartamenti a Exilles. Immobili in vendita a Exilles - Nestoria,,,0,NON_DETERMINATO,TRACKED,2026-09-01T18:58:42.120049+00:00,2026-09-07T10:14:01.140152+00:00,monitoraggio base,,https://www.nestoria.it/immobiliare/vendita/exilles,NO,,,0,,NON_ESEGUITA,,,,TITOLO_CATEGORIA_NON_OPERATIVO
BASSA,15,RESIDENZIALE,IMMOBILE,,ACQUISIZIONE IMMOBILE,Gravere,Nestoria,Case e appartamenti a Bastia Gravere. Immobili in vendita a ... - Nestoria,,,0,NON_DETERMINATO,TRACKED,2026-09-01T18:58:42.120308+00:00,2026-09-07T04:45:03.056468+00:00,monitoraggio base,,https://www.nestoria.it/immobiliare/vendita/bastia_gravere,NO,,,0,,NON_ESEGUITA,,,,TITOLO_CATEGORIA_NON_OPERATIVO
BASSA,15,RESIDENZIALE,IMMOBILE,,ACQUISIZIONE IMMOBILE,Moncenisio,Mercato residenziale,23 risultati per: immobili in Vendita Moncenisio (TO),,,0,NON_DETERMINATO,TRACKED,2026-09-01T18:58:42.120523+00:00,2026-09-07T10:14:01.140635+00:00,monitoraggio base,,https://www.casadasoli.it/vendita-moncenisio-to-154,NO,,,0,,NON_ESEGUITA,,,,TITOLO_CATEGORIA_NON_OPERATIVO
BASSA,15,RESIDENZIALE,IMMOBILE,,ACQUISIZIONE IMMOBILE,Moncenisio,Nestoria,Case e appartamenti a Moncenisio. Immobili in vendita a ... - Nestoria,,,0,NON_DETERMINATO,TRACKED,2026-09-01T18:58:42.120530+00:00,2026-09-07T10:14:01.140642+00:00,monitoraggio base,,https://www.nestoria.it/immobiliare/vendita/moncenisio,NO,,,0,,NON_ESEGUITA,,,,TITOLO_CATEGORIA_NON_OPERATIVO
BASSA,15,RESIDENZIALE,IMMOBILE,,ACQUISIZIONE IMMOBILE,Rubiana,Mercato residenziale,Case in vendita da Privati a Rubiana - CasaDaPrivato.it,,,0,NON_DETERMINATO,USCITO_MERCATO,2026-09-01T18:58:42.121131+00:00,2026-09-21T12:37:01.290693+00:00,monitoraggio base,,https://www.casadaprivato.it/annunci-vendita/immobili/torino-rubiana,NO,,,0,,NON_ESEGUITA,,,,TITOLO_CATEGORIA_NON_OPERATIVO
BASSA,15,RESIDENZIALE,IMMOBILE,,ACQUISIZIONE IMMOBILE,Salbertrand,Mercato residenziale,"Case in vendita a Salbertrand, Valli Susa, Sangone",,,0,NON_DETERMINATO,TRACKED,2026-09-01T18:58:42.121196+00:00,2026-09-07T10:14:01.141272+00:00,monitoraggio base,,https://caseinvenditainaffitto.it/case-in-vendita/salbertrand-valli-susa-sangone,NO,,,0,,NON_ESEGUITA,,,,TITOLO_CATEGORIA_NON_OPERATIVO
BASSA,15,RESIDENZIALE,IMMOBILE,,ACQUISIZIONE IMMOBILE,San Giorio di Susa,Mercato residenziale,"Case in vendita a San Giorio di Susa, Valli Susa, Sangone",,,0,NON_DETERMINATO,USCITO_MERCATO,2026-09-01T18:58:42.121309+00:00,2026-09-07T10:14:01.141391+00:00,monitoraggio base,,https://caseinvenditainaffitto.it/case-in-vendita/san-giorio-di-susa-valli-susa-sangone,NO,,,0,,NON_ESEGUITA,,,,TITOLO_CATEGORIA_NON_OPERATIVO
BASSA,15,RESIDENZIALE,IMMOBILE,,ACQUISIZIONE IMMOBILE,San Giorio di Susa,Mercato residenziale,102 Case in vendita a San Giorio Di Susa - Mitula Case,,,0,NON_DETERMINATO,USCITO_MERCATO,2026-09-01T18:58:42.121318+00:00,2026-09-10T01:14:41.786345+00:00,monitoraggio base,,https://immobiliare.mitula.it/casa-san-giorio-susa,NO,,,0,,NON_ESEGUITA,,,,TITOLO_CATEGORIA_NON_OPERATIVO
BASSA,15,RESIDENZIALE,IMMOBILE,,ACQUISIZIONE IMMOBILE,Sangano,Mercato residenziale,"Case in vendita a Sangano, Torino Ovest - Case in Vendita e in Affitto",,,0,NON_DETERMINATO,TRACKED,2026-09-01T18:58:42.121492+00:00,2026-09-07T10:14:01.141580+00:00,monitoraggio base,,https://caseinvenditainaffitto.it/case-in-vendita/sangano-torino-ovest,NO,,,0,,NON_ESEGUITA,,,,TITOLO_CATEGORIA_NON_OPERATIVO
BASSA,15,RESIDENZIALE,IMMOBILE,,ACQUISIZIONE IMMOBILE,Vaie,Trovit,51 immobili in vendita a Vaie - Trovit,,,0,NON_DETERMINATO,USCITO_MERCATO,2026-09-01T18:58:42.121970+00:00,2026-09-04T00:12:37.947766+00:00,monitoraggio base,,https://case.trovit.it/vaie,NO,,,0,,NON_ESEGUITA,,,,PAGINA_CATEGORIA_O_RICERCA
BASSA,15,RESIDENZIALE,IMMOBILE,,ACQUISIZIONE IMMOBILE,Avigliana,Immobiliare.it,"Vendita Rustico in via Oscar Borgesa 19 Avigliana. Buono stato, 50 m² ...",,,0,NON_DETERMINATO,USCITO_MERCATO,2026-09-01T20:55:16.172046+00:00,2026-09-02T07:11:25.325146+00:00,monitoraggio base,,https://www.immobiliare.it/annunci/127109565/,NO,,,0,Avigliana - Immobiliare,ESEGUITA,via Oscar Borgesa,via Oscar Borgesa 19,VAI IN ZONA,RUSTICO_ESCLUSO
BASSA,15,RESIDENZIALE,IMMOBILE,,ACQUISIZIONE IMMOBILE,Chianocco,Casa.it,"Rustico, casale in Vendita in Frazione Pavaglione 169 a Chianocco",,,0,NON_DETERMINATO,USCITO_MERCATO,2026-09-01T20:55:16.172386+00:00,2026-09-04T07:52:28.839201+00:00,monitoraggio base,,https://www.casa.it/immobili/54627174/,NO,,,0,,ESEGUITA,Frazione Pavaglione,Frazione Pavaglione 169,VAI IN ZONA,RUSTICO_ESCLUSO
BASSA,15,RESIDENZIALE,IMMOBILE,,ACQUISIZIONE IMMOBILE,Collegno,Mercato residenziale,"Case in vendita a Centro, Collegno - Case in Vendita e in Affitto",,,0,NON_DETERMINATO,USCITO_MERCATO,2026-09-01T20:55:16.172547+00:00,2026-09-23T22:23:47.789514+00:00,monitoraggio base,,https://caseinvenditainaffitto.it/case-in-vendita/centro-collegno,NO,,,0,,NON_ESEGUITA,,,,TITOLO_CATEGORIA_NON_OPERATIVO
BASSA,15,RESIDENZIALE,IMMOBILE,,ACQUISIZIONE IMMOBILE,Giaveno,Nestoria,15.963 immobili in vendita a Giaveno - Nestoria,,,0,NON_DETERMINATO,TRACKED,2026-09-01T20:55:16.172903+00:00,2026-09-25T01:30:21.914854+00:00,monitoraggio base,,https://www.nestoria.it/immobiliare/vendita/giaveno,NO,,,0,,NON_ESEGUITA,,,,TITOLO_CATEGORIA_NON_OPERATIVO
BASSA,15,RESIDENZIALE,IMMOBILE,,ACQUISIZIONE IMMOBILE,Gravere,Nestoria,12.876 appartamenti in vendita a Via Gravere - Nestoria,,,0,NON_DETERMINATO,USCITO_MERCATO,2026-09-01T20:55:16.173036+00:00,2026-09-02T07:11:25.326112+00:00,monitoraggio base,,https://www.nestoria.it/appartamenti/vendita/via-gravere,NO,,,0,,NON_ESEGUITA,,,,TITOLO_CATEGORIA_NON_OPERATIVO
BASSA,15,RESIDENZIALE,IMMOBILE,,ACQUISIZIONE IMMOBILE,San Giorio di Susa,Immobiliare.it,Vendita Rustico in via Carlo Carli 77 San Giorio di Susa. Da ...,,,0,NON_DETERMINATO,POSSIBILE_USCITA,2026-09-01T20:55:16.174036+00:00,2026-09-24T07:40:08.273187+00:00,monitoraggio base,,https://www.immobiliare.it/annunci/123612265/,NO,,,0,,NON_ESEGUITA,,,,RUSTICO_ESCLUSO
BASSA,15,RESIDENZIALE,IMMOBILE,,ACQUISIZIONE IMMOBILE,Coazze,Mercato residenziale,"Case in vendita a Coazze, Valli Susa, Sangone",,,0,NON_DETERMINATO,USCITO_MERCATO,2026-09-01T23:36:27.690725+00:00,2026-09-01T23:36:27.690726+00:00,monitoraggio base,,https://caseinvenditainaffitto.it/case-in-vendita/coazze-valli-susa-sangone,NO,,,0,,NON_ESEGUITA,,,,TITOLO_CATEGORIA_NON_OPERATIVO
BASSA,15,RESIDENZIALE,IMMOBILE,,ACQUISIZIONE IMMOBILE,Mompantero,Immobiliare.it,"Rustico - casale all'asta frazione Seghino, 2, Mompantero",,,0,NON_DETERMINATO,TRACKED,2026-09-02T07:11:25.326309+00:00,2026-09-07T10:14:01.140627+00:00,monitoraggio base,,https://www.immobiliare.it/annunci/130939356/,NO,,,0,,NON_ESEGUITA,,,,RUSTICO_ESCLUSO
BASSA,15,RESIDENZIALE,IMMOBILE,,ACQUISIZIONE IMMOBILE,Gravere,Mercato residenziale,"Case in vendita a Gravere, Valli Susa, Sangone",,,0,NON_DETERMINATO,TRACKED,2026-09-03T18:47:06.318642+00:00,2026-09-07T10:14:01.140379+00:00,monitoraggio base,,https://caseinvenditainaffitto.it/case-in-vendita/gravere-valli-susa-sangone,NO,,,0,,NON_ESEGUITA,,,,TITOLO_CATEGORIA_NON_OPERATIVO
BASSA,15,RESIDENZIALE,IMMOBILE,,ACQUISIZIONE IMMOBILE,Val della Torre,Mercato residenziale,Case in vendita a Val della Torre - Attico.it,,,0,NON_DETERMINATO,USCITO_MERCATO,2026-09-03T18:47:06.319814+00:00,2026-09-06T13:51:47.106491+00:00,monitoraggio base,,https://www.attico.it/val%20della%20torre/vendita/,NO,,,0,,NON_ESEGUITA,,,,TITOLO_CATEGORIA_NON_OPERATIVO
BASSA,15,RESIDENZIALE,IMMOBILE,,ACQUISIZIONE IMMOBILE,Grugliasco,Mercato residenziale,"Case in vendita in Viale Gramsci, Grugliasco - Attico.it",,,0,NON_DETERMINATO,TRACKED,2026-09-04T00:12:37.946829+00:00,2026-09-25T01:30:21.915044+00:00,monitoraggio base,,"https://www.attico.it/Viale%20Gramsci,%20grugliasco/vendita/",NO,,,0,,NON_ESEGUITA,,,,TITOLO_CATEGORIA_NON_OPERATIVO
BASSA,15,RESIDENZIALE,IMMOBILE,,ACQUISIZIONE IMMOBILE,Venaus,Mercato residenziale,"Case in affitto a Venaus, Valli Susa, Sangone - Case in Vendita e in ...",,,0,NON_DETERMINATO,POSSIBILE_USCITA,2026-09-04T02:03:54.139979+00:00,2026-09-06T22:17:30.167428+00:00,monitoraggio base,,https://caseinvenditainaffitto.it/case-in-affitto/venaus-valli-susa-sangone,NO,,,0,,NON_ESEGUITA,,,,TITOLO_CATEGORIA_NON_OPERATIVO
BASSA,15,RESIDENZIALE,IMMOBILE,,ACQUISIZIONE IMMOBILE,Oulx,Mercato residenziale,Case in vendita da Privati a Oulx - CasaDaPrivato.it,,,0,NON_DETERMINATO,USCITO_MERCATO,2026-09-04T12:01:02.700626+00:00,2026-09-04T12:01:02.700627+00:00,monitoraggio base,,https://www.casadaprivato.it/annunci-vendita/immobili/torino-oulx,NO,,,0,,NON_ESEGUITA,,,,TITOLO_CATEGORIA_NON_OPERATIVO
BASSA,15,RESIDENZIALE,IMMOBILE,,ACQUISIZIONE IMMOBILE,Rivoli,Mercato residenziale,Case in vendita in Rivoli - Attico.it,,,0,NON_DETERMINATO,POSSIBILE_USCITA,2026-09-04T12:01:02.700884+00:00,2026-09-24T18:35:30.194277+00:00,monitoraggio base,,https://www.attico.it/rivoli/vendita/,NO,,,0,,NON_ESEGUITA,,,,TITOLO_CATEGORIA_NON_OPERATIVO
BASSA,15,RESIDENZIALE,IMMOBILE,,ACQUISIZIONE IMMOBILE,Borgone Susa,Wikicasa,Appartamenti in vendita a Borgone Susa • Wikicasa,,,0,NON_DETERMINATO,USCITO_MERCATO,2026-09-04T16:00:05.400887+00:00,2026-09-06T09:36:38.461488+00:00,monitoraggio base,,https://www.wikicasa.it/vendita-appartamenti/borgone-susa/,NO,,,0,,ESEGUITA,,,,TITOLO_CATEGORIA_NON_OPERATIVO
BASSA,15,RESIDENZIALE,IMMOBILE,,ACQUISIZIONE IMMOBILE,Reano,Mercato residenziale,902 Immobili in vendita a Reano - Mitula Case,,,0,NON_DETERMINATO,USCITO_MERCATO,2026-09-04T16:00:05.402495+00:00,2026-09-07T10:14:01.140971+00:00,monitoraggio base,,https://immobiliare.mitula.it/reano,NO,,,0,,NON_ESEGUITA,,,,TITOLO_CATEGORIA_NON_OPERATIVO
BASSA,15,RESIDENZIALE,IMMOBILE,,ACQUISIZIONE IMMOBILE,Giaveno,Mercato residenziale,"Case in vendita a Selvaggio, Giaveno",,,0,NON_DETERMINATO,USCITO_MERCATO,2026-09-04T22:26:36.992135+00:00,2026-09-04T22:26:36.992137+00:00,monitoraggio base,,https://caseinvenditainaffitto.it/case-in-vendita/selvaggio-giaveno,NO,,,0,,NON_ESEGUITA,,,,TITOLO_CATEGORIA_NON_OPERATIVO
BASSA,15,RESIDENZIALE,IMMOBILE,,ACQUISIZIONE IMMOBILE,Salbertrand,Nestoria,Case e appartamenti a Via Salbertrand. Immobili in vendita a ... - Nestoria,,,0,NON_DETERMINATO,RELISTED,2026-09-04T22:26:36.993253+00:00,2026-09-07T10:14:01.141301+00:00,monitoraggio base,,https://www.nestoria.it/immobiliare/vendita/via-salbertrand,NO,,,0,,NON_ESEGUITA,,,,TITOLO_CATEGORIA_NON_OPERATIVO
BASSA,15,RESIDENZIALE,IMMOBILE,,ACQUISIZIONE IMMOBILE,San Valeriano,Nestoria,Case e appartamenti a Via San Valeriano. Immobili in vendita ... - Nestoria,,,0,NON_DETERMINATO,USCITO_MERCATO,2026-09-05T00:56:52.328732+00:00,2026-09-06T00:53:48.288324+00:00,monitoraggio base,,https://www.nestoria.it/immobiliare/vendita/via-san-valeriano,NO,,,0,,NON_ESEGUITA,,,,TITOLO_CATEGORIA_NON_OPERATIVO
BASSA,15,RESIDENZIALE,IMMOBILE,,ACQUISIZIONE IMMOBILE,Susa,Immobiliare.it,Vendita Rustico in vicolo del Portico Meana di Susa. Da ristrutturare ...,,,0,NON_DETERMINATO,POSSIBILE_USCITA,2026-09-05T00:56:52.329010+00:00,2026-09-06T19:19:39.866274+00:00,monitoraggio base,,https://www.immobiliare.it/annunci/121771516/,NO,,,0,,NON_ESEGUITA,,,,RUSTICO_ESCLUSO
BASSA,15,RESIDENZIALE,IMMOBILE,,ACQUISIZIONE IMMOBILE,Exilles,Mercato residenziale,"Case in vendita a Exilles, Valli Susa, Sangone",,,0,NON_DETERMINATO,TRACKED,2026-09-05T04:44:03.763649+00:00,2026-09-07T00:44:29.375567+00:00,monitoraggio base,,https://caseinvenditainaffitto.it/case-in-vendita/exilles-valli-susa-sangone,NO,,,0,,NON_ESEGUITA,,,,TITOLO_CATEGORIA_NON_OPERATIVO
BASSA,15,RESIDENZIALE,IMMOBILE,,ACQUISIZIONE IMMOBILE,San Valeriano,Mercato residenziale,25 Appartamenti in affitto a San Valeriano - Mitula Case,,,0,NON_DETERMINATO,TRACKED,2026-09-05T04:44:03.765072+00:00,2026-09-07T00:44:29.376698+00:00,monitoraggio base,,https://immobiliare.mitula.it/affitto-appartamento-san-valeriano,NO,,,0,,NON_ESEGUITA,,,,TITOLO_CATEGORIA_NON_OPERATIVO
BASSA,15,RESIDENZIALE,IMMOBILE,,ACQUISIZIONE IMMOBILE,Bussoleno,Mercato residenziale,"Case in vendita a Bussoleno, Valli Susa, Sangone - Case in Vendita e in ...",,,0,NON_DETERMINATO,USCITO_MERCATO,2026-09-05T23:10:34.870715+00:00,2026-09-05T23:10:34.870717+00:00,monitoraggio base,,https://caseinvenditainaffitto.it/case-in-vendita/bussoleno-valli-susa-sangone?page=3,NO,,,0,,NON_ESEGUITA,,,,TITOLO_CATEGORIA_NON_OPERATIVO
BASSA,15,RESIDENZIALE,IMMOBILE,,ACQUISIZIONE IMMOBILE,Venaus,Mercato residenziale,"Case in vendita a Ar Cenisio, Venaus - Case in Vendita e in Affitto",,,0,NON_DETERMINATO,TRACKED,2026-09-05T23:10:34.873192+00:00,2026-09-07T10:14:01.142118+00:00,monitoraggio base,,https://caseinvenditainaffitto.it/case-in-vendita/ar-cenisio-venaus,NO,,,0,,NON_ESEGUITA,,,,TITOLO_CATEGORIA_NON_OPERATIVO
BASSA,15,RESIDENZIALE,IMMOBILE,,ACQUISIZIONE IMMOBILE,Exilles,Nestoria,Case e appartamenti a Via Exilles. Immobili in vendita a Via ... - Nestoria,,,0,NON_DETERMINATO,TRACKED,2026-09-06T22:17:30.166059+00:00,2026-09-07T04:45:03.056286+00:00,monitoraggio base,,https://www.nestoria.it/immobiliare/vendita/via-exilles,NO,,,0,,NON_ESEGUITA,,,,TITOLO_CATEGORIA_NON_OPERATIVO
BASSA,15,RESIDENZIALE,IMMOBILE,,ACQUISIZIONE IMMOBILE,San Didero,Idealista,"Casa rustica in vendita in Strada Gaudietti, 2, San Didero - idealista",,,0,NON_DETERMINATO,USCITO_MERCATO,2026-09-07T00:44:29.376555+00:00,2026-09-21T01:16:25.019800+00:00,monitoraggio base,,https://www.idealista.it/immobile/34109817/,NO,,,0,,NON_ESEGUITA,,,,RUSTICO_ESCLUSO
BASSA,15,RESIDENZIALE,IMMOBILE,,ACQUISIZIONE IMMOBILE,Chiusa di San Michele,Mercato residenziale,"Case in affitto a Chiusa di San Michele, Valli Susa, Sangone",,,0,NON_DETERMINATO,RELISTED,2026-09-07T04:45:03.055922+00:00,2026-09-25T13:39:37.453270+00:00,monitoraggio base,,https://caseinvenditainaffitto.it/case-in-affitto/chiusa-di-san-michele-valli-susa-sangone,NO,,,0,,NON_ESEGUITA,,,,TITOLO_CATEGORIA_NON_OPERATIVO
BASSA,15,RESIDENZIALE,IMMOBILE,,ACQUISIZIONE IMMOBILE,Bruino,Immobiliare.it,"Vendita Rustico Bruino. Ottimo stato, posto auto, 70 m², rif. 132167848",,,0,NON_DETERMINATO,TRACKED,2026-09-08T06:35:04.156992+00:00,2026-09-25T01:30:21.914147+00:00,monitoraggio base,,https://www.immobiliare.it/annunci/132167848/,NO,,,0,,ESEGUITA,,,,RUSTICO_ESCLUSO
BASSA,15,RESIDENZIALE,IMMOBILE,,ACQUISIZIONE IMMOBILE,Givoletto,Nestoria,25.161 immobili in vendita a Givoletto - Nestoria,,,0,NON_DETERMINATO,TRACKED,2026-09-08T06:35:04.157981+00:00,2026-09-25T13:39:37.453729+00:00,monitoraggio base,,https://www.nestoria.it/immobiliare/vendita/givoletto,NO,,,0,,NON_ESEGUITA,,,,TITOLO_CATEGORIA_NON_OPERATIVO
BASSA,15,RESIDENZIALE,IMMOBILE,,ACQUISIZIONE IMMOBILE,Rivalta di Torino,Mercato residenziale,"Immobili in vendita a Pasta, Rivalta Di Torino - Mitula Case",,,0,NON_DETERMINATO,USCITO_MERCATO,2026-09-08T06:35:04.158440+00:00,2026-09-10T11:09:38.638677+00:00,monitoraggio base,,https://immobiliare.mitula.it/rivalta-torino-pasta,NO,,,0,,NON_ESEGUITA,,,,TITOLO_CATEGORIA_NON_OPERATIVO
BASSA,15,RESIDENZIALE,IMMOBILE,,ACQUISIZIONE IMMOBILE,San Gillio,Nestoria,Case e appartamenti a San Gillio. Immobili in vendita a San ... - Nestoria,,,0,NON_DETERMINATO,POSSIBILE_USCITA,2026-09-08T06:35:04.158964+00:00,2026-09-24T07:40:08.273118+00:00,monitoraggio base,,https://www.nestoria.it/immobiliare/vendita/san-gillio,NO,,,0,,NON_ESEGUITA,,,,TITOLO_CATEGORIA_NON_OPERATIVO
BASSA,15,RESIDENZIALE,IMMOBILE,,ACQUISIZIONE IMMOBILE,Vaie,Nestoria,Case e appartamenti a Vaie Torino. Immobili in vendita a ... - Nestoria,,,0,NON_DETERMINATO,TRACKED,2026-09-08T06:35:04.159337+00:00,2026-09-25T13:39:37.454900+00:00,monitoraggio base,,https://www.nestoria.it/immobiliare/vendita/vaie_torino,NO,,,0,,NON_ESEGUITA,,,,TITOLO_CATEGORIA_NON_OPERATIVO
BASSA,15,RESIDENZIALE,IMMOBILE,,ACQUISIZIONE IMMOBILE,Varisella,Nestoria,Case e appartamenti a Via Varisella. Immobili in vendita a ... - Nestoria,,,0,NON_DETERMINATO,TRACKED,2026-09-08T06:35:04.159457+00:00,2026-09-25T13:39:37.455125+00:00,monitoraggio base,,https://www.nestoria.it/immobiliare/vendita/via-varisella,NO,,,0,,NON_ESEGUITA,,,,TITOLO_CATEGORIA_NON_OPERATIVO
BASSA,15,RESIDENZIALE,IMMOBILE,,ACQUISIZIONE IMMOBILE,Caselette,Mercato residenziale,Caselette - 86 case in vendita in Caselette de Nuroa.it,,,0,NON_DETERMINATO,TRACKED,2026-09-08T11:07:58.868107+00:00,2026-09-25T13:39:37.453099+00:00,monitoraggio base,,https://www.nuroa.it/vendita-immobili/caselette,NO,,,0,,NON_ESEGUITA,,,,PAGINA_CATEGORIA_O_RICERCA
BASSA,15,RESIDENZIALE,IMMOBILE,,ACQUISIZIONE IMMOBILE,Trana,Mercato residenziale,"Case in vendita a Pianca, Trana - Case in Vendita e in Affitto",,,0,NON_DETERMINATO,USCITO_MERCATO,2026-09-08T11:07:58.869425+00:00,2026-09-16T22:13:22.799025+00:00,monitoraggio base,,https://caseinvenditainaffitto.it/case-in-vendita/pianca-trana,NO,,,0,,NON_ESEGUITA,,,,TITOLO_CATEGORIA_NON_OPERATIVO
BASSA,15,RESIDENZIALE,IMMOBILE,,ACQUISIZIONE IMMOBILE,Druento,Mercato residenziale,Appartamenti in vendita a Druento - case in vendita e affitto,,,0,NON_DETERMINATO,USCITO_MERCATO,2026-09-08T18:39:29.644386+00:00,2026-09-21T12:37:01.289445+00:00,monitoraggio base,,https://www.case24.it/immobili/piemonte/torino/druento/,NO,,,0,,NON_ESEGUITA,,,,TITOLO_CATEGORIA_NON_OPERATIVO
BASSA,15,RESIDENZIALE,IMMOBILE,,ACQUISIZIONE IMMOBILE,Bruino,Immobiliare.it,"Vendita Rustico Bruino. Ottimo stato, posto auto, 300 m², rif. 132167640",,,0,NON_DETERMINATO,USCITO_MERCATO,2026-09-08T21:57:25.794778+00:00,2026-09-08T21:57:25.794780+00:00,monitoraggio base,,https://www.immobiliare.it/annunci/132167640/,NO,,,0,,ESEGUITA,,,,RUSTICO_ESCLUSO
BASSA,15,RESIDENZIALE,IMMOBILE,,ACQUISIZIONE IMMOBILE,Chiusa di San Michele,Mercato residenziale,"Case in vendita a Chiusa di San Michele, Valli Susa, Sangone",,,0,NON_DETERMINATO,USCITO_MERCATO,2026-09-08T21:57:25.795000+00:00,2026-09-12T17:06:03.935006+00:00,monitoraggio base,,https://caseinvenditainaffitto.it/case-in-vendita/chiusa-di-san-michele-valli-susa-sangone,NO,,,0,,NON_ESEGUITA,,,,TITOLO_CATEGORIA_NON_OPERATIVO
BASSA,15,RESIDENZIALE,IMMOBILE,,ACQUISIZIONE IMMOBILE,Druento,Nestoria,Case e appartamenti a Druento. Immobili in vendita a Druento - Nestoria,,,0,NON_DETERMINATO,TRACKED,2026-09-09T04:02:27.437747+00:00,2026-09-25T01:30:21.914624+00:00,monitoraggio base,,https://www.nestoria.it/immobiliare/vendita/druento,NO,,,0,,NON_ESEGUITA,,,,TITOLO_CATEGORIA_NON_OPERATIVO
BASSA,15,RESIDENZIALE,IMMOBILE,,ACQUISIZIONE IMMOBILE,San Gillio,Mercato residenziale,"Case in vendita a San Gillio, Torino Ovest",,,0,NON_DETERMINATO,USCITO_MERCATO,2026-09-09T04:02:27.439073+00:00,2026-09-14T01:05:27.892654+00:00,monitoraggio base,,https://caseinvenditainaffitto.it/case-in-vendita/san-gillio-torino-ovest,NO,,,0,,NON_ESEGUITA,,,,TITOLO_CATEGORIA_NON_OPERATIVO
BASSA,15,RESIDENZIALE,IMMOBILE,,ACQUISIZIONE IMMOBILE,Beinasco,Wikicasa,Appartamenti in vendita a Beinasco - Wikicasa,,,0,NON_DETERMINATO,POSSIBILE_USCITA,2026-09-09T13:49:33.337470+00:00,2026-09-24T13:39:01.456450+00:00,monitoraggio base,,https://www.wikicasa.it/vendita-appartamenti/beinasco/,NO,,,0,,ESEGUITA,,,,TITOLO_CATEGORIA_NON_OPERATIVO
BASSA,15,RESIDENZIALE,IMMOBILE,,ACQUISIZIONE IMMOBILE,Villarbasse,Mercato residenziale,Più di dieci appartamenti in vendita a Villarbasse.,,,0,NON_DETERMINATO,USCITO_MERCATO,2026-09-09T13:49:33.339222+00:00,2026-09-17T23:05:00.277263+00:00,monitoraggio base,,https://www.caasa.it/torino/villarbasse/appartamento/in-vendita.html,NO,,,0,,NON_ESEGUITA,,,,TITOLO_CATEGORIA_NON_OPERATIVO
BASSA,15,RESIDENZIALE,IMMOBILE,,ACQUISIZIONE IMMOBILE,Villarbasse,Trovit,30 immobili in affitto a Villarbasse - Trovit,,,0,NON_DETERMINATO,USCITO_MERCATO,2026-09-09T13:49:33.339274+00:00,2026-09-09T13:49:33.339275+00:00,monitoraggio base,,https://case.trovit.it/affitto-villarbasse,NO,,,0,,NON_ESEGUITA,,,,PAGINA_CATEGORIA_O_RICERCA
BASSA,15,RESIDENZIALE,IMMOBILE,,ACQUISIZIONE IMMOBILE,Fiano,Nestoria,Case e appartamenti a Fiano Romano. Immobili in vendita a ... - Nestoria,,,0,NON_DETERMINATO,POSSIBILE_USCITA,2026-09-09T17:56:58.703351+00:00,2026-09-24T18:35:30.193559+00:00,monitoraggio base,,https://www.nestoria.it/immobiliare/vendita/fiano-romano,NO,,,0,,NON_ESEGUITA,,,,TITOLO_CATEGORIA_NON_OPERATIVO
BASSA,15,RESIDENZIALE,IMMOBILE,,ACQUISIZIONE IMMOBILE,Rivalta di Torino,Mercato residenziale,"Case in vendita a Pasta, Rivalta di Torino",,,0,NON_DETERMINATO,RELISTED,2026-09-09T17:56:58.703971+00:00,2026-09-25T01:30:21.915334+00:00,monitoraggio base,,https://caseinvenditainaffitto.it/case-in-vendita/pasta-rivalta-di-torino,NO,,,0,,NON_ESEGUITA,,,,TITOLO_CATEGORIA_NON_OPERATIVO
BASSA,15,RESIDENZIALE,IMMOBILE,,ACQUISIZIONE IMMOBILE,Rivalta di Torino,Trovit,200 appartamentos in vendita a Rivalta di Torino - Trovit,,,0,NON_DETERMINATO,USCITO_MERCATO,2026-09-09T20:56:38.869971+00:00,2026-09-09T23:18:34.768688+00:00,monitoraggio base,,https://case.trovit.it/appartamento-rivalta-torino,NO,,,0,,NON_ESEGUITA,,,,PAGINA_CATEGORIA_O_RICERCA
BASSA,15,RESIDENZIALE,IMMOBILE,,ACQUISIZIONE IMMOBILE,Fiano,Trovit,66 immobili in vendita a Fiano - Trovit,,,0,NON_DETERMINATO,USCITO_MERCATO,2026-09-10T01:14:41.785575+00:00,2026-09-15T01:31:48.170455+00:00,monitoraggio base,,https://case.trovit.it/fiano,NO,,,0,,NON_ESEGUITA,,,,PAGINA_CATEGORIA_O_RICERCA
BASSA,15,RESIDENZIALE,IMMOBILE,,ACQUISIZIONE IMMOBILE,Rivoli,Mercato residenziale,Rivoli Cascine Vica - 510 case in vendita in Rivoli de Nuroa.it,,,0,NON_DETERMINATO,USCITO_MERCATO,2026-09-10T01:14:41.786042+00:00,2026-09-10T21:45:03.419479+00:00,monitoraggio base,,https://www.nuroa.it/vendita-immobili/rivoli-cascine-vica,NO,,,0,,NON_ESEGUITA,,,,PAGINA_CATEGORIA_O_RICERCA
BASSA,15,RESIDENZIALE,IMMOBILE,,ACQUISIZIONE IMMOBILE,Beinasco,Mercato residenziale,Case in vendita da Privati a Beinasco - CasaDaPrivato.it,,,0,NON_DETERMINATO,USCITO_MERCATO,2026-09-10T11:09:38.636942+00:00,2026-09-13T09:37:53.087250+00:00,monitoraggio base,,https://www.casadaprivato.it/annunci-vendita/immobili/torino-beinasco,NO,,,0,,ESEGUITA,"Frazione Borgaretto, Via Galileo Galilei","Frazione Borgaretto, Via Galileo Galilei 10",VAI IN ZONA,TITOLO_CATEGORIA_NON_OPERATIVO
BASSA,15,RESIDENZIALE,IMMOBILE,,ACQUISIZIONE IMMOBILE,Villar Dora,Mercato residenziale,Case in vendita a Villar Dora | Bilocale.it,,,0,NON_DETERMINATO,USCITO_MERCATO,2026-09-10T21:45:03.420151+00:00,2026-09-15T18:17:59.373734+00:00,monitoraggio base,,https://www.bilocale.it/vendita-case/villar-dora/,NO,,,0,,NON_ESEGUITA,,,,TITOLO_CATEGORIA_NON_OPERATIVO
BASSA,15,RESIDENZIALE,IMMOBILE,,ACQUISIZIONE IMMOBILE,Rivoli,Mercato residenziale,Appartamenti in vendita a Rivoli in zona Via Fratelli Piol,,,0,NON_DETERMINATO,USCITO_MERCATO,2026-09-11T09:00:35.958453+00:00,2026-09-22T13:28:47.917101+00:00,monitoraggio base,,https://www.caasa.it/torino/rivoli-zona-v-f-lli-piol/appartamento/in-vendita.html,NO,,,0,,NON_ESEGUITA,,,,TITOLO_CATEGORIA_NON_OPERATIVO
BASSA,15,RESIDENZIALE,IMMOBILE,,ACQUISIZIONE IMMOBILE,Villarbasse,Mercato residenziale,Case in vendita a Villarbasse | Bilocale.it,,,0,NON_DETERMINATO,USCITO_MERCATO,2026-09-11T09:00:35.959127+00:00,2026-09-23T19:10:52.200902+00:00,monitoraggio base,,https://www.bilocale.it/vendita-case/villarbasse/,NO,,,0,,NON_ESEGUITA,,,,TITOLO_CATEGORIA_NON_OPERATIVO
BASSA,15,RESIDENZIALE,IMMOBILE,,ACQUISIZIONE IMMOBILE,Trana,Mercato residenziale,Case in vendita a Trana | Bilocale.it,,,0,NON_DETERMINATO,USCITO_MERCATO,2026-09-11T13:39:24.925260+00:00,2026-09-11T13:39:24.925261+00:00,monitoraggio base,,https://www.bilocale.it/vendita-case/trana/,NO,,,0,,NON_ESEGUITA,,,,TITOLO_CATEGORIA_NON_OPERATIVO
BASSA,15,RESIDENZIALE,IMMOBILE,,ACQUISIZIONE IMMOBILE,Caprie,Immobiliare.it,"Vendita Rustico in via Pietra Rotonda 15 Caprie. Da ristrutturare, 60 ...",,,0,NON_DETERMINATO,USCITO_MERCATO,2026-09-11T17:53:32.667478+00:00,2026-09-16T04:54:00.958517+00:00,monitoraggio base,,https://www.immobiliare.it/annunci/132334780/,NO,,,0,,ESEGUITA,via Pietra Rotonda,via Pietra Rotonda 15,VAI IN ZONA,RUSTICO_ESCLUSO
BASSA,15,RESIDENZIALE,IMMOBILE,,ACQUISIZIONE IMMOBILE,Giaveno,Mercato residenziale,Case in vendita da Privati a Giaveno - CasaDaPrivato.it,,,0,NON_DETERMINATO,USCITO_MERCATO,2026-09-11T23:19:47.989575+00:00,2026-09-11T23:19:47.989577+00:00,monitoraggio base,,https://www.casadaprivato.it/annunci-vendita/immobili/torino-giaveno,NO,,,0,,NON_ESEGUITA,,,,TITOLO_CATEGORIA_NON_OPERATIVO
BASSA,15,RESIDENZIALE,IMMOBILE,,ACQUISIZIONE IMMOBILE,Villar Focchiardo,Mercato residenziale,303 Immobili in vendita a Villar Focchiardo - Mitula Case,,,0,NON_DETERMINATO,USCITO_MERCATO,2026-09-11T23:19:47.991489+00:00,2026-09-21T12:37:01.291362+00:00,monitoraggio base,,https://immobiliare.mitula.it/villar-focchiardo,NO,,,0,,NON_ESEGUITA,,,,TITOLO_CATEGORIA_NON_OPERATIVO
BASSA,15,RESIDENZIALE,IMMOBILE,,ACQUISIZIONE IMMOBILE,San Giorio di Susa,Trovit,38 immobili in vendita a San Giorio di Susa - Trovit,,,0,NON_DETERMINATO,TRACKED,2026-09-12T05:52:24.478378+00:00,2026-09-25T13:39:37.454628+00:00,monitoraggio base,,https://case.trovit.it/san-giorio-susa,NO,,,0,,NON_ESEGUITA,,,,PAGINA_CATEGORIA_O_RICERCA
BASSA,15,RESIDENZIALE,IMMOBILE,,ACQUISIZIONE IMMOBILE,Beinasco,Mercato residenziale,Case in Vendita e Affitto a Beinasco - Beinasco Case S.A.S Di ...,,,0,NON_DETERMINATO,POSSIBILE_USCITA,2026-09-12T14:11:38.610788+00:00,2026-09-24T07:40:08.271011+00:00,monitoraggio base,,https://www.grimaldifranchising.it/agenzia/beinasco,NO,,,0,Beinasco Case S.A.S Di Fratantaro Giancarlo E Illustrato Michele & C,ESEGUITA,,,,TITOLO_CATEGORIA_NON_OPERATIVO
BASSA,15,RESIDENZIALE,IMMOBILE,,ACQUISIZIONE IMMOBILE,Villar Focchiardo,Mercato residenziale,Case in vendita a Villar Focchiardo | Bilocale.it,,,0,NON_DETERMINATO,USCITO_MERCATO,2026-09-12T14:11:38.613456+00:00,2026-09-19T23:00:29.359337+00:00,monitoraggio base,,https://www.bilocale.it/vendita-case/villar-focchiardo/,NO,,,0,,NON_ESEGUITA,,,,TITOLO_CATEGORIA_NON_OPERATIVO
BASSA,15,RESIDENZIALE,IMMOBILE,,ACQUISIZIONE IMMOBILE,Grugliasco,Tecnorete,Trilocale in vendita - Appartamenti in vendita rif. 61235767 | Agenzia ...,,,0,NON_DETERMINATO,USCITO_MERCATO,2026-09-12T17:06:03.935825+00:00,2026-09-12T17:06:03.935827+00:00,monitoraggio base,,https://grugliasco2.tecnorete.it/grugliasco/appartamenti-in-vendita-61235767,NO,,,0,,NON_ESEGUITA,,,,TITOLO_CATEGORIA_NON_OPERATIVO
BASSA,15,RESIDENZIALE,IMMOBILE,,ACQUISIZIONE IMMOBILE,San Gillio,Mercato residenziale,Appartamenti in vendita a San Gillio - case in vendita e affitto,,,0,NON_DETERMINATO,USCITO_MERCATO,2026-09-12T19:18:03.778642+00:00,2026-09-17T16:48:02.648648+00:00,monitoraggio base,,https://www.case24.it/immobili/piemonte/torino/san_gillio/,NO,,,0,,NON_ESEGUITA,,,,TITOLO_CATEGORIA_NON_OPERATIVO
BASSA,15,RESIDENZIALE,IMMOBILE,,ACQUISIZIONE IMMOBILE,Chiusa di San Michele,Mercato residenziale,Case in vendita da Privati a Chiusa di San Michele,,,0,NON_DETERMINATO,TRACKED,2026-09-13T09:37:53.087814+00:00,2026-09-25T13:39:37.453230+00:00,monitoraggio base,,https://www.casadaprivato.it/annunci-vendita/immobili/torino-chiusa_di_san_michele,NO,,,0,,NON_ESEGUITA,,,,TITOLO_CATEGORIA_NON_OPERATIVO
BASSA,15,RESIDENZIALE,IMMOBILE,,ACQUISIZIONE IMMOBILE,Villar Dora,Tecnorete,Casa semindipendente in vendita - Rustici / cascine / case in vendita ...,,,0,NON_DETERMINATO,USCITO_MERCATO,2026-09-13T14:26:02.557474+00:00,2026-09-13T14:26:02.557476+00:00,monitoraggio base,,https://almese1.tecnorete.it/villar-dora/rustici-cascine-case-in-vendita-61162298,NO,,,0,,NON_ESEGUITA,,,,RUSTICO_ESCLUSO
BASSA,15,RESIDENZIALE,IMMOBILE,,ACQUISIZIONE IMMOBILE,Rivoli,Mercato residenziale,"Case in vendita a Bruere, Rivoli - Case in Vendita e in Affitto",,,0,NON_DETERMINATO,TRACKED,2026-09-13T18:14:54.120267+00:00,2026-09-25T13:39:37.454170+00:00,monitoraggio base,,https://caseinvenditainaffitto.it/case-in-vendita/bruere-rivoli,NO,,,0,,NON_ESEGUITA,,,,TITOLO_CATEGORIA_NON_OPERATIVO
BASSA,15,RESIDENZIALE,IMMOBILE,,ACQUISIZIONE IMMOBILE,Robassomero,Tecnorete,Quadrilocale in vendita - Appartamenti in vendita rif. 61232612 ...,,,0,NON_DETERMINATO,USCITO_MERCATO,2026-09-13T20:46:02.147860+00:00,2026-09-13T20:46:02.147862+00:00,monitoraggio base,,https://fiano1.tecnorete.it/robassomero/appartamenti-in-vendita-61232612,NO,,,0,,NON_ESEGUITA,,,,TITOLO_CATEGORIA_NON_OPERATIVO
BASSA,15,RESIDENZIALE,IMMOBILE,,ACQUISIZIONE IMMOBILE,San Giorio di Susa,Mercato residenziale,"Case in vendita a Malpasso, San Giorio di Susa",,,0,NON_DETERMINATO,TRACKED,2026-09-13T23:15:39.650682+00:00,2026-09-25T13:39:37.454635+00:00,monitoraggio base,,https://caseinvenditainaffitto.it/case-in-vendita/malpasso-san-giorio-di-susa,NO,,,0,,NON_ESEGUITA,,,,TITOLO_CATEGORIA_NON_OPERATIVO
BASSA,15,RESIDENZIALE,IMMOBILE,,ACQUISIZIONE IMMOBILE,Collegno,Mercato residenziale,Case in vendita da Privati a Collegno - CasaDaPrivato.it,,,0,NON_DETERMINATO,USCITO_MERCATO,2026-09-14T01:05:27.891320+00:00,2026-09-16T04:54:00.958839+00:00,monitoraggio base,,https://www.casadaprivato.it/annunci-vendita/immobili/torino-collegno,NO,,,0,,NON_ESEGUITA,,,,TITOLO_CATEGORIA_NON_OPERATIVO
BASSA,15,RESIDENZIALE,IMMOBILE,,ACQUISIZIONE IMMOBILE,San Gillio,Mercato residenziale,430 Case in vendita a San Gillio - Mitula Case,,,0,NON_DETERMINATO,TRACKED,2026-09-14T12:27:12.114312+00:00,2026-09-25T01:30:21.915745+00:00,monitoraggio base,,https://immobiliare.mitula.it/casa-san-gillio,NO,,,0,,NON_ESEGUITA,,,,TITOLO_CATEGORIA_NON_OPERATIVO
BASSA,15,RESIDENZIALE,IMMOBILE,,ACQUISIZIONE IMMOBILE,Valgioie,Mercato residenziale,Valgioie - 87 case in vendita in Valgioie de Nuroa.it,,,0,NON_DETERMINATO,TRACKED,2026-09-14T12:27:12.114774+00:00,2026-09-25T13:39:37.455023+00:00,monitoraggio base,,https://www.nuroa.it/vendita-immobili/valgioie,NO,,,0,,NON_ESEGUITA,,,,PAGINA_CATEGORIA_O_RICERCA
BASSA,15,RESIDENZIALE,IMMOBILE,,ACQUISIZIONE IMMOBILE,Fiano,Mercato residenziale,Case in vendita a Fiano Romano | Bilocale.it,,,0,NON_DETERMINATO,USCITO_MERCATO,2026-09-14T18:41:54.043709+00:00,2026-09-14T18:41:54.043711+00:00,monitoraggio base,,https://www.bilocale.it/vendita-case/fiano-romano/,NO,,,0,,NON_ESEGUITA,,,,TITOLO_CATEGORIA_NON_OPERATIVO
BASSA,15,RESIDENZIALE,IMMOBILE,,ACQUISIZIONE IMMOBILE,Fiano,Mercato residenziale,Case in Vendita Fiano Romano - CaseRoma.it,,,0,NON_DETERMINATO,USCITO_MERCATO,2026-09-14T18:41:54.043716+00:00,2026-09-14T18:41:54.043718+00:00,monitoraggio base,,https://www.caseroma.it/annunci-vendita/immobili/roma-fiano_romano,NO,,,0,,NON_ESEGUITA,,,,TITOLO_CATEGORIA_NON_OPERATIVO
BASSA,15,RESIDENZIALE,IMMOBILE,,ACQUISIZIONE IMMOBILE,Rosta,Nestoria,Case e appartamenti a Rosta Torino. Immobili in vendita a ... - Nestoria,,,0,NON_DETERMINATO,POSSIBILE_USCITA,2026-09-14T18:41:54.044575+00:00,2026-09-24T07:40:08.272971+00:00,monitoraggio base,,https://www.nestoria.it/immobiliare/vendita/rosta_torino,NO,,,0,,NON_ESEGUITA,,,,TITOLO_CATEGORIA_NON_OPERATIVO
BASSA,15,RESIDENZIALE,IMMOBILE,,ACQUISIZIONE IMMOBILE,Sant'Antonino di Susa,Wikicasa,Case in vendita a Sant'Antonino Di Susa - Wikicasa,,,0,NON_DETERMINATO,USCITO_MERCATO,2026-09-14T18:41:54.045041+00:00,2026-09-14T18:41:54.045043+00:00,monitoraggio base,,https://www.wikicasa.it/vendita-case/sant-antonino-di-susa/,NO,,,0,,NON_ESEGUITA,,,,TITOLO_CATEGORIA_NON_OPERATIVO
BASSA,15,RESIDENZIALE,IMMOBILE,,ACQUISIZIONE IMMOBILE,San Didero,Mercato residenziale,Case in vendita a San Didero | Bilocale.it,,,0,NON_DETERMINATO,TRACKED,2026-09-14T22:36:38.494775+00:00,2026-09-25T01:30:21.915719+00:00,monitoraggio base,,https://www.bilocale.it/vendita-case/san-didero/,NO,,,0,,NON_ESEGUITA,,,,TITOLO_CATEGORIA_NON_OPERATIVO
BASSA,15,RESIDENZIALE,IMMOBILE,,ACQUISIZIONE IMMOBILE,San Gillio,Immobiliare.it,Vendita Rustico in via Valdellatorre 91 San Gillio. Da ristrutturare ...,,,0,NON_DETERMINATO,USCITO_MERCATO,2026-09-14T22:36:38.494836+00:00,2026-09-14T22:36:38.494838+00:00,monitoraggio base,,https://www.immobiliare.it/annunci/129143018/,NO,,,0,,NON_ESEGUITA,,,,RUSTICO_ESCLUSO
BASSA,15,RESIDENZIALE,IMMOBILE,,ACQUISIZIONE IMMOBILE,San Gillio,Mercato residenziale,"Case in affitto a San Gillio, Torino Ovest - Case in Vendita e in Affitto",,,0,NON_DETERMINATO,USCITO_MERCATO,2026-09-14T22:36:38.494843+00:00,2026-09-14T22:36:38.494844+00:00,monitoraggio base,,https://caseinvenditainaffitto.it/case-in-affitto/san-gillio-torino-ovest,NO,,,0,,NON_ESEGUITA,,,,TITOLO_CATEGORIA_NON_OPERATIVO
BASSA,15,RESIDENZIALE,IMMOBILE,,ACQUISIZIONE IMMOBILE,Villarbasse,Mercato residenziale,974 Immobili in vendita a Villarbasse - Mitula Case,,,0,NON_DETERMINATO,USCITO_MERCATO,2026-09-14T22:36:38.495461+00:00,2026-09-14T22:36:38.495463+00:00,monitoraggio base,,https://immobiliare.mitula.it/villarbasse,NO,,,0,,NON_ESEGUITA,,,,TITOLO_CATEGORIA_NON_OPERATIVO
BASSA,15,RESIDENZIALE,IMMOBILE,,ACQUISIZIONE IMMOBILE,Givoletto,Mercato residenziale,Case in vendita a Givoletto | Bilocale.it,,,0,NON_DETERMINATO,USCITO_MERCATO,2026-09-15T01:31:48.170623+00:00,2026-09-19T20:30:44.817433+00:00,monitoraggio base,,https://www.bilocale.it/vendita-case/givoletto/,NO,,,0,,NON_ESEGUITA,,,,TITOLO_CATEGORIA_NON_OPERATIVO
BASSA,15,RESIDENZIALE,IMMOBILE,,ACQUISIZIONE IMMOBILE,Collegno,Mercato residenziale,Vendita Bifamiliare Collegno - 26 case in vendita in Collegno de Nuroa.it,,,0,NON_DETERMINATO,USCITO_MERCATO,2026-09-15T13:33:03.393649+00:00,2026-09-17T16:48:02.647453+00:00,monitoraggio base,,https://www.nuroa.it/vendita-immobili/vendita-bifamiliare-collegno,NO,,,0,,NON_ESEGUITA,,,,PAGINA_CATEGORIA_O_RICERCA
BASSA,15,RESIDENZIALE,IMMOBILE,,ACQUISIZIONE IMMOBILE,Chiusa di San Michele,Mercato residenziale,Case in vendita a Chiusa di San Michele | Bilocale.it,,,0,NON_DETERMINATO,USCITO_MERCATO,2026-09-16T14:58:05.670900+00:00,2026-09-17T11:30:50.189859+00:00,monitoraggio base,,https://www.bilocale.it/vendita-case/chiusa-di-san-michele/,NO,,,0,,NON_ESEGUITA,,,,TITOLO_CATEGORIA_NON_OPERATIVO
BASSA,15,RESIDENZIALE,IMMOBILE,,ACQUISIZIONE IMMOBILE,Fiano,Mercato residenziale,Case in vendita da Privati a Fiano Romano - CasaDaPrivato.it,,,0,NON_DETERMINATO,USCITO_MERCATO,2026-09-16T22:13:22.798010+00:00,2026-09-18T19:44:01.662155+00:00,monitoraggio base,,https://www.casadaprivato.it/annunci-vendita/immobili/roma-fiano_romano,NO,,,0,,NON_ESEGUITA,,,,TITOLO_CATEGORIA_NON_OPERATIVO
BASSA,15,RESIDENZIALE,IMMOBILE,,ACQUISIZIONE IMMOBILE,Rosta,Mercato residenziale,Case in vendita a Rosta | Bilocale.it,,,0,NON_DETERMINATO,USCITO_MERCATO,2026-09-16T22:13:22.798697+00:00,2026-09-16T22:13:22.798698+00:00,monitoraggio base,,https://www.bilocale.it/vendita-case/rosta/,NO,,,0,,NON_ESEGUITA,,,,TITOLO_CATEGORIA_NON_OPERATIVO
BASSA,15,RESIDENZIALE,IMMOBILE,,ACQUISIZIONE IMMOBILE,Valgioie,Nestoria,14.602 immobili in vendita a Valgioie - Nestoria,,,0,NON_DETERMINATO,TRACKED,2026-09-17T11:30:50.192069+00:00,2026-09-25T01:30:21.916149+00:00,monitoraggio base,,https://www.nestoria.it/immobiliare/vendita/valgioie,NO,,,0,,NON_ESEGUITA,,,,TITOLO_CATEGORIA_NON_OPERATIVO
BASSA,15,RESIDENZIALE,IMMOBILE,,ACQUISIZIONE IMMOBILE,Pianezza,Nestoria,27.736 immobili in vendita a Pianezza Torino - Nestoria,,,0,NON_DETERMINATO,TRACKED,2026-09-17T16:48:02.648160+00:00,2026-09-24T22:22:05.019124+00:00,monitoraggio base,,https://www.nestoria.it/immobiliare/vendita/pianezza,NO,,,0,,NON_ESEGUITA,,,,TITOLO_CATEGORIA_NON_OPERATIVO
BASSA,15,RESIDENZIALE,IMMOBILE,,ACQUISIZIONE IMMOBILE,Val della Torre,Nestoria,20.585 immobili in vendita a Val della Torre - Nestoria,,,0,NON_DETERMINATO,USCITO_MERCATO,2026-09-17T16:48:02.648956+00:00,2026-09-17T16:48:02.648957+00:00,monitoraggio base,,https://www.nestoria.it/immobiliare/vendita/val-della-torre,NO,,,0,,NON_ESEGUITA,,,,TITOLO_CATEGORIA_NON_OPERATIVO
BASSA,15,RESIDENZIALE,IMMOBILE,,ACQUISIZIONE IMMOBILE,Fiano,Mercato residenziale,Villa Via Padova Fiano Romano - 6 case in vendita in Fiano de Nuroa.it,,,0,NON_DETERMINATO,USCITO_MERCATO,2026-09-18T17:15:59.823960+00:00,2026-09-18T17:15:59.823961+00:00,monitoraggio base,,https://www.nuroa.it/vendita-immobili/villa-via-padova-fiano-romano,NO,,,0,,NON_ESEGUITA,,,,PAGINA_CATEGORIA_O_RICERCA
BASSA,15,RESIDENZIALE,IMMOBILE,,ACQUISIZIONE IMMOBILE,Grugliasco,Mercato residenziale,Grugliasco - 833 case in vendita in Grugliasco de Nuroa.it,,,0,NON_DETERMINATO,USCITO_MERCATO,2026-09-18T19:44:01.662542+00:00,2026-09-19T20:30:44.817545+00:00,monitoraggio base,,https://www.nuroa.it/vendita-immobili/grugliasco,NO,,,0,,NON_ESEGUITA,,,,PAGINA_CATEGORIA_O_RICERCA
BASSA,15,RESIDENZIALE,IMMOBILE,,ACQUISIZIONE IMMOBILE,Rivalta di Torino,Mercato residenziale,Appartamenti in vendita a Rivalta di Torino in zona Pasta,,,0,NON_DETERMINATO,USCITO_MERCATO,2026-09-18T19:44:01.663010+00:00,2026-09-18T19:44:01.663012+00:00,monitoraggio base,,https://www.caasa.it/torino/rivalta-di-torino-zona-pasta/appartamento/in-vendita.html,NO,,,0,,NON_ESEGUITA,,,,TITOLO_CATEGORIA_NON_OPERATIVO
BASSA,15,RESIDENZIALE,IMMOBILE,,ACQUISIZIONE IMMOBILE,Caselette,Tipologie residenziali,Vendita Villa Caselette - 18 case in vendita in Caselette de Nuroa.it,,,0,NON_DETERMINATO,POSSIBILE_USCITA,2026-09-19T06:11:00.695274+00:00,2026-09-24T07:40:08.271324+00:00,monitoraggio base,,https://www.nuroa.it/vendita-immobili/vendita-villa-caselette,NO,,,0,,NON_ESEGUITA,,,,PAGINA_CATEGORIA_O_RICERCA
BASSA,15,RESIDENZIALE,IMMOBILE,,ACQUISIZIONE IMMOBILE,Givoletto,Wikicasa,Appartamenti in vendita a Givoletto - Wikicasa,,,0,NON_DETERMINATO,TRACKED,2026-09-19T06:11:00.696389+00:00,2026-09-25T13:39:37.453742+00:00,monitoraggio base,,https://www.wikicasa.it/vendita-appartamenti/givoletto/,NO,,,0,,NON_ESEGUITA,,,,TITOLO_CATEGORIA_NON_OPERATIVO
BASSA,15,RESIDENZIALE,IMMOBILE,,ACQUISIZIONE IMMOBILE,Rubiana,Mercato residenziale,Più di dieci appartamenti in vendita a Rubiana Favella. - Caasa,,,0,NON_DETERMINATO,TRACKED,2026-09-19T06:11:00.697276+00:00,2026-09-25T13:39:37.454495+00:00,monitoraggio base,,https://www.caasa.it/torino/rubiana-zona-favella/appartamento/in-vendita.html,NO,,,0,,NON_ESEGUITA,,,,TITOLO_CATEGORIA_NON_OPERATIVO
BASSA,15,RESIDENZIALE,IMMOBILE,,ACQUISIZIONE IMMOBILE,Villar Focchiardo,Nestoria,3.687 case in vendita a Villar Focchiardo - Nestoria,,,0,NON_DETERMINATO,USCITO_MERCATO,2026-09-19T23:00:29.359349+00:00,2026-09-23T22:23:47.791530+00:00,monitoraggio base,,https://www.nestoria.it/case/vendita/villar-focchiardo,NO,,,0,,NON_ESEGUITA,,,,TITOLO_CATEGORIA_NON_OPERATIVO
BASSA,15,RESIDENZIALE,IMMOBILE,,ACQUISIZIONE IMMOBILE,Chiusa di San Michele,Wikicasa,Case in vendita a Chiusa Di San Michele - Wikicasa,,,0,NON_DETERMINATO,USCITO_MERCATO,2026-09-20T01:04:10.801747+00:00,2026-09-21T01:16:25.016580+00:00,monitoraggio base,,https://www.wikicasa.it/vendita-case/chiusa-di-san-michele/,NO,,,0,,NON_ESEGUITA,,,,TITOLO_CATEGORIA_NON_OPERATIVO
BASSA,15,RESIDENZIALE,IMMOBILE,,ACQUISIZIONE IMMOBILE,Giaveno,Wikicasa,Appartamenti in vendita a Giaveno - Wikicasa,,,0,NON_DETERMINATO,USCITO_MERCATO,2026-09-20T01:04:10.802232+00:00,2026-09-23T04:11:30.674915+00:00,monitoraggio base,,https://www.wikicasa.it/vendita-appartamenti/giaveno/,NO,,,0,,NON_ESEGUITA,,,,TITOLO_CATEGORIA_NON_OPERATIVO
BASSA,15,RESIDENZIALE,IMMOBILE,,ACQUISIZIONE IMMOBILE,Rivoli,Casa.it,"Rustico, casale in Vendita in Via Rombò a Rivoli - 75mq - Casa.it",,,0,NON_DETERMINATO,USCITO_MERCATO,2026-09-20T01:04:10.802968+00:00,2026-09-21T01:16:25.019185+00:00,monitoraggio base,,https://www.casa.it/immobili/54765046/,NO,,,0,,NON_ESEGUITA,,,,RUSTICO_ESCLUSO
BASSA,15,RESIDENZIALE,IMMOBILE,,ACQUISIZIONE IMMOBILE,Rivoli,Wikicasa,"Case in vendita a Bruere - Nuvoli - Kennedy, Rivoli - Wikicasa",,,0,NON_DETERMINATO,USCITO_MERCATO,2026-09-20T01:04:10.802986+00:00,2026-09-21T01:16:25.019207+00:00,monitoraggio base,,https://www.wikicasa.it/vendita-case/rivoli/zona-bruere-nuvoli-kennedy/,NO,,,0,,NON_ESEGUITA,,,,TITOLO_CATEGORIA_NON_OPERATIVO
BASSA,15,RESIDENZIALE,IMMOBILE,,ACQUISIZIONE IMMOBILE,Rivoli,Wikicasa,"Rustico in vendita, Via Rombò, Rivoli con giardino condominiale, 75 mq ...",,,0,NON_DETERMINATO,USCITO_MERCATO,2026-09-20T01:04:10.802991+00:00,2026-09-20T01:04:10.802992+00:00,monitoraggio base,,https://www.wikicasa.it/annuncio/30861630,NO,,,0,,NON_ESEGUITA,,,,RUSTICO_ESCLUSO
BASSA,15,RESIDENZIALE,IMMOBILE,,ACQUISIZIONE IMMOBILE,Giaveno,Nestoria,Case e appartamenti a Via Giaveno. Immobili in vendita a Via ... - Nestoria,,,0,NON_DETERMINATO,USCITO_MERCATO,2026-09-20T06:08:00.346779+00:00,2026-09-20T06:08:00.346781+00:00,monitoraggio base,,https://www.nestoria.it/immobiliare/vendita/via-giaveno,NO,,,0,,NON_ESEGUITA,,,,TITOLO_CATEGORIA_NON_OPERATIVO
BASSA,15,RESIDENZIALE,IMMOBILE,,ACQUISIZIONE IMMOBILE,Giaveno,Nestoria,Case e appartamenti a Colle Braida. Immobili in vendita a ... - Nestoria,,,0,NON_DETERMINATO,USCITO_MERCATO,2026-09-20T06:08:00.346785+00:00,2026-09-20T06:08:00.346786+00:00,monitoraggio base,,https://www.nestoria.it/immobiliare/vendita/colle-braida,NO,,,0,,NON_ESEGUITA,,,,TITOLO_CATEGORIA_NON_OPERATIVO
BASSA,15,RESIDENZIALE,IMMOBILE,,ACQUISIZIONE IMMOBILE,Val della Torre,Mercato residenziale,"Case in vendita a Val della Torre, Ciriacese, Valli di Lanzo",,,0,NON_DETERMINATO,USCITO_MERCATO,2026-09-20T21:00:13.358240+00:00,2026-09-23T22:23:47.791372+00:00,monitoraggio base,,https://caseinvenditainaffitto.it/case-in-vendita/val-della-torre-ciriacese-valli-di-lanzo,NO,,,0,,NON_ESEGUITA,,,,TITOLO_CATEGORIA_NON_OPERATIVO
BASSA,15,RESIDENZIALE,IMMOBILE,,ACQUISIZIONE IMMOBILE,Villar Dora,Tecnorete,Trilocale in vendita - Appartamenti in vendita rif. 60877722 | Agenzia ...,,,0,NON_DETERMINATO,USCITO_MERCATO,2026-09-20T21:00:13.358558+00:00,2026-09-20T21:00:13.358559+00:00,monitoraggio base,,https://almese1.tecnorete.it/villar-dora/appartamenti-in-vendita-60877722,NO,,,0,,NON_ESEGUITA,,,,TITOLO_CATEGORIA_NON_OPERATIVO
BASSA,15,RESIDENZIALE,IMMOBILE,,ACQUISIZIONE IMMOBILE,Collegno,Trovit,29 immobili viale xxiv maggio in vendita a Collegno - Trovit,,,0,NON_DETERMINATO,USCITO_MERCATO,2026-09-21T01:16:25.017202+00:00,2026-09-21T01:16:25.017203+00:00,monitoraggio base,,https://case.trovit.it/viale-xxiv-maggio-collegno,NO,,,0,,NON_ESEGUITA,,,,PAGINA_CATEGORIA_O_RICERCA
BASSA,15,RESIDENZIALE,IMMOBILE,,ACQUISIZIONE IMMOBILE,Collegno,Nestoria,8.556 immobili in vendita a Via Susa Collegno - Nestoria,,,0,NON_DETERMINATO,USCITO_MERCATO,2026-09-21T01:16:25.017214+00:00,2026-09-21T01:16:25.017215+00:00,monitoraggio base,,https://www.nestoria.it/immobiliare/vendita/via-susa_collegno,NO,,,0,,NON_ESEGUITA,,,,TITOLO_CATEGORIA_NON_OPERATIVO
BASSA,15,RESIDENZIALE,IMMOBILE,,ACQUISIZIONE IMMOBILE,Collegno,Nestoria,12.254 immobili in vendita a Corso francia Collegno - Nestoria,,,0,NON_DETERMINATO,USCITO_MERCATO,2026-09-21T01:16:25.017230+00:00,2026-09-21T01:16:25.017231+00:00,monitoraggio base,,https://www.nestoria.it/immobiliare/vendita/corso-francia_collegno,NO,,,0,,NON_ESEGUITA,,,,TITOLO_CATEGORIA_NON_OPERATIVO
BASSA,15,RESIDENZIALE,IMMOBILE,,ACQUISIZIONE IMMOBILE,Collegno,Tecnorete,Bilocale in vendita - Appartamenti in vendita rif. 61237378 | Agenzia ...,,,0,NON_DETERMINATO,USCITO_MERCATO,2026-09-21T01:16:25.017317+00:00,2026-09-21T01:16:25.017319+00:00,monitoraggio base,,https://collegno1.tecnorete.it/collegno/appartamenti-in-vendita-61237378,NO,,,0,,NON_ESEGUITA,,,,TITOLO_CATEGORIA_NON_OPERATIVO
BASSA,15,RESIDENZIALE,IMMOBILE,,ACQUISIZIONE IMMOBILE,Condove,Nestoria,9.379 immobili in vendita a Mocchie - Nestoria,,,0,NON_DETERMINATO,USCITO_MERCATO,2026-09-21T01:16:25.017499+00:00,2026-09-21T01:16:25.017501+00:00,monitoraggio base,,https://www.nestoria.it/immobiliare/vendita/mocchie,NO,,,0,,NON_ESEGUITA,,,,TITOLO_CATEGORIA_NON_OPERATIVO
BASSA,15,RESIDENZIALE,IMMOBILE,,ACQUISIZIONE IMMOBILE,Condove,Tecnorete,"Cerco casa, portale dedicato alle ricerca di appartamenti in vendita e ...",,,0,NON_DETERMINATO,USCITO_MERCATO,2026-09-21T01:16:25.017560+00:00,2026-09-21T01:16:25.017561+00:00,monitoraggio base,,https://www.tecnorete.it/vendita/ville/torino/condove/61255521.html,NO,,,0,,NON_ESEGUITA,,,,TITOLO_CATEGORIA_NON_OPERATIVO
BASSA,15,RESIDENZIALE,IMMOBILE,,ACQUISIZIONE IMMOBILE,Fiano,Wikicasa,Appartamenti in vendita a Fiano Romano - Wikicasa,,,0,NON_DETERMINATO,RELISTED,2026-09-21T01:16:25.018171+00:00,2026-09-25T01:30:21.914742+00:00,monitoraggio base,,https://www.wikicasa.it/vendita-appartamenti/fiano-romano/,NO,,,0,,NON_ESEGUITA,,,,TITOLO_CATEGORIA_NON_OPERATIVO
BASSA,15,RESIDENZIALE,IMMOBILE,,ACQUISIZIONE IMMOBILE,Fiano,Trovit,30 appartamentos roma palmiro togliatti in vendita a Viale,,,0,NON_DETERMINATO,USCITO_MERCATO,2026-09-21T01:16:25.018196+00:00,2026-09-21T01:16:25.018198+00:00,monitoraggio base,,https://case.trovit.it/appartamento-roma-viale-palmiro-togliatti,NO,,,0,,NON_ESEGUITA,,,,PAGINA_CATEGORIA_O_RICERCA
BASSA,15,RESIDENZIALE,IMMOBILE,,ACQUISIZIONE IMMOBILE,Fiano,Nestoria,28.054 immobili in vendita a Fiano di Pescaglia - Nestoria,,,0,NON_DETERMINATO,USCITO_MERCATO,2026-09-21T01:16:25.018202+00:00,2026-09-21T01:16:25.018203+00:00,monitoraggio base,,https://www.nestoria.it/immobiliare/vendita/fiano-di-pescaglia,NO,,,0,,NON_ESEGUITA,,,,TITOLO_CATEGORIA_NON_OPERATIVO
BASSA,15,RESIDENZIALE,IMMOBILE,,ACQUISIZIONE IMMOBILE,Rivoli,Wikicasa,"Appartamenti in vendita a Cenisia, Torino - Wikicasa",,,0,NON_DETERMINATO,USCITO_MERCATO,2026-09-21T01:16:25.019220+00:00,2026-09-21T01:16:25.019221+00:00,monitoraggio base,,https://www.wikicasa.it/vendita-appartamenti/torino/zona-cenisia/,NO,,,0,,NON_ESEGUITA,,,,TITOLO_CATEGORIA_NON_OPERATIVO
BASSA,15,RESIDENZIALE,IMMOBILE,,ACQUISIZIONE IMMOBILE,Rivoli,Wikicasa,Appartamenti in vendita a San Donato - Campidoglio - Wikicasa,,,0,NON_DETERMINATO,USCITO_MERCATO,2026-09-21T01:16:25.019233+00:00,2026-09-21T01:16:25.019234+00:00,monitoraggio base,,https://www.wikicasa.it/vendita-appartamenti/torino/zona-san-donato-campidoglio-valdocco/,NO,,,0,,NON_ESEGUITA,,,,TITOLO_CATEGORIA_NON_OPERATIVO
BASSA,15,RESIDENZIALE,IMMOBILE,,ACQUISIZIONE IMMOBILE,Rivoli,Nestoria,7.739 immobili in vendita a Via Malta Torino - Nestoria,,,0,NON_DETERMINATO,USCITO_MERCATO,2026-09-21T01:16:25.019287+00:00,2026-09-21T01:16:25.019289+00:00,monitoraggio base,,https://www.nestoria.it/immobiliare/vendita/via-malta_torino,NO,,,0,,NON_ESEGUITA,,,,TITOLO_CATEGORIA_NON_OPERATIVO
BASSA,15,RESIDENZIALE,IMMOBILE,,ACQUISIZIONE IMMOBILE,Rivoli,Nestoria,928 case in vendita a Via Rivoli Genoa - Nestoria,,,0,NON_DETERMINATO,USCITO_MERCATO,2026-09-21T01:16:25.019301+00:00,2026-09-21T01:16:25.019303+00:00,monitoraggio base,,https://www.nestoria.it/case/vendita/via-rivoli_genoa,NO,,,0,,NON_ESEGUITA,,,,TITOLO_CATEGORIA_NON_OPERATIVO
BASSA,15,RESIDENZIALE,IMMOBILE,,ACQUISIZIONE IMMOBILE,San Didero,Wikicasa,Case in vendita a San Didero - Wikicasa,,,0,NON_DETERMINATO,USCITO_MERCATO,2026-09-21T01:16:25.019839+00:00,2026-09-21T01:16:25.019840+00:00,monitoraggio base,,https://www.wikicasa.it/vendita-case/san-didero/,NO,,,0,,NON_ESEGUITA,,,,TITOLO_CATEGORIA_NON_OPERATIVO
BASSA,15,RESIDENZIALE,IMMOBILE,,ACQUISIZIONE IMMOBILE,Trana,Wikicasa,"Case in vendita a Cit Turin, Torino - Wikicasa",,,0,NON_DETERMINATO,USCITO_MERCATO,2026-09-21T01:16:25.020380+00:00,2026-09-21T01:16:25.020381+00:00,monitoraggio base,,https://www.wikicasa.it/vendita-case/torino/zona-cit-turin/,NO,,,0,,NON_ESEGUITA,,,,TITOLO_CATEGORIA_NON_OPERATIVO
BASSA,15,RESIDENZIALE,IMMOBILE,,ACQUISIZIONE IMMOBILE,Trana,Wikicasa,"Appartamenti in vendita a Cit Turin, Torino - Wikicasa",,,0,NON_DETERMINATO,USCITO_MERCATO,2026-09-21T01:16:25.020385+00:00,2026-09-21T01:16:25.020386+00:00,monitoraggio base,,https://www.wikicasa.it/vendita-appartamenti/torino/zona-cit-turin/,NO,,,0,,NON_ESEGUITA,,,,TITOLO_CATEGORIA_NON_OPERATIVO
BASSA,15,RESIDENZIALE,IMMOBILE,,ACQUISIZIONE IMMOBILE,Trana,Trovit,30 immobili villa in affitto a Trana - Trovit,,,0,NON_DETERMINATO,USCITO_MERCATO,2026-09-21T01:16:25.020390+00:00,2026-09-22T18:16:33.863912+00:00,monitoraggio base,,https://case.trovit.it/affitto-villa-trana,NO,,,0,,NON_ESEGUITA,,,,PAGINA_CATEGORIA_O_RICERCA
BASSA,15,RESIDENZIALE,IMMOBILE,,ACQUISIZIONE IMMOBILE,Trana,Tecnorete,Trilocale in vendita - Appartamenti in vendita rif. 60935962 | Agenzia ...,,,0,NON_DETERMINATO,USCITO_MERCATO,2026-09-21T01:16:25.020440+00:00,2026-09-21T01:16:25.020441+00:00,monitoraggio base,,https://sangano1.tecnorete.it/trana/appartamenti-in-vendita-60935962,NO,,,0,,NON_ESEGUITA,,,,TITOLO_CATEGORIA_NON_OPERATIVO
BASSA,15,RESIDENZIALE,IMMOBILE,,ACQUISIZIONE IMMOBILE,Rivoli,Immobiliare.it,"Vendita Rustico in via Rombò Rivoli. 75 m², rif. 132542186",,,0,NON_DETERMINATO,USCITO_MERCATO,2026-09-21T18:48:49.172936+00:00,2026-09-23T15:03:11.508691+00:00,monitoraggio base,,https://www.immobiliare.it/annunci/132542186/,NO,,,0,,NON_ESEGUITA,,,,RUSTICO_ESCLUSO
BASSA,15,RESIDENZIALE,IMMOBILE,,ACQUISIZIONE IMMOBILE,Caprie,Tecnorete,"Cerco casa, portale dedicato alle ricerca di appartamenti in vendita e ...",,,0,NON_DETERMINATO,USCITO_MERCATO,2026-09-22T13:28:47.915771+00:00,2026-09-22T13:28:47.915773+00:00,monitoraggio base,,https://www.tecnorete.it/vendita/appartamenti/torino/caprie/61255661.html,NO,,,0,,NON_ESEGUITA,,,,TITOLO_CATEGORIA_NON_OPERATIVO
BASSA,15,RESIDENZIALE,IMMOBILE,,ACQUISIZIONE IMMOBILE,Caprie,Tecnorete,Trilocale in vendita - Appartamenti in vendita rif. 61056003 | Agenzia ...,,,0,NON_DETERMINATO,USCITO_MERCATO,2026-09-22T13:28:47.915778+00:00,2026-09-22T13:28:47.915780+00:00,monitoraggio base,,https://santambrogioditorino1.tecnorete.it/caprie/appartamenti-in-vendita-61056003,NO,,,0,,NON_ESEGUITA,,,,TITOLO_CATEGORIA_NON_OPERATIVO
BASSA,15,RESIDENZIALE,IMMOBILE,,ACQUISIZIONE IMMOBILE,Caprie,Tecnorete,Trilocale in vendita - Appartamenti in vendita rif. 60865710 | Agenzia ...,,,0,NON_DETERMINATO,USCITO_MERCATO,2026-09-22T13:28:47.915785+00:00,2026-09-22T13:28:47.915786+00:00,monitoraggio base,,https://santambrogioditorino1.tecnorete.it/caprie/appartamenti-in-vendita-60865710,NO,,,0,,NON_ESEGUITA,,,,TITOLO_CATEGORIA_NON_OPERATIVO
BASSA,15,RESIDENZIALE,IMMOBILE,,ACQUISIZIONE IMMOBILE,Condove,Mercato residenziale,"Case in vendita a Vayr Borla, Condove",,,0,NON_DETERMINATO,TRACKED,2026-09-22T13:28:47.916165+00:00,2026-09-24T22:22:05.017303+00:00,monitoraggio base,,https://caseinvenditainaffitto.it/case-in-vendita/vayr-borla-condove,NO,,,0,,NON_ESEGUITA,,,,TITOLO_CATEGORIA_NON_OPERATIVO
BASSA,15,RESIDENZIALE,IMMOBILE,,ACQUISIZIONE IMMOBILE,Val della Torre,Tecnocasa,Annunci case e appartamenti in vendita e in affitto,,,0,NON_DETERMINATO,USCITO_MERCATO,2026-09-22T21:17:46.997216+00:00,2026-09-22T21:17:46.997217+00:00,monitoraggio base,,https://www.tecnocasa.it/vendita/rustici-cascine-case/torino/val-della-torre/61272871.html,NO,,,0,,NON_ESEGUITA,,,,RUSTICO_ESCLUSO
BASSA,15,RESIDENZIALE,IMMOBILE,,ACQUISIZIONE IMMOBILE,La Cassa,Tipologie residenziali,258 Immobili in vendita a Truc Di Miola - Mitula Case,,,0,NON_DETERMINATO,USCITO_MERCATO,2026-09-23T19:10:52.200034+00:00,2026-09-23T22:23:47.790310+00:00,monitoraggio base,,https://immobiliare.mitula.it/truc-miola,NO,,,0,,NON_ESEGUITA,,,,TITOLO_CATEGORIA_NON_OPERATIVO
BASSA,15,RESIDENZIALE,IMMOBILE,,ACQUISIZIONE IMMOBILE,Alpignano,Tecnorete,Trilocale in vendita - Appartamenti in vendita rif. 61213064 | Agenzia ...,,,0,NON_DETERMINATO,USCITO_MERCATO,2026-09-23T22:23:47.788684+00:00,2026-09-23T22:23:47.788686+00:00,monitoraggio base,,https://alpignano1.tecnorete.it/alpignano/appartamenti-in-vendita-61213064,NO,,,0,,ESEGUITA,,,,TITOLO_CATEGORIA_NON_OPERATIVO
BASSA,15,RESIDENZIALE,IMMOBILE,,ACQUISIZIONE IMMOBILE,Fiano,Mercato residenziale,42 risultati per: immobili in Vendita Fiano (TO) - casadasoli.it,,,0,NON_DETERMINATO,USCITO_MERCATO,2026-09-23T22:23:47.789855+00:00,2026-09-23T22:23:47.789857+00:00,monitoraggio base,,https://www.casadasoli.it/vendita-fiano-to-103,NO,,,0,,NON_ESEGUITA,,,,TITOLO_CATEGORIA_NON_OPERATIVO
BASSA,15,RESIDENZIALE,IMMOBILE,,ACQUISIZIONE IMMOBILE,Varisella,Casa.it,"Rustico, casale in Vendita in Borgata Moncolombone 12 a Varisella",,,0,NON_DETERMINATO,POSSIBILE_USCITA,2026-09-24T01:30:36.518349+00:00,2026-09-24T01:30:36.518350+00:00,monitoraggio base,,https://www.casa.it/immobili/54808012/,NO,,,0,,NON_ESEGUITA,,,,RUSTICO_ESCLUSO
BASSA,15,RESIDENZIALE,IMMOBILE,,ACQUISIZIONE IMMOBILE,Varisella,Immobiliare.it,Vendita Rustico in Borgata Moncolombone 12 Varisella. Buono stato ...,,,0,NON_DETERMINATO,TRACKED,2026-09-24T01:30:36.518369+00:00,2026-09-25T13:39:37.455131+00:00,monitoraggio base,,https://www.immobiliare.it/annunci/132679286/,NO,,,0,,NON_ESEGUITA,,,,RUSTICO_ESCLUSO
BASSA,15,RESIDENZIALE,IMMOBILE,,ACQUISIZIONE IMMOBILE,Rosta,Nestoria,18.789 appartamenti in vendita a Rosta Riano - Nestoria,,,0,NON_DETERMINATO,POSSIBILE_USCITA,2026-09-24T07:40:08.272994+00:00,2026-09-24T07:40:08.272995+00:00,monitoraggio base,,https://www.nestoria.it/appartamenti/vendita/rosta_riano,NO,,,0,,NON_ESEGUITA,,,,TITOLO_CATEGORIA_NON_OPERATIVO
BASSA,15,RESIDENZIALE,IMMOBILE,,ACQUISIZIONE IMMOBILE,Beinasco,Tecnorete,Quadrilocale in vendita - Appartamenti in vendita rif. 61188422 ...,,,0,NON_DETERMINATO,POSSIBILE_USCITA,2026-09-24T13:39:01.456488+00:00,2026-09-24T13:39:01.456489+00:00,monitoraggio base,,https://beinasco1.tecnorete.it/beinasco/appartamenti-in-vendita-61188422,NO,,,0,,ESEGUITA,,,,TITOLO_CATEGORIA_NON_OPERATIVO
BASSA,15,RESIDENZIALE,IMMOBILE,,ACQUISIZIONE IMMOBILE,La Cassa,Nestoria,25.503 immobili in vendita a La Cassa - Nestoria,,,0,NON_DETERMINATO,TRACKED,2026-09-24T18:35:30.193953+00:00,2026-09-24T22:22:05.018999+00:00,monitoraggio base,,https://www.nestoria.it/immobiliare/vendita/la-cassa,NO,,,0,,NON_ESEGUITA,,,,TITOLO_CATEGORIA_NON_OPERATIVO
BASSA,13,INDUSTRIALE_LOGISTICA,IMMOBILE,,ACQUISIZIONE CAPANNONE / MAGAZZINO,Bruino,Tecnocasa,Annunci case e appartamenti in vendita e in affitto - Tecnocasa.it,,,0,INDIZIO_AGENZIA,USCITO_MERCATO,2026-09-20T11:10:13.478760+00:00,2026-09-20T11:10:13.478762+00:00,indizio agenzia | industriale logistica,,https://www.tecnocasa.it/vendita/capannone/torino/bruino/61272017.html,NO,,,0,,ESEGUITA,Via Monte Bianco,Via Monte Bianco 60/A,VAI IN ZONA,TITOLO_CATEGORIA_NON_OPERATIVO
BASSA,13,INDUSTRIALE_LOGISTICA,IMMOBILE,,ACQUISIZIONE CAPANNONE / MAGAZZINO,Rosta,Tecnocasa,Annunci case e appartamenti in vendita e in affitto - Tecnocasa.it,,,0,INDIZIO_AGENZIA,USCITO_MERCATO,2026-09-22T01:45:50.162758+00:00,2026-09-22T01:45:50.162759+00:00,indizio agenzia | industriale logistica,,https://www.tecnocasa.it/vendita/capannone/torino/rosta/61272428.html,NO,,,0,,NON_ESEGUITA,,,,TITOLO_CATEGORIA_NON_OPERATIVO
BASSA,11,RESIDENZIALE,IMMOBILE,,ACQUISIZIONE IMMOBILE,Almese,Nestoria,Case e appartamenti a Almese. Immobili in vendita a Almese - Nestoria,,,0,INDIZIO_AGENZIA,TRACKED,2026-08-21T12:20:59.475192+00:00,2026-09-25T13:39:37.452349+00:00,indizio agenzia | 30+ giorni monitorati,,https://www.nestoria.it/immobiliare/vendita/almese,NO,,,0,,ESEGUITA,,,,TITOLO_CATEGORIA_NON_OPERATIVO
BASSA,11,RESIDENZIALE,IMMOBILE,,ACQUISIZIONE IMMOBILE,Borgone Susa,Tecnorete,"Cerco casa, portale dedicato alle ricerca di appartamenti in vendita e ...",,,0,INDIZIO_AGENZIA,USCITO_MERCATO,2026-08-21T12:20:59.475304+00:00,2026-09-03T18:47:06.317906+00:00,indizio agenzia | 30+ giorni monitorati,,https://www.tecnorete.it/annunci/immobili/piemonte/torino/borgone-susa.html,NO,,,0,,ESEGUITA,Via dei Gravè,Via dei Gravè 5 | via dei Gravè 4,VAI IN ZONA,TITOLO_CATEGORIA_NON_OPERATIVO
BASSA,11,RESIDENZIALE,IMMOBILE,,ACQUISIZIONE IMMOBILE,Caselette,Mercato generale,Immobili in vendita a Caselette | Gabetti,,,0,INDIZIO_AGENZIA,USCITO_MERCATO,2026-08-21T12:20:59.475393+00:00,2026-08-27T21:04:17.079651+00:00,indizio agenzia | 30+ giorni monitorati,,https://www.gabetti.it/vendita/caselette,NO,,,0,,ESEGUITA,Via Ciriè,Via Ciriè 15,VAI IN ZONA,TITOLO_CATEGORIA_NON_OPERATIVO
BASSA,11,RESIDENZIALE,IMMOBILE,,ACQUISIZIONE IMMOBILE,Giaveno,Mercato generale,Immobili in vendita a Giaveno | Gabetti,,,0,INDIZIO_AGENZIA,USCITO_MERCATO,2026-08-21T12:20:59.475547+00:00,2026-08-27T21:04:17.080074+00:00,indizio agenzia | 30+ giorni monitorati,,https://www.gabetti.it/vendita/giaveno,NO,,,0,,ESEGUITA,Borgata Selvaggio Sotto,Borgata Selvaggio Sotto 31,VAI IN ZONA,TITOLO_CATEGORIA_NON_OPERATIVO
BASSA,11,RESIDENZIALE,IMMOBILE,,ACQUISIZIONE IMMOBILE,Oulx,Mercato generale,Immobili in vendita a Oulx | Gabetti,,,0,INDIZIO_AGENZIA,USCITO_MERCATO,2026-08-21T12:20:59.475663+00:00,2026-08-27T21:04:17.080387+00:00,indizio agenzia | 30+ giorni monitorati,,https://www.gabetti.it/vendita/oulx,NO,,,0,,ESEGUITA,vicolo Bouchard,vicolo Bouchard 6,VAI IN ZONA,TITOLO_CATEGORIA_NON_OPERATIVO
BASSA,11,RESIDENZIALE,IMMOBILE,,ACQUISIZIONE IMMOBILE,Pianezza,Mercato generale,Immobili in vendita a Pianezza | Gabetti,,,0,INDIZIO_AGENZIA,USCITO_MERCATO,2026-08-21T12:20:59.475676+00:00,2026-08-23T17:16:38.786991+00:00,indizio agenzia | 30+ giorni monitorati,,https://www.gabetti.it/vendita/pianezza,NO,,,0,,ESEGUITA,Via Calvino,Via Calvino 0,VAI IN ZONA,TITOLO_CATEGORIA_NON_OPERATIVO
BASSA,11,RESIDENZIALE,IMMOBILE,,ACQUISIZIONE IMMOBILE,Reano,Mercato residenziale,69 Rustici in vendita a Reano - Mitula Case,,,0,INDIZIO_AGENZIA,TRACKED,2026-08-21T12:20:59.475780+00:00,2026-09-25T13:39:37.454033+00:00,indizio agenzia | 30+ giorni monitorati,,https://immobiliare.mitula.it/rustico-reano,NO,,,0,,ESEGUITA,,,,RUSTICO_ESCLUSO
BASSA,11,RESIDENZIALE,IMMOBILE,,ACQUISIZIONE IMMOBILE,Rivoli,Mercato generale,Immobili in vendita a Rivoli | Gabetti,,,0,INDIZIO_AGENZIA,USCITO_MERCATO,2026-08-21T12:20:59.475793+00:00,2026-08-27T21:04:17.080610+00:00,indizio agenzia | 30+ giorni monitorati,,https://www.gabetti.it/vendita/rivoli,NO,,,0,,NON_ESEGUITA,,,,TITOLO_CATEGORIA_NON_OPERATIVO
BASSA,11,RESIDENZIALE,IMMOBILE,,ACQUISIZIONE IMMOBILE,Trana,Wikicasa,Case in vendita a Trana - Wikicasa,,,0,INDIZIO_AGENZIA,USCITO_MERCATO,2026-08-21T12:20:59.475925+00:00,2026-08-21T12:20:59.475926+00:00,indizio agenzia | 30+ giorni monitorati,,https://www.wikicasa.it/vendita-case/trana/,NO,,,0,,NON_ESEGUITA,,,,TITOLO_CATEGORIA_NON_OPERATIVO
BASSA,11,RESIDENZIALE,IMMOBILE,,ACQUISIZIONE IMMOBILE,Almese,Tecnorete,Immobili in Vendita | Agenzia Tecnorete di Almese,,,0,INDIZIO_AGENZIA,TRACKED,2026-08-22T17:17:15.502399+00:00,2026-09-25T13:39:37.452392+00:00,indizio agenzia | 30+ giorni monitorati,,https://almese1.tecnorete.it/immobili-in-vendita,NO,,,0,Tecnorete di Almese Casa indipendente in vendita Rubiana,ESEGUITA,borgata franchino - Mompellato,borgata franchino - Mompellato 6,VAI IN ZONA,TITOLO_CATEGORIA_NON_OPERATIVO
BASSA,11,RESIDENZIALE,IMMOBILE,,ACQUISIZIONE IMMOBILE,Buttigliera Alta,Tecnorete,"Cerco casa, portale dedicato alle ricerca di appartamenti in vendita e ...",,,0,INDIZIO_AGENZIA,USCITO_MERCATO,2026-08-23T09:11:13.222426+00:00,2026-09-21T12:37:01.288822+00:00,indizio agenzia | 30+ giorni monitorati,,https://www.tecnorete.it/annunci/immobili/piemonte/torino/buttigliera-alta.html,NO,,,1,,ESEGUITA,Via IV Novembre,Via IV Novembre 5,VAI IN ZONA,TITOLO_CATEGORIA_NON_OPERATIVO
BASSA,11,RESIDENZIALE,IMMOBILE,,ACQUISIZIONE IMMOBILE,Collegno,Nestoria,14.160 immobili in vendita a Viale Antonio Gramsci Collegno,,,0,INDIZIO_AGENZIA,USCITO_MERCATO,2026-08-23T09:11:13.222500+00:00,2026-09-21T01:16:25.017219+00:00,indizio agenzia | 30+ giorni monitorati,,https://www.nestoria.it/immobiliare/vendita/viale-antonio-gramsci_collegno,NO,,,0,,ESEGUITA,,,,TITOLO_CATEGORIA_NON_OPERATIVO
BASSA,11,RESIDENZIALE,IMMOBILE,,ACQUISIZIONE IMMOBILE,Avigliana,Nestoria,Case e appartamenti a Avigliana. Immobili in vendita a Avigliana - Nestoria,,,0,INDIZIO_AGENZIA,USCITO_MERCATO,2026-08-23T17:16:38.786702+00:00,2026-09-08T18:39:29.643328+00:00,indizio agenzia | 30+ giorni monitorati,,https://www.nestoria.it/immobiliare/vendita/avigliana,NO,,,0,,ESEGUITA,,,,TITOLO_CATEGORIA_NON_OPERATIVO
BASSA,11,UFFICIO_DIREZIONALE,IMMOBILE,,ACQUISIZIONE / LOCAZIONE UFFICIO,Giaveno,Tecnorete,Immobili in Affitto | Agenzia Tecnorete di Giaveno,,,0,INDIZIO_AGENZIA,USCITO_MERCATO,2026-08-28T05:06:35.530647+00:00,2026-09-15T13:33:03.394120+00:00,indizio agenzia | ufficio direzionale,,https://giaveno1.tecnorete.it/immobili-in-affitto,NO,,,0,,NON_ESEGUITA,,,,TITOLO_CATEGORIA_NON_OPERATIVO
BASSA,11,COMMERCIALE_IMMOBILE,IMMOBILE,,ACQUISIZIONE / LOCAZIONE IMMOBILE COMMERCIALE,Giaveno,Trovit,16 locale commerciales in affitto a Giaveno - Trovit,,,0,INDIZIO_AGENZIA,TRACKED,2026-09-01T23:36:27.691020+00:00,2026-09-25T13:39:37.453567+00:00,indizio agenzia | commerciale immobile,,https://case.trovit.it/affitto-negozio-giaveno,NO,,,0,,NON_ESEGUITA,,,,PAGINA_CATEGORIA_O_RICERCA
BASSA,11,RESIDENZIALE,IMMOBILE,NUOVA_COSTRUZIONE,ACQUISIZIONE IMMOBILE,Grugliasco,Tecnocasa,Annunci case e appartamenti in vendita e in affitto - Tecnocasa.it,,,0,INDIZIO_AGENZIA,USCITO_MERCATO,2026-09-13T20:46:02.147103+00:00,2026-09-13T20:46:02.147105+00:00,indizio agenzia | nuova costruzione,,https://www.tecnocasa.it/vendita/appartamenti/torino/grugliasco/61231661.html,NO,,,0,,NON_ESEGUITA,,,,TITOLO_CATEGORIA_NON_OPERATIVO
BASSA,11,UFFICIO_DIREZIONALE,IMMOBILE,,ACQUISIZIONE / LOCAZIONE UFFICIO,Rivalta di Torino,Tecnorete,"Cerco casa, portale dedicato alle ricerca di appartamenti in vendita e ...",,,0,INDIZIO_AGENZIA,USCITO_MERCATO,2026-09-17T06:08:55.033101+00:00,2026-09-22T21:17:46.996377+00:00,indizio agenzia | ufficio direzionale,,https://www.tecnorete.it/agenzie/immobiliari+residenziali/torino/rivalta-di-torino/to2a9.html,NO,,,0,,NON_ESEGUITA,,,,TITOLO_CATEGORIA_NON_OPERATIVO
BASSA,8,RESIDENZIALE,IMMOBILE,,ACQUISIZIONE IMMOBILE,Bussoleno,Wikicasa,Case in vendita a Bussoleno - Wikicasa,13000,,0,INDIZIO_AGENZIA,USCITO_MERCATO,2026-08-28T10:58:40.670185+00:00,2026-09-05T09:19:10.295591+00:00,indizio agenzia | prezzo rilevato,,https://www.wikicasa.it/vendita-case/bussoleno/,NO,,,0,,ESEGUITA,,,,TITOLO_CATEGORIA_NON_OPERATIVO
BASSA,8,RESIDENZIALE,IMMOBILE,,ACQUISIZIONE IMMOBILE,Coazze,Mercato residenziale,Coazze - 305 case in vendita in Coazze de Nuroa.it,22000,,0,INDIZIO_AGENZIA,TRACKED,2026-09-09T23:18:34.767616+00:00,2026-09-24T22:22:05.017006+00:00,indizio agenzia | prezzo rilevato,,https://www.nuroa.it/vendita-immobili/coazze,NO,,,0,,NON_ESEGUITA,,,,PAGINA_CATEGORIA_O_RICERCA
BASSA,8,RESIDENZIALE,IMMOBILE,,ACQUISIZIONE IMMOBILE,Trana,Immobiliare.it,"Vendita Rustico in via Giordano Bruno 8 Trana. Da ristrutturare, 50 m² ...",9000,,0,INDIZIO_AGENZIA,USCITO_MERCATO,2026-09-12T10:35:02.925256+00:00,2026-09-17T11:30:50.191997+00:00,indizio agenzia | prezzo rilevato,,https://www.immobiliare.it/annunci/131553914/,NO,,,0,e si,ESEGUITA,via Giordano Bruno,via Giordano Bruno 8,VAI IN ZONA,RUSTICO_ESCLUSO
BASSA,8,RESIDENZIALE,IMMOBILE,,ACQUISIZIONE IMMOBILE,Beinasco,Tecnocasa,Annunci case e appartamenti in vendita e in affitto - Tecnocasa.it,95000,,0,INDIZIO_AGENZIA,USCITO_MERCATO,2026-09-13T20:46:02.145170+00:00,2026-09-13T20:46:02.145171+00:00,indizio agenzia | prezzo rilevato,,https://www.tecnocasa.it/vendita/appartamenti/torino/beinasco/61245056.html,NO,,,0,,ESEGUITA,Via Monte Bianco,Via Monte Bianco 60/A,VAI IN ZONA,TITOLO_CATEGORIA_NON_OPERATIVO
BASSA,8,RESIDENZIALE,IMMOBILE,,ACQUISIZIONE IMMOBILE,Beinasco,Tecnocasa,Annunci case e appartamenti in vendita e in affitto - Tecnocasa.it,119000,,0,INDIZIO_AGENZIA,USCITO_MERCATO,2026-09-13T20:46:02.145177+00:00,2026-09-13T20:46:02.145179+00:00,indizio agenzia | prezzo rilevato,,https://www.tecnocasa.it/vendita/appartamenti/torino/beinasco/61256645.html,NO,,,1,,ESEGUITA,Via Monte Bianco,Via Monte Bianco 60/A,VAI IN ZONA,TITOLO_CATEGORIA_NON_OPERATIVO
BASSA,8,RESIDENZIALE,IMMOBILE,,ACQUISIZIONE IMMOBILE,Beinasco,Tecnocasa,Annunci case e appartamenti in vendita e in affitto - Tecnocasa.it,158000,,0,INDIZIO_AGENZIA,USCITO_MERCATO,2026-09-13T20:46:02.145184+00:00,2026-09-13T20:46:02.145186+00:00,indizio agenzia | prezzo rilevato,,https://www.tecnocasa.it/vendita/appartamenti/torino/beinasco/61170331.html,NO,,,0,,ESEGUITA,Via Monte Bianco,Via Monte Bianco 60/A,VAI IN ZONA,TITOLO_CATEGORIA_NON_OPERATIVO
BASSA,8,RESIDENZIALE,IMMOBILE,,ACQUISIZIONE IMMOBILE,Beinasco,Tecnorete,Immobili in Vendita | Agenzia Tecnorete di Beinasco,159000,,0,INDIZIO_AGENZIA,POSSIBILE_USCITA,2026-09-13T20:46:02.145229+00:00,2026-09-24T13:39:01.456475+00:00,indizio agenzia | prezzo rilevato,,https://beinasco1.tecnorete.it/immobili-in-vendita,NO,,,0,,ESEGUITA,Strada Borgaretto - Borgaretto Centro,Strada Borgaretto - Borgaretto Centro 5,VAI IN ZONA,TITOLO_CATEGORIA_NON_OPERATIVO
BASSA,8,RESIDENZIALE,IMMOBILE,,ACQUISIZIONE IMMOBILE,Grugliasco,Tecnocasa,Annunci case e appartamenti in vendita e in affitto - Tecnocasa.it,45000,,0,INDIZIO_AGENZIA,USCITO_MERCATO,2026-09-13T20:46:02.147133+00:00,2026-09-13T20:46:02.147134+00:00,indizio agenzia | prezzo rilevato,,https://www.tecnocasa.it/vendita/negozio/torino/grugliasco/61268613.html,NO,,,0,,NON_ESEGUITA,,,,TITOLO_CATEGORIA_NON_OPERATIVO
BASSA,8,RESIDENZIALE,IMMOBILE,,ACQUISIZIONE IMMOBILE,Chianocco,Tecnocasa,Casa semindipendente in vendita a Chianocco - Tecnocasa.it,72000,,0,INDIZIO_AGENZIA,USCITO_MERCATO,2026-09-15T01:31:48.169990+00:00,2026-09-21T01:16:25.016425+00:00,indizio agenzia | prezzo rilevato,,https://www.tecnocasa.it/vendita/rustici-cascine-case/torino/chianocco/61152191.html,NO,,,0,,NON_ESEGUITA,,,,RUSTICO_ESCLUSO
BASSA,8,RESIDENZIALE,IMMOBILE,,ACQUISIZIONE IMMOBILE,Val della Torre,Trovit,84 casas in vendita a Val della Torre - Trovit,49000,,0,INDIZIO_AGENZIA,USCITO_MERCATO,2026-09-15T01:31:48.171656+00:00,2026-09-21T18:48:49.173618+00:00,indizio agenzia | prezzo rilevato,,https://case.trovit.it/casa-val-torre,NO,,,0,,NON_ESEGUITA,,,,PAGINA_CATEGORIA_O_RICERCA
BASSA,8,RESIDENZIALE,IMMOBILE,,ACQUISIZIONE IMMOBILE,Druento,Tecnocasa,Annunci case e appartamenti in vendita e in affitto - Tecnocasa.it,234000,,0,INDIZIO_AGENZIA,USCITO_MERCATO,2026-09-18T17:15:59.823865+00:00,2026-09-21T01:16:25.017832+00:00,indizio agenzia | prezzo rilevato,,https://www.tecnocasa.it/vendita/appartamenti/torino/druento/61270615.html,NO,,,0,,NON_ESEGUITA,,,,TITOLO_CATEGORIA_NON_OPERATIVO
BASSA,8,RESIDENZIALE,IMMOBILE,,ACQUISIZIONE IMMOBILE,Druento,Tecnocasa,Annunci case e appartamenti in vendita e in affitto - Tecnocasa.it,8000,,0,INDIZIO_AGENZIA,USCITO_MERCATO,2026-09-18T17:15:59.823926+00:00,2026-09-21T01:16:25.017893+00:00,indizio agenzia | prezzo rilevato,,https://www.tecnocasa.it/vendita/box-posti-auto/torino/druento/61100607.html,NO,,,0,,NON_ESEGUITA,,,,TITOLO_CATEGORIA_NON_OPERATIVO
BASSA,8,RESIDENZIALE,IMMOBILE,,ACQUISIZIONE IMMOBILE,Rivoli,Tecnocasa,Annunci case e appartamenti in vendita e in affitto - Tecnocasa.it,108000,,0,INDIZIO_AGENZIA,USCITO_MERCATO,2026-09-19T18:06:37.667763+00:00,2026-09-21T01:16:25.019317+00:00,indizio agenzia | prezzo rilevato,,https://www.tecnocasa.it/vendita/appartamenti/torino/rivoli/61269839.html,NO,,,0,,NON_ESEGUITA,,,,TITOLO_CATEGORIA_NON_OPERATIVO
BASSA,8,RESIDENZIALE,IMMOBILE,,ACQUISIZIONE IMMOBILE,Rivoli,Tecnocasa,Annunci case e appartamenti in vendita e in affitto - Tecnocasa.it,239000,,0,INDIZIO_AGENZIA,USCITO_MERCATO,2026-09-19T18:06:37.667790+00:00,2026-09-19T18:06:37.667792+00:00,indizio agenzia | prezzo rilevato,,https://www.tecnocasa.it/vendita/appartamenti/torino/rivoli/61269583.html,NO,,,0,,NON_ESEGUITA,,,,TITOLO_CATEGORIA_NON_OPERATIVO
BASSA,8,RESIDENZIALE,IMMOBILE,,ACQUISIZIONE IMMOBILE,Collegno,Trovit,2 immobili corso verona in vendita a Torino - Trovit,109000,,0,INDIZIO_AGENZIA,USCITO_MERCATO,2026-09-21T01:16:25.017207+00:00,2026-09-21T01:16:25.017208+00:00,indizio agenzia | prezzo rilevato,,https://case.trovit.it/corso-verona-torino,NO,,,0,,NON_ESEGUITA,,,,PAGINA_CATEGORIA_O_RICERCA
BASSA,8,RESIDENZIALE,IMMOBILE,,ACQUISIZIONE IMMOBILE,Collegno,Tecnocasa,Annunci case e appartamenti in vendita e in affitto - Tecnocasa.it,369000,,0,INDIZIO_AGENZIA,USCITO_MERCATO,2026-09-21T01:16:25.017282+00:00,2026-09-21T01:16:25.017283+00:00,indizio agenzia | prezzo rilevato,,https://www.tecnocasa.it/vendita/appartamenti/torino/collegno/61199835.html,NO,,,0,,NON_ESEGUITA,,,,TITOLO_CATEGORIA_NON_OPERATIVO
BASSA,8,RESIDENZIALE,IMMOBILE,,ACQUISIZIONE IMMOBILE,Trana,Tecnocasa,"Casa di corte in vendita a Trana - Torino. € 25.000, 100 Mq - Tecnocasa ...",25000,,0,INDIZIO_AGENZIA,USCITO_MERCATO,2026-09-21T01:16:25.020433+00:00,2026-09-21T01:16:25.020434+00:00,indizio agenzia | prezzo rilevato,,https://www.tecnocasa.it/vendita/rustici-cascine-case/torino/trana/61115881.html,NO,,,0,,NON_ESEGUITA,,,,RUSTICO_ESCLUSO
BASSA,3,RESIDENZIALE,IMMOBILE,,ACQUISIZIONE IMMOBILE,Borgone Susa,Tecnocasa,Annunci case e appartamenti in vendita e in affitto - Tecnocasa.it,,,0,INDIZIO_AGENZIA,USCITO_MERCATO,2026-08-27T21:04:17.079466+00:00,2026-09-20T21:00:13.355260+00:00,indizio agenzia,,https://www.tecnocasa.it/vendita/ville/torino/borgone-susa/61255852.html,NO,,,0,,ESEGUITA,Via Monte Bianco,Via Monte Bianco 60/A,VAI IN ZONA,TITOLO_CATEGORIA_NON_OPERATIVO
BASSA,3,RESIDENZIALE,IMMOBILE,,ACQUISIZIONE IMMOBILE,Coazze,Nestoria,10.538 immobili in vendita a Coazze Torino - Nestoria,,,0,INDIZIO_AGENZIA,TRACKED,2026-08-27T21:04:17.079836+00:00,2026-09-25T01:30:21.914446+00:00,indizio agenzia,,https://www.nestoria.it/immobiliare/vendita/coazze_torino,NO,,,0,,NON_ESEGUITA,,,,TITOLO_CATEGORIA_NON_OPERATIVO
BASSA,3,RESIDENZIALE,IMMOBILE,,ACQUISIZIONE IMMOBILE,Valgioie,Tecnorete,"Cerco casa, portale dedicato alle ricerca di appartamenti in vendita e ...",,,0,INDIZIO_AGENZIA,USCITO_MERCATO,2026-08-27T21:04:17.081251+00:00,2026-09-14T01:05:27.893036+00:00,indizio agenzia,,https://www.tecnorete.it/annunci/immobili/piemonte/torino/valgioie.html,NO,,,0,,NON_ESEGUITA,,,,TITOLO_CATEGORIA_NON_OPERATIVO
BASSA,3,RESIDENZIALE,IMMOBILE,,ACQUISIZIONE IMMOBILE,Villar Dora,Nestoria,Case e appartamenti a Villar Dora. Immobili in vendita a ... - Nestoria,,,0,INDIZIO_AGENZIA,TRACKED,2026-08-28T05:06:35.531668+00:00,2026-09-25T13:39:37.455144+00:00,indizio agenzia,,https://www.nestoria.it/immobiliare/vendita/villar-dora,NO,,,0,,NON_ESEGUITA,,,,TITOLO_CATEGORIA_NON_OPERATIVO
BASSA,3,RESIDENZIALE,IMMOBILE,,ACQUISIZIONE IMMOBILE,Giaveno,Tecnorete,Immobili in Vendita | Agenzia Tecnorete di Giaveno,,,0,INDIZIO_AGENZIA,USCITO_MERCATO,2026-08-28T10:58:40.670803+00:00,2026-09-19T20:30:44.817310+00:00,indizio agenzia,,https://giaveno1.tecnorete.it/immobili-in-vendita,NO,,,0,,NON_ESEGUITA,,,,TITOLO_CATEGORIA_NON_OPERATIVO
BASSA,3,RESIDENZIALE,IMMOBILE,,ACQUISIZIONE IMMOBILE,Ferriera di Buttigliera Alta,Mercato residenziale,CERCASI IMMOBILI IN VENDITA IN BASSA VALSUSA | ValsusaOggi,,,0,INDIZIO_AGENZIA,USCITO_MERCATO,2026-09-01T18:58:42.120107+00:00,2026-09-04T07:52:28.839681+00:00,indizio agenzia,,https://www.valsusaoggi.it/cercasi-immobili-in-vendita-in-bassa-valsusa/,NO,,,0,,NON_ESEGUITA,,,,TITOLO_CATEGORIA_NON_OPERATIVO
BASSA,3,RESIDENZIALE,IMMOBILE,,ACQUISIZIONE IMMOBILE,Sangano,Tecnocasa,Annunci case e appartamenti in vendita e in affitto - Tecnocasa.it,,,0,INDIZIO_AGENZIA,USCITO_MERCATO,2026-09-01T18:58:42.121525+00:00,2026-09-01T18:58:42.121527+00:00,indizio agenzia,,https://www.tecnocasa.it/vendita/appartamenti/torino/sangano/61263257.html,NO,,,0,,NON_ESEGUITA,,,,TITOLO_CATEGORIA_NON_OPERATIVO
BASSA,3,RESIDENZIALE,IMMOBILE,,ACQUISIZIONE IMMOBILE,Grugliasco,Tecnorete,Immobili in Vendita | Agenzia Tecnorete di Grugliasco,,,0,INDIZIO_AGENZIA,USCITO_MERCATO,2026-09-02T12:02:41.370254+00:00,2026-09-22T18:16:33.863227+00:00,indizio agenzia,,https://grugliasco2.tecnorete.it/immobili-in-vendita,NO,,,0,,NON_ESEGUITA,,,,TITOLO_CATEGORIA_NON_OPERATIVO
BASSA,3,RESIDENZIALE,IMMOBILE,,ACQUISIZIONE IMMOBILE,Collegno,Nestoria,27.385 immobili in vendita a Collegno - Nestoria,,,0,INDIZIO_AGENZIA,TRACKED,2026-09-03T18:47:06.318385+00:00,2026-09-25T01:30:21.914527+00:00,indizio agenzia,,https://www.nestoria.it/immobiliare/vendita/collegno,NO,,,0,,NON_ESEGUITA,,,,TITOLO_CATEGORIA_NON_OPERATIVO
BASSA,3,RESIDENZIALE,IMMOBILE,,ACQUISIZIONE IMMOBILE,Ferriera di Buttigliera Alta,Mercato residenziale,ValsusaOggi | CERCASI IMMOBILI IN VENDITA IN BASSA VALSUSA FERRIERA DI ...,,,0,INDIZIO_AGENZIA,TRACKED,2026-09-03T18:47:06.318601+00:00,2026-09-07T10:14:01.140199+00:00,indizio agenzia,,https://www.instagram.com/p/Dcxz6lsjgwM/,NO,,,0,,NON_ESEGUITA,,,,TITOLO_CATEGORIA_NON_OPERATIVO
BASSA,3,RESIDENZIALE,IMMOBILE,,ACQUISIZIONE IMMOBILE,Novaretto,Nestoria,Case e appartamenti a Novaretto. Immobili in vendita a Novaretto - Nestoria,,,0,INDIZIO_AGENZIA,TRACKED,2026-09-03T18:47:06.318872+00:00,2026-09-07T04:45:03.056812+00:00,indizio agenzia,,https://www.nestoria.it/immobiliare/vendita/novaretto,NO,,,0,,NON_ESEGUITA,,,,TITOLO_CATEGORIA_NON_OPERATIVO
BASSA,3,RESIDENZIALE,IMMOBILE,,ACQUISIZIONE IMMOBILE,Caprie,Nestoria,Case e appartamenti a Caprie. Immobili in vendita a Caprie - Nestoria,,,0,INDIZIO_AGENZIA,USCITO_MERCATO,2026-09-04T02:03:54.137440+00:00,2026-09-19T06:11:00.695188+00:00,indizio agenzia,,https://www.nestoria.it/immobiliare/vendita/caprie,NO,,,0,la Tempocasa di Condove,ESEGUITA,,,,TITOLO_CATEGORIA_NON_OPERATIVO
BASSA,3,RESIDENZIALE,IMMOBILE,,ACQUISIZIONE IMMOBILE,Alpignano,Tecnorete,Immobili in Vendita | Agenzia Tecnorete di Alpignano,,,0,INDIZIO_AGENZIA,RELISTED,2026-09-04T12:01:02.698786+00:00,2026-09-24T22:22:05.015511+00:00,indizio agenzia,,https://alpignano1.tecnorete.it/immobili-in-vendita,NO,,,0,,ESEGUITA,Via Primo maggio - Centro Storico,Via Primo maggio - Centro Storico 3,VAI IN ZONA,TITOLO_CATEGORIA_NON_OPERATIVO
BASSA,3,RESIDENZIALE,IMMOBILE,,ACQUISIZIONE IMMOBILE,Giaveno,Tecnorete,Appartamenti in Vendita | Agenzia Tecnorete di Giaveno,,,0,INDIZIO_AGENZIA,USCITO_MERCATO,2026-09-04T19:20:00.004281+00:00,2026-09-20T11:10:13.479479+00:00,indizio agenzia,,https://giaveno1.tecnorete.it/appartamenti-in-vendita/,NO,,,0,,NON_ESEGUITA,,,,TITOLO_CATEGORIA_NON_OPERATIVO
BASSA,3,RESIDENZIALE,IMMOBILE,,ACQUISIZIONE IMMOBILE,Almese,Nestoria,23.038 immobili in vendita a Rivera Almese - Nestoria,,,0,INDIZIO_AGENZIA,POSSIBILE_USCITA,2026-09-05T00:56:52.326685+00:00,2026-09-24T07:40:08.272983+00:00,indizio agenzia,,https://www.nestoria.it/immobiliare/vendita/rivera_almese,NO,,,0,,ESEGUITA,,,,TITOLO_CATEGORIA_NON_OPERATIVO
BASSA,3,RESIDENZIALE,IMMOBILE,,ACQUISIZIONE IMMOBILE,Sant'Ambrogio di Torino,Nestoria,15.948 immobili in vendita a San Pietro Sant'Ambrogio di Torino,,,0,INDIZIO_AGENZIA,TRACKED,2026-09-05T00:56:52.328835+00:00,2026-09-20T06:08:00.346802+00:00,indizio agenzia,,https://www.nestoria.it/immobiliare/vendita/san-pietro_santambrogio-di-torino,NO,,,0,,NON_ESEGUITA,,,,TITOLO_CATEGORIA_NON_OPERATIVO
BASSA,3,RESIDENZIALE,IMMOBILE,,ACQUISIZIONE IMMOBILE,San Giorio di Susa,Tecnocasa,Annunci case e appartamenti in vendita e in affitto - Tecnocasa.it,,,0,INDIZIO_AGENZIA,USCITO_MERCATO,2026-09-05T09:19:10.297557+00:00,2026-09-08T06:35:04.159032+00:00,indizio agenzia,,https://www.tecnocasa.it/vendita/appartamenti/torino/san-giorio-di-susa/61265033.html,NO,,,0,,NON_ESEGUITA,,,,TITOLO_CATEGORIA_NON_OPERATIVO
BASSA,3,RESIDENZIALE,IMMOBILE,,ACQUISIZIONE IMMOBILE,Beinasco,Nestoria,27.635 immobili in vendita a Beinasco - Nestoria,,,0,INDIZIO_AGENZIA,USCITO_MERCATO,2026-09-08T06:35:04.156698+00:00,2026-09-23T22:23:47.788804+00:00,indizio agenzia,,https://www.nestoria.it/immobiliare/vendita/beinasco,NO,,,0,,ESEGUITA,,,,TITOLO_CATEGORIA_NON_OPERATIVO
BASSA,3,RESIDENZIALE,IMMOBILE,,ACQUISIZIONE IMMOBILE,Bruino,Nestoria,Case e appartamenti a Bruino. Immobili in vendita a Bruino - Nestoria,,,0,INDIZIO_AGENZIA,TRACKED,2026-09-08T06:35:04.156899+00:00,2026-09-25T13:39:37.452948+00:00,indizio agenzia,,https://www.nestoria.it/immobiliare/vendita/bruino,NO,,,0,,ESEGUITA,,,,TITOLO_CATEGORIA_NON_OPERATIVO
BASSA,3,RESIDENZIALE,IMMOBILE,,ACQUISIZIONE IMMOBILE,Druento,Tecnorete,"Cerco casa, portale dedicato alle ricerca di appartamenti in vendita e ...",,,0,INDIZIO_AGENZIA,USCITO_MERCATO,2026-09-08T11:07:58.868483+00:00,2026-09-08T11:07:58.868484+00:00,indizio agenzia,,https://www.tecnorete.it/annunci/immobili/piemonte/torino/druento.html,NO,,,0,,NON_ESEGUITA,,,,TITOLO_CATEGORIA_NON_OPERATIVO
BASSA,3,RESIDENZIALE,IMMOBILE,,ACQUISIZIONE IMMOBILE,Rivalta di Torino,Nestoria,Case e appartamenti a Rivalta di Torino. Immobili in vendita ... - Nestoria,,,0,INDIZIO_AGENZIA,POSSIBILE_USCITA,2026-09-08T11:07:58.868911+00:00,2026-09-24T13:39:01.457679+00:00,indizio agenzia,,https://www.nestoria.it/immobiliare/vendita/rivalta-di-torino,NO,,,0,,NON_ESEGUITA,,,,TITOLO_CATEGORIA_NON_OPERATIVO
BASSA,3,RESIDENZIALE,IMMOBILE,,ACQUISIZIONE IMMOBILE,Coazze,Immobiliare.it,"Vendita Rustico in via Freinetto Coazze. Da ristrutturare, 204 m², rif ...",,,0,INDIZIO_AGENZIA,USCITO_MERCATO,2026-09-08T18:39:29.644155+00:00,2026-09-13T14:26:02.555385+00:00,indizio agenzia,,https://www.immobiliare.it/annunci/132257520/,NO,,,0,,NON_ESEGUITA,,,,RUSTICO_ESCLUSO
BASSA,3,RESIDENZIALE,IMMOBILE,,ACQUISIZIONE IMMOBILE,Rivalta di Torino,Tecnorete,Immobili in Vendita | Agenzia Tecnorete di Rivalta Di Torino,,,0,INDIZIO_AGENZIA,TRACKED,2026-09-08T18:39:29.645162+00:00,2026-09-25T13:39:37.454096+00:00,indizio agenzia,,https://rivaltaditorino1.tecnorete.it/immobili-in-vendita,NO,,,0,,NON_ESEGUITA,,,,TITOLO_CATEGORIA_NON_OPERATIVO
BASSA,3,RESIDENZIALE,IMMOBILE,,ACQUISIZIONE IMMOBILE,San Gillio,Tecnocasa,Annunci case e appartamenti in vendita e in affitto - Tecnocasa.it,,,0,INDIZIO_AGENZIA,USCITO_MERCATO,2026-09-08T21:57:25.796729+00:00,2026-09-21T01:16:25.020028+00:00,indizio agenzia,,https://www.tecnocasa.it/vendita/appartamenti/torino/san-gillio/61266270.html,NO,,,0,,NON_ESEGUITA,,,,TITOLO_CATEGORIA_NON_OPERATIVO
BASSA,3,RESIDENZIALE,IMMOBILE,,ACQUISIZIONE IMMOBILE,Villarbasse,Tecnorete,"Cerco casa, portale dedicato alle ricerca di appartamenti in vendita e ...",,,0,INDIZIO_AGENZIA,USCITO_MERCATO,2026-09-09T13:49:33.339283+00:00,2026-09-09T13:49:33.339284+00:00,indizio agenzia,,https://www.tecnorete.it/annunci/immobili/piemonte/torino/villarbasse.html,NO,,,0,,NON_ESEGUITA,,,,TITOLO_CATEGORIA_NON_OPERATIVO
BASSA,3,RESIDENZIALE,IMMOBILE,,ACQUISIZIONE IMMOBILE,Rivoli,Mercato residenziale,Gesim Immobili - Immobili in vendita e affitto a Rivoli,,,0,INDIZIO_AGENZIA,USCITO_MERCATO,2026-09-09T20:56:38.870022+00:00,2026-09-20T01:04:10.802796+00:00,indizio agenzia,,https://www.gesimimmobili.it/,NO,,,0,,NON_ESEGUITA,,,,TITOLO_CATEGORIA_NON_OPERATIVO
BASSA,3,RESIDENZIALE,IMMOBILE,,ACQUISIZIONE IMMOBILE,Avigliana,Wikicasa,Appartamenti in vendita a Avigliana - Wikicasa,,,0,INDIZIO_AGENZIA,TRACKED,2026-09-11T17:53:32.667054+00:00,2026-09-24T22:22:05.015633+00:00,indizio agenzia,,https://www.wikicasa.it/vendita-appartamenti/avigliana/,NO,,,0,,ESEGUITA,"Corso Laghi , Avigliana Avigliana - Corso Laghi proponiamo alloggio libero su","Corso Laghi , Avigliana Avigliana - Corso Laghi proponiamo alloggio libero su 3",VAI IN ZONA,TITOLO_CATEGORIA_NON_OPERATIVO
BASSA,3,RESIDENZIALE,IMMOBILE,,ACQUISIZIONE IMMOBILE,Avigliana,Tecnorete,"Cerco casa, portale dedicato alle ricerca di appartamenti in vendita e ...",,,0,INDIZIO_AGENZIA,USCITO_MERCATO,2026-09-11T17:53:32.667089+00:00,2026-09-11T17:53:32.667091+00:00,indizio agenzia,,https://www.tecnorete.it/annunci/immobili/piemonte/torino/avigliana.html,NO,,,1,,ESEGUITA,Corso Laghi,Corso Laghi 5 | Corso Laghi 3 | Corso Laghi 165,VAI IN ZONA,TITOLO_CATEGORIA_NON_OPERATIVO
BASSA,3,RESIDENZIALE,IMMOBILE,,ACQUISIZIONE IMMOBILE,Bruzolo,Nestoria,Case e appartamenti a Bruzolo. Immobili in vendita a Bruzolo - Nestoria,,,0,INDIZIO_AGENZIA,TRACKED,2026-09-12T05:52:24.476844+00:00,2026-09-25T13:39:37.453012+00:00,indizio agenzia,,https://www.nestoria.it/immobiliare/vendita/bruzolo,NO,,,0,,ESEGUITA,,,,TITOLO_CATEGORIA_NON_OPERATIVO
BASSA,3,RESIDENZIALE,IMMOBILE,,ACQUISIZIONE IMMOBILE,Grugliasco,Tecnorete,"Cerco casa, portale dedicato alle ricerca di appartamenti in vendita e ...",,,0,INDIZIO_AGENZIA,USCITO_MERCATO,2026-09-12T17:06:03.935811+00:00,2026-09-13T20:46:02.147158+00:00,indizio agenzia,,https://www.tecnorete.it/agenzie/immobiliari+residenziali/torino/grugliasco/to2i0.html,NO,,,0,,NON_ESEGUITA,,,,TITOLO_CATEGORIA_NON_OPERATIVO
BASSA,3,RESIDENZIALE,IMMOBILE,,ACQUISIZIONE IMMOBILE,Giaveno,Immobiliare.it,"Vendita Rustico in Borgata Fusero Giaveno. Da ristrutturare, 41 m², rif ...",,,0,INDIZIO_AGENZIA,USCITO_MERCATO,2026-09-12T19:18:03.777938+00:00,2026-09-17T23:05:00.275758+00:00,indizio agenzia,,https://www.immobiliare.it/annunci/130968044/,NO,,,0,,NON_ESEGUITA,,,,RUSTICO_ESCLUSO
BASSA,3,RESIDENZIALE,IMMOBILE,,ACQUISIZIONE IMMOBILE,Villar Dora,Tecnorete,Case in vendita a Villar Dora - Tecnorete,,,0,INDIZIO_AGENZIA,USCITO_MERCATO,2026-09-13T14:26:02.557468+00:00,2026-09-20T21:00:13.358536+00:00,indizio agenzia,,https://www.tecnorete.it/annunci/immobili/piemonte/torino/villar-dora.html,NO,,,0,,NON_ESEGUITA,,,,TITOLO_CATEGORIA_NON_OPERATIVO
BASSA,3,RESIDENZIALE,IMMOBILE,,ACQUISIZIONE IMMOBILE,Beinasco,Tecnorete,"Cerco casa, portale dedicato alle ricerca di appartamenti in vendita e ...",,,0,INDIZIO_AGENZIA,POSSIBILE_USCITA,2026-09-13T20:46:02.145239+00:00,2026-09-24T13:39:01.456482+00:00,indizio agenzia,,https://www.tecnorete.it/agenzie/immobiliari+residenziali/torino/beinasco/toha3.html,NO,,,0,,ESEGUITA,Via Torino,Via Torino 14,VAI IN ZONA,TITOLO_CATEGORIA_NON_OPERATIVO
BASSA,3,RESIDENZIALE,IMMOBILE,,ACQUISIZIONE IMMOBILE,Caselette,Tecnocasa,Annunci case e appartamenti in vendita e in affitto - Tecnocasa.it,,,0,INDIZIO_AGENZIA,USCITO_MERCATO,2026-09-13T20:46:02.145734+00:00,2026-09-13T20:46:02.145736+00:00,indizio agenzia,,https://www.tecnocasa.it/vendita/ville/torino/caselette/61192025.html,NO,,,0,,NON_ESEGUITA,,,,TITOLO_CATEGORIA_NON_OPERATIVO
BASSA,3,RESIDENZIALE,IMMOBILE,,ACQUISIZIONE IMMOBILE,Caselette,Tecnorete,"Cerco casa, portale dedicato alle ricerca di appartamenti in vendita e ...",,,0,INDIZIO_AGENZIA,USCITO_MERCATO,2026-09-13T20:46:02.145781+00:00,2026-09-13T20:46:02.145783+00:00,indizio agenzia,,https://www.tecnorete.it/annunci/immobili/piemonte/torino/caselette.html,NO,,,0,,NON_ESEGUITA,,,,TITOLO_CATEGORIA_NON_OPERATIVO
BASSA,3,RESIDENZIALE,IMMOBILE,,ACQUISIZIONE IMMOBILE,Grugliasco,Tecnocasa,Annunci case e appartamenti in vendita e in affitto - Tecnocasa.it,,,0,INDIZIO_AGENZIA,USCITO_MERCATO,2026-09-13T20:46:02.147079+00:00,2026-09-13T20:46:02.147081+00:00,indizio agenzia,,https://www.tecnocasa.it/vendita/appartamenti/torino/grugliasco/61241877.html,NO,,,0,,NON_ESEGUITA,,,,TITOLO_CATEGORIA_NON_OPERATIVO
BASSA,3,RESIDENZIALE,IMMOBILE,,ACQUISIZIONE IMMOBILE,Grugliasco,Tecnocasa,Annunci case e appartamenti in vendita e in affitto - Tecnocasa.it,,,0,INDIZIO_AGENZIA,USCITO_MERCATO,2026-09-13T20:46:02.147087+00:00,2026-09-13T20:46:02.147089+00:00,indizio agenzia,,https://www.tecnocasa.it/vendita/appartamenti/torino/grugliasco/61249297.html,NO,,,0,,NON_ESEGUITA,,,,TITOLO_CATEGORIA_NON_OPERATIVO
BASSA,3,RESIDENZIALE,IMMOBILE,,ACQUISIZIONE IMMOBILE,Grugliasco,Tecnocasa,Annunci case e appartamenti in vendita e in affitto - Tecnocasa.it,,,0,INDIZIO_AGENZIA,USCITO_MERCATO,2026-09-13T20:46:02.147094+00:00,2026-09-13T20:46:02.147097+00:00,indizio agenzia,,https://www.tecnocasa.it/vendita/appartamenti/torino/grugliasco/61116587.html,NO,,,0,,NON_ESEGUITA,,,,TITOLO_CATEGORIA_NON_OPERATIVO
BASSA,3,RESIDENZIALE,IMMOBILE,,ACQUISIZIONE IMMOBILE,Grugliasco,Tecnocasa,Annunci case e appartamenti in vendita e in affitto - Tecnocasa.it,,,0,INDIZIO_AGENZIA,USCITO_MERCATO,2026-09-13T20:46:02.147111+00:00,2026-09-13T20:46:02.147112+00:00,indizio agenzia,,https://www.tecnocasa.it/vendita/ville/torino/grugliasco/61266768.html,NO,,,0,,NON_ESEGUITA,,,,TITOLO_CATEGORIA_NON_OPERATIVO
BASSA,3,RESIDENZIALE,IMMOBILE,,ACQUISIZIONE IMMOBILE,Grugliasco,Tecnocasa,Annunci case e appartamenti in vendita e in affitto - Tecnocasa.it,,,0,INDIZIO_AGENZIA,USCITO_MERCATO,2026-09-13T20:46:02.147118+00:00,2026-09-13T20:46:02.147120+00:00,indizio agenzia,,https://www.tecnocasa.it/vendita/appartamenti/torino/grugliasco/61247097.html,NO,,,0,,NON_ESEGUITA,,,,TITOLO_CATEGORIA_NON_OPERATIVO
BASSA,3,RESIDENZIALE,IMMOBILE,,ACQUISIZIONE IMMOBILE,Grugliasco,Tecnocasa,Annunci case e appartamenti in vendita e in affitto - Tecnocasa.it,,,0,INDIZIO_AGENZIA,USCITO_MERCATO,2026-09-13T20:46:02.147125+00:00,2026-09-13T20:46:02.147127+00:00,indizio agenzia,,https://www.tecnocasa.it/vendita/appartamenti/torino/grugliasco/61214026.html,NO,,,0,,NON_ESEGUITA,,,,TITOLO_CATEGORIA_NON_OPERATIVO
BASSA,3,RESIDENZIALE,IMMOBILE,,ACQUISIZIONE IMMOBILE,Grugliasco,Tecnocasa,Annunci case e appartamenti in vendita e in affitto - Tecnocasa.it,,,0,INDIZIO_AGENZIA,USCITO_MERCATO,2026-09-13T20:46:02.147142+00:00,2026-09-13T20:46:02.147143+00:00,indizio agenzia,,https://www.tecnocasa.it/vendita/negozio/torino/grugliasco/61075286.html,NO,,,0,,NON_ESEGUITA,,,,TITOLO_CATEGORIA_NON_OPERATIVO
BASSA,3,RESIDENZIALE,IMMOBILE,,ACQUISIZIONE IMMOBILE,Grugliasco,Tecnorete,Appartamenti in Vendita | Agenzia Tecnorete di Grugliasco,,,0,INDIZIO_AGENZIA,USCITO_MERCATO,2026-09-13T20:46:02.147182+00:00,2026-09-13T20:46:02.147184+00:00,indizio agenzia,,https://grugliasco2.tecnorete.it/appartamenti-in-vendita,NO,,,0,,NON_ESEGUITA,,,,TITOLO_CATEGORIA_NON_OPERATIVO
BASSA,3,RESIDENZIALE,IMMOBILE,,ACQUISIZIONE IMMOBILE,Robassomero,Tecnorete,"Cerco casa, portale dedicato alle ricerca di appartamenti in vendita e ...",,,0,INDIZIO_AGENZIA,USCITO_MERCATO,2026-09-13T20:46:02.147845+00:00,2026-09-13T20:46:02.147847+00:00,indizio agenzia,,https://www.tecnorete.it/annunci/immobili/piemonte/torino/robassomero.html,NO,,,0,,NON_ESEGUITA,,,,TITOLO_CATEGORIA_NON_OPERATIVO
BASSA,3,RESIDENZIALE,IMMOBILE,,ACQUISIZIONE IMMOBILE,Robassomero,Tecnorete,Case in vendita a Robassomero : piano intermedio - tecnorete.it,,,0,INDIZIO_AGENZIA,USCITO_MERCATO,2026-09-13T20:46:02.147853+00:00,2026-09-13T20:46:02.147855+00:00,indizio agenzia,,https://www.tecnorete.it/annunci/immobili/piemonte/torino/robassomero/piano-intermedio.html,NO,,,0,,NON_ESEGUITA,,,,TITOLO_CATEGORIA_NON_OPERATIVO
BASSA,3,RESIDENZIALE,IMMOBILE,,ACQUISIZIONE IMMOBILE,Condove,Tipologie residenziali,Rustici in vendita Condove (TO),,,0,INDIZIO_AGENZIA,USCITO_MERCATO,2026-09-13T23:15:39.649610+00:00,2026-09-14T01:05:27.891425+00:00,indizio agenzia,,https://www.caseinvendita360.com/rustici-vendita-condove-to,NO,,,0,,NON_ESEGUITA,,,,RUSTICO_ESCLUSO
BASSA,3,RESIDENZIALE,IMMOBILE,,ACQUISIZIONE IMMOBILE,Druento,Tecnorete,"Cerco casa, portale dedicato alle ricerca di appartamenti in vendita e ...",,,0,INDIZIO_AGENZIA,USCITO_MERCATO,2026-09-14T12:27:12.113091+00:00,2026-09-14T12:27:12.113093+00:00,indizio agenzia,,https://www.tecnorete.it/affitto/immobili/piemonte/torino/druento.html,NO,,,0,,NON_ESEGUITA,,,,TITOLO_CATEGORIA_NON_OPERATIVO
BASSA,3,RESIDENZIALE,IMMOBILE,,ACQUISIZIONE IMMOBILE,Chianocco,Nestoria,1.895 appartamenti in vendita a Pian Benot - Nestoria,,,0,INDIZIO_AGENZIA,POSSIBILE_USCITA,2026-09-15T01:31:48.169969+00:00,2026-09-24T07:40:08.271398+00:00,indizio agenzia,,https://www.nestoria.it/appartamenti/vendita/pian-benot,NO,,,0,,NON_ESEGUITA,,,,TITOLO_CATEGORIA_NON_OPERATIVO
BASSA,3,RESIDENZIALE,IMMOBILE,,ACQUISIZIONE IMMOBILE,Chianocco,Nestoria,Case e appartamenti a Frassinere. Immobili in vendita a ... - Nestoria,,,0,INDIZIO_AGENZIA,USCITO_MERCATO,2026-09-15T01:31:48.169984+00:00,2026-09-23T09:26:39.100893+00:00,indizio agenzia,,https://www.nestoria.it/immobiliare/vendita/frassinere,NO,,,0,,NON_ESEGUITA,,,,TITOLO_CATEGORIA_NON_OPERATIVO
BASSA,3,RESIDENZIALE,IMMOBILE,,ACQUISIZIONE IMMOBILE,Rivalta di Torino,Tecnorete,"Cerco casa, portale dedicato alle ricerca di appartamenti in vendita e ...",,,0,INDIZIO_AGENZIA,RELISTED,2026-09-15T01:31:48.170979+00:00,2026-09-25T13:39:37.454103+00:00,indizio agenzia,,https://www.tecnorete.it/annunci/immobili/piemonte/torino/rivalta-di-torino.html,NO,,,0,,NON_ESEGUITA,,,,TITOLO_CATEGORIA_NON_OPERATIVO
BASSA,3,RESIDENZIALE,IMMOBILE,,ACQUISIZIONE IMMOBILE,Valgioie,Wikicasa,Case in vendita a Valgioie - Wikicasa,,,0,INDIZIO_AGENZIA,RELISTED,2026-09-15T18:17:59.373684+00:00,2026-09-24T22:22:05.021065+00:00,indizio agenzia,,https://www.wikicasa.it/vendita-case/valgioie/,NO,,,0,,NON_ESEGUITA,,,,TITOLO_CATEGORIA_NON_OPERATIVO
BASSA,3,RESIDENZIALE,IMMOBILE,,ACQUISIZIONE IMMOBILE,Collegno,Tecnorete,"Cerco casa, portale dedicato alle ricerca di appartamenti in vendita e ...",,,0,INDIZIO_AGENZIA,USCITO_MERCATO,2026-09-17T20:20:41.890060+00:00,2026-09-17T20:20:41.890062+00:00,indizio agenzia,,https://www.tecnorete.it/annunci/immobili/piemonte/torino/collegno.html,NO,,,0,,NON_ESEGUITA,,,,TITOLO_CATEGORIA_NON_OPERATIVO
BASSA,3,RESIDENZIALE,IMMOBILE,,ACQUISIZIONE IMMOBILE,Rivoli,Tecnocasa,Annunci case e appartamenti in vendita e in affitto - Tecnocasa.it,,,0,INDIZIO_AGENZIA,USCITO_MERCATO,2026-09-19T18:06:37.667774+00:00,2026-09-21T01:16:25.019326+00:00,indizio agenzia,,https://www.tecnocasa.it/vendita/appartamenti/torino/rivoli/61175470.html,NO,,,0,,NON_ESEGUITA,,,,TITOLO_CATEGORIA_NON_OPERATIVO
BASSA,3,RESIDENZIALE,IMMOBILE,,ACQUISIZIONE IMMOBILE,Rivoli,Tecnocasa,Annunci case e appartamenti in vendita e in affitto - Tecnocasa.it,,,0,INDIZIO_AGENZIA,USCITO_MERCATO,2026-09-19T18:06:37.667801+00:00,2026-09-21T01:16:25.019334+00:00,indizio agenzia,,https://www.tecnocasa.it/vendita/appartamenti/torino/rivoli/61255224.html,NO,,,0,,NON_ESEGUITA,,,,TITOLO_CATEGORIA_NON_OPERATIVO
BASSA,3,RESIDENZIALE,IMMOBILE,,ACQUISIZIONE IMMOBILE,Rivoli,Tecnocasa,Annunci case e appartamenti in vendita e in affitto - Tecnocasa.it,,,0,INDIZIO_AGENZIA,USCITO_MERCATO,2026-09-19T18:06:37.667808+00:00,2026-09-21T01:16:25.019342+00:00,indizio agenzia,,https://www.tecnocasa.it/vendita/appartamenti/torino/rivoli/61220076.html,NO,,,0,,NON_ESEGUITA,,,,TITOLO_CATEGORIA_NON_OPERATIVO
BASSA,3,RESIDENZIALE,IMMOBILE,,ACQUISIZIONE IMMOBILE,Rivoli,Tecnocasa,Annunci case e appartamenti in vendita e in affitto - Tecnocasa.it,,,0,INDIZIO_AGENZIA,USCITO_MERCATO,2026-09-19T18:06:37.667842+00:00,2026-09-21T01:16:25.019388+00:00,indizio agenzia,,https://www.tecnocasa.it/vendita/negozio/torino/rivoli/61270469.html,NO,,,0,,NON_ESEGUITA,,,,TITOLO_CATEGORIA_NON_OPERATIVO
BASSA,3,RESIDENZIALE,IMMOBILE,,ACQUISIZIONE IMMOBILE,Rivoli,Tecnorete,Immobili in Vendita | Agenzia Tecnorete di Rivoli,,,0,INDIZIO_AGENZIA,USCITO_MERCATO,2026-09-19T18:06:37.667862+00:00,2026-09-21T01:16:25.019404+00:00,indizio agenzia,,https://rivoli2.tecnorete.it/immobili-in-vendita,NO,,,0,,NON_ESEGUITA,,,,TITOLO_CATEGORIA_NON_OPERATIVO
BASSA,3,RESIDENZIALE,IMMOBILE,,ACQUISIZIONE IMMOBILE,Rivoli,Tecnorete,Immobili in Vendita | Agenzia Tecnorete di Rivoli,,,0,INDIZIO_AGENZIA,USCITO_MERCATO,2026-09-19T18:06:37.667869+00:00,2026-09-21T01:16:25.019397+00:00,indizio agenzia,,https://rivoli4.tecnorete.it/immobili-in-vendita,NO,,,0,,NON_ESEGUITA,,,,TITOLO_CATEGORIA_NON_OPERATIVO
BASSA,3,RESIDENZIALE,IMMOBILE,,ACQUISIZIONE IMMOBILE,Rivoli,Tecnorete,Appartamenti in Vendita | Agenzia Tecnorete di Rivoli,,,0,INDIZIO_AGENZIA,USCITO_MERCATO,2026-09-19T18:06:37.667876+00:00,2026-09-21T01:16:25.019413+00:00,indizio agenzia,,https://rivoli3.tecnorete.it/appartamenti-in-vendita,NO,,,0,,NON_ESEGUITA,,,,TITOLO_CATEGORIA_NON_OPERATIVO
BASSA,3,RESIDENZIALE,IMMOBILE,,ACQUISIZIONE IMMOBILE,Rivoli,Tecnorete,"Cerco casa, portale dedicato alle ricerca di appartamenti in vendita e ...",,,0,INDIZIO_AGENZIA,USCITO_MERCATO,2026-09-19T18:06:37.667883+00:00,2026-09-19T18:06:37.667884+00:00,indizio agenzia,,https://www.tecnorete.it/agenzie/immobiliari+residenziali/torino/rivoli/to2h5.html,NO,,,0,,NON_ESEGUITA,,,,TITOLO_CATEGORIA_NON_OPERATIVO
BASSA,3,RESIDENZIALE,IMMOBILE,,ACQUISIZIONE IMMOBILE,Giaveno,Trovit,99 immobili giaveno via in vendita a Coazze - Trovit,,,0,INDIZIO_AGENZIA,USCITO_MERCATO,2026-09-20T06:08:00.346774+00:00,2026-09-21T01:16:25.016767+00:00,indizio agenzia,,https://case.trovit.it/giaveno-via-coazze,NO,,,0,,NON_ESEGUITA,,,,PAGINA_CATEGORIA_O_RICERCA
BASSA,3,RESIDENZIALE,IMMOBILE,,ACQUISIZIONE IMMOBILE,Borgone Susa,Tecnorete,Case in vendita a Borgone Susa : di prestigio - tecnorete.it,,,0,INDIZIO_AGENZIA,USCITO_MERCATO,2026-09-20T21:00:13.355273+00:00,2026-09-20T21:00:13.355275+00:00,indizio agenzia,,https://www.tecnorete.it/annunci/immobili/piemonte/torino/borgone-susa/di-prestigio.html,NO,,,0,,NON_ESEGUITA,,,,TITOLO_CATEGORIA_NON_OPERATIVO
BASSA,3,RESIDENZIALE,IMMOBILE,,ACQUISIZIONE IMMOBILE,Chianocco,Nestoria,Case e appartamenti a Via Vignassa. Immobili in vendita a ... - Nestoria,,,0,INDIZIO_AGENZIA,USCITO_MERCATO,2026-09-20T21:00:13.355708+00:00,2026-09-21T01:16:25.016411+00:00,indizio agenzia,,https://www.nestoria.it/immobiliare/vendita/via-vignassa,NO,,,0,,NON_ESEGUITA,,,,TITOLO_CATEGORIA_NON_OPERATIVO
BASSA,3,RESIDENZIALE,IMMOBILE,,ACQUISIZIONE IMMOBILE,Coazze,Tecnocasa,Annunci case e appartamenti in vendita e in affitto - Tecnocasa.it,,,0,INDIZIO_AGENZIA,USCITO_MERCATO,2026-09-20T21:00:13.356069+00:00,2026-09-21T01:16:25.016780+00:00,indizio agenzia,,https://www.tecnocasa.it/vendita/appartamenti/torino/coazze/61272358.html,NO,,,0,,NON_ESEGUITA,,,,TITOLO_CATEGORIA_NON_OPERATIVO
BASSA,3,RESIDENZIALE,IMMOBILE,,ACQUISIZIONE IMMOBILE,Coazze,Tecnocasa,Annunci case e appartamenti in vendita e in affitto - Tecnocasa.it,,,0,INDIZIO_AGENZIA,USCITO_MERCATO,2026-09-20T21:00:13.356075+00:00,2026-09-21T01:16:25.016789+00:00,indizio agenzia,,https://www.tecnocasa.it/vendita/appartamenti/torino/coazze/61257866.html,NO,,,0,,NON_ESEGUITA,,,,TITOLO_CATEGORIA_NON_OPERATIVO
BASSA,3,RESIDENZIALE,IMMOBILE,,ACQUISIZIONE IMMOBILE,Coazze,Tecnocasa,Annunci case e appartamenti in vendita e in affitto - Tecnocasa.it,,,0,INDIZIO_AGENZIA,USCITO_MERCATO,2026-09-20T21:00:13.356082+00:00,2026-09-21T01:16:25.016796+00:00,indizio agenzia,,https://www.tecnocasa.it/vendita/appartamenti/torino/coazze/61252912.html,NO,,,0,,NON_ESEGUITA,,,,TITOLO_CATEGORIA_NON_OPERATIVO
BASSA,3,RESIDENZIALE,IMMOBILE,,ACQUISIZIONE IMMOBILE,Coazze,Tecnorete,"Cerco casa, portale dedicato alle ricerca di appartamenti in vendita e ...",,,0,INDIZIO_AGENZIA,USCITO_MERCATO,2026-09-20T21:00:13.356136+00:00,2026-09-21T01:16:25.016846+00:00,indizio agenzia,,https://www.tecnorete.it/annunci/appartamenti/piemonte/torino/coazze.html,NO,,,0,,NON_ESEGUITA,,,,TITOLO_CATEGORIA_NON_OPERATIVO
BASSA,3,RESIDENZIALE,IMMOBILE,,ACQUISIZIONE IMMOBILE,Chiusa di San Michele,Tecnocasa,Annunci case e appartamenti in vendita e in affitto - Tecnocasa.it,,,0,INDIZIO_AGENZIA,USCITO_MERCATO,2026-09-21T01:16:25.016613+00:00,2026-09-21T01:16:25.016614+00:00,indizio agenzia,,https://www.tecnocasa.it/vendita/rustici-cascine-case/torino/chiusa-di-san-michele/61132082.html,NO,,,0,,NON_ESEGUITA,,,,RUSTICO_ESCLUSO
BASSA,3,RESIDENZIALE,IMMOBILE,,ACQUISIZIONE IMMOBILE,Chiusa di San Michele,Tecnorete,"Cerco casa, portale dedicato alle ricerca di appartamenti in vendita e ...",,,0,INDIZIO_AGENZIA,USCITO_MERCATO,2026-09-21T01:16:25.016624+00:00,2026-09-21T01:16:25.016625+00:00,indizio agenzia,,https://www.tecnorete.it/annunci/immobili/piemonte/torino/chiusa-di-san-michele.html,NO,,,0,,NON_ESEGUITA,,,,TITOLO_CATEGORIA_NON_OPERATIVO
BASSA,3,RESIDENZIALE,IMMOBILE,,ACQUISIZIONE IMMOBILE,Chiusa di San Michele,Tecnorete,Case in vendita a Chiusa Di San Michele : vicino alla metropolitana,,,0,INDIZIO_AGENZIA,USCITO_MERCATO,2026-09-21T01:16:25.016630+00:00,2026-09-21T01:16:25.016631+00:00,indizio agenzia,,https://www.tecnorete.it/annunci/immobili/piemonte/torino/chiusa-di-san-michele/vicino-alla-metropolitana.html,NO,,,0,,NON_ESEGUITA,,,,TITOLO_CATEGORIA_NON_OPERATIVO
BASSA,3,RESIDENZIALE,IMMOBILE,,ACQUISIZIONE IMMOBILE,Collegno,Tecnocasa,Annunci case e appartamenti in vendita e in affitto - Tecnocasa.it,,,0,INDIZIO_AGENZIA,USCITO_MERCATO,2026-09-21T01:16:25.017244+00:00,2026-09-21T01:16:25.017246+00:00,indizio agenzia,,https://www.tecnocasa.it/vendita/ville/torino/collegno/61270947.html,NO,,,0,,NON_ESEGUITA,,,,TITOLO_CATEGORIA_NON_OPERATIVO
BASSA,3,RESIDENZIALE,IMMOBILE,,ACQUISIZIONE IMMOBILE,Collegno,Tecnocasa,Annunci case e appartamenti in vendita e in affitto - Tecnocasa.it,,,0,INDIZIO_AGENZIA,USCITO_MERCATO,2026-09-21T01:16:25.017250+00:00,2026-09-21T01:16:25.017251+00:00,indizio agenzia,,https://www.tecnocasa.it/vendita/ville/torino/collegno/61270939.html,NO,,,0,,NON_ESEGUITA,,,,TITOLO_CATEGORIA_NON_OPERATIVO
BASSA,3,RESIDENZIALE,IMMOBILE,,ACQUISIZIONE IMMOBILE,Collegno,Tecnocasa,Annunci case e appartamenti in vendita e in affitto - Tecnocasa.it,,,0,INDIZIO_AGENZIA,USCITO_MERCATO,2026-09-21T01:16:25.017256+00:00,2026-09-21T01:16:25.017257+00:00,indizio agenzia,,https://www.tecnocasa.it/vendita/appartamenti/torino/collegno/61270157.html,NO,,,0,,NON_ESEGUITA,,,,TITOLO_CATEGORIA_NON_OPERATIVO
BASSA,3,RESIDENZIALE,IMMOBILE,,ACQUISIZIONE IMMOBILE,Collegno,Tecnocasa,Annunci case e appartamenti in vendita e in affitto - Tecnocasa.it,,,0,INDIZIO_AGENZIA,USCITO_MERCATO,2026-09-21T01:16:25.017261+00:00,2026-09-21T01:16:25.017262+00:00,indizio agenzia,,https://www.tecnocasa.it/vendita/ville/torino/collegno/61270949.html,NO,,,0,,NON_ESEGUITA,,,,TITOLO_CATEGORIA_NON_OPERATIVO
BASSA,3,RESIDENZIALE,IMMOBILE,,ACQUISIZIONE IMMOBILE,Collegno,Tecnocasa,Annunci case e appartamenti in vendita e in affitto - Tecnocasa.it,,,0,INDIZIO_AGENZIA,USCITO_MERCATO,2026-09-21T01:16:25.017267+00:00,2026-09-21T01:16:25.017269+00:00,indizio agenzia,,https://www.tecnocasa.it/vendita/appartamenti/torino/collegno/61264051.html,NO,,,0,,NON_ESEGUITA,,,,TITOLO_CATEGORIA_NON_OPERATIVO
BASSA,3,RESIDENZIALE,IMMOBILE,,ACQUISIZIONE IMMOBILE,Collegno,Tecnorete,Immobili in Vendita | Agenzia Tecnorete di Collegno,,,0,INDIZIO_AGENZIA,USCITO_MERCATO,2026-09-21T01:16:25.017295+00:00,2026-09-21T01:16:25.017296+00:00,indizio agenzia,,https://collegno3.tecnorete.it/immobili-in-vendita,NO,,,0,,NON_ESEGUITA,,,,TITOLO_CATEGORIA_NON_OPERATIVO
BASSA,3,RESIDENZIALE,IMMOBILE,,ACQUISIZIONE IMMOBILE,Collegno,Tecnorete,Immobili in Vendita | Agenzia Tecnorete di Collegno,,,0,INDIZIO_AGENZIA,USCITO_MERCATO,2026-09-21T01:16:25.017301+00:00,2026-09-21T01:16:25.017302+00:00,indizio agenzia,,https://collegno1.tecnorete.it/immobili-in-vendita,NO,,,0,,NON_ESEGUITA,,,,TITOLO_CATEGORIA_NON_OPERATIVO
BASSA,3,RESIDENZIALE,IMMOBILE,,ACQUISIZIONE IMMOBILE,Collegno,Tecnorete,Appartamenti in Vendita | Agenzia Tecnorete di Collegno,,,0,INDIZIO_AGENZIA,USCITO_MERCATO,2026-09-21T01:16:25.017306+00:00,2026-09-21T01:16:25.017307+00:00,indizio agenzia,,https://collegno2.tecnorete.it/appartamenti-in-vendita/,NO,,,0,,NON_ESEGUITA,,,,TITOLO_CATEGORIA_NON_OPERATIVO
BASSA,3,RESIDENZIALE,IMMOBILE,,ACQUISIZIONE IMMOBILE,Collegno,Tecnorete,"Cerco casa, portale dedicato alle ricerca di appartamenti in vendita e ...",,,0,INDIZIO_AGENZIA,USCITO_MERCATO,2026-09-21T01:16:25.017312+00:00,2026-09-21T01:16:25.017313+00:00,indizio agenzia,,https://www.tecnorete.it/agenzie/immobiliari+residenziali/torino/collegno/to2i5.html,NO,,,0,,NON_ESEGUITA,,,,TITOLO_CATEGORIA_NON_OPERATIVO
BASSA,3,RESIDENZIALE,IMMOBILE,,ACQUISIZIONE IMMOBILE,Condove,Tecnocasa,Annunci case e appartamenti in vendita e in affitto - Tecnocasa.it,,,0,INDIZIO_AGENZIA,USCITO_MERCATO,2026-09-21T01:16:25.017521+00:00,2026-09-21T01:16:25.017522+00:00,indizio agenzia,,https://www.tecnocasa.it/vendita/ville/torino/condove/61255521.html,NO,,,0,,NON_ESEGUITA,,,,TITOLO_CATEGORIA_NON_OPERATIVO
BASSA,3,RESIDENZIALE,IMMOBILE,,ACQUISIZIONE IMMOBILE,Condove,Tecnocasa,Annunci case e appartamenti in vendita e in affitto - Tecnocasa.it,,,0,INDIZIO_AGENZIA,USCITO_MERCATO,2026-09-21T01:16:25.017528+00:00,2026-09-21T01:16:25.017529+00:00,indizio agenzia,,https://www.tecnocasa.it/vendita/rustici-cascine-case/torino/condove/61121579.html,NO,,,0,,NON_ESEGUITA,,,,RUSTICO_ESCLUSO
BASSA,3,RESIDENZIALE,IMMOBILE,,ACQUISIZIONE IMMOBILE,Condove,Tecnocasa,Annunci case e appartamenti in vendita e in affitto - Tecnocasa.it,,,0,INDIZIO_AGENZIA,USCITO_MERCATO,2026-09-21T01:16:25.017534+00:00,2026-09-21T01:16:25.017535+00:00,indizio agenzia,,https://www.tecnocasa.it/vendita/rustici-cascine-case/torino/condove/61177685.html,NO,,,0,,NON_ESEGUITA,,,,RUSTICO_ESCLUSO
BASSA,3,RESIDENZIALE,IMMOBILE,,ACQUISIZIONE IMMOBILE,Druento,Nestoria,25.366 immobili in vendita a Grange Marsaglia - Nestoria,,,0,INDIZIO_AGENZIA,USCITO_MERCATO,2026-09-21T01:16:25.017827+00:00,2026-09-21T01:16:25.017828+00:00,indizio agenzia,,https://www.nestoria.it/immobiliare/vendita/grange-marsaglia,NO,,,0,,NON_ESEGUITA,,,,TITOLO_CATEGORIA_NON_OPERATIVO
BASSA,3,RESIDENZIALE,IMMOBILE,,ACQUISIZIONE IMMOBILE,Druento,Tecnorete,"Cerco casa, portale dedicato alle ricerca di appartamenti in vendita e ...",,,0,INDIZIO_AGENZIA,USCITO_MERCATO,2026-09-21T01:16:25.017903+00:00,2026-09-21T01:16:25.017904+00:00,indizio agenzia,,https://www.tecnorete.it/agenzie/immobiliari+residenziali/torino/druento/tohg2.html,NO,,,0,,NON_ESEGUITA,,,,TITOLO_CATEGORIA_NON_OPERATIVO
BASSA,3,RESIDENZIALE,IMMOBILE,,ACQUISIZIONE IMMOBILE,Fiano,Tecnorete,Immobili in Vendita | Agenzia Tecnorete di Fiano,,,0,INDIZIO_AGENZIA,USCITO_MERCATO,2026-09-21T01:16:25.018227+00:00,2026-09-21T01:16:25.018228+00:00,indizio agenzia,,https://fiano1.tecnorete.it/immobili-in-vendita,NO,,,0,,NON_ESEGUITA,,,,TITOLO_CATEGORIA_NON_OPERATIVO
BASSA,3,RESIDENZIALE,IMMOBILE,,ACQUISIZIONE IMMOBILE,Fiano,Tecnorete,Case in vendita a Fiano : ultimo piano - tecnorete.it,,,0,INDIZIO_AGENZIA,USCITO_MERCATO,2026-09-21T01:16:25.018232+00:00,2026-09-21T01:16:25.018233+00:00,indizio agenzia,,https://www.tecnorete.it/annunci/immobili/piemonte/torino/fiano/ultimo-piano.html,NO,,,0,,NON_ESEGUITA,,,,TITOLO_CATEGORIA_NON_OPERATIVO
BASSA,3,RESIDENZIALE,IMMOBILE,,ACQUISIZIONE IMMOBILE,Rivoli,Tecnocasa,Annunci case e appartamenti in vendita e in affitto - Tecnocasa.it,,,0,INDIZIO_AGENZIA,USCITO_MERCATO,2026-09-21T01:16:25.019312+00:00,2026-09-21T01:16:25.019313+00:00,indizio agenzia,,https://www.tecnocasa.it/vendita/appartamenti/torino/rivoli/61269909.html,NO,,,0,,NON_ESEGUITA,,,,TITOLO_CATEGORIA_NON_OPERATIVO
BASSA,3,RESIDENZIALE,IMMOBILE,,ACQUISIZIONE IMMOBILE,San Didero,Tecnocasa,Annunci case e appartamenti in vendita e in affitto - Tecnocasa.it,,,0,INDIZIO_AGENZIA,USCITO_MERCATO,2026-09-21T01:16:25.019858+00:00,2026-09-21T01:16:25.019859+00:00,indizio agenzia,,https://www.tecnocasa.it/vendita/rustici-cascine-case/torino/san-didero/61257724.html,NO,,,0,,NON_ESEGUITA,,,,RUSTICO_ESCLUSO
BASSA,3,RESIDENZIALE,IMMOBILE,,ACQUISIZIONE IMMOBILE,San Didero,Tecnorete,Case in vendita a San Didero : di prestigio - tecnorete.it,,,0,INDIZIO_AGENZIA,USCITO_MERCATO,2026-09-21T01:16:25.019863+00:00,2026-09-21T01:16:25.019864+00:00,indizio agenzia,,https://www.tecnorete.it/annunci/immobili/piemonte/torino/san-didero/di-prestigio.html,NO,,,0,,NON_ESEGUITA,,,,TITOLO_CATEGORIA_NON_OPERATIVO
BASSA,3,RESIDENZIALE,IMMOBILE,,ACQUISIZIONE IMMOBILE,San Gillio,Tecnocasa,Annunci case e appartamenti in vendita e in affitto - Tecnocasa.it,,,0,INDIZIO_AGENZIA,USCITO_MERCATO,2026-09-21T01:16:25.020018+00:00,2026-09-21T01:16:25.020019+00:00,indizio agenzia,,https://www.tecnocasa.it/vendita/appartamenti/torino/san-gillio/61220795.html,NO,,,0,,NON_ESEGUITA,,,,TITOLO_CATEGORIA_NON_OPERATIVO
BASSA,3,RESIDENZIALE,IMMOBILE,,ACQUISIZIONE IMMOBILE,San Gillio,Tecnocasa,Annunci case e appartamenti in vendita e in affitto - Tecnocasa.it,,,0,INDIZIO_AGENZIA,USCITO_MERCATO,2026-09-21T01:16:25.020023+00:00,2026-09-21T01:16:25.020024+00:00,indizio agenzia,,https://www.tecnocasa.it/vendita/appartamenti/torino/san-gillio/61201472.html,NO,,,0,,NON_ESEGUITA,,,,TITOLO_CATEGORIA_NON_OPERATIVO
BASSA,3,RESIDENZIALE,IMMOBILE,,ACQUISIZIONE IMMOBILE,San Gillio,Tecnocasa,Annunci case e appartamenti in vendita e in affitto - Tecnocasa.it,,,0,INDIZIO_AGENZIA,USCITO_MERCATO,2026-09-21T01:16:25.020038+00:00,2026-09-21T01:16:25.020040+00:00,indizio agenzia,,https://www.tecnocasa.it/vendita/ville/torino/san-gillio/61264184.html,NO,,,0,,NON_ESEGUITA,,,,TITOLO_CATEGORIA_NON_OPERATIVO
BASSA,3,RESIDENZIALE,IMMOBILE,,ACQUISIZIONE IMMOBILE,San Gillio,Tecnocasa,Casa semindipendente in vendita a San Gillio - Tecnocasa.it,,,0,INDIZIO_AGENZIA,USCITO_MERCATO,2026-09-21T01:16:25.020066+00:00,2026-09-21T01:16:25.020068+00:00,indizio agenzia,,https://www.tecnocasa.it/vendita/rustici-cascine-case/torino/san-gillio/60828885.html,NO,,,0,,NON_ESEGUITA,,,,RUSTICO_ESCLUSO
BASSA,3,RESIDENZIALE,IMMOBILE,,ACQUISIZIONE IMMOBILE,San Gillio,Tecnorete,Case in vendita a San Gillio : vicino alla metropolitana,,,0,INDIZIO_AGENZIA,USCITO_MERCATO,2026-09-21T01:16:25.020079+00:00,2026-09-21T01:16:25.020080+00:00,indizio agenzia,,https://www.tecnorete.it/annunci/immobili/piemonte/torino/san-gillio/vicino-alla-metropolitana.html,NO,,,0,,NON_ESEGUITA,,,,TITOLO_CATEGORIA_NON_OPERATIVO
BASSA,3,RESIDENZIALE,IMMOBILE,,ACQUISIZIONE IMMOBILE,Trana,Tecnocasa,Annunci case e appartamenti in vendita e in affitto - Tecnocasa.it,,,0,INDIZIO_AGENZIA,USCITO_MERCATO,2026-09-21T01:16:25.020407+00:00,2026-09-21T01:16:25.020408+00:00,indizio agenzia,,https://www.tecnocasa.it/vendita/ville/torino/trana/61249599.html,NO,,,0,,NON_ESEGUITA,,,,TITOLO_CATEGORIA_NON_OPERATIVO
BASSA,3,RESIDENZIALE,IMMOBILE,,ACQUISIZIONE IMMOBILE,Trana,Tecnorete,Case in vendita a Trana : piano intermedio - tecnorete.it,,,0,INDIZIO_AGENZIA,USCITO_MERCATO,2026-09-21T01:16:25.020445+00:00,2026-09-21T01:16:25.020446+00:00,indizio agenzia,,https://www.tecnorete.it/annunci/immobili/piemonte/torino/trana/piano-intermedio.html,NO,,,0,,NON_ESEGUITA,,,,TITOLO_CATEGORIA_NON_OPERATIVO
BASSA,3,RESIDENZIALE,IMMOBILE,,ACQUISIZIONE IMMOBILE,Pianezza,Wikicasa,Appartamenti in vendita a Pianezza - Wikicasa,,,0,INDIZIO_AGENZIA,USCITO_MERCATO,2026-09-22T01:45:50.162405+00:00,2026-09-23T19:10:52.200077+00:00,indizio agenzia,,https://www.wikicasa.it/vendita-appartamenti/pianezza/,NO,,,0,,NON_ESEGUITA,,,,TITOLO_CATEGORIA_NON_OPERATIVO
BASSA,3,RESIDENZIALE,IMMOBILE,,ACQUISIZIONE IMMOBILE,Caprie,Tecnocasa,Annunci case e appartamenti in vendita e in affitto - Tecnocasa.it,,,0,INDIZIO_AGENZIA,USCITO_MERCATO,2026-09-22T13:28:47.915726+00:00,2026-09-22T13:28:47.915728+00:00,indizio agenzia,,https://www.tecnocasa.it/vendita/appartamenti/torino/caprie/61255661.html,NO,,,0,,ESEGUITA,Via Monte Bianco,Via Monte Bianco 60/A,VAI IN ZONA,TITOLO_CATEGORIA_NON_OPERATIVO
