id,comune,via,strada,tipologia,titolo,fonte,agenzia,url,stato,attivo,venduto_confermato,prima_rilevazione,ultimo_avvistamento,giorni_mercato,prezzo,prezzo_precedente,mq,prezzo_mq,numero_ribassi,primo_ribasso,ultimo_ribasso,giorni_al_primo_ribasso,ribasso_totale_pct,cross_match,missed_checks,qualita_record,segnale_mercato
921e8e502a7cb4a91602,Almese,,,villa,"Villetta a schiera in vendita in Borgo Nuovo, 14, Almese - idealista",Idealista,,https://www.idealista.it/immobile/36801859/,USCITO_MERCATO,False,False,2026-09-13T14:26:02.554280+00:00,2026-09-13T18:14:54.118606+00:00,0,120000.0,,,,0,,,,0,0,30,URL_DETTAGLIO_PORTALE,VENDITA
9278ca625e2b80035191,Almese,,,villa,"Vendita Villa bifamiliare Avigliana. Ottimo stato, posto auto, con ...",Immobiliare.it,,https://www.immobiliare.it/annunci/132358582/,USCITO_MERCATO,False,False,2026-09-11T23:19:47.987779+00:00,2026-09-16T19:00:37.437995+00:00,4,,,,,0,,,,0,0,18,URL_DETTAGLIO_PORTALE,PRIVATO
d1e9c84c6daccf6d586a,Almese,Borgata Soffietti Bollè 14,Borgata Soffietti Bollè,villa,"Vendita Villa unifamiliare in Borgata Soffietti Bollè, 14 Almese. Buono ...",Immobiliare.it,Almese. Buono ... Gabetti Rivoli,https://www.immobiliare.it/annunci/114608417/,USCITO_MERCATO,False,False,2026-09-13T09:37:53.086982+00:00,2026-09-17T11:30:50.188906+00:00,4,,,360.0,,0,,,,0,0,15,INDIRIZZO_ESTRATTO,AGENZIA
c6d44eaa173acad9fded,Almese,Strada della Praia 8/b1,Strada della Praia,commerciale,"F.lli Latini Snc, Strada della Praia 8/b1, Almese (2026)",Capannoni logistica,,https://www.schoolandcollegelistings.com/IT/Almese/108432937258141/F.lli-Latini-Snc,USCITO_MERCATO,False,False,2026-09-14T22:36:38.492356+00:00,2026-09-14T22:36:38.492358+00:00,0,,,,,0,,,,0,0,24,INDIRIZZO_ESTRATTO,VENDITA
2bcdb0fc06c342a547fe,Almese,VIA AVIGLIANA 98,VIA AVIGLIANA,villa,467 Immobili in vendita a Almese - Mitula Case,Mercato residenziale,,https://immobiliare.mitula.it/almese,USCITO_MERCATO,False,False,2026-08-21T12:20:59.475199+00:00,2026-09-15T18:17:59.371764+00:00,25,89000.0,,,,0,,,,0,0,21,INDIRIZZO_ESTRATTO,VENDITA
d11a35dc33bf88a2bc87,Almese,Via Almese 10,Via Almese,casa indipendente,"Casa indipendente in vendita in Via Almese, 10 - idealista",Idealista,,https://www.idealista.it/immobile/35031076/,USCITO_MERCATO,False,False,2026-08-21T12:20:59.475241+00:00,2026-09-05T23:10:34.870395+00:00,15,125000.0,,50.0,2500.0,0,,,,0,0,67,INDIRIZZO_ESTRATTO,PRIVATO
42eb553af87ecd610c36,Almese,Via Roma 29,Via Roma,commerciale,Locale commerciale in Vendita in Via Roma 29 a Almese,Casa.it,,https://www.casa.it/immobili/54664232/,USCITO_MERCATO,False,False,2026-09-05T19:08:06.332878+00:00,2026-09-05T19:08:06.332880+00:00,0,,,63.0,,0,,,,0,0,69,INDIRIZZO_ESTRATTO,PRIVATO
e1b49046f29013830623,Almese,Via Roma 29,Via Roma,commerciale,"Locale in vendita in Via Roma, 29, Almese — idealista, N.1 in Italia",Idealista,,https://www.idealista.it/immobile/36723793/,USCITO_MERCATO,False,False,2026-09-04T19:20:00.002913+00:00,2026-09-05T19:08:06.332898+00:00,0,45000.0,,63.0,714.29,0,,,,0,0,69,INDIRIZZO_ESTRATTO,VENDITA
8b5f6b6db55a3dc069e8,Almese,Via Rubiana 51,Via Rubiana,casa indipendente,"Proprietà rustica in vendita in Via Rubiana, 51, Almese - idealista",Idealista,Almese - idealista RUSTICO CON VISTA PANORAMICALa FC Immobiliare,https://www.idealista.it/immobile/36195511/,USCITO_MERCATO,False,False,2026-08-27T21:04:17.079042+00:00,2026-09-09T23:18:34.766671+00:00,13,150000.0,,,,0,,,,0,0,48,INDIRIZZO_ESTRATTO,VENDITA
9a8e6bc5c6aaedd0ee05,Almese,Via Rubiana 142,Via Rubiana,villa,"Villa in vendita in Via Rubiana, 142 /2, Almese - idealista",Idealista,la Grimaldi Immobiliare,https://www.idealista.it/immobile/36069783/,USCITO_MERCATO,False,False,2026-08-17T16:30:23.634178+00:00,2026-09-06T00:53:48.285013+00:00,19,,,,,0,,,,0,0,66,INDIRIZZO_ESTRATTO,VENDITA
55cb4d66e34bf79bc0cc,Almese,Via Ruffini 13,Via Ruffini,casa indipendente,"Casa indipendente in vendita in Via Ruffini, 13, Almese - idealista",Idealista,,https://www.idealista.it/immobile/35234714/,USCITO_MERCATO,False,False,2026-09-09T23:18:34.766664+00:00,2026-09-13T18:14:54.118617+00:00,3,,,1500.0,,0,,,,0,0,30,INDIRIZZO_ESTRATTO,PRIVATO
1da3198f8f2f5ee6137c,Almese,borgata franchino - Mompellato 6,borgata franchino - Mompellato,casa indipendente,Immobili in Vendita | Agenzia Tecnorete di Almese,Tecnorete,,https://almese1.tecnorete.it/immobili-in-vendita,RELISTED,True,False,2026-08-22T17:17:15.502399+00:00,2026-09-20T11:10:13.478176+00:00,28,,,100.0,,0,,,,0,0,0,INDIRIZZO_ESTRATTO,AGENZIA
c49246626beeeef88169,Almese,frazione Tuberghengo 2,frazione Tuberghengo,casa indipendente,Vendita Terratetto plurifamiliare in frazione Tuberghengo 2 Viù. Da ...,Immobiliare.it,,https://www.immobiliare.it/annunci/101503673/,USCITO_MERCATO,False,False,2026-08-21T12:20:59.475235+00:00,2026-08-28T10:58:40.669736+00:00,6,,,,,0,,,,0,0,88,INDIRIZZO_ESTRATTO,VENDITA
f66c1e057abc51050e6d,Almese,"località Grangia, offre una superficie totale di 300","località Grangia, offre una superficie totale di",altro,Almese - 238 case in vendita in Almese de Nuroa.it,Mercato residenziale,,https://www.nuroa.it/vendita-immobili/almese,POSSIBILE_USCITA,False,False,2026-09-10T18:28:14.179810+00:00,2026-09-19T20:30:44.815759+00:00,9,75000.0,,,,0,,,,0,0,4,INDIRIZZO_ESTRATTO,VENDITA
c5f21054381eae5f8b1e,Almese,piazza Martiri della Libertà 31,piazza Martiri della Libertà,commerciale,"Locale commerciale piazza Martiri della Libertà 31, Almese, Rif ...",Immobiliare.it,,https://www.immobiliare.it/annunci/113407257/,USCITO_MERCATO,False,False,2026-09-03T18:47:06.317571+00:00,2026-09-03T18:47:06.317572+00:00,0,,,,,0,,,,0,0,81,INDIRIZZO_ESTRATTO,LOCAZIONE
97a8d751ed8dfe575b6b,Almese,via Almese 73,via Almese,villa,"Vendita Villa a schiera in via Almese 73 Avigliana. Ottimo stato, posto ...",Immobiliare.it,,https://www.immobiliare.it/annunci/125159231/,USCITO_MERCATO,False,False,2026-09-01T18:58:42.118846+00:00,2026-09-04T19:20:00.002944+00:00,3,239000.0,,250.0,956.0,0,,,,0,0,75,INDIRIZZO_ESTRATTO,VENDITA
ee09ae630d67fc97a1e7,Almese,via Almese Alpignano. Buono stato,via Almese Alpignano. Buono stato,villa,Vendita Terratetto unifamiliare in via Almese Alpignano. Buono stato ...,Immobiliare.it,proponiamo una splendida unità immobiliare,https://www.immobiliare.it/annunci/131284786/,TRACKED,True,False,2026-08-27T21:04:17.079056+00:00,2026-09-20T11:10:13.478216+00:00,23,226000.0,,,,0,,,,0,0,0,INDIRIZZO_ESTRATTO,VENDITA
2c2eed297f36e0c10ba3,Almese,via Almese. Collegno. Ottimo stato,via Almese. Collegno. Ottimo stato,appartamento,"Vendita Appartamento in via Almese. Collegno. Ottimo stato, primo piano ...",Immobiliare.it,va398 - La Tempocasa di Collegno Terracorta,https://www.immobiliare.it/annunci/125045579/,TRACKED,True,False,2026-09-04T16:00:05.400462+00:00,2026-09-20T06:08:00.345683+00:00,15,,,140.0,,0,,,,0,0,1,INDIRIZZO_ESTRATTO,AGENZIA
3cfdce1ca761a778b5ee,Almese,via Braida 18,via Braida,casa indipendente,Vendita Terratetto unifamiliare in via Braida 18 Almese. Da ...,Immobiliare.it,,https://www.immobiliare.it/annunci/131901566/,USCITO_MERCATO,False,False,2026-08-27T21:04:17.079049+00:00,2026-08-28T10:58:40.669721+00:00,0,,,,,0,,,,0,0,88,INDIRIZZO_ESTRATTO,VENDITA
899c58f0f73b06113d43,Almese,via Braida 18/9,via Braida,casa indipendente,Vendita Terratetto unifamiliare in via Braida 18/9 Almese. Da ...,Immobiliare.it,,https://www.immobiliare.it/annunci/132512014/,TRACKED,True,False,2026-09-18T17:15:59.822573+00:00,2026-09-20T11:10:13.478261+00:00,1,95000.0,,150.0,633.33,0,,,,0,0,0,INDIRIZZO_ESTRATTO,VENDITA
2f72c750a44d4d0dda61,Almese,via Capolo,via Capolo,terreno,"Terreno edificabile via Capolo, Almese, rif. 126452785 - Immobiliare.it",Immobiliare.it,rif. 126452785 - Immobiliare,https://www.immobiliare.it/annunci/126452785/,USCITO_MERCATO,False,False,2026-08-21T12:20:59.475225+00:00,2026-08-27T21:04:17.079083+00:00,6,,,500.0,,0,,,,0,0,90,INDIRIZZO_ESTRATTO,VENDITA
e7eec40523b7ae9efedc,Almese,via Granaglie 43,via Granaglie,villa,Vendita Villa bifamiliare in via Granaglie 43 Almese. Ottimo stato ...,Immobiliare.it,,https://www.immobiliare.it/annunci/132358596/,USCITO_MERCATO,False,False,2026-09-12T10:35:02.922133+00:00,2026-09-16T22:13:22.797057+00:00,4,,,,,0,,,,0,0,17,INDIRIZZO_ESTRATTO,PRIVATO
f43d55412570b0867c41,Almese,via Milanere 29,via Milanere,villa,Annunci di case in vendita a Almese centro città - Bakeca,Bakeca privati,,https://torino.bakeca.it/annunci/vendita-case/luogo/Almese/,USCITO_MERCATO,False,False,2026-09-11T17:53:32.666859+00:00,2026-09-14T22:36:38.492336+00:00,3,175000.0,,180.0,972.22,0,,,,0,0,24,INDIRIZZO_ESTRATTO,VENDITA
f03f60de65c9aab43eb5,Almese,via Montecapretto 24,via Montecapretto,villa,Vendita Villa unifamiliare in via Montecapretto 24 Almese. Ottimo stato ...,Immobiliare.it,,https://www.immobiliare.it/annunci/108146029/,USCITO_MERCATO,False,False,2026-08-21T12:20:59.475211+00:00,2026-08-21T12:20:59.475213+00:00,0,299000.0,,,,0,,,,0,0,91,INDIRIZZO_ESTRATTO,VENDITA
819bbae160b4cb6cf211,Almese,via Morsino 74/5,via Morsino,appartamento,Vendita Appartamento Almese. Trilocale in via Morsino 74/5. Da ...,Immobiliare.it,la TEMPOCASA DI CONDOVE,https://www.immobiliare.it/annunci/127965590/,TRACKED,True,False,2026-08-27T21:04:17.079061+00:00,2026-09-20T11:10:13.478224+00:00,23,13000.0,8000.0,25.0,520.0,0,,,,0,0,0,INDIRIZZO_ESTRATTO,"PRIVATO,AGENZIA"
961adf090436954455e4,Almese,via Morsino 74/5,via Morsino,appartamento,Vendita Appartamento Almese. Monolocale in via Morsino 74/5. Da ...,Immobiliare.it,la TEMPOCASA DI CONDOVE,https://www.immobiliare.it/annunci/131300422/,TRACKED,True,False,2026-09-12T19:18:03.776564+00:00,2026-09-20T11:10:13.478240+00:00,7,8000.0,,,,0,,,,0,0,0,INDIRIZZO_ESTRATTO,AGENZIA
21830642df5f6f3128d6,Almese,via Rivera 66,via Rivera,villa,Vendita Appartamento in villa in via Rivera 66 Almese. Buono stato ...,Immobiliare.it,,https://www.immobiliare.it/annunci/132181320/,USCITO_MERCATO,False,False,2026-09-05T16:59:36.014166+00:00,2026-09-10T01:14:41.784517+00:00,4,295000.0,,,,0,,,,0,3,47,INDIRIZZO_ESTRATTO,VENDITA
82a3aa3f30a8fc65fde8,Almese,via Rivera 66,via Rivera,villa,"Vendita Villa unifamiliare in via Rivera 66 Almese. Buono stato, posto ...",Immobiliare.it,,https://www.immobiliare.it/annunci/132203708/,USCITO_MERCATO,False,False,2026-09-06T22:17:30.164839+00:00,2026-09-11T13:39:24.922906+00:00,4,,,,,0,,,,0,2,40,INDIRIZZO_ESTRATTO,PRIVATO
cd60a58dfa065a2e505f,Almese,via Rivera 66,via Rivera,villa,Vendita Appartamento in villa in via Rivera 66 Almese. Buono stato ...,Immobiliare.it,,https://www.immobiliare.it/annunci/132181734/,USCITO_MERCATO,False,False,2026-09-05T09:19:10.295123+00:00,2026-09-10T05:58:05.659410+00:00,4,,,,,0,,,,0,4,46,INDIRIZZO_ESTRATTO,VENDITA
2356b8a6cc2bf07676f7,Almese,via Roma 29,via Roma,appartamento,Vendita Appartamento Almese. Trilocale in via Roma 29. Buono stato ...,Immobiliare.it,,https://www.immobiliare.it/annunci/130993624/,USCITO_MERCATO,False,False,2026-08-21T12:20:59.475217+00:00,2026-09-11T23:19:47.987758+00:00,21,46000.0,,,,0,,,,0,1,38,INDIRIZZO_ESTRATTO,VENDITA
025e3b323cd2f7a93856,Almese,via Roma 29,via Roma,commerciale,"Locale commerciale via Roma 29, Almese, Rif. 132169640 - Immobiliare.it",Immobiliare.it,Rif. 132169640 - Immobiliare,https://www.immobiliare.it/annunci/132169640/,USCITO_MERCATO,False,False,2026-09-09T23:18:34.766554+00:00,2026-09-14T12:27:12.111227+00:00,4,,,63.0,,0,,,,0,0,26,INDIRIZZO_ESTRATTO,PRIVATO
2812ed64093f464b6c85,Almese,via Rubiana 33f,via Rubiana,commerciale,Almese - 240 appartamenti in affito in Almese de Nuroa.it,Commerciale negozi/locali,,https://www.nuroa.it/affitto-case/almese,TRACKED,True,False,2026-08-28T05:06:35.529757+00:00,2026-09-20T11:10:13.478196+00:00,23,175000.0,70000.0,,,4,2026-09-04T12:01:34.802098+00:00,2026-09-10T21:45:35.803210+00:00,7,0,0,0,INDIRIZZO_ESTRATTO,LOCAZIONE
5fe366ce6142845c6cfa,Almese,via Rubiana 100,via Rubiana,villa,"Vendita Villa bifamiliare in via Rubiana 100 Almese. Buono stato, posto ...",Immobiliare.it,,https://www.immobiliare.it/annunci/119867056/,TRACKED,True,False,2026-08-21T12:20:59.475206+00:00,2026-09-20T11:10:13.478247+00:00,29,460000.0,,,,0,,,,0,0,0,INDIRIZZO_ESTRATTO,PRIVATO
dfb212ee276ada4413ac,Almese,via Rubiana 93,via Rubiana,villa,Vendita Villa unifamiliare in via Rubiana 93 Almese. Ottimo stato ...,Immobiliare.it,,https://www.immobiliare.it/annunci/132183836/,USCITO_MERCATO,False,False,2026-09-05T09:19:10.295096+00:00,2026-09-10T01:14:41.784536+00:00,4,325000.0,315000.0,278.0,1169.06,2,2026-09-06T22:17:55.067664+00:00,2026-09-09T13:50:00.538330+00:00,1,0,0,47,INDIRIZZO_ESTRATTO,VENDITA
edc8d55ed27dbb6f3812,Almese,via Ruffini 13,via Ruffini,casa indipendente,Vendita Terratetto unifamiliare in via Ruffini 13 Almese. Buono stato ...,Immobiliare.it,l'IMMOBILIARE VINCELLI,https://www.immobiliare.it/annunci/127739728/,TRACKED,True,False,2026-09-16T14:58:05.669859+00:00,2026-09-20T11:10:13.478233+00:00,3,125000.0,,1500.0,83.33,0,,,,0,0,0,INDIRIZZO_ESTRATTO,PRIVATO
15f96a92f4a03635eec3,Almese,via alma bertolo,via alma bertolo,terreno,"Terreno edificabile via alma bertolo, Almese, rif. 129022660 ...",Immobiliare.it,ref. 129022660 - Immobiliare,https://www.immobiliare.it/annunci/129022660/,TRACKED,True,False,2026-08-21T12:20:59.475230+00:00,2026-09-20T11:10:13.478254+00:00,29,,,,,0,,,,0,0,0,INDIRIZZO_ESTRATTO,"VENDITA,SVILUPPO"
56de5281b89f513988c7,Alpignano,,,appartamento,Bilocale in Vendita a Alpignano | Euro 135.000 | Mq 67,Tempocasa,,https://tempocasa.it/it/vendita/torino/alpignano/bilocale/12878833,USCITO_MERCATO,False,False,2026-09-13T20:46:02.144841+00:00,2026-09-13T20:46:02.144843+00:00,0,135000.0,,67.0,2014.93,0,,,,0,0,29,URL_DETTAGLIO_PORTALE,AGENZIA
5717aba868b05e852f6e,Alpignano,,,appartamento,"Vendita Appartamento Alpignano. Quadrilocale, Buono stato, piano terra ...",Immobiliare.it,,https://www.immobiliare.it/annunci/132247844/,USCITO_MERCATO,False,False,2026-09-08T18:39:29.643254+00:00,2026-09-13T14:26:02.554369+00:00,4,205000.0,,90.0,2277.78,0,,,,0,0,31,URL_DETTAGLIO_PORTALE,PRIVATO
70f5d30df1d94e884d30,Alpignano,,,appartamento,Trilocale in Vendita a Alpignano | Euro 179.000 | Mq 80,Tempocasa,,https://tempocasa.it/it/vendita/torino/alpignano/trilocale/4680060,USCITO_MERCATO,False,False,2026-09-13T20:46:02.144831+00:00,2026-09-13T20:46:02.144832+00:00,0,179000.0,,80.0,2237.5,0,,,,0,0,29,URL_DETTAGLIO_PORTALE,AGENZIA
791c6abe461cafe1a8f7,Alpignano,,,appartamento,Trilocale in Vendita a Alpignano | Euro 199.000 | Mq 118,Tempocasa,,https://tempocasa.it/it/vendita/torino/alpignano/trilocale/13361490,USCITO_MERCATO,False,False,2026-09-13T20:46:02.144798+00:00,2026-09-13T20:46:02.144800+00:00,0,199000.0,,118.0,1686.44,0,,,,0,0,29,URL_DETTAGLIO_PORTALE,AGENZIA
a55b57e3115f305dcfb9,Alpignano,,,appartamento,"Vendita Appartamento Alpignano. Trilocale, Buono stato, piano terra ...",Immobiliare.it,,https://www.immobiliare.it/annunci/132442652/,TRACKED,True,False,2026-09-15T18:17:59.371888+00:00,2026-09-20T11:10:13.478340+00:00,4,,,,,0,,,,0,0,0,URL_DETTAGLIO_PORTALE,VENDITA
b4e7b183977ebec091ce,Alpignano,,,appartamento,Appartamento su due piani in vendita a Alpignano - idealista,Idealista,,https://www.idealista.it/immobile/36801948/,USCITO_MERCATO,False,False,2026-09-13T14:26:02.554417+00:00,2026-09-14T18:41:54.042350+00:00,1,405000.0,,325.0,1246.15,0,,,,0,0,25,URL_DETTAGLIO_PORTALE,VENDITA
b88fdd8a67922f861c22,Alpignano,,,appartamento,Bilocale in Vendita a Alpignano | Euro 99.000 | Mq 50,Tempocasa,,https://tempocasa.it/it/vendita/torino/alpignano/bilocale/9022918,USCITO_MERCATO,False,False,2026-09-13T20:46:02.144810+00:00,2026-09-13T20:46:02.144812+00:00,0,99000.0,,50.0,1980.0,0,,,,0,0,29,URL_DETTAGLIO_PORTALE,AGENZIA
d074624d74e4cff1f088,Alpignano,,,appartamento,Trilocale in Vendita a Alpignano | Euro 89.000 | Mq 70,Tempocasa,,https://tempocasa.it/it/vendita/torino/alpignano/trilocale/7579654,USCITO_MERCATO,False,False,2026-09-13T20:46:02.144821+00:00,2026-09-13T20:46:02.144822+00:00,0,89000.0,,70.0,1271.43,0,,,,0,0,29,URL_DETTAGLIO_PORTALE,AGENZIA
3e3cbfa91129f4f72498,Alpignano,,,casa indipendente,"Vendita Terratetto unifamiliare Alpignano. Buono stato, posto auto, con ...",Immobiliare.it,,https://www.immobiliare.it/annunci/132364916/,TRACKED,True,False,2026-09-16T14:58:05.670067+00:00,2026-09-20T11:10:13.478384+00:00,3,,,,,0,,,,0,0,0,URL_DETTAGLIO_PORTALE,"PRIVATO,VENDITA"
3825fbcd5a93c1b3d21c,Alpignano,,,villa,"Vendita Villa unifamiliare Alpignano. Ottimo stato, riscaldamento ...",Immobiliare.it,,https://www.immobiliare.it/annunci/132365022/,USCITO_MERCATO,False,False,2026-09-11T23:19:47.987886+00:00,2026-09-16T04:54:00.958077+00:00,4,,,,,0,,,,0,0,20,URL_DETTAGLIO_PORTALE,VENDITA
499f4a85528414e5566e,Alpignano,,,villa,"Vendita Villa bifamiliare Alpignano. Posto auto, con terrazza ...",Immobiliare.it,,https://www.immobiliare.it/annunci/132255436/,USCITO_MERCATO,False,False,2026-09-10T15:11:09.213695+00:00,2026-09-10T15:11:09.213697+00:00,0,,,280.0,,0,,,,0,1,44,URL_DETTAGLIO_PORTALE,VENDITA
b9c961d80414a14e74df,Alpignano,,,villa,Villa bifamiliare in Vendita a Alpignano | Euro 480.000 | Mq 300,Tempocasa,,https://tempocasa.it/it/vendita/torino/alpignano/villa-bifamiliare/3727687,USCITO_MERCATO,False,False,2026-09-13T20:46:02.144860+00:00,2026-09-13T20:46:02.144862+00:00,0,480000.0,,300.0,1600.0,0,,,,0,0,29,URL_DETTAGLIO_PORTALE,AGENZIA
d3fc1701471eb2be1509,Alpignano,,,villa,Casa indipendente in Vendita a Alpignano | Euro 375.000 | Mq 270,Tempocasa,,https://tempocasa.it/it/vendita/torino/alpignano/casa-indipendente/4062616,USCITO_MERCATO,False,False,2026-09-13T20:46:02.144870+00:00,2026-09-13T20:46:02.144872+00:00,0,375000.0,,270.0,1388.89,0,,,,0,0,29,URL_DETTAGLIO_PORTALE,AGENZIA
e4b1f5da6cb6c6e3fe15,Alpignano,,,villa,Villa a schiera in Vendita a Alpignano | Euro 235.000 | Mq 200,Tempocasa,proponiamo interessantissima opportunità immobiliare,https://tempocasa.it/it/vendita/torino/alpignano/villa-a-schiera/12785345,USCITO_MERCATO,False,False,2026-09-13T20:46:02.144851+00:00,2026-09-13T20:46:02.144852+00:00,0,235000.0,,200.0,1175.0,0,,,,0,0,29,URL_DETTAGLIO_PORTALE,"AGENZIA,LOCAZIONE"
af0483889a9502ac65ed,Alpignano,Piazza Caduti 11,Piazza Caduti,appartamento,"Trilocale in vendita in Piazza Caduti, 11, Alpignano - idealista",Idealista,,https://www.idealista.it/immobile/36833496/,POSSIBILE_USCITA,False,False,2026-09-19T14:29:10.959372+00:00,2026-09-19T14:29:10.959373+00:00,0,11900.0,,,,0,,,,0,0,6,INDIRIZZO_ESTRATTO,VENDITA
3a7bbb545af3daf20fa9,Alpignano,"Piazza dei Caduti, proponiamo muri negozio di circa 35","Piazza dei Caduti, proponiamo muri negozio di circa",commerciale,76 locale commerciales in vendita a Alpignano - Trovit,Trovit,,https://case.trovit.it/negozio-alpignano,USCITO_MERCATO,False,False,2026-09-08T18:39:29.643196+00:00,2026-09-18T01:22:44.225378+00:00,9,35000.0,,35.0,1000.0,0,,,,0,0,11,INDIRIZZO_ESTRATTO,VENDITA
341b2c68c4675093ddb3,Alpignano,Strada della Costa 91,Strada della Costa,villa,Vendita Villa a schiera in Strada della Costa 91 Alpignano. Da ...,Immobiliare.it,,https://www.immobiliare.it/annunci/121671340/,USCITO_MERCATO,False,False,2026-09-02T12:02:41.369378+00:00,2026-09-14T01:05:27.890513+00:00,11,252000.0,,,,0,,,,0,0,27,INDIRIZZO_ESTRATTO,VENDITA
feae333010e39e1d57fc,Alpignano,Via Alpignano 13,Via Alpignano,villa,"Appartamento in vendita in Via Alpignano, 13 - idealista",Idealista,,https://www.idealista.it/immobile/35978767/,USCITO_MERCATO,False,False,2026-09-04T22:26:36.991034+00:00,2026-09-14T18:41:54.042386+00:00,9,149000.0,89000.0,,,0,,,,0,0,25,INDIRIZZO_ESTRATTO,VENDITA
88972322a7cc841626d1,Alpignano,"Via Biancone Piemonte, Torino Visualizza foto Villetta indipendente in vendita di 234","Via Biancone Piemonte, Torino Visualizza foto Villetta indipendente in vendita di",casa indipendente,Casa Indipendente Alpignano - 26 case in vendita in ... - nuroa.it,Tipologie residenziali,,https://www.nuroa.it/vendita-immobili/casa-indipendente-alpignano,USCITO_MERCATO,False,False,2026-09-04T16:00:05.400504+00:00,2026-09-06T17:10:13.429186+00:00,2,450000.0,,,,0,,,,0,0,62,INDIRIZZO_ESTRATTO,VENDITA
de9d98620acb3e21826c,Alpignano,Via Collegno 23,Via Collegno,altro,Case in vendita da Privati a Alpignano - CasaDaPrivato.it,Mercato residenziale,,https://www.casadaprivato.it/annunci-vendita/immobili/torino-alpignano,RELISTED,True,False,2026-08-28T05:06:35.529806+00:00,2026-09-20T11:10:13.478283+00:00,23,18000.0,110000.0,,,1,2026-09-16T22:13:52.552811+00:00,2026-09-16T22:13:52.552811+00:00,19,83.64,0,0,INDIRIZZO_ESTRATTO,VENDITA
7ef8cfff279601a22c43,Alpignano,"Via Collegno, si propone un capannone di circa 500","Via Collegno, si propone un capannone di circa",commerciale,Subito - Tecnocasa - OVEST INDUSTRIALE sas - CAPANNONE A ALPIGNANO ...,Subito privati,,https://www.subito.it/uffici-locali-commerciali/capannone-a-alpignano-torino-659433515.htm,USCITO_MERCATO,False,False,2026-09-11T09:00:35.957027+00:00,2026-09-11T17:53:32.666963+00:00,0,220000.0,,500.0,440.0,0,,,,0,0,39,INDIRIZZO_ESTRATTO,AGENZIA
f203f95c72721cdc179e,Alpignano,Via Della costa 41,Via Della costa,altro,Immobili in vendita a Alpignano | Gabetti,Mercato generale,,https://www.gabetti.it/vendita/alpignano,USCITO_MERCATO,False,False,2026-08-21T12:20:59.475246+00:00,2026-08-27T21:04:17.079103+00:00,6,179000.0,,,,0,,,,0,0,90,INDIRIZZO_ESTRATTO,AGENZIA
852ba12bcfa308c88c78,Alpignano,Via Ferna 21,Via Ferna,appartamento,"Appartamento in vendita in Via Ferna, 21, Alpignano - idealista",Idealista,,https://www.idealista.it/immobile/36852245/,POSSIBILE_USCITA,False,False,2026-09-19T14:29:10.959387+00:00,2026-09-19T14:29:10.959388+00:00,0,195000.0,,,,0,,,,0,0,6,INDIRIZZO_ESTRATTO,VENDITA
5aaec84930e9460cfef2,Alpignano,Via Grange Palmero 119,Via Grange Palmero,commerciale,"Capannone, affitto, Via Grange Palmero 119, Alpignano",Capannoni logistica,"immobiliare-collegno-96116""",https://www.commerciali.it/capannone-affitto-alpignano-30805131,USCITO_MERCATO,False,False,2026-09-14T01:05:27.890454+00:00,2026-09-14T01:05:27.890456+00:00,0,,,260.0,,0,,,,0,0,27,INDIRIZZO_ESTRATTO,LOCAZIONE
2cd8e4544351911ada91,Alpignano,"Via Grange Palmero, proponiamo in locazione un capannone industriale di circa 260","Via Grange Palmero, proponiamo in locazione un capannone industriale di circa",commerciale,Locale Commerciale Alpignano - 101 locali comerciali in affito in ...,Commerciale negozi/locali,,https://www.nuroa.it/affitto-case/locale-commerciale-alpignano,RELISTED,True,False,2026-09-05T09:19:10.295191+00:00,2026-09-20T11:10:13.478295+00:00,15,12000.0,,,,0,,,,0,0,0,INDIRIZZO_ESTRATTO,LOCAZIONE
81d8247a5a73348e6f89,Alpignano,"Via Grange Palmero, proponiamo in locazione un capannone industriale di circa 260","Via Grange Palmero, proponiamo in locazione un capannone industriale di circa",commerciale,Subito - Tecnocasa - OVEST INDUSTRIALE sas - CAPANNONE A ALPIGNANO ...,Subito privati,,https://www.subito.it/uffici-locali-commerciali/capannone-a-alpignano-torino-660403430.htm,USCITO_MERCATO,False,False,2026-09-14T12:27:12.111450+00:00,2026-09-17T06:08:55.030787+00:00,2,,,260.0,,0,,,,0,0,16,INDIRIZZO_ESTRATTO,"AGENZIA,LOCAZIONE"
a13cea7665c570c565a8,Alpignano,Via Monte Bianco 60/A,Via Monte Bianco,altro,Immobiliare We Are Flying Sas - Alpignano - Tecnorete,Tecnorete,,https://alpignano1.tecnorete.it/alpignano/alpignano-centro/,USCITO_MERCATO,False,False,2026-09-05T16:59:36.014181+00:00,2026-09-06T19:19:39.863513+00:00,1,138000.0,,,,0,,,,0,0,61,INDIRIZZO_ESTRATTO,AGENZIA
dbce482195fd717d0b6d,Alpignano,Via Primo Maggio 19,Via Primo Maggio,villa,"Villetta bifamiliare in vendita in Via Primo Maggio, 19, Alpignano ...",Idealista,,https://www.idealista.it/immobile/36259149/,USCITO_MERCATO,False,True,2026-09-04T22:26:36.991028+00:00,2026-09-05T21:13:34.332674+00:00,0,,,,,0,,,,0,0,68,INDIRIZZO_ESTRATTO,STORICO_USCITA
19539e28fc9159b48eec,Alpignano,Via Primo maggio - Centro Storico 3,Via Primo maggio - Centro Storico,altro,Immobili in Vendita | Agenzia Tecnorete di Alpignano,Tecnorete,,https://alpignano1.tecnorete.it/immobili-in-vendita,TRACKED,True,False,2026-09-04T12:01:02.698786+00:00,2026-09-20T11:10:13.478268+00:00,15,,,96.0,,0,,,,0,0,0,INDIRIZZO_ESTRATTO,AGENZIA
517b1357f54cb8a5ded1,Alpignano,Via Scrivia s.n.c,Via Scrivia s.n.c,villa,"Villa in vendita in Via Scrivia s.n.c, Alpignano - idealista",Idealista,,https://www.idealista.it/immobile/34302057/,USCITO_MERCATO,False,False,2026-09-13T14:26:02.554439+00:00,2026-09-14T18:41:54.042375+00:00,1,400000.0,,,,0,,,,0,0,25,INDIRIZZO_ESTRATTO,VENDITA
6c6738a754e391524007,Alpignano,"Via Valdellatorre, 10091 Alpignano TO, Italia 41","Via Valdellatorre, 10091 Alpignano TO, Italia",appartamento,Case in vendita a Alpignano | Bilocale.it,Mercato residenziale,,https://www.bilocale.it/vendita-case/alpignano/,RELISTED,True,False,2026-09-11T09:00:35.956989+00:00,2026-09-20T06:08:00.345699+00:00,9,195000.0,5250.0,,,1,2026-09-16T14:59:32.440132+00:00,2026-09-16T14:59:32.440132+00:00,5,50.63,0,1,INDIRIZZO_ESTRATTO,VENDITA
eaacd074f47bef21d82a,Alpignano,Via Valle 18,Via Valle,appartamento,"Appartamento su due piani in vendita in Via Valle, 18, Alpignano ...",Idealista,,https://www.idealista.it/immobile/36667517/,USCITO_MERCATO,False,False,2026-09-04T22:26:36.991021+00:00,2026-09-04T22:26:36.991023+00:00,0,,,,,0,,,,0,0,74,INDIRIZZO_ESTRATTO,VENDITA
12be7cbf4ea3cd4eba51,Alpignano,Via Veneto 6,Via Veneto,villa,"Villa in vendita in Via Veneto, 6, Alpignano — idealista, N.1 in Italia",Idealista,,https://www.idealista.it/immobile/36850113/,POSSIBILE_USCITA,False,False,2026-09-19T14:29:10.959378+00:00,2026-09-19T14:29:10.959379+00:00,0,365000.0,,151.0,2417.22,0,,,,0,0,6,INDIRIZZO_ESTRATTO,VENDITA
36c98be17210de259ebe,Alpignano,Via Villa 7,Via Villa,villa,"Casa indipendente in vendita in Via Villa, 7 - idealista",Idealista,,https://www.idealista.it/immobile/36857584/,POSSIBILE_USCITA,False,False,2026-09-19T14:29:10.959392+00:00,2026-09-19T20:30:44.818103+00:00,0,298000.0,,100.0,2980.0,0,,,,0,0,4,INDIRIZZO_ESTRATTO,VENDITA
1b81c26fe60f41754e8a,Alpignano,Via dei Ronchi 51/A6,Via dei Ronchi,commerciale,Capannone Vendita Alpignano - 29 case in vendita in Alpignano de Nuroa.it,Capannoni logistica,,https://www.nuroa.it/vendita-immobili/capannone-vendita-alpignano,TRACKED,True,False,2026-08-28T05:06:35.529823+00:00,2026-09-20T11:10:13.478332+00:00,23,140000.0,65000.0,420.0,333.33,10,2026-09-05T23:10:34.870214+00:00,2026-09-08T11:07:58.867624+00:00,8,0,0,0,INDIRIZZO_ESTRATTO,VENDITA
745c146044ce33a349f9,Alpignano,"Via dei Ronchi, si propone in locazione un capannone di circa 300","Via dei Ronchi, si propone in locazione un capannone di circa",commerciale,1 capannones in affitto a Alpignano - Trovit,Trovit,,https://case.trovit.it/affitto-capannone-alpignano,USCITO_MERCATO,False,False,2026-09-01T23:36:27.689979+00:00,2026-09-05T23:10:34.870196+00:00,3,,,300.0,,0,,,,0,0,67,INDIRIZZO_ESTRATTO,LOCAZIONE
eed9c6a6ba5260e9edab,Alpignano,"Via dei Ronchi, si propone in locazione un capannone di circa 300","Via dei Ronchi, si propone in locazione un capannone di circa",commerciale,Alpignano - 567 appartamenti in affito in Alpignano de Nuroa.it,Capannoni logistica,,https://www.nuroa.it/affitto-case/alpignano,USCITO_MERCATO,False,False,2026-09-04T00:12:37.945895+00:00,2026-09-07T04:45:03.055212+00:00,3,12000.0,65000.0,300.0,40.0,4,2026-09-05T04:45:40.120242+00:00,2026-09-07T04:47:01.253822+00:00,1,0,0,58,INDIRIZZO_ESTRATTO,LOCAZIONE
fa464327d098b42cc057,Alpignano,"Via dei Ronchi, si propone in locazione un capannone di circa 300","Via dei Ronchi, si propone in locazione un capannone di circa",commerciale,17 locale commerciales in affitto a Alpignano - Trovit,Trovit,,https://case.trovit.it/affitto-negozio-alpignano,TRACKED,True,False,2026-09-01T18:58:42.118899+00:00,2026-09-20T06:08:00.345738+00:00,18,,,300.0,,0,,,,0,0,1,INDIRIZZO_ESTRATTO,LOCAZIONE
0a1b48b9b85dc979654c,Alpignano,corso Torino 7,corso Torino,appartamento,Vendita Appartamento Alpignano. Bilocale in corso Torino 7. Ottimo ...,Immobiliare.it,,https://www.immobiliare.it/annunci/124972329/,USCITO_MERCATO,False,False,2026-09-08T06:35:04.156492+00:00,2026-09-12T10:35:02.922264+00:00,4,,,,,0,,,,0,1,36,INDIRIZZO_ESTRATTO,VENDITA
faac0dff69663835e0cf,Alpignano,piazza dei Caduti 11,piazza dei Caduti,appartamento,Vendita Appartamento Alpignano. Quadrilocale in piazza dei Caduti 11 ...,Immobiliare.it,,https://www.immobiliare.it/annunci/132460334/,USCITO_MERCATO,False,False,2026-09-16T19:00:37.438110+00:00,2026-09-16T19:00:37.438111+00:00,0,,,,,0,,,,0,0,18,INDIRIZZO_ESTRATTO,VENDITA
688904bbbae673cda953,Alpignano,via 11 Febbraio 51,via 11 Febbraio,appartamento,"Vendita Appartamento in via 11 Febbraio 51. Alpignano. Buono stato, su ...",Immobiliare.it,locali - Immobiliare,https://www.immobiliare.it/annunci/125870679/,USCITO_MERCATO,False,False,2026-08-27T21:04:17.079138+00:00,2026-09-05T21:13:34.332661+00:00,9,89000.0,,,,0,,,,0,0,68,INDIRIZZO_ESTRATTO,VENDITA
661eefbce1dff7acf710,Alpignano,via 25 Aprile Alpignano. Posto auto,via 25 Aprile Alpignano. Posto auto,villa,"Vendita Villa unifamiliare in via 25 Aprile Alpignano. Posto auto, con ...",Immobiliare.it,,https://www.immobiliare.it/annunci/129784374/,USCITO_MERCATO,False,False,2026-08-27T21:04:17.079178+00:00,2026-09-03T18:47:06.317679+00:00,6,,,1000.0,,0,,,,0,0,81,INDIRIZZO_ESTRATTO,VENDITA
6e81dfac10eca1db9553,Alpignano,via Alpignano 1/B,via Alpignano,casa indipendente,Vendita Terratetto unifamiliare in via Alpignano 1/B San Gillio. Ottimo ...,Immobiliare.it,,https://www.immobiliare.it/annunci/130521356/,USCITO_MERCATO,False,False,2026-09-04T22:26:36.991014+00:00,2026-09-04T22:26:36.991015+00:00,0,,,82.0,,0,,,,0,0,74,INDIRIZZO_ESTRATTO,PRIVATO
05bf2227e702d3064a7e,Alpignano,via Alpignano 133,via Alpignano,rustico/casale,Vendita Rustico in via Alpignano 133 Val della Torre. Da ristrutturare ...,Immobiliare.it,Val della Torre - Immobiliare,https://www.immobiliare.it/annunci/130993166/,USCITO_MERCATO,False,False,2026-09-04T22:26:36.991005+00:00,2026-09-04T22:26:36.991007+00:00,0,69000.0,,,,0,,,,0,0,74,INDIRIZZO_ESTRATTO,PRIVATO
19c5c7948e383e0211ff,Alpignano,"via Alpignano Rivoli. Buono stato, posto auto, con terrazza, riscaldamento autonomo 250","via Alpignano Rivoli. Buono stato, posto auto, con terrazza, riscaldamento autonomo",villa,"Vendita Villa bifamiliare in via Alpignano Rivoli. Buono stato, posto ...",Immobiliare.it,,https://www.immobiliare.it/annunci/132055228/,USCITO_MERCATO,False,False,2026-09-12T10:35:02.922310+00:00,2026-09-12T17:06:03.936226+00:00,0,,,1000.0,,0,,,,0,0,34,INDIRIZZO_ESTRATTO,"VENDITA,PRIVATO"
76b37646a59f6fb8302d,Alpignano,via Beinasco 13,via Beinasco,appartamento,Vendita Appartamento Alpignano. Quadrilocale in via Beinasco 13. Ottimo ...,Immobiliare.it,,https://www.immobiliare.it/annunci/129515200/,TRACKED,True,False,2026-09-01T18:58:42.118972+00:00,2026-09-20T11:10:13.478362+00:00,18,189000.0,195000.0,,,1,2026-09-17T20:21:57.462725+00:00,2026-09-17T20:21:57.462725+00:00,16,3.08,0,0,INDIRIZZO_ESTRATTO,VENDITA
786867553c85778f461b,Alpignano,via Buttigliera Alpignano. Buono stato,via Buttigliera Alpignano. Buono stato,villa,Vendita Villa unifamiliare in via Buttigliera Alpignano. Buono stato ...,Immobiliare.it,,https://www.immobiliare.it/annunci/132220542/,USCITO_MERCATO,False,False,2026-09-08T06:35:04.156507+00:00,2026-09-12T19:18:03.776677+00:00,4,350000.0,,,,0,,,,0,0,33,INDIRIZZO_ESTRATTO,VENDITA
7b03e42eb6df642f246c,Alpignano,via Campagnola Alpignano. Ottimo stato,via Campagnola Alpignano. Ottimo stato,villa,Vendita Villa unifamiliare in via Campagnola Alpignano. Ottimo stato ...,Immobiliare.it,,https://www.immobiliare.it/annunci/128025266/,POSSIBILE_USCITA,False,False,2026-08-27T21:04:17.079167+00:00,2026-09-19T18:06:37.665135+00:00,22,,,450.0,,0,,,,0,0,5,INDIRIZZO_ESTRATTO,"PRIVATO,VENDITA"
71342b25ca5ec2d61020,Alpignano,via Caselette Alpignano. Ottimo stato,via Caselette Alpignano. Ottimo stato,villa,Vendita Appartamento in villa in via Caselette Alpignano. Ottimo stato ...,Immobiliare.it,,https://www.immobiliare.it/annunci/125267581/,USCITO_MERCATO,False,False,2026-08-27T21:04:17.079183+00:00,2026-08-28T10:58:40.669812+00:00,0,10000.0,,,,0,,,,0,0,88,INDIRIZZO_ESTRATTO,VENDITA
80656728d52aa5292dd5,Alpignano,via Colgiansesco Alpignano. Ottimo stato,via Colgiansesco Alpignano. Ottimo stato,villa,Vendita Villa unifamiliare in via Colgiansesco Alpignano. Ottimo stato ...,Immobiliare.it,,https://www.immobiliare.it/annunci/129608818/,POSSIBILE_USCITA,False,False,2026-09-12T17:06:03.934332+00:00,2026-09-19T18:06:37.665160+00:00,7,,,,,0,,,,0,0,5,INDIRIZZO_ESTRATTO,PRIVATO
33c8f2aa195c17de5782,Alpignano,via Collegno Alpignano. Posto auto,via Collegno Alpignano. Posto auto,casa indipendente,Vendita Terratetto unifamiliare in via Collegno Alpignano. Posto auto ...,Immobiliare.it,Gabetti Grugliasco,https://www.immobiliare.it/annunci/132055308/,RELISTED,True,False,2026-09-01T18:58:42.118916+00:00,2026-09-20T06:08:00.345798+00:00,18,,,186.0,,0,,,,0,0,1,INDIRIZZO_ESTRATTO,AGENZIA
4ae9dee3c4de4a6df972,Alpignano,via Francesco baracca 21,via Francesco baracca,appartamento,Vendita Appartamento Alpignano. Bilocale in via Francesco baracca 21 ...,Immobiliare.it,,https://www.immobiliare.it/annunci/132602984/,TRACKED,True,False,2026-09-19T23:00:29.356133+00:00,2026-09-20T11:10:13.478391+00:00,0,110000.0,,62.0,1774.19,0,,,,0,0,0,INDIRIZZO_ESTRATTO,VENDITA
4ce8ae6af7d58b5805f1,Alpignano,via Germano Sommeiller 7,via Germano Sommeiller,casa indipendente,Vendita Terratetto unifamiliare in via Germano Sommeiller 7 Alpignano ...,Immobiliare.it,,https://www.immobiliare.it/annunci/127479090/,TRACKED,True,False,2026-09-07T10:14:01.138947+00:00,2026-09-20T11:10:13.478398+00:00,13,109000.0,137000.0,,,1,2026-09-12T19:20:14.256837+00:00,2026-09-12T19:20:14.256837+00:00,5,0,0,0,INDIRIZZO_ESTRATTO,VENDITA
89a596094555c535efb5,Alpignano,via Giacomo Matteotti,via Giacomo Matteotti,appartamento,Vendita Appartamento Alpignano. Quadrilocale in via Giacomo Matteotti ...,Immobiliare.it,,https://www.immobiliare.it/annunci/131161382/,USCITO_MERCATO,False,False,2026-08-27T21:04:17.079156+00:00,2026-09-14T01:05:27.890479+00:00,17,,,,,0,,,,0,0,27,INDIRIZZO_ESTRATTO,VENDITA
2b831acde3195b678718,Alpignano,via Gioachino Rossini 9,via Gioachino Rossini,commerciale,"Ufficio in vendita a Alpignano, 1 locale, 323 mq | PCase.it",Uffici e direzionale,"immobiliare/""",https://www.pcase.it/immobili/ufficio-vendita-alpignano-sc9707597/,USCITO_MERCATO,False,False,2026-09-13T20:46:02.144637+00:00,2026-09-19T10:47:39.483279+00:00,5,117563.0,,323.0,363.97,0,,,,0,0,7,INDIRIZZO_ESTRATTO,ASTA
34acceeb5dcbfc15c793,Alpignano,via Giuseppe Bellagarda 25,via Giuseppe Bellagarda,appartamento,Vendita Appartamento Alpignano. Trilocale in via Giuseppe Bellagarda 25 ...,Immobiliare.it,,https://www.immobiliare.it/annunci/132225500/,USCITO_MERCATO,False,False,2026-09-08T18:39:29.643310+00:00,2026-09-08T18:39:29.643311+00:00,0,,,,,0,,,,0,1,54,INDIRIZZO_ESTRATTO,VENDITA
1f7a02216208f193df01,Alpignano,via Giuseppe Mazzini,via Giuseppe Mazzini,appartamento,Vendita Appartamento Alpignano. Quadrilocale in via Giuseppe Mazzini ...,Immobiliare.it,Appartamento Alpignano. Quadrilocale in via Giuseppe Mazzini ... Si,https://www.immobiliare.it/annunci/112885631/,TRACKED,True,False,2026-09-20T01:04:10.801192+00:00,2026-09-20T11:10:13.478369+00:00,0,,,,,0,,,,0,0,0,INDIRIZZO_ESTRATTO,VENDITA
f419f3e00a8c84320bab,Alpignano,via Lanzo 8,via Lanzo,appartamento,Vendita Appartamento Alpignano. Quadrilocale in via Lanzo 8. Da ...,Immobiliare.it,,https://www.immobiliare.it/annunci/128988474/,TRACKED,True,False,2026-08-27T21:04:17.079191+00:00,2026-09-20T11:10:13.478376+00:00,23,184000.0,,,,0,,,,0,1,0,INDIRIZZO_ESTRATTO,VENDITA
80ea73f48372d51edf0a,Alpignano,via Pianezza 76,via Pianezza,terreno,"Capannone via Pianezza 76, Alpignano, Rif. 132249964 - Immobiliare.it",Immobiliare.it,Rif. 132249964 - Immobiliare,https://www.immobiliare.it/annunci/132249964/,TRACKED,True,False,2026-09-10T21:45:03.418114+00:00,2026-09-20T11:10:13.478322+00:00,9,350000.0,,250.0,1400.0,0,,,,0,0,0,INDIRIZZO_ESTRATTO,VENDITA
ba3cb93186f9a98d0f94,Alpignano,via Pianezza. Buono,via Pianezza. Buono,appartamento,Vendita Appartamento Alpignano. Quadrilocale in via Pianezza. Buono ...,Immobiliare.it,ideale per chi cerca una soluzione pronta da abitare. L'immobile si,https://www.immobiliare.it/annunci/132327606/,USCITO_MERCATO,False,False,2026-09-10T15:11:09.213670+00:00,2026-09-11T09:00:35.957053+00:00,0,,,,,0,,,,0,0,41,INDIRIZZO_ESTRATTO,VENDITA
dc3a0888c5eed3b38d35,Alpignano,via Pianezza. Buono,via Pianezza. Buono,appartamento,Vendita Appartamento Alpignano. Quadrilocale in via Pianezza. Buono ...,Immobiliare.it,ideale per chi cerca una soluzione pronta da abitare. L'immobile si,https://www.immobiliare.it/annunci/132357624/,TRACKED,True,False,2026-09-11T13:39:24.923027+00:00,2026-09-20T11:10:13.478347+00:00,8,,,,,0,,,,0,0,0,INDIRIZZO_ESTRATTO,VENDITA
d235bee6d44d25a3b396,Alpignano,via Provana Alpignano. Buono stato,via Provana Alpignano. Buono stato,villa,"Vendita Villa bifamiliare in via Provana Alpignano. Buono stato, posto ...",Immobiliare.it,,https://www.immobiliare.it/annunci/131197914/,USCITO_MERCATO,False,False,2026-08-27T21:04:17.079172+00:00,2026-09-06T00:53:48.285261+00:00,9,,,,,0,,,,0,0,66,INDIRIZZO_ESTRATTO,VENDITA
75d6bc18009e4085d491,Alpignano,via Roma 29,via Roma,appartamento,Vendita Appartamento Alpignano. Trilocale in via Roma 29. Buono stato ...,Immobiliare.it,Alpignano - Immobiliare,https://www.immobiliare.it/annunci/124901063/,USCITO_MERCATO,False,False,2026-09-05T09:19:10.295235+00:00,2026-09-10T05:58:05.659564+00:00,4,55000.0,,,,0,,,,0,0,46,INDIRIZZO_ESTRATTO,VENDITA
d872a8bccff109f71716,Alpignano,via Torelle 12,via Torelle,appartamento,Vendita Appartamento Alpignano. Quadrilocale in via Torelle 12. Nuovo ...,Immobiliare.it,,https://www.immobiliare.it/annunci/129275348/,USCITO_MERCATO,False,False,2026-09-08T06:35:04.156466+00:00,2026-09-12T17:06:03.934295+00:00,4,285000.0,,,,0,,,,0,2,34,INDIRIZZO_ESTRATTO,CANTIERE
16bb8a4add891800e8d4,Alpignano,via Trana Alpignano. Buono stato,via Trana Alpignano. Buono stato,villa,"Vendita Villa unifamiliare in via Trana Alpignano. Buono stato, posto ...",Immobiliare.it,,https://www.immobiliare.it/annunci/132326816/,TRACKED,True,False,2026-09-16T14:58:05.670076+00:00,2026-09-20T01:04:10.801199+00:00,3,,,,,0,,,,0,0,2,INDIRIZZO_ESTRATTO,PRIVATO
c7e0b5b08b7ada6f8f9e,Alpignano,"via Valdellatorre, a soli 300","via Valdellatorre, a soli",appartamento,440 Appartamenti in affitto a Alpignano - Mitula Case,Uffici e direzionale,,https://immobiliare.mitula.it/affitto-appartamento-alpignano,USCITO_MERCATO,False,False,2026-09-13T18:14:54.118654+00:00,2026-09-13T18:14:54.118655+00:00,0,,,,,0,,,,0,0,30,INDIRIZZO_ESTRATTO,LOCAZIONE
dcc909932b8bea7ef434,Alpignano,via Veneto 6,via Veneto,villa,"Vendita Villa unifamiliare in via Veneto 6 Alpignano. Nuova, posto auto ...",Immobiliare.it,,https://www.immobiliare.it/annunci/132514042/,TRACKED,True,False,2026-09-17T16:48:02.646840+00:00,2026-09-20T11:10:13.478405+00:00,2,365000.0,,,,0,,,,0,0,0,INDIRIZZO_ESTRATTO,"VENDITA,CANTIERE"
4138dddfa3c4cf974453,Alpignano,via Villa 7,via Villa,villa,"Vendita Villa unifamiliare in via Villa 7 Alpignano. Buono stato, posto ...",Immobiliare.it,posto ... Caseinpiemonte Rivoli 011 956 15 00,https://www.immobiliare.it/annunci/132534136/,TRACKED,True,False,2026-09-18T17:15:59.822715+00:00,2026-09-20T11:10:13.478354+00:00,1,298000.0,,100.0,2980.0,0,,,,0,2,0,INDIRIZZO_ESTRATTO,VENDITA
caf593979784073235a7,Alpignano,via dei Ronchi 45,via dei Ronchi,commerciale,"Capannone via dei Ronchi 45, Alpignano, Rif. 127650474 - Immobiliare.it",Immobiliare.it,Rif. 127650474 - Immobiliare,https://www.immobiliare.it/annunci/127650474/,TRACKED,True,False,2026-09-04T00:12:37.945881+00:00,2026-09-20T11:10:13.478306+00:00,16,,,600.0,,0,,,,0,0,0,INDIRIZZO_ESTRATTO,LOCAZIONE
ff54a406e87efc4a2e62,Alpignano,via dei Ronchi Alpignano. Nuova,via dei Ronchi Alpignano. Nuova,villa,Vendita Terratetto unifamiliare in via dei Ronchi Alpignano. Nuova ...,Immobiliare.it,Alp.375 - TEMPOCASA ALPIGNANO,https://www.immobiliare.it/annunci/131549740/,USCITO_MERCATO,False,False,2026-08-27T21:04:17.079162+00:00,2026-09-16T04:54:00.958031+00:00,19,,,,,0,,,,0,0,20,INDIRIZZO_ESTRATTO,VENDITA
7ffcf74a0ee119325af2,Avigliana,,,appartamento,"Vendita Appartamento Avigliana. Trilocale, Buono stato, secondo piano ...",Immobiliare.it,,https://www.immobiliare.it/annunci/132168838/,USCITO_MERCATO,False,False,2026-09-04T22:26:36.991108+00:00,2026-09-12T05:52:24.476334+00:00,7,119000.0,,,,0,,,,0,0,37,URL_DETTAGLIO_PORTALE,VENDITA
9f4d6abb4a625391f8c9,Avigliana,,,villa,"Vendita Villa unifamiliare in Monte Cuneo Avigliana. Buono stato, posto ...",Immobiliare.it,un meraviglioso giardino piantumato e soleggiato. Questa stupenda unità immobiliare,https://www.immobiliare.it/annunci/127666892/,USCITO_MERCATO,False,False,2026-09-04T19:20:00.003130+00:00,2026-09-09T17:56:58.702355+00:00,4,,,,,0,,,,0,0,50,URL_DETTAGLIO_PORTALE,VENDITA
372e8d3efedd00da03bc,Avigliana,Corso Laghi 208,Corso Laghi,altro,Immobiliare Castello Srl - Avigliana | Agenzia Tecnorete di Avigliana,Tecnorete,,https://avigliana1.tecnorete.it/avigliana/avigliana/,USCITO_MERCATO,False,False,2026-08-23T17:16:38.786710+00:00,2026-08-23T17:16:38.786711+00:00,0,,,,,0,,,,0,0,91,INDIRIZZO_ESTRATTO,VENDITA
397034e795f02e33d149,Avigliana,Corso Laghi 159,Corso Laghi,altro,Case in vendita da Privati a Avigliana - CasaDaPrivato.it,Mercato residenziale,,https://www.casadaprivato.it/annunci-vendita/immobili/torino-avigliana,TRACKED,True,False,2026-09-07T10:14:01.139002+00:00,2026-09-20T06:08:00.345821+00:00,13,105000.0,450000.0,,,3,2026-09-16T15:01:49.402145+00:00,2026-09-19T10:51:08.281289+00:00,9,0,0,1,INDIRIZZO_ESTRATTO,VENDITA
733c26c43bc5467690cc,Avigliana,Corso Laghi 5,Corso Laghi,altro,"Cerco casa, portale dedicato alle ricerca di appartamenti in vendita e ...",Tecnorete,,https://www.tecnorete.it/annunci/immobili/piemonte/torino/avigliana.html,USCITO_MERCATO,False,False,2026-09-11T17:53:32.667089+00:00,2026-09-11T17:53:32.667091+00:00,0,,,,,0,,,,0,1,39,INDIRIZZO_ESTRATTO,AGENZIA
47d3a839df5233c029f0,Avigliana,Corso Laghi 165,Corso Laghi,casa indipendente,VENDESI TERRATETTO AD AVIGLIANA | ValsusaOggi,Mercato generale,,https://www.valsusaoggi.it/vendesi-terratetto-ad-avigliana/,USCITO_MERCATO,False,False,2026-08-27T21:04:17.079212+00:00,2026-08-27T21:04:17.079213+00:00,0,25000.0,,,,0,,,,0,0,90,INDIRIZZO_ESTRATTO,AGENZIA
66478e0ea28bbf6bd725,Avigliana,Corso Laghi 70,Corso Laghi,commerciale,"Valsusa, Affittasi Locale Commerciale: Offerta Ad Avigliana",Commerciale negozi/locali,AD AVIGLIANA AVIGLIANA - Nel centro del paese di Avigliana l'agenzia immobiliare,https://www.valsusaoggi.it/valsusa-affittasi-locale-commerciale-offerta-ad-avigliana/,USCITO_MERCATO,False,False,2026-08-28T05:06:35.529905+00:00,2026-09-04T22:26:36.991063+00:00,7,99000.0,68000.0,,,0,,,,0,0,74,INDIRIZZO_ESTRATTO,"AGENZIA,LOCAZIONE"
ac4b9b9d10cc2738df84,Avigliana,Corso Laghi 157,Corso Laghi,commerciale,Locale commerciale in Vendita in Corso Laghi 157 a Avigliana,Casa.it,,https://www.casa.it/immobili/52355323/,POSSIBILE_USCITA,False,False,2026-09-05T16:59:36.014276+00:00,2026-09-19T20:30:44.816024+00:00,14,99000.0,,,,0,,,,0,0,4,INDIRIZZO_ESTRATTO,VENDITA
af362993a1d1d500d109,Avigliana,"Corso Laghi , Avigliana Avigliana - Corso Laghi proponiamo alloggio libero su 3","Corso Laghi , Avigliana Avigliana - Corso Laghi proponiamo alloggio libero su",appartamento,Appartamenti in vendita a Avigliana - Wikicasa,Wikicasa,,https://www.wikicasa.it/vendita-appartamenti/avigliana/,POSSIBILE_USCITA,False,False,2026-09-11T17:53:32.667054+00:00,2026-09-19T20:30:44.816012+00:00,8,,,150.0,,0,,,,0,0,4,INDIRIZZO_ESTRATTO,"AGENZIA,VENDITA"
b2635999fb25f8305cb2,Avigliana,Strada Antica Giaveno Sant'Ambrogio 29,Strada Antica Giaveno Sant'Ambrogio,altro,Vendita Chalet in Strada Antica Giaveno Sant'Ambrogio 29 Avigliana ...,Immobiliare.it,,https://www.immobiliare.it/annunci/132393390/,NEW,True,False,2026-09-20T11:10:13.478486+00:00,2026-09-20T11:10:13.478488+00:00,0,,,,,0,,,,0,4,0,INDIRIZZO_ESTRATTO,VENDITA
3cb21c58d0c3d50430d6,Avigliana,VIA MONTE CUNEO 6,VIA MONTE CUNEO,villa,"Esclusiva villa di 223 mq in vendita VIA MONTE CUNEO, 6, Avigliana ...",Mercato residenziale,,https://www.luxuryestate.com/it/p131147981-villa-for-sale-avigliana,USCITO_MERCATO,False,False,2026-08-19T16:57:29.634998+00:00,2026-09-13T20:46:02.144901+00:00,25,40000.0,,223.0,179.37,0,,,,0,0,29,INDIRIZZO_ESTRATTO,VENDITA
1ee108c2d35ae0921d31,Avigliana,Via Avigliana 18,Via Avigliana,appartamento,"Quadrilocale all'asta in Via Avigliana, 18 - idealista",Idealista,,https://www.idealista.it/immobile/36752163/,USCITO_MERCATO,False,False,2026-09-12T05:52:24.476429+00:00,2026-09-12T05:52:24.476430+00:00,0,59262.0,,101.0,586.75,0,,,,0,0,37,INDIRIZZO_ESTRATTO,ASTA
3301656548c0ccd5ebbd,Avigliana,Via Avigliana 18,Via Avigliana,appartamento,"Appartamento all'asta in Via Avigliana, 18, Carmagnola - idealista",Idealista,,https://www.idealista.it/immobile/36742432/,USCITO_MERCATO,False,False,2026-09-12T05:52:24.476436+00:00,2026-09-12T05:52:24.476437+00:00,0,59263.0,,101.0,586.76,0,,,,0,1,37,INDIRIZZO_ESTRATTO,ASTA
4c451e0c2ec7488cc987,Avigliana,Via Avigliana 15,Via Avigliana,appartamento,Vendita Appartamento Torino. Quadrilocale in corso Vittorio Emanuele II ...,Immobiliare.it,Via Avigliana 15,https://www.immobiliare.it/annunci/131177854/,USCITO_MERCATO,False,False,2026-09-06T00:53:48.285500+00:00,2026-09-16T22:13:22.797222+00:00,10,380000.0,,,,0,,,,0,0,17,INDIRIZZO_ESTRATTO,VENDITA
5f4f282a783aea54595d,Avigliana,Via Avigliana 13,Via Avigliana,appartamento,"Bilocale in vendita in Via Avigliana, 13, Terracorta - Leumann ...",Idealista,,https://www.idealista.it/immobile/36744009/,USCITO_MERCATO,False,False,2026-09-12T05:52:24.476422+00:00,2026-09-12T05:52:24.476423+00:00,0,294000.0,,86.0,3418.6,0,,,,0,0,37,INDIRIZZO_ESTRATTO,CANTIERE
69c1c5509a2fba8da0d8,Avigliana,Via Avigliana 18,Via Avigliana,appartamento,"Monolocale all'asta in Via Avigliana, 18, Carmagnola - idealista",Idealista,,https://www.idealista.it/immobile/36735842/,USCITO_MERCATO,False,False,2026-09-05T23:10:34.870430+00:00,2026-09-05T23:10:34.870431+00:00,0,59263.0,,94.0,630.46,0,,,,0,0,67,INDIRIZZO_ESTRATTO,ASTA
87b308cd9d5312ce65b2,Avigliana,Via Avigliana 28,Via Avigliana,appartamento,"Quadrilocale in vendita in Via Avigliana, 28 - idealista",Idealista,,https://www.idealista.it/immobile/36626970/,USCITO_MERCATO,False,False,2026-08-27T21:04:17.079322+00:00,2026-08-27T21:04:17.079323+00:00,0,159000.0,,80.0,1987.5,0,,,,0,0,90,INDIRIZZO_ESTRATTO,VENDITA
9b1158889eced804ea5b,Avigliana,Via Avigliana 13,Via Avigliana,appartamento,"Quadrilocale in vendita in Via Avigliana, 13 - idealista",Idealista,,https://www.idealista.it/immobile/36264890/,USCITO_MERCATO,False,False,2026-08-27T21:04:17.079314+00:00,2026-09-05T23:10:34.870406+00:00,9,465000.0,,129.78,3582.99,0,,,,0,0,67,INDIRIZZO_ESTRATTO,PRIVATO
c8502ef71ed84c98d4bf,Avigliana,Via Avigliana 18,Via Avigliana,appartamento,"Trilocale all'asta in Via Avigliana, 18 - idealista",Idealista,,https://www.idealista.it/immobile/36652455/,USCITO_MERCATO,False,False,2026-08-27T21:04:17.079329+00:00,2026-08-27T21:04:17.079330+00:00,0,59263.0,,101.0,586.76,0,,,,0,0,90,INDIRIZZO_ESTRATTO,ASTA
d950f91cbcb57ca3ca15,Avigliana,Via Avigliana 18,Via Avigliana,appartamento,"Trilocale all'asta in Via Avigliana, 18 - idealista",Idealista,,https://www.idealista.it/immobile/36670455/,USCITO_MERCATO,False,False,2026-09-05T23:10:34.870420+00:00,2026-09-05T23:10:34.870421+00:00,0,59262.0,,102.0,581.0,0,,,,0,0,67,INDIRIZZO_ESTRATTO,ASTA
77ecc5911b39e9f9e909,Avigliana,Via Cesare Battisti 19,Via Cesare Battisti,villa,"Villetta bifamiliare in vendita in Via Cesare Battisti, 19, Avigliana ...",Idealista,,https://www.idealista.it/immobile/36653195/,USCITO_MERCATO,False,False,2026-08-27T21:04:17.079293+00:00,2026-08-27T21:04:17.079294+00:00,0,149000.0,,95.0,1568.42,0,,,,0,0,90,INDIRIZZO_ESTRATTO,VENDITA
96c3a54a0f7c913a3766,Avigliana,Via Drubiaglio 8,Via Drubiaglio,appartamento,"Quadrilocale in vendita in Via Drubiaglio, 8, Avigliana - idealista",Idealista,,https://www.idealista.it/immobile/36719669/,USCITO_MERCATO,False,False,2026-09-05T23:10:34.870384+00:00,2026-09-05T23:10:34.870386+00:00,0,155000.0,,,,0,,,,0,0,67,INDIRIZZO_ESTRATTO,VENDITA
cb7a9c45ac78165b7c89,Avigliana,Via Felice Goffi 6,Via Felice Goffi,appartamento,"Appartamento in vendita in Via Felice Goffi, 6, Avigliana - idealista",Idealista,,https://www.idealista.it/immobile/36626365/,USCITO_MERCATO,False,False,2026-08-27T21:04:17.079307+00:00,2026-08-27T21:04:17.079309+00:00,0,215000.0,,130.0,1653.85,0,,,,0,0,90,INDIRIZZO_ESTRATTO,VENDITA
1b355b1f8ef3ebd0c74b,Avigliana,Via G. Matteotti 6,Via G. Matteotti,appartamento,Annunci di case in vendita a Avigliana centro città - Bakeca,Bakeca privati,,https://torino.bakeca.it/annunci/vendita-case/luogo/avigliana/,USCITO_MERCATO,False,False,2026-09-11T17:53:32.667073+00:00,2026-09-14T18:41:54.042449+00:00,3,27140.0,,90.0,301.56,0,,,,0,0,25,INDIRIZZO_ESTRATTO,ASTA
1688ad7c437130d70bfe,Avigliana,Via G. Portigliatti 37,Via G. Portigliatti,appartamento,"Trilocale in vendita in Via G. Portigliatti, 37, Avigliana - idealista",Idealista,,https://www.idealista.it/immobile/36006036/,NEW,True,False,2026-09-20T11:10:13.478423+00:00,2026-09-20T11:10:13.478425+00:00,0,,,85.0,,0,,,,0,0,0,INDIRIZZO_ESTRATTO,VENDITA
447731b9657a1d94ca0f,Avigliana,Via Laghi di Avigliana 29,Via Laghi di Avigliana,appartamento,"Quadrilocale in vendita in Via Laghi di Avigliana, 29, Tarantasca ...",Idealista,,https://www.idealista.it/immobile/36748394/,USCITO_MERCATO,False,False,2026-09-12T05:52:24.476415+00:00,2026-09-12T05:52:24.476416+00:00,0,195000.0,,120.0,1625.0,0,,,,0,0,37,INDIRIZZO_ESTRATTO,VENDITA
87b352441eb8e008f43b,Avigliana,Via Micheletta 23,Via Micheletta,villa,"Villa in vendita in Via Micheletta, 23, Avigliana - idealista",Idealista,,https://www.idealista.it/immobile/36760841/,USCITO_MERCATO,False,False,2026-09-12T05:52:24.476395+00:00,2026-09-12T05:52:24.476396+00:00,0,350000.0,,239.0,1464.44,0,,,,0,0,37,INDIRIZZO_ESTRATTO,VENDITA
35b1e0ddd6b103ec1326,Avigliana,Via Micheletta a Avigliana - Rexer Villa di 239mq in vendita a Avigliana. 5,Via Micheletta a Avigliana - Rexer Villa di 239mq in vendita a Avigliana,villa,Villa in vendita in Via Micheletta a Avigliana - Rexer,Mercato residenziale,,https://rexer.it/immobile/389643,USCITO_MERCATO,False,False,2026-09-11T17:53:32.667081+00:00,2026-09-11T17:53:32.667082+00:00,0,350000.0,,239.0,1464.44,0,,,,0,0,39,INDIRIZZO_ESTRATTO,VENDITA
e7edfedd2592c56c3118,Avigliana,Via Partigiani D'Italia 10,Via Partigiani D'Italia,appartamento,"Quadrilocale in vendita in Via Partigiani D'Italia, 10, Avigliana ...",Idealista,,https://www.idealista.it/immobile/36796999/,USCITO_MERCATO,False,False,2026-09-12T05:52:24.476404+00:00,2026-09-12T05:52:24.476405+00:00,0,,,,,0,,,,0,0,37,INDIRIZZO_ESTRATTO,VENDITA
844ee7c6cf5bb1c1da5e,Avigliana,Via Partigiani D'Italia 10,Via Partigiani D'Italia,villa,"Quadrilocale in vendita in Via Partigiani D'Italia, 10, Avigliana ...",Idealista,,https://www.idealista.it/immobile/36798196/,USCITO_MERCATO,False,False,2026-09-12T05:52:24.476409+00:00,2026-09-12T05:52:24.476410+00:00,0,185000.0,,,,0,,,,0,1,37,INDIRIZZO_ESTRATTO,LOCAZIONE
ea3809aa24d883a5509b,Avigliana,Via Partigiani D'Italia 10,Via Partigiani D'Italia,villa,Quadrilocale in Vendita in Via Partigiani D'Italia 10 a Avigliana - Casa.it,Casa.it,,https://www.casa.it/immobili/54715382/,USCITO_MERCATO,False,False,2026-09-11T17:53:32.667061+00:00,2026-09-14T18:41:54.042439+00:00,3,185000.0,420000.0,,,1,2026-09-14T18:46:47.973674+00:00,2026-09-14T18:46:47.973674+00:00,3,0,0,25,INDIRIZZO_ESTRATTO,"LOCAZIONE,VENDITA"
8ea27ac2188aa7571e12,Avigliana,Via Sacra San Michele - Laghi 6,Via Sacra San Michele - Laghi,villa,Immobili in Vendita | Agenzia Tecnorete di Avigliana,Tecnorete,,https://avigliana1.tecnorete.it/immobili-in-vendita,USCITO_MERCATO,False,False,2026-08-21T12:20:59.475265+00:00,2026-09-13T14:26:02.554466+00:00,23,395000.0,225000.0,230.0,1717.39,0,,,,0,0,31,INDIRIZZO_ESTRATTO,AGENZIA
a3c539be280ece22d1a0,Avigliana,"Vicolo Statuto, Avigliana 75","Vicolo Statuto, Avigliana",appartamento,"Case in vendita a Avigliana, Valli Susa, Sangone",Mercato residenziale,,https://caseinvenditainaffitto.it/case-in-vendita/avigliana-valli-susa-sangone?page=7,USCITO_MERCATO,False,False,2026-09-03T18:47:06.317723+00:00,2026-09-03T18:47:06.317724+00:00,0,270000.0,,,,0,,,,0,0,81,INDIRIZZO_ESTRATTO,LOCAZIONE
50cd610ab6bcf42429eb,Avigliana,corso Laghi 259,corso Laghi,appartamento,"Vendita Appartamento in corso Laghi 259. Avigliana. Buono stato, piano ...",Immobiliare.it,Avigliana - Immobiliare,https://www.immobiliare.it/annunci/132126730/,USCITO_MERCATO,False,False,2026-09-03T18:47:06.317797+00:00,2026-09-07T00:44:29.374644+00:00,3,69000.0,180000.0,,,1,2026-09-07T00:48:38.870712+00:00,2026-09-07T00:48:38.870712+00:00,3,61.67,0,59,INDIRIZZO_ESTRATTO,VENDITA
c1ad4d3fe6048c75dc6d,Avigliana,corso Laghi 238,corso Laghi,appartamento,Vendita Appartamento Avigliana. Trilocale in corso Laghi 238. Ottimo ...,Immobiliare.it,,https://www.immobiliare.it/annunci/129213392/,USCITO_MERCATO,False,False,2026-08-27T21:04:17.079282+00:00,2026-09-18T19:44:01.660888+00:00,21,129000.0,,,,0,,,,0,0,9,INDIRIZZO_ESTRATTO,VENDITA
5f8a6fdf350e9c4c6ea5,Avigliana,corso Torino 35,corso Torino,appartamento,Vendita Appartamento Avigliana. Trilocale in corso Torino 35. Da ...,Immobiliare.it,,https://www.immobiliare.it/annunci/132260558/,USCITO_MERCATO,False,False,2026-09-09T20:56:38.868341+00:00,2026-09-13T23:15:39.648828+00:00,4,,,,,0,,,,0,0,28,INDIRIZZO_ESTRATTO,VENDITA
32c4ddd0af5624adf240,Avigliana,frazione Col San Giovanni Viù. Buono,frazione Col San Giovanni Viù. Buono,casa indipendente,Vendita Terratetto unifamiliare in frazione Col San Giovanni Viù. Buono ...,Immobiliare.it,,https://www.immobiliare.it/annunci/128320076/,USCITO_MERCATO,False,False,2026-09-11T23:19:47.987961+00:00,2026-09-11T23:19:47.987963+00:00,0,,,,,0,,,,0,0,38,INDIRIZZO_ESTRATTO,AGENZIA
49d5c63ca82d68593444,Avigliana,piazza del Popolo 4,piazza del Popolo,appartamento,Vendita Appartamento Avigliana. Trilocale in piazza del Popolo 4 ...,Immobiliare.it,,https://www.immobiliare.it/annunci/127408283/,TRACKED,True,False,2026-08-27T21:04:17.079258+00:00,2026-09-20T11:10:13.478493+00:00,23,178000.0,,,,0,,,,0,0,0,INDIRIZZO_ESTRATTO,VENDITA
fcc6d7574ea20983f8cd,Avigliana,piazza del popolo,piazza del popolo,appartamento,Vendita Appartamento Avigliana. Quadrilocale in piazza del popolo ...,Immobiliare.it,,https://www.immobiliare.it/annunci/132265734/,POSSIBILE_USCITA,False,False,2026-09-10T11:09:38.636854+00:00,2026-09-19T20:30:44.816079+00:00,9,,,,,0,,,,0,0,4,INDIRIZZO_ESTRATTO,"AGENZIA,VENDITA"
dcc79366123e25e678f4,Avigliana,via 4 Novembre 21,via 4 Novembre,appartamento,Vendita Appartamento Avigliana. Trilocale in via 4 Novembre 21. Buono ...,Immobiliare.it,,https://www.immobiliare.it/annunci/130632950/,TRACKED,True,False,2026-08-27T21:04:17.079277+00:00,2026-09-20T11:10:13.478500+00:00,23,179000.0,159000.0,,,13,2026-09-01T20:58:46.546835+00:00,2026-09-19T06:15:58.534104+00:00,4,7.73,0,0,INDIRIZZO_ESTRATTO,VENDITA
718abb2aaac44d321aed,Avigliana,via Ailliaud Augusto 8,via Ailliaud Augusto,appartamento,Vendita Appartamento Avigliana. Quadrilocale in via Ailliaud Augusto 8 ...,Immobiliare.it,,https://www.immobiliare.it/annunci/129887012/,TRACKED,True,False,2026-08-27T21:04:17.079253+00:00,2026-09-20T11:10:13.478507+00:00,23,,,,,0,,,,0,0,0,INDIRIZZO_ESTRATTO,VENDITA
3056b03e2b9521350869,Avigliana,via Aldo Carnino 6,via Aldo Carnino,appartamento,Vendita Appartamento Avigliana. Bilocale in via Aldo Carnino 6. Buono ...,Immobiliare.it,,https://www.immobiliare.it/annunci/131045692/,USCITO_MERCATO,False,False,2026-08-27T21:04:17.079263+00:00,2026-09-06T22:17:30.165100+00:00,10,,,,,0,,,,0,0,60,INDIRIZZO_ESTRATTO,PRIVATO
0f40cd33c71b810b02e2,Avigliana,via Aldo Moro 14,via Aldo Moro,villa,Vendita Villa bifamiliare in via Aldo Moro 14 Avigliana. Da ...,Immobiliare.it,,https://www.immobiliare.it/annunci/126423911/,USCITO_MERCATO,False,False,2026-09-04T00:12:37.946015+00:00,2026-09-17T11:30:50.189219+00:00,13,150000.0,,,,0,,,,0,0,15,INDIRIZZO_ESTRATTO,VENDITA
c89148258589985e491e,Avigliana,via Alliaud 42,via Alliaud,casa indipendente,Vendita Terratetto plurifamiliare in via Alliaud 42 Avigliana. Da ...,Immobiliare.it,,https://www.immobiliare.it/annunci/120792436/,USCITO_MERCATO,False,False,2026-09-04T12:01:02.699019+00:00,2026-09-10T15:11:09.213804+00:00,6,57000.0,,,,0,,,,0,1,44,INDIRIZZO_ESTRATTO,VENDITA
3a4675afb24807d65c82,Avigliana,via Avigliana 4,via Avigliana,appartamento,"Vendita Loft in via Avigliana 4 Torino. Nuovo, riscaldamento ...",Immobiliare.it,,https://www.immobiliare.it/annunci/129488292/,USCITO_MERCATO,False,False,2026-08-28T10:58:40.669897+00:00,2026-08-28T10:58:40.669899+00:00,0,,,27.0,,0,,,,0,1,88,INDIRIZZO_ESTRATTO,PRIVATO
5ae403f2b7070c06e917,Avigliana,via Avigliana 35,via Avigliana,appartamento,Vendita Appartamento Giaveno. Trilocale in via Avigliana 35. Ottimo ...,Immobiliare.it,,https://www.immobiliare.it/annunci/132403128/,TRACKED,True,False,2026-09-15T18:17:59.371960+00:00,2026-09-20T11:10:13.479599+00:00,4,440000.0,,,,0,,,,0,3,0,INDIRIZZO_ESTRATTO,VENDITA
7c705b2969b4cb1f1bb9,Avigliana,via Avigliana 24,via Avigliana,appartamento,Vendita Appartamento Collegno. Bilocale in via Avigliana 24. Buono ...,Immobiliare.it,,https://www.immobiliare.it/annunci/131999982/,USCITO_MERCATO,False,False,2026-08-28T10:58:40.669914+00:00,2026-08-28T10:58:40.669915+00:00,0,,,,,0,,,,0,2,88,INDIRIZZO_ESTRATTO,VENDITA
8df3cd2fe1742ec01fce,Avigliana,via Avigliana 2,via Avigliana,appartamento,"Vendita Appartamento Torino. Quadrilocale in via Avigliana, 2 bis ...",Immobiliare.it,,https://www.immobiliare.it/annunci/129828138/,USCITO_MERCATO,False,False,2026-09-02T12:02:41.369455+00:00,2026-09-16T22:13:22.797193+00:00,14,,,,,0,,,,0,0,17,INDIRIZZO_ESTRATTO,VENDITA
939dcdcd8d0855b7cd83,Avigliana,via Avigliana 13,via Avigliana,appartamento,Vendita Appartamento Collegno. Bilocale in via Avigliana 13. Nuovo ...,Immobiliare.it,Collegno. Bilocale in via Avigliana 13. Nuovo ... Il complesso,https://www.immobiliare.it/annunci/132223466/,USCITO_MERCATO,False,False,2026-09-08T06:35:04.156602+00:00,2026-09-10T01:14:41.784762+00:00,1,294000.0,,86.0,3418.6,0,,,,0,2,47,INDIRIZZO_ESTRATTO,VENDITA
b7b6010cf71194115081,Avigliana,via Avigliana 38,via Avigliana,appartamento,"Vendita Appartamento in via Avigliana 38. Torino. Ottimo stato, primo ...",Immobiliare.it,,https://www.immobiliare.it/annunci/128813528/,USCITO_MERCATO,False,False,2026-09-06T00:53:48.285428+00:00,2026-09-06T00:53:48.285430+00:00,0,258000.0,,,,0,,,,0,1,66,INDIRIZZO_ESTRATTO,VENDITA
ef78ae2d07c58fcca768,Avigliana,via Avigliana 15,via Avigliana,villa,Vendita Appartamento Collegno. Quadrilocale in via Avigliana 15. Ottimo ...,Immobiliare.it,,https://www.immobiliare.it/annunci/132265274/,USCITO_MERCATO,False,False,2026-09-10T01:14:41.784783+00:00,2026-09-11T13:39:24.923120+00:00,1,,,,,0,,,,0,0,40,INDIRIZZO_ESTRATTO,PRIVATO
c630bfcecd63a04771ac,Avigliana,via Avogadro 31,via Avogadro,commerciale,"Box via Avogadro 31, Avigliana, Rif. 132264762 - Immobiliare.it",Immobiliare.it,Rif. 132264762 - Immobiliare,https://www.immobiliare.it/annunci/132264762/,USCITO_MERCATO,False,False,2026-09-13T20:46:02.144920+00:00,2026-09-14T12:27:12.111642+00:00,0,,,300.0,,0,,,,0,0,26,INDIRIZZO_ESTRATTO,AGENZIA
7698153874879317f3e7,Avigliana,via Bacchiasso 17,via Bacchiasso,villa,Vendita Villa unifamiliare in via Bacchiasso 17 Avigliana. Buono stato ...,Immobiliare.it,VILLA INDIPENDENTE CON AMPIO GIARDINO -Brickhome in esclusiva,https://www.immobiliare.it/annunci/115943823/,USCITO_MERCATO,False,False,2026-09-08T18:39:29.643357+00:00,2026-09-12T10:35:02.922366+00:00,3,390000.0,,,,0,,,,0,0,36,INDIRIZZO_ESTRATTO,VENDITA
78656e54804ae44cf466,Avigliana,via Chiattera 56,via Chiattera,villa,Vendita Villa bifamiliare in via Chiattera 56 Avigliana. Buono stato ...,Immobiliare.it,,https://www.immobiliare.it/annunci/128300848/,TRACKED,True,False,2026-09-01T20:55:16.172053+00:00,2026-09-20T06:08:00.345889+00:00,18,65000.0,,,,0,,,,0,0,1,INDIRIZZO_ESTRATTO,VENDITA
3830095702e4d1a7e3dc,Avigliana,via Don Luigi Balbiano 11,via Don Luigi Balbiano,appartamento,Vendita Appartamento Avigliana. Trilocale in via Don Luigi Balbiano 11 ...,Immobiliare.it,Trilocale in via Don Luigi Balbiano 11 ... Caseitalia di Rosta,https://www.immobiliare.it/annunci/132226918/,USCITO_MERCATO,False,False,2026-09-08T06:35:04.156691+00:00,2026-09-12T14:11:38.610731+00:00,4,95000.0,,,,0,,,,0,0,35,INDIRIZZO_ESTRATTO,VENDITA
dbc4fd8142f48d0321cf,Avigliana,via Don Luigi Balbiano,via Don Luigi Balbiano,appartamento,Vendita Appartamento Avigliana. Quadrilocale in via Don Luigi Balbiano ...,Immobiliare.it,Avigliana. Quadrilocale in via Don Luigi Balbiano ... Brickhome,https://www.immobiliare.it/annunci/117023435/,USCITO_MERCATO,False,False,2026-08-27T21:04:17.079287+00:00,2026-08-27T21:04:17.079289+00:00,0,,,,,0,,,,0,0,90,INDIRIZZO_ESTRATTO,VENDITA
a7d3937f49385d70657c,Avigliana,via Drubiaglio 8,via Drubiaglio,appartamento,Vendita Appartamento Avigliana. Quadrilocale in via Drubiaglio 8 ...,Immobiliare.it,Avigliana. Quadrilocale in via Drubiaglio 8 ... L'appartamento,https://www.immobiliare.it/annunci/132164902/,USCITO_MERCATO,False,False,2026-09-04T07:52:28.838733+00:00,2026-09-07T10:14:01.139060+00:00,3,155000.0,,,,0,,,,0,1,57,INDIRIZZO_ESTRATTO,VENDITA
a97cef39a6fe88183a70,Avigliana,via Generale C. Alberto dalla Chiesa 7,via Generale C. Alberto dalla Chiesa,commerciale,"Locale commerciale via Generale C. Alberto dalla Chiesa 7, Avigliana ...",Immobiliare.it,,https://www.immobiliare.it/annunci/119041139/,USCITO_MERCATO,False,False,2026-09-09T13:49:33.337398+00:00,2026-09-17T23:05:00.274438+00:00,8,,,490.0,,0,,,,0,0,12,INDIRIZZO_ESTRATTO,LOCAZIONE
67d606e87f259ce1ad3e,Avigliana,via Giacomo Matteotti 33,via Giacomo Matteotti,appartamento,Vendita Appartamento in via Giacomo Matteotti 33. Avigliana. Da ...,Immobiliare.it,Avigliana La GNM IMMOBILIARE,https://www.immobiliare.it/annunci/132401210/,USCITO_MERCATO,False,False,2026-09-15T18:17:59.371955+00:00,2026-09-15T18:17:59.371956+00:00,0,,,111.0,,0,,,,0,0,21,INDIRIZZO_ESTRATTO,VENDITA
f5c176f018acdb28b0c2,Avigliana,via IV novembre. Avigliana. Buono stato,via IV novembre. Avigliana. Buono stato,appartamento,"Vendita Appartamento in via IV novembre. Avigliana. Buono stato, su più ...",Immobiliare.it,,https://www.immobiliare.it/annunci/128851868/,TRACKED,True,False,2026-09-17T16:48:02.646898+00:00,2026-09-20T11:10:13.478471+00:00,2,,,,,0,,,,0,0,0,INDIRIZZO_ESTRATTO,AGENZIA
fdcc7f1cd7a7fe23e603,Avigliana,via IV novembre. Ottimo,via IV novembre. Ottimo,appartamento,Vendita Appartamento Avigliana. Quadrilocale in via IV novembre. Ottimo ...,Immobiliare.it,,https://www.immobiliare.it/annunci/130119076/,TRACKED,True,False,2026-08-27T21:04:17.079247+00:00,2026-09-20T11:10:13.478463+00:00,23,,,,,0,,,,0,0,0,INDIRIZZO_ESTRATTO,AGENZIA
a00251fe32d5e2e6f836,Avigliana,via Micheletta 23,via Micheletta,villa,"Vendita Villa unifamiliare in via Micheletta, 23 Avigliana. Buono stato ...",Immobiliare.it,,https://www.immobiliare.it/annunci/132324314/,TRACKED,True,False,2026-09-12T05:52:24.476381+00:00,2026-09-20T01:04:10.801274+00:00,8,,,400.0,,0,,,,0,0,2,INDIRIZZO_ESTRATTO,VENDITA
3e30e25132303efc1d4b,Avigliana,via Moncenisio 0,via Moncenisio,villa,"Vendita Villa a schiera in via Moncenisio, 0 Avigliana. Buono stato ...",Immobiliare.it,,https://www.immobiliare.it/annunci/132431232/,TRACKED,True,False,2026-09-20T06:08:00.345872+00:00,2026-09-20T11:10:13.478513+00:00,0,295000.0,,250.0,1180.0,0,,,,0,0,0,INDIRIZZO_ESTRATTO,VENDITA
3c04aae80e37d81472c7,Avigliana,via Monte Cuneo 6,via Monte Cuneo,villa,Vendita Villa bifamiliare in via Monte Cuneo 6 Avigliana. Buono stato ...,Immobiliare.it,,https://www.immobiliare.it/annunci/117894169/,USCITO_MERCATO,False,False,2026-09-01T20:55:16.172018+00:00,2026-09-06T19:19:39.863713+00:00,4,40000.0,,,,0,,,,0,1,61,INDIRIZZO_ESTRATTO,VENDITA
a1ac520584c2852000c7,Avigliana,via Monte Cuneo 6,via Monte Cuneo,villa,Vendita Villa bifamiliare in via Monte Cuneo 6 Avigliana. Buono stato ...,Immobiliare.it,,https://www.immobiliare.it/annunci/113651037/,USCITO_MERCATO,False,False,2026-09-01T23:36:27.690129+00:00,2026-09-01T23:36:27.690130+00:00,0,,,,,0,,,,0,1,85,INDIRIZZO_ESTRATTO,VENDITA
5233b0ca73cbf346d3d1,Avigliana,via Monte Pirchiriano 14,via Monte Pirchiriano,villa,Vendita Villa bifamiliare in via Monte Pirchiriano 14 Avigliana. Buono ...,Immobiliare.it,,https://www.immobiliare.it/annunci/130847028/,USCITO_MERCATO,False,False,2026-09-01T20:55:16.172002+00:00,2026-09-04T12:01:02.698996+00:00,2,,,,,0,,,,0,0,77,INDIRIZZO_ESTRATTO,PRIVATO
0aa713c1d374b06fb647,Avigliana,via Orsiera 5,via Orsiera,appartamento,Vendita Appartamento Avigliana. Bilocale in via Orsiera 5. Ottimo stato ...,Immobiliare.it,metri da Piazza del Popolo. Scopri questa meravigliosa opportunità immobiliare,https://www.immobiliare.it/annunci/129672110/,USCITO_MERCATO,False,False,2026-08-28T10:58:40.669921+00:00,2026-09-14T18:41:54.042515+00:00,17,110000.0,,66.0,1666.67,0,,,,0,0,25,INDIRIZZO_ESTRATTO,VENDITA
1c7671bec69d8f1d4362,Avigliana,via Oscar Borgesa 19,via Oscar Borgesa,rustico/casale,"Vendita Rustico in via Oscar Borgesa 19 Avigliana. Buono stato, 50 m² ...",Immobiliare.it,Avigliana - Immobiliare,https://www.immobiliare.it/annunci/127109565/,USCITO_MERCATO,False,False,2026-09-01T20:55:16.172046+00:00,2026-09-02T07:11:25.325146+00:00,0,,,50.0,,0,,,,0,0,84,INDIRIZZO_ESTRATTO,VENDITA
76a6a0e0186415ba9a3d,Avigliana,via Pinerolo 45,via Pinerolo,villa,Avigliana Vista Lago - 10 case in vendita in Avigliana de Nuroa.it,Mercato residenziale,,https://www.nuroa.it/vendita-immobili/avigliana-vista-lago,TRACKED,True,False,2026-09-05T09:19:10.295302+00:00,2026-09-20T11:10:13.478431+00:00,15,339000.0,209000.0,,,0,,,,0,0,0,INDIRIZZO_ESTRATTO,VENDITA
0cb80f3a021de2f19a89,Avigliana,via Pontetto 19,via Pontetto,villa,Vendita Villa unifamiliare in via Pontetto 19 Avigliana. Ottimo stato ...,Immobiliare.it,,https://www.immobiliare.it/annunci/116770153/,POSSIBILE_USCITA,False,False,2026-09-08T18:39:29.643419+00:00,2026-09-19T14:29:10.959468+00:00,10,,,,,0,,,,0,0,6,INDIRIZZO_ESTRATTO,VENDITA
aaa238999467f83f1e8b,Avigliana,via Sacra San Michele 17,via Sacra San Michele,villa,Vendita Villa unifamiliare in via Sacra San Michele 17 Avigliana ...,Immobiliare.it,,https://www.immobiliare.it/annunci/131895478/,RELISTED,True,False,2026-08-27T21:04:17.079217+00:00,2026-09-20T11:10:13.478529+00:00,23,,,,,0,,,,0,0,0,INDIRIZZO_ESTRATTO,VENDITA
4e2ebe42f0cfa7b60e2c,Avigliana,via Sant'Agostino Avigliana. Ottimo,via Sant'Agostino Avigliana. Ottimo,casa indipendente,Vendita Terratetto unifamiliare in via Sant'Agostino Avigliana. Ottimo ...,Immobiliare.it,,https://www.immobiliare.it/annunci/131931590/,POSSIBILE_USCITA,False,False,2026-09-17T16:48:02.646912+00:00,2026-09-19T23:00:29.356300+00:00,2,,,,,0,,,,0,0,3,INDIRIZZO_ESTRATTO,AGENZIA
7fd9e83b4a8950ee70de,Avigliana,via Sant'Agostino Avigliana. Ottimo stato,via Sant'Agostino Avigliana. Ottimo stato,villa,Vendita Villa unifamiliare in via Sant'Agostino Avigliana. Ottimo stato ...,Immobiliare.it,,https://www.immobiliare.it/annunci/125502795/,USCITO_MERCATO,False,False,2026-09-01T20:55:16.172011+00:00,2026-09-04T16:00:05.400690+00:00,2,,,,,0,,,,0,0,76,INDIRIZZO_ESTRATTO,AGENZIA
85cb95dc5e6242f9fab6,Avigliana,via Tetti Colombo 7,via Tetti Colombo,villa,Vendita Villa unifamiliare in via Tetti Colombo 7 Avigliana. Buono ...,Immobiliare.it,Avigliana - Immobiliare,https://www.immobiliare.it/annunci/130992664/,USCITO_MERCATO,False,False,2026-09-03T18:47:06.317785+00:00,2026-09-04T19:20:00.003122+00:00,1,,,200.0,,0,,,,0,0,75,INDIRIZZO_ESTRATTO,PRIVATO
86a1aa48b9cb5458e229,Avigliana,via Tetti Colombo 7,via Tetti Colombo,villa,Vendita Villa unifamiliare in via Tetti Colombo 7 Avigliana. Buono ...,Immobiliare.it,,https://www.immobiliare.it/annunci/132047290/,USCITO_MERCATO,False,False,2026-09-02T16:09:34.323518+00:00,2026-09-06T17:10:13.429362+00:00,4,,,200.0,,0,,,,0,1,62,INDIRIZZO_ESTRATTO,PRIVATO
d028b72515cdd0cf5856,Avigliana,via Umberto I 42,via Umberto I,appartamento,Vendita Appartamento Avigliana. Quadrilocale in via Umberto I 42 ...,Immobiliare.it,Avigliana - Immobiliare,https://www.immobiliare.it/annunci/132071842/,USCITO_MERCATO,False,False,2026-09-07T10:14:01.139118+00:00,2026-09-10T21:45:03.418251+00:00,3,,,,,0,,,,0,0,42,INDIRIZZO_ESTRATTO,LOCAZIONE
c65451c72ff375cdf74d,Avigliana,via dei Testa. Ottimo,via dei Testa. Ottimo,appartamento,Vendita Appartamento Avigliana. Trilocale in via dei Testa. Ottimo ...,Immobiliare.it,,https://www.immobiliare.it/annunci/126844511/,TRACKED,True,False,2026-09-14T22:36:38.492632+00:00,2026-09-20T11:10:13.478522+00:00,5,175000.0,,,,0,,,,0,0,0,INDIRIZZO_ESTRATTO,PRIVATO
9007fd5e0eccfe1089c3,Avigliana,via villar dora 15,via villar dora,appartamento,Vendita Appartamento Avigliana. Quadrilocale in via villar dora 15 ...,Immobiliare.it,,https://www.immobiliare.it/annunci/130446938/,TRACKED,True,False,2026-08-27T21:04:17.079271+00:00,2026-09-20T06:08:00.345884+00:00,23,,,106.0,,0,,,,0,0,1,INDIRIZZO_ESTRATTO,VENDITA
e535aad1cf2462c1ad8c,Avigliana,viale Enrico Fermi 12,viale Enrico Fermi,commerciale,"Capannone viale Enrico Fermi 12, Avigliana, Rif. 124659479 - Immobiliare.it",Immobiliare.it,,https://www.immobiliare.it/annunci/124659479/,TRACKED,True,False,2026-09-17T06:08:55.030922+00:00,2026-09-20T01:04:10.801219+00:00,3,,,640.0,,0,,,,0,0,2,INDIRIZZO_ESTRATTO,VENDITA
dfb54c0230ff74e7c02a,Avigliana,viale Roma. Ottimo,viale Roma. Ottimo,appartamento,Vendita Appartamento Avigliana. Quadrilocale in viale Roma. Ottimo ...,Immobiliare.it,,https://www.immobiliare.it/annunci/132439150/,TRACKED,True,False,2026-09-15T18:17:59.371950+00:00,2026-09-20T11:10:13.478478+00:00,4,,,,,0,,,,0,0,0,INDIRIZZO_ESTRATTO,VENDITA
6396944b18d48c77b52a,Avigliana,viale Roma. Ottimo stato,viale Roma. Ottimo stato,appartamento,Vendita Appartamento Avigliana. Trilocale in viale Roma. Ottimo stato ...,Immobiliare.it,,https://www.immobiliare.it/annunci/126967969/,TRACKED,True,False,2026-08-27T21:04:17.079241+00:00,2026-09-20T01:04:10.801254+00:00,23,,,,,0,,,,0,0,2,INDIRIZZO_ESTRATTO,AGENZIA
30744fecacf4693f0d71,Avigliana,viale roma 8,viale roma,appartamento,Vendita Appartamento Avigliana. Quadrilocale in viale roma 8. Buono ...,Immobiliare.it,Avigliana - Immobiliare,https://www.immobiliare.it/annunci/131481726/,USCITO_MERCATO,False,False,2026-08-27T21:04:17.079236+00:00,2026-08-28T05:06:35.529914+00:00,0,129000.0,,,,0,,,,0,0,89,INDIRIZZO_ESTRATTO,VENDITA
35fddf5b00f8b723b630,Bardonecchia,,,altro,Annunci di case in vendita a Bardonecchia centro città,Bakeca privati,,https://torino.bakeca.it/annunci/vendita-case/luogo/Bardonecchia/,USCITO_MERCATO,False,False,2026-08-21T12:20:59.475291+00:00,2026-08-23T09:11:13.222356+00:00,1,,,,,0,,,,0,0,34,URL_DETTAGLIO_PORTALE,VENDITA
a2df39c27705dc6a1fc3,Bardonecchia,,,altro,"Nuove Costruzioni in vendita a Bardonecchia, rif. 128373150 ...",Immobiliare.it,,https://www.immobiliare.it/annunci/128373150/,USCITO_MERCATO,False,False,2026-08-27T21:04:17.079416+00:00,2026-08-27T21:04:17.079418+00:00,0,,,,,0,,,,0,0,33,URL_DETTAGLIO_PORTALE,VENDITA
ab1cdba0c38c95783915,Bardonecchia,,,appartamento,"Vendita Appartamento Bardonecchia. Buono stato, secondo piano ...",Immobiliare.it,,https://www.immobiliare.it/annunci/131628316/,TRACKED,True,False,2026-09-01T18:58:42.119106+00:00,2026-09-07T10:14:01.139182+00:00,18,,,,,0,,,,0,0,0,URL_DETTAGLIO_PORTALE,VENDITA
efd0546364a87fa92e82,Bardonecchia,,,appartamento,"Vendita Appartamento Bardonecchia. Trilocale, Buono stato, primo piano ...",Immobiliare.it,,https://www.immobiliare.it/annunci/131042994/,TRACKED,True,False,2026-08-27T21:04:17.079422+00:00,2026-09-07T10:14:01.139190+00:00,23,,,,,0,,,,0,0,0,URL_DETTAGLIO_PORTALE,VENDITA
002308fe5334b1708627,Bardonecchia,,,rustico/casale,"Vendita Baita Bardonecchia. Buono stato, 150 m², rif. 122595374",Immobiliare.it,,https://www.immobiliare.it/annunci/122595374/,TRACKED,True,False,2026-08-28T05:06:35.529995+00:00,2026-09-07T10:14:01.139158+00:00,23,,,150.0,,0,,,,0,0,0,URL_DETTAGLIO_PORTALE,VENDITA
3f0b546728b310887880,Bardonecchia,Borgata Horres-Garnier. Bardonecchia. Buono,Borgata Horres-Garnier. Bardonecchia. Buono,appartamento,Vendita Appartamento in Borgata Horres-Garnier. Bardonecchia. Buono ...,Immobiliare.it,,https://www.immobiliare.it/annunci/131871204/,TRACKED,True,False,2026-08-28T05:06:35.530000+00:00,2026-09-07T10:14:01.139166+00:00,23,,,,,0,,,,0,0,0,INDIRIZZO_ESTRATTO,VENDITA
3adcafe82d35ce3c7be8,Bardonecchia,Piazza Europa 18/B,Piazza Europa,commerciale,Affitto stagionale - Maison Doc - Bardonecchia e Sauze d'Oulx,Uffici e direzionale,,https://maisondoc.it/affitto-stagionale/,TRACKED,True,False,2026-08-28T05:06:35.529990+00:00,2026-09-07T10:14:01.139150+00:00,23,,,,,0,,,,0,0,0,INDIRIZZO_ESTRATTO,LOCAZIONE
abaaca4cf9d1a058cb04,Bardonecchia,Via Bardonecchia 134,Via Bardonecchia,commerciale,Locale Commerciale Bardonecchia - 42 locali comerciali in affito in ...,Commerciale negozi/locali,,https://www.nuroa.it/affitto-case/locale-commerciale-bardonecchia,TRACKED,True,False,2026-09-03T18:47:06.317830+00:00,2026-09-07T10:14:01.139141+00:00,16,8000.0,285000.0,,,2,2026-09-04T07:58:16.495723+00:00,2026-09-05T04:48:25.091040+00:00,0,97.19,0,0,INDIRIZZO_ESTRATTO,"LOCAZIONE,VENDITA"
21d3a8ce0afec21a443a,Bardonecchia,Via Giolitti 15,Via Giolitti,altro,Agenzia Immobiliare RockAgent a Bardonecchia,Mercato residenziale,Agenzia Immobiliare,https://www.rockagent.it/agenzie-immobiliari/bardonecchia,USCITO_MERCATO,False,False,2026-08-27T21:04:17.079370+00:00,2026-09-05T23:10:34.870470+00:00,9,175000.0,,,,0,,,,0,0,10,INDIRIZZO_ESTRATTO,AGENZIA
8ff15a9d9bf50ac0df35,Bardonecchia,Via Medail 37/A,Via Medail,villa,"Bardonecchia, Vendesi Proprietà Con Giardino in Via San Giorgio",Mercato residenziale,L'agenzia Tecnocasa Bardonecchia,https://www.valsusaoggi.it/bardonecchia-vendesi-proprieta-con-giardino-in-via-san-giorgio/,USCITO_MERCATO,False,False,2026-08-28T10:58:40.669943+00:00,2026-09-05T16:59:36.014338+00:00,8,62000.0,,,,0,,,,0,0,13,INDIRIZZO_ESTRATTO,AGENZIA
40432f0e4d601b6410b1,Bardonecchia,"Via Medail, proponiamo in vendita un appartamento di mq 70","Via Medail, proponiamo in vendita un appartamento di mq",appartamento,Vendita Appartamento Bardonecchia. Trilocale in Medail 12. Buono stato ...,Immobiliare.it,,https://www.immobiliare.it/annunci/126015157/,USCITO_MERCATO,False,False,2026-08-27T21:04:17.079406+00:00,2026-08-28T05:06:35.530021+00:00,0,,,70.0,,0,,,,0,0,32,INDIRIZZO_ESTRATTO,VENDITA
bb39bc2fb8e6b1e59fb0,Bardonecchia,Via Melezet 18,Via Melezet,appartamento,Bilocale in Vendita in Via Melezet 18 a Bardonecchia - Casa.it,Casa.it,,https://www.casa.it/immobili/54664042/,POSSIBILE_USCITA,False,False,2026-09-06T17:10:13.429589+00:00,2026-09-06T17:10:13.429590+00:00,0,195000.0,,60.0,3250.0,0,,,,0,0,5,INDIRIZZO_ESTRATTO,VENDITA
17c9b431014ef6e0a297,Bardonecchia,Via Montello 9,Via Montello,appartamento,Trilocale in Vendita in Via Montello 9 a Bardonecchia - 77mq - Casa.it,Casa.it,,https://www.casa.it/immobili/54501771/,POSSIBILE_USCITA,False,False,2026-09-04T00:12:37.946054+00:00,2026-09-06T22:17:30.165139+00:00,2,398000.0,258000.0,77.0,5168.83,0,,,,0,0,3,INDIRIZZO_ESTRATTO,VENDITA
072b1c2eb7b838a219e4,Bardonecchia,Via Pollicino 10,Via Pollicino,appartamento,"Quadrilocale in vendita in Via Pollicino, 10, Bardonecchia — idealista ...",Idealista,,https://www.idealista.it/immobile/36094722/,USCITO_MERCATO,False,False,2026-08-22T17:17:15.502438+00:00,2026-08-22T17:17:15.502439+00:00,0,,,,,0,,,,0,0,34,INDIRIZZO_ESTRATTO,VENDITA
b14ad0411daaeb13ef93,Bardonecchia,Via Pollicino 10,Via Pollicino,appartamento,Bilocale in Vendita in Via Pollicino 10 a Bardonecchia - Casa.it,Casa.it,,https://www.casa.it/immobili/50230708/,POSSIBILE_USCITA,False,False,2026-09-06T17:10:13.429581+00:00,2026-09-06T17:10:13.429583+00:00,0,,,50.0,,0,,,,0,0,5,INDIRIZZO_ESTRATTO,VENDITA
8b565539856bab5ada39,Bardonecchia,Via Sommeiller 8,Via Sommeiller,altro,Immobili in vendita a Bardonecchia | Gabetti,Mercato generale,,https://www.gabetti.it/vendita/bardonecchia,USCITO_MERCATO,False,False,2026-08-21T12:20:59.475278+00:00,2026-08-27T21:04:17.079335+00:00,6,290000.0,,,,0,,,,0,0,33,INDIRIZZO_ESTRATTO,AGENZIA
f1550a53361dff11572b,Bardonecchia,Via des Geneys 3,Via des Geneys,altro,"Agenzia Immobiliare Bardonecchia Amor Mio, Via des Geneys, 3",Mercato generale,Agenzia Immobiliare,https://www.bardonecchiaamormio.it/,USCITO_MERCATO,False,False,2026-08-27T21:04:17.079354+00:00,2026-08-27T21:04:17.079355+00:00,0,,,,,0,,,,0,0,33,INDIRIZZO_ESTRATTO,AGENZIA
c6e967a5205f22581825,Bardonecchia,Viale Roma 59,Viale Roma,villa,Villa in Vendita in Viale Roma 59 a Bardonecchia - Casa.it,Casa.it,,https://www.casa.it/immobili/47732003/,POSSIBILE_USCITA,False,False,2026-09-06T17:10:13.429572+00:00,2026-09-06T17:10:13.429573+00:00,0,,,,,0,,,,0,0,5,INDIRIZZO_ESTRATTO,VENDITA
05dc113a3b175fd5fe3c,Bardonecchia,borgata pre richard 25,borgata pre richard,appartamento,Fiminter Bardonecchia Bardonecchia. Agenzia immobiliare di Bardonecchia ...,Tipologie residenziali,"immobiliare/""",https://www.pcase.it/agenzie-immobiliari/fiminter-bardonecchia_bardonecchia_ag18483/,POSSIBILE_USCITA,False,False,2026-09-02T12:02:41.369491+00:00,2026-09-06T17:10:13.429477+00:00,4,365000.0,,110.0,3318.18,0,,,,0,0,5,INDIRIZZO_ESTRATTO,AGENZIA
024f263b6a2bf328409a,Bardonecchia,via Campo Principe 27,via Campo Principe,appartamento,Vendita Appartamento Bardonecchia. Monolocale in via Campo Principe 27 ...,Immobiliare.it,,https://www.immobiliare.it/annunci/127130063/,RELISTED,True,False,2026-09-01T23:36:27.690204+00:00,2026-09-07T04:45:03.055430+00:00,18,65000.0,,,,0,,,,0,0,1,INDIRIZZO_ESTRATTO,VENDITA
5424d40d3809995b5348,Bardonecchia,via Campo Principe 31,via Campo Principe,appartamento,681 Immobili in vendita a Bardonecchia - Mitula Case,Capannoni logistica,,https://immobiliare.mitula.it/bardonecchia,USCITO_MERCATO,False,False,2026-09-04T02:03:54.137065+00:00,2026-09-05T16:59:36.014358+00:00,1,,,,,0,,,,0,0,13,INDIRIZZO_ESTRATTO,VENDITA
c07d682e2c05c30add86,Bardonecchia,via Campo Principe,via Campo Principe,appartamento,Vendita Appartamento Bardonecchia. Quadrilocale in via Campo Principe ...,Immobiliare.it,,https://www.immobiliare.it/annunci/131964500/,POSSIBILE_USCITA,False,False,2026-08-28T05:06:35.530017+00:00,2026-09-06T22:17:30.165197+00:00,9,385000.0,,,,0,,,,0,0,3,INDIRIZZO_ESTRATTO,VENDITA
93356c93337ee914df92,Bardonecchia,via Cianfuran. Ottimo,via Cianfuran. Ottimo,appartamento,Vendita Appartamento Bardonecchia. Bilocale in via Cianfuran. Ottimo ...,Immobiliare.it,,https://www.immobiliare.it/annunci/131194424/,POSSIBILE_USCITA,False,False,2026-09-04T00:12:37.946102+00:00,2026-09-06T17:10:13.429534+00:00,2,228000.0,,,,0,,,,0,0,5,INDIRIZZO_ESTRATTO,VENDITA
9e0ab78177c61bc3bece,Bardonecchia,via Einaudi 27,via Einaudi,appartamento,Vendita Appartamento Bardonecchia. Bilocale in via Einaudi 27. Buono ...,Immobiliare.it,,https://www.immobiliare.it/annunci/131784092/,USCITO_MERCATO,False,False,2026-08-27T21:04:17.079384+00:00,2026-09-04T12:01:02.699062+00:00,7,,,,,0,,,,0,1,20,INDIRIZZO_ESTRATTO,VENDITA
f113213e940ae926130e,Bardonecchia,via Einaudi 27,via Einaudi,appartamento,Vendita Appartamento Bardonecchia. Bilocale in via Einaudi 27. Buono ...,Immobiliare.it,,https://www.immobiliare.it/annunci/131821402/,USCITO_MERCATO,False,False,2026-08-27T21:04:17.079395+00:00,2026-09-04T12:01:02.699069+00:00,7,,,,,0,,,,0,1,20,INDIRIZZO_ESTRATTO,VENDITA
e4fcd9be27c2991a95c3,Bardonecchia,via G. F. Medail 100B,via G. F. Medail,appartamento,Vendita Appartamento Bardonecchia. Trilocale in via G. F. Medail 100B ...,Immobiliare.it,,https://www.immobiliare.it/annunci/130514828/,USCITO_MERCATO,False,False,2026-08-27T21:04:17.079390+00:00,2026-08-28T10:58:40.669983+00:00,0,178000.0,,,,0,,,,0,0,31,INDIRIZZO_ESTRATTO,VENDITA
42b37696206183c8ff32,Bardonecchia,via Genova 9,via Genova,appartamento,Vendita Appartamento Bardonecchia. Bilocale in via Genova 9. Buono ...,Immobiliare.it,,https://www.immobiliare.it/annunci/131110054/,TRACKED,True,False,2026-08-27T21:04:17.079365+00:00,2026-09-07T10:14:01.139174+00:00,23,69000.0,,,,0,,,,0,0,0,INDIRIZZO_ESTRATTO,VENDITA
72d1f8187989199f6598,Bardonecchia,via Giuseppe Francesco,via Giuseppe Francesco,appartamento,Vendita Appartamento Bardonecchia. Bilocale in via Giuseppe Francesco ...,Immobiliare.it,,https://www.immobiliare.it/annunci/130995386/,USCITO_MERCATO,False,False,2026-08-27T21:04:17.079411+00:00,2026-08-28T10:58:40.670018+00:00,0,,,,,0,,,,0,0,31,INDIRIZZO_ESTRATTO,VENDITA
4cd47f6dd65116e694de,Bardonecchia,via La Rho 19,via La Rho,appartamento,Vendita Appartamento Bardonecchia. Bilocale in via La Rho 19. Ottimo ...,Immobiliare.it,,https://www.immobiliare.it/annunci/124664157/,USCITO_MERCATO,False,False,2026-09-01T18:58:42.119064+00:00,2026-09-06T04:45:18.782899+00:00,4,,,,,0,,,,0,0,8,INDIRIZZO_ESTRATTO,VENDITA
0855bd581a6f97bc2ab3,Bardonecchia,via Luigi Einaudi 21,via Luigi Einaudi,appartamento,Vendita Appartamento Bardonecchia. Quadrilocale in via Luigi Einaudi 21 ...,Immobiliare.it,,https://www.immobiliare.it/annunci/127950542/,NEW,True,False,2026-09-07T00:44:29.374756+00:00,2026-09-07T00:44:29.374757+00:00,13,320000.0,,,,0,,,,0,2,2,INDIRIZZO_ESTRATTO,VENDITA
77b73cf1a085bdaa3c66,Bardonecchia,via Medail 21,via Medail,appartamento,"Vendita Appartamento Bardonecchia. Bilocale in via Medail, 21. Ottimo ...",Immobiliare.it,,https://www.immobiliare.it/annunci/125996311/,RELISTED,True,False,2026-09-04T00:12:37.946108+00:00,2026-09-07T00:44:29.374731+00:00,16,,,,,0,,,,0,0,2,INDIRIZZO_ESTRATTO,VENDITA
fdd13f6e279963fa5cbe,Bardonecchia,via Medail 98,via Medail,appartamento,Vendita Appartamento Bardonecchia. Bilocale in via Medail 98. Ottimo ...,Immobiliare.it,,https://www.immobiliare.it/annunci/127405041/,USCITO_MERCATO,False,False,2026-08-27T21:04:17.079400+00:00,2026-08-27T21:04:17.079402+00:00,0,,,,,0,,,,0,0,33,INDIRIZZO_ESTRATTO,VENDITA
df186e5741167473d851,Bardonecchia,via Melezet 125,via Melezet,appartamento,"Vendita Appartamento Bardonecchia. Trilocale in via Melezet, 125. Buono ...",Immobiliare.it,,https://www.immobiliare.it/annunci/132162388/,RELISTED,True,False,2026-09-04T07:52:28.838865+00:00,2026-09-07T10:14:01.139214+00:00,16,,,,,0,,,,0,0,0,INDIRIZZO_ESTRATTO,VENDITA
9114bb5abdb174c6e8b6,Bardonecchia,via Montello 7,via Montello,appartamento,Vendita Appartamento Bardonecchia. Bilocale in via Montello 7. Ottimo ...,Immobiliare.it,,https://www.immobiliare.it/annunci/129900654/,TRACKED,True,False,2026-08-27T21:04:17.079427+00:00,2026-09-07T10:14:01.139206+00:00,23,125000.0,,,,0,,,,0,0,0,INDIRIZZO_ESTRATTO,VENDITA
ca01a4c62ab0780ba610,Bardonecchia,via Montenero 22,via Montenero,villa,Vendita Appartamento Bardonecchia. Trilocale in via Montenero 22. Buono ...,Immobiliare.it,,https://www.immobiliare.it/annunci/131109262/,TRACKED,True,False,2026-09-03T18:47:06.317871+00:00,2026-09-07T10:14:01.139198+00:00,16,160000.0,,,,0,,,,0,0,0,INDIRIZZO_ESTRATTO,VENDITA
f4e5b096c2e7dd7bb240,Bardonecchia,via Pollicino 10,via Pollicino,appartamento,Vendita Appartamento Bardonecchia. Trilocale in via Pollicino 10. Buono ...,Immobiliare.it,Bardonecchia - Immobiliare,https://www.immobiliare.it/annunci/128966152/,USCITO_MERCATO,False,False,2026-09-01T18:58:42.119090+00:00,2026-09-01T18:58:42.119092+00:00,0,250000.0,,,,0,,,,0,1,30,INDIRIZZO_ESTRATTO,VENDITA
a5d9c1c2aabf83d80be5,Bardonecchia,via Susa 13,via Susa,appartamento,Vendita Appartamento Bardonecchia. Trilocale in via Susa 13. Buono ...,Immobiliare.it,la Larry immobiliare,https://www.immobiliare.it/annunci/125746981/,TRACKED,True,False,2026-09-05T09:19:10.295470+00:00,2026-09-07T04:45:03.055442+00:00,15,220000.0,,,,0,,,,0,2,1,INDIRIZZO_ESTRATTO,VENDITA
0f5a24c10627e5eaa354,Bardonecchia,via Verdi 14,via Verdi,appartamento,Vendita Appartamento Bardonecchia. Trilocale in via Verdi 14. Ottimo ...,Immobiliare.it,,https://www.immobiliare.it/annunci/127103425/,TRACKED,True,True,2026-09-07T04:45:03.055458+00:00,2026-09-07T10:14:01.139224+00:00,13,,,,,0,,,,0,0,0,INDIRIZZO_ESTRATTO,STORICO_USCITA
22dcd0f468fedfee14c9,Bardonecchia,via Verdi 27,via Verdi,appartamento,Vendita Appartamento Bardonecchia. Trilocale in via Verdi 27. Da ...,Immobiliare.it,,https://www.immobiliare.it/annunci/124612643/,TRACKED,True,False,2026-08-28T10:58:40.670035+00:00,2026-09-07T04:45:03.055475+00:00,23,,,,,0,,,,0,1,1,INDIRIZZO_ESTRATTO,VENDITA
a8d2985549c287ccaf93,Bardonecchia,via generale cantore 11,via generale cantore,appartamento,"Vendita Appartamento Bardonecchia. Bilocale in via generale cantore, 11 ...",Immobiliare.it,,https://www.immobiliare.it/annunci/126542873/,USCITO_MERCATO,False,False,2026-08-28T05:06:35.530034+00:00,2026-08-28T05:06:35.530035+00:00,0,135000.0,,45.0,3000.0,0,,,,0,0,32,INDIRIZZO_ESTRATTO,VENDITA
f0548e22d7117187fc2b,Bardonecchia,viale Bramafam 39,viale Bramafam,appartamento,Vendita Appartamento Bardonecchia. Trilocale in viale Bramafam 39 ...,Immobiliare.it,,https://www.immobiliare.it/annunci/131382180/,USCITO_MERCATO,False,False,2026-09-02T07:11:25.325248+00:00,2026-09-02T07:11:25.325250+00:00,0,,,,,0,,,,0,0,27,INDIRIZZO_ESTRATTO,VENDITA
583440cfb831ddc1e6c8,Bardonecchia,viale Callet 19,viale Callet,appartamento,Vendita Appartamento Bardonecchia. Bilocale in viale Callet 19. Buono ...,Immobiliare.it,Bardonecchia. Bilocale in viale Callet 19. Buono ... L'unità immobiliare,https://www.immobiliare.it/annunci/125028809/,TRACKED,True,False,2026-09-01T18:58:42.119120+00:00,2026-09-07T04:45:03.055466+00:00,18,133000.0,,,,0,,,,0,2,1,INDIRIZZO_ESTRATTO,VENDITA
00793bb26e058100fc6b,Beinasco,,,appartamento,Bilocale in Vendita a Beinasco | Euro 89.000 | Mq 60,Tempocasa,La TEMPOCASA,https://tempocasa.it/it/vendita/torino/beinasco/bilocale/8728280,USCITO_MERCATO,False,False,2026-09-13T20:46:02.145283+00:00,2026-09-13T20:46:02.145284+00:00,0,89000.0,,60.0,1483.33,0,,,,0,0,29,URL_DETTAGLIO_PORTALE,"AGENZIA,LOCAZIONE"
04a541abb3949e40e6bb,Beinasco,,,appartamento,Trilocale in Vendita a Beinasco | Euro 135.000 | Mq 70,Tempocasa,bagno finestrato e spazioso terrazzo esterno. L'immobile,https://tempocasa.it/it/vendita/torino/beinasco/trilocale/8725657,USCITO_MERCATO,False,False,2026-09-13T20:46:02.145264+00:00,2026-09-13T20:46:02.145266+00:00,0,135000.0,,70.0,1928.57,0,,,,0,0,29,URL_DETTAGLIO_PORTALE,"AGENZIA,LOCAZIONE"
1f6ab0af0bbfbd2d4845,Beinasco,,,appartamento,Quadrilocale in Vendita a Beinasco | Euro 170.000 | Mq 100,Tempocasa,Mq 100 La Tempocasa di Beinasco,https://tempocasa.it/it/vendita/torino/beinasco/quadrilocale/8862192,USCITO_MERCATO,False,False,2026-09-13T20:46:02.145274+00:00,2026-09-13T20:46:02.145275+00:00,0,170000.0,,100.0,1700.0,0,,,,0,0,29,URL_DETTAGLIO_PORTALE,"AGENZIA,LOCAZIONE"
58a6ef7c602a1adb5acd,Beinasco,,,appartamento,Bilocale in Vendita a Beinasco | Euro 73.000 | Mq 55,Tempocasa,La TEMPOCASA,https://tempocasa.it/it/vendita/torino/beinasco/bilocale/8949635,USCITO_MERCATO,False,False,2026-09-13T20:46:02.145331+00:00,2026-09-13T20:46:02.145332+00:00,0,73000.0,,55.0,1327.27,0,,,,0,0,29,URL_DETTAGLIO_PORTALE,"AGENZIA,LOCAZIONE"
fc917cbf623cd62b04a7,Beinasco,,,appartamento,Bilocale in Vendita a Beinasco | Euro 55.000 | Mq 50,Tempocasa,,https://tempocasa.it/it/vendita/torino/beinasco/bilocale/13859789,USCITO_MERCATO,False,False,2026-09-13T20:46:02.145312+00:00,2026-09-13T20:46:02.145313+00:00,0,55000.0,,50.0,1100.0,0,,,,0,0,29,URL_DETTAGLIO_PORTALE,"AGENZIA,LOCAZIONE"
1af60ce75b093db15065,Beinasco,,,casa indipendente,"Bifamiliare in vendita a Beinasco, Beinasco Centro - Torino. € 370.000 ...",Tecnocasa,,https://www.tecnocasa.it/vendita/ville/torino/beinasco/61189507.html,USCITO_MERCATO,False,False,2026-09-13T20:46:02.145191+00:00,2026-09-13T20:46:02.145193+00:00,0,370000.0,,,,0,,,,0,0,29,URL_DETTAGLIO_PORTALE,AGENZIA
f29d5a6ea8b695f0b59e,Beinasco,,,villa,Casa indipendente in Vendita a Beinasco | Euro 510.000 | Mq 170,Tempocasa,,https://tempocasa.it/it/vendita/torino/beinasco/casa-indipendente/9511166,USCITO_MERCATO,False,False,2026-09-13T20:46:02.145321+00:00,2026-09-13T20:46:02.145323+00:00,0,510000.0,,170.0,3000.0,0,,,,0,0,29,URL_DETTAGLIO_PORTALE,AGENZIA
5b51caf201157ac26dd5,Beinasco,Corso Cavour 9,Corso Cavour,altro,Agenzia immobiliare Agenzia Beinasco | Gruppo Abytare,Capannoni logistica,"beinasco/"" itemprop=""item"" title=""Agenzia Beinasco",https://www.abytare.com/it/agenzie-immobiliari/piemonte/torino/beinasco/agenzia-beinasco/,USCITO_MERCATO,False,False,2026-09-08T18:39:29.643451+00:00,2026-09-09T04:02:27.436628+00:00,0,,,100.0,,0,,,,0,0,52,INDIRIZZO_ESTRATTO,AGENZIA
1dd9d9bad49e46174e79,Beinasco,"Frazione Borgaretto, Via Galileo Galilei 10","Frazione Borgaretto, Via Galileo Galilei",altro,Case in vendita da Privati a Beinasco - CasaDaPrivato.it,Mercato residenziale,,https://www.casadaprivato.it/annunci-vendita/immobili/torino-beinasco,USCITO_MERCATO,False,False,2026-09-10T11:09:38.636942+00:00,2026-09-13T09:37:53.087250+00:00,2,,,,,0,,,,0,0,32,INDIRIZZO_ESTRATTO,VENDITA
e624d81b6f8599152207,Beinasco,Piazza Kennedy,Piazza Kennedy,appartamento,"Quadrilocale Piazza Kennedy, Borgaretto, Beinasco | CasaScan",Mercato residenziale,CasaScan Caseitalia,https://www.casascan.it/annunci/quadrilocale-piazza-kennedy-borgaretto-beinasco/,USCITO_MERCATO,False,False,2026-09-16T19:00:37.438200+00:00,2026-09-16T19:00:37.438201+00:00,0,,,,,0,,,,0,0,18,INDIRIZZO_ESTRATTO,VENDITA
c43f7b5fc0b54abbbc1d,Beinasco,Strada Borgaretto - Borgaretto Centro 5,Strada Borgaretto - Borgaretto Centro,villa,Immobili in Vendita | Agenzia Tecnorete di Beinasco,Tecnorete,,https://beinasco1.tecnorete.it/immobili-in-vendita,USCITO_MERCATO,False,False,2026-09-13T20:46:02.145229+00:00,2026-09-13T20:46:02.145231+00:00,0,159000.0,,250.0,636.0,0,,,,0,0,29,INDIRIZZO_ESTRATTO,AGENZIA
2c8bf6f149320d6c60f4,Beinasco,Strada Torino 90,Strada Torino,appartamento,Quadrilocale in Vendita in Strada Torino 90 a Beinasco - Casa.it,Casa.it,la Grimaldi Immobiliare,https://www.casa.it/immobili/54336798/,USCITO_MERCATO,False,False,2026-09-11T17:53:32.667186+00:00,2026-09-16T14:58:05.670282+00:00,4,169000.0,68000.0,,,0,,,,0,0,19,INDIRIZZO_ESTRATTO,VENDITA
36fde9babc9a33f70a03,Beinasco,Strada Torino 41,Strada Torino,appartamento,"Trilocale in vendita a Beinasco, Fornaci - Torino. € 109.000, 77 Mq ...",Tecnocasa,,https://www.tecnocasa.it/vendita/appartamenti/torino/beinasco/61222083.html,USCITO_MERCATO,False,False,2026-09-13T20:46:02.145210+00:00,2026-09-13T20:46:02.145212+00:00,0,109000.0,,77.0,1415.58,0,,,,0,0,29,INDIRIZZO_ESTRATTO,AGENZIA
6b7201ecbecac92139ae,Beinasco,Strada Torino 90,Strada Torino,appartamento,Vendita Appartamento Beinasco. Trilocale in Strada Torino 90. Ottimo ...,Immobiliare.it,,https://www.immobiliare.it/annunci/130708164/,USCITO_MERCATO,False,False,2026-09-08T06:35:04.156752+00:00,2026-09-16T19:00:37.438222+00:00,8,239000.0,410000.0,,,1,2026-09-10T11:13:22.926728+00:00,2026-09-10T11:13:22.926728+00:00,2,0,4,18,INDIRIZZO_ESTRATTO,AGENZIA
987a9ccb966f7cd0d1fe,Beinasco,Strada Torino 90,Strada Torino,appartamento,"Appartamento in vendita in Strada Torino, 90, Beinasco - idealista",Idealista,,https://www.idealista.it/immobile/31689224/,USCITO_MERCATO,False,False,2026-09-08T21:57:25.794579+00:00,2026-09-08T21:57:25.794581+00:00,0,,,,,0,,,,0,0,53,INDIRIZZO_ESTRATTO,VENDITA
9a28e82f5b8d6cf86d82,Beinasco,Via Aosta 16,Via Aosta,commerciale,Capannone in Vendita in Via Aosta 16 a Beinasco - Casa.it,Casa.it,,https://www.casa.it/immobili/54721895/,USCITO_MERCATO,False,False,2026-09-16T14:58:05.670332+00:00,2026-09-19T10:47:39.483596+00:00,2,500000.0,,,,0,,,,0,0,7,INDIRIZZO_ESTRATTO,VENDITA
2701fdbc66eb6f494b97,Beinasco,Via Aosta 16,Via Aosta,terreno,Astalegale.net - Asta giudiziaria Fabbricati industriali Via Aosta 16 ...,Capannoni logistica,,https://www.astalegale.net/Aste/Detail/B2433259,USCITO_MERCATO,False,False,2026-09-16T04:54:00.958136+00:00,2026-09-18T19:44:01.660940+00:00,2,499990.0,,,,0,,,,0,1,9,INDIRIZZO_ESTRATTO,ASTA
88d07963707c01858779,Beinasco,Via Aosta 16/A,Via Aosta,terreno,"Capannone 3735 m² in Via Aosta 16/A, Beinasco (TO)",Capannoni logistica,,https://asteflorio.it/aste/capannone-a-beinasco-to-beinasco-2,USCITO_MERCATO,False,False,2026-09-11T23:19:47.988037+00:00,2026-09-17T06:08:55.031095+00:00,5,500000.0,,3735.0,133.87,0,,,,0,0,16,INDIRIZZO_ESTRATTO,ASTA
a3329af859e0bd87c31d,Beinasco,Via Aosta 16/A,Via Aosta,terreno,Capannone in Vendita in Via Aosta a Beinasco - Casa.it,Casa.it,,https://www.casa.it/immobili/54721587/,USCITO_MERCATO,False,False,2026-09-13T18:14:54.118966+00:00,2026-09-13T23:15:39.648877+00:00,0,500000.0,,,,0,,,,0,0,28,INDIRIZZO_ESTRATTO,ASTA
e7c183d9182405c31ae9,Beinasco,Via Aosta 16,Via Aosta,terreno,Astalegale.net - Asta giudiziaria Fabbricati industriali Via Aosta 16 ...,Capannoni logistica,,https://www.astalegale.net/Aste/Detail/B2433259-Fabbricati-industriali-Via-Aosta-16-10092-Beinasco-TO-Italia-Beinasco,USCITO_MERCATO,False,False,2026-09-12T19:18:03.776830+00:00,2026-09-12T19:18:03.776832+00:00,0,,,,,0,,,,0,0,33,INDIRIZZO_ESTRATTO,ASTA
2424b5244e3b43c8775e,Beinasco,Via Aosta numero 16/A,Via Aosta numero,appartamento,"Capannone Vendita a Beinasco - Beinasco, 16 | Quadrilocale.it",Capannoni logistica,,https://www.quadrilocale.it/beinasco-beinasco-16-capannone-vendita-2759686.html,USCITO_MERCATO,False,False,2026-09-17T06:08:55.031107+00:00,2026-09-17T06:08:55.031109+00:00,0,500000.0,,3575.0,139.86,0,,,,0,0,16,INDIRIZZO_ESTRATTO,VENDITA
6f0e2cca736207405a09,Beinasco,Via Aosta numero 16/A,Via Aosta numero,appartamento,"Capannone Vendita a Beinasco - Beinasco, 16 | Bilocale.it",Capannoni logistica,,https://www.bilocale.it/beinasco-beinasco-16-capannone-vendita-2759686.html,USCITO_MERCATO,False,False,2026-09-13T09:37:53.087276+00:00,2026-09-16T14:58:05.670319+00:00,3,500000.0,,3575.0,139.86,0,,,,0,0,19,INDIRIZZO_ESTRATTO,VENDITA
29389dbb028dfc929458,Beinasco,Via Aosta numero 16/A,Via Aosta numero,terreno,"Capannone in vendita a Beinasco, 3575 mq | PCase.it",Capannoni logistica,"immobiliare/""",https://www.pcase.it/immobili/capannone-vendita-beinasco-sc9708325/,USCITO_MERCATO,False,False,2026-09-13T09:37:53.087288+00:00,2026-09-17T06:08:55.031118+00:00,3,500000.0,,3575.0,139.86,0,,,,0,0,16,INDIRIZZO_ESTRATTO,VENDITA
de1325509ceefaeb4cc9,Beinasco,Via Galileo Galilei 43,Via Galileo Galilei,appartamento,Bilocale Beinasco - 60 appartamenti in vendita in Beinasco de Nuroa.it,Mercato residenziale,,https://www.nuroa.it/vendita-immobili/bilocale-beinasco,USCITO_MERCATO,False,False,2026-09-13T14:26:02.554577+00:00,2026-09-13T18:14:54.118883+00:00,0,79000.0,56500.0,,,1,2026-09-13T18:14:54.118890+00:00,2026-09-13T18:14:54.118890+00:00,0,0,0,30,INDIRIZZO_ESTRATTO,VENDITA
5cbfb82de8309532b066,Beinasco,"Via Galileo Galilei, Borgaretto 2","Via Galileo Galilei, Borgaretto",appartamento,Quadrilocale in Vendita a Beinasco | Euro 135.000 | Mq 115,Tempocasa,"panel"" class=""accordion-collapse"" aria-labelledby=""filtriav-tipoagenzia-heading""",https://tempocasa.it/it/vendita/torino/beinasco/quadrilocale/8555853,USCITO_MERCATO,False,False,2026-09-13T20:46:02.145255+00:00,2026-09-13T20:46:02.145257+00:00,0,135000.0,,115.0,1173.91,0,,,,0,0,29,INDIRIZZO_ESTRATTO,"AGENZIA,LOCAZIONE"
b1ecce66624ed160ebbf,Beinasco,Via Giorgio Amendola,Via Giorgio Amendola,appartamento,"Trilocale in vendita in Via Giorgio Amendola, Beinasco - idealista",Idealista,la Gabetti di Grugliasco,https://www.idealista.it/immobile/36749602/,USCITO_MERCATO,False,False,2026-09-08T21:57:25.794570+00:00,2026-09-08T21:57:25.794572+00:00,0,,,,,0,,,,0,0,53,INDIRIZZO_ESTRATTO,AGENZIA
0d8165b16811b0bfb71f,Beinasco,Via Monte Bianco 60/A,Via Monte Bianco,appartamento,Annunci case e appartamenti in vendita e in affitto - Tecnocasa.it,Tecnocasa,,https://www.tecnocasa.it/vendita/appartamenti/torino/beinasco/61256645.html,USCITO_MERCATO,False,False,2026-09-13T20:46:02.145177+00:00,2026-09-13T20:46:02.145179+00:00,0,119000.0,,,,0,,,,0,1,29,INDIRIZZO_ESTRATTO,"AGENZIA,LOCAZIONE"
7c60fd48e15ddf3687c8,Beinasco,Via Monte Bianco 60/A,Via Monte Bianco,appartamento,Annunci case e appartamenti in vendita e in affitto - Tecnocasa.it,Tecnocasa,,https://www.tecnocasa.it/vendita/appartamenti/torino/beinasco/61245056.html,USCITO_MERCATO,False,False,2026-09-13T20:46:02.145170+00:00,2026-09-13T20:46:02.145171+00:00,0,95000.0,,,,0,,,,0,0,29,INDIRIZZO_ESTRATTO,"AGENZIA,LOCAZIONE"
8077ece28f8ca28433db,Beinasco,Via Monte Bianco 60/A,Via Monte Bianco,appartamento,"Trilocale in vendita a Beinasco, Borgo Melano - Torino. € 129.000, 91 ...",Tecnocasa,,https://www.tecnocasa.it/vendita/appartamenti/torino/beinasco/61222089.html,USCITO_MERCATO,False,False,2026-09-13T20:46:02.145201+00:00,2026-09-13T20:46:02.145202+00:00,0,129000.0,,91.0,1417.58,0,,,,0,0,29,INDIRIZZO_ESTRATTO,AGENZIA
ce84b8524477c0657560,Beinasco,Via Monte Bianco 60/A,Via Monte Bianco,appartamento,Annunci case e appartamenti in vendita e in affitto - Tecnocasa.it,Tecnocasa,,https://www.tecnocasa.it/vendita/appartamenti/torino/beinasco/61170331.html,USCITO_MERCATO,False,False,2026-09-13T20:46:02.145184+00:00,2026-09-13T20:46:02.145186+00:00,0,158000.0,,,,0,,,,0,0,29,INDIRIZZO_ESTRATTO,"AGENZIA,LOCAZIONE"
aba1cec97ea836404a09,Beinasco,Via Nenni 8,Via Nenni,appartamento,"Quadrilocale in vendita a Beinasco, Borgo Melano - Torino. € 169.000 ...",Tecnocasa,,https://www.tecnocasa.it/vendita/appartamenti/torino/beinasco/61231469.html,USCITO_MERCATO,False,False,2026-09-13T20:46:02.145220+00:00,2026-09-13T20:46:02.145222+00:00,0,169000.0,,,,0,,,,0,0,29,INDIRIZZO_ESTRATTO,AGENZIA
9bbf984461c969f64585,Beinasco,Via Principe Amedeo 18,Via Principe Amedeo,commerciale,"Palazzina commerciale in Vendita, Via Principe Amedeo 18, Beinasco",Wikicasa,,https://www.wikicasa.it/annuncio/30795663,USCITO_MERCATO,False,False,2026-09-10T21:45:03.418289+00:00,2026-09-15T18:17:59.371992+00:00,4,69000.0,,,,0,,,,0,0,21,INDIRIZZO_ESTRATTO,VENDITA
77ecd6adcce4a67fdf1a,Beinasco,Via San Giacomo 41,Via San Giacomo,altro,Garage Beinasco - 35 Garage in vendita in Beinasco de Nuroa.it,Capannoni logistica,,https://www.nuroa.it/vendita-immobili/garage-beinasco,TRACKED,True,False,2026-09-19T18:06:37.665384+00:00,2026-09-20T11:10:13.478567+00:00,0,20000.0,,40.0,500.0,0,,,,0,0,0,INDIRIZZO_ESTRATTO,VENDITA
782f0c1e8c4615304c6a,Beinasco,Via San Giacomo 9,Via San Giacomo,commerciale,Locale Commerciale Beinasco - 82 locali comerciali in vendita in ...,Commerciale negozi/locali,,https://www.nuroa.it/vendita-immobili/locale-commerciale-beinasco,USCITO_MERCATO,False,False,2026-09-10T05:58:05.659767+00:00,2026-09-19T06:11:00.694705+00:00,9,350000.0,1350000.0,35.0,10000.0,1,2026-09-18T17:19:03.410110+00:00,2026-09-18T17:19:03.410110+00:00,8,74.07,0,8,INDIRIZZO_ESTRATTO,VENDITA
5a5cc2aae566517166b2,Beinasco,Via Torino 60,Via Torino,altro,Stabile - Palazzo in Vendita a Beinasco | Euro 469.000 | Mq 620,Tempocasa,,https://tempocasa.it/it/vendita/torino/beinasco/stabile-palazzo/14690120,USCITO_MERCATO,False,False,2026-09-13T20:46:02.145246+00:00,2026-09-13T20:46:02.145247+00:00,0,469000.0,,620.0,756.45,0,,,,0,0,29,INDIRIZZO_ESTRATTO,AGENZIA
e7b473cd7d43a8019e53,Beinasco,Via Torino 14,Via Torino,altro,"Cerco casa, portale dedicato alle ricerca di appartamenti in vendita e ...",Tecnorete,,https://www.tecnorete.it/agenzie/immobiliari+residenziali/torino/beinasco/toha3.html,USCITO_MERCATO,False,False,2026-09-13T20:46:02.145239+00:00,2026-09-13T20:46:02.145240+00:00,0,,,,,0,,,,0,0,29,INDIRIZZO_ESTRATTO,AGENZIA
335d2d0841c0417bdf92,Beinasco,"località nel comune di Beinasco, è disponibile un appartamento di 80","località nel comune di Beinasco, è disponibile un appartamento di",appartamento,Vendita Appartamento Beinasco. Trilocale in via aldo moro. Ottimo stato ...,Immobiliare.it,,https://www.immobiliare.it/annunci/122087828/,USCITO_MERCATO,False,False,2026-09-14T12:27:12.111925+00:00,2026-09-17T23:05:00.274634+00:00,3,,,80.0,,0,,,,0,0,12,INDIRIZZO_ESTRATTO,VENDITA
9e3bd3b98c665c53d8ba,Beinasco,piazza Kennedy 17,piazza Kennedy,appartamento,Vendita Appartamento Beinasco. Quadrilocale in piazza Kennedy 17. Buono ...,Immobiliare.it,,https://www.immobiliare.it/annunci/132231550/,USCITO_MERCATO,False,False,2026-09-09T17:56:58.702482+00:00,2026-09-10T11:09:38.637048+00:00,0,139000.0,,100.0,1390.0,0,,,,0,0,45,INDIRIZZO_ESTRATTO,VENDITA
688122fa734a82b8f0b3,Beinasco,piazza Kennedy. Buono stato,piazza Kennedy. Buono stato,appartamento,Vendita Appartamento Beinasco. Bilocale in piazza Kennedy. Buono stato ...,Immobiliare.it,Bilocale in piazza Kennedy. Buono stato ... Il gruppo Compro Casa,https://www.immobiliare.it/annunci/110747781/,USCITO_MERCATO,False,False,2026-09-17T16:48:02.647012+00:00,2026-09-18T01:22:44.225607+00:00,0,,,,,0,,,,0,0,11,INDIRIZZO_ESTRATTO,VENDITA
ddca8a3143383a190012,Beinasco,via 2 Giugno 7,via 2 Giugno,appartamento,Vendita Appartamento Beinasco. Trilocale in via 2 Giugno 7. Ottimo ...,Immobiliare.it,,https://www.immobiliare.it/annunci/132433308/,TRACKED,True,False,2026-09-19T18:06:37.665433+00:00,2026-09-20T11:10:13.478607+00:00,0,,,,,0,,,,0,0,0,INDIRIZZO_ESTRATTO,VENDITA
5ab7f8b6c6cfb657d65f,Beinasco,via Aosta 22,via Aosta,commerciale,"Capannone via Aosta 22, Beinasco, Rif. 127961230 - Immobiliare.it",Immobiliare.it,Rif. 127961230 - Immobiliare,https://www.immobiliare.it/annunci/127961230/,TRACKED,True,False,2026-09-19T23:00:29.356367+00:00,2026-09-20T11:10:13.478560+00:00,0,,,500.0,,0,,,,0,0,0,INDIRIZZO_ESTRATTO,VENDITA
981cdd049ca032d6c418,Beinasco,via Aosta 16/A,via Aosta,commerciale,"Capannone all'asta via Aosta 16/A, Beinasco - Immobiliare.it",Immobiliare.it,Beinasco - Immobiliare,https://www.immobiliare.it/annunci/132363946/,POSSIBILE_USCITA,False,False,2026-09-17T16:48:02.646986+00:00,2026-09-19T18:06:37.665372+00:00,2,499990.0,500000.0,,,1,2026-09-19T10:53:36.725515+00:00,2026-09-19T10:53:36.725515+00:00,1,0.0,0,5,INDIRIZZO_ESTRATTO,"ASTA,LOCAZIONE"
7132fc01d703533475c2,Beinasco,via Aosta 16,via Aosta,terreno,"Asta per capannone, via Aosta, 16, Centro Beinasco, rif. 132378892 ...",Immobiliare.it,,https://www.immobiliare.it/annunci/132378892/,POSSIBILE_USCITA,False,False,2026-09-14T18:41:54.042569+00:00,2026-09-19T23:00:29.356375+00:00,5,500000.0,,,,0,,,,0,0,3,INDIRIZZO_ESTRATTO,ASTA
1dc021e588deda4b1cd2,Beinasco,via Beinasco 22,via Beinasco,appartamento,"Vendita Attico in via Beinasco 22 Torino. Buono stato, con terrazza ...",Immobiliare.it,con terrazza ... IMMO BIGLINO,https://www.immobiliare.it/annunci/132263302/,TRACKED,True,False,2026-09-17T16:48:02.646991+00:00,2026-09-20T11:10:13.478573+00:00,2,193000.0,,,,0,,,,0,0,0,INDIRIZZO_ESTRATTO,VENDITA
fc23129da7a8f39806c3,Beinasco,via Beinasco 5,via Beinasco,appartamento,Vendita Appartamento Torino. Bilocale in via Beinasco 5. Buono stato ...,Immobiliare.it,,https://www.immobiliare.it/annunci/128517744/,TRACKED,True,False,2026-09-19T23:00:29.356408+00:00,2026-09-20T11:10:13.478580+00:00,0,,,,,0,,,,0,1,0,INDIRIZZO_ESTRATTO,VENDITA
b6cb460f50f7becd9dfc,Beinasco,via Beinasco 12,via Beinasco,commerciale,Vendita locali commerciali da privati a Torino - Bakeca,Bakeca privati,,https://torino.bakeca.it/annunci/locali-attivita-commerciali/contrattotipo/vendita/inserzionistacase/privato/,USCITO_MERCATO,False,False,2026-09-17T06:08:55.031073+00:00,2026-09-17T06:08:55.031074+00:00,0,12115000.0,,110.0,110136.36,0,,,,0,0,16,INDIRIZZO_ESTRATTO,VENDITA
0fa5b490da066d930dc5,Beinasco,via Bernardo Rondò 14,via Bernardo Rondò,appartamento,"Palazzo - Edificio via Bernardo Rondò 14, Beinasco, Rif. 130328024 ...",Immobiliare.it,BEINASCO - VIA RONDO' BERNARDO ImmobilTO Group Real Estate,https://www.immobiliare.it/annunci/130328024/,TRACKED,True,False,2026-09-18T19:44:01.660951+00:00,2026-09-20T11:10:13.478613+00:00,1,,,,,0,,,,0,0,0,INDIRIZZO_ESTRATTO,VENDITA
655d0fabb25e58018cd2,Beinasco,via Danilo Dolci 7,via Danilo Dolci,appartamento,Vendita Appartamento Beinasco. Quadrilocale in via Danilo Dolci 7 ...,Immobiliare.it,,https://www.immobiliare.it/annunci/132332730/,USCITO_MERCATO,False,False,2026-09-11T17:53:32.667254+00:00,2026-09-13T09:37:53.087355+00:00,1,,,,,0,,,,0,0,32,INDIRIZZO_ESTRATTO,VENDITA
c8a9c2af8c034efbcd38,Beinasco,via Dante Alighieri 6,via Dante Alighieri,appartamento,Vendita Appartamento Beinasco. Bilocale in via Dante Alighieri 6 ...,Immobiliare.it,,https://www.immobiliare.it/annunci/127030947/,RELISTED,True,False,2026-09-09T20:56:38.868440+00:00,2026-09-20T06:08:00.345966+00:00,10,,,,,0,,,,0,0,1,INDIRIZZO_ESTRATTO,VENDITA
0b3df67c62211b0b3182,Beinasco,via Don Minzoni 16,via Don Minzoni,appartamento,Vendita Appartamento Beinasco. Trilocale in via Don Minzoni 16. Da ...,Immobiliare.it,la Grimaldi immobiliare,https://www.immobiliare.it/annunci/132232512/,USCITO_MERCATO,False,False,2026-09-08T06:35:04.156758+00:00,2026-09-10T05:58:05.659810+00:00,1,119000.0,,80.0,1487.5,0,,,,0,0,46,INDIRIZZO_ESTRATTO,VENDITA
3ba45506fa42f0be6383,Beinasco,via Enrico De Nicola 10,via Enrico De Nicola,appartamento,Vendita Appartamento Beinasco. Bilocale in via Enrico De Nicola 10 ...,Immobiliare.it,La TEMPOCASA,https://www.immobiliare.it/annunci/130016970/,USCITO_MERCATO,False,False,2026-09-11T23:19:47.988115+00:00,2026-09-19T10:47:39.483685+00:00,7,89000.0,,,,0,,,,0,1,7,INDIRIZZO_ESTRATTO,AGENZIA
1f2eb81ad98e7a2cd401,Beinasco,via Gaetano Donizetti 6,via Gaetano Donizetti,appartamento,Vendita Appartamento Beinasco. Trilocale in via Gaetano Donizetti 6 ...,Immobiliare.it,,https://www.immobiliare.it/annunci/130017238/,TRACKED,True,False,2026-09-08T06:35:04.156739+00:00,2026-09-20T11:10:13.478600+00:00,12,99000.0,,,,0,,,,0,0,0,INDIRIZZO_ESTRATTO,LOCAZIONE
2d3493263eea1d91a12b,Beinasco,via Gioacchino Rossini 1,via Gioacchino Rossini,appartamento,Vendita Appartamento Beinasco. Quadrilocale in via Gioacchino Rossini 1 ...,Immobiliare.it,,https://www.immobiliare.it/annunci/132127888/,USCITO_MERCATO,False,False,2026-09-09T17:56:58.702473+00:00,2026-09-09T17:56:58.702474+00:00,0,,,,,0,,,,0,1,50,INDIRIZZO_ESTRATTO,VENDITA
ecd3f26eb6e7398fbaf9,Beinasco,via Giovanni Amendola 12,via Giovanni Amendola,appartamento,Vendita Appartamento Beinasco. Trilocale in via Giovanni Amendola 12 ...,Immobiliare.it,,https://www.immobiliare.it/annunci/132462732/,USCITO_MERCATO,False,False,2026-09-16T19:00:37.438249+00:00,2026-09-17T11:30:50.189342+00:00,0,148000.0,,,,0,,,,0,0,15,INDIRIZZO_ESTRATTO,VENDITA
4a25ad5787b90f5ce2fa,Beinasco,via Gorizia 23,via Gorizia,appartamento,Vendita Appartamento Beinasco. Trilocale in via Gorizia 23. Ottimo ...,Immobiliare.it,,https://www.immobiliare.it/annunci/126942481/,USCITO_MERCATO,False,False,2026-09-15T18:17:59.372055+00:00,2026-09-17T23:05:00.274623+00:00,2,,,,,0,,,,0,0,12,INDIRIZZO_ESTRATTO,VENDITA
d5ce8d31f6794d4ca804,Beinasco,"via II Giugno, Borgaretto 3","via II Giugno, Borgaretto",appartamento,"Vendita Appartamento Beinasco. Trilocale in via II Giugno, Borgaretto 3 ...",Immobiliare.it,Borgaretto 3 ... La Tempocasa di Beinasco,https://www.immobiliare.it/annunci/127292815/,TRACKED,True,False,2026-09-17T16:48:02.647033+00:00,2026-09-20T11:10:13.478620+00:00,2,,,,,0,,,,0,0,0,INDIRIZZO_ESTRATTO,VENDITA
ed7af101025a048794a4,Beinasco,via Maria Teresa,via Maria Teresa,appartamento,Vendita Appartamento Beinasco. Quadrilocale in via Maria Teresa ...,Immobiliare.it,,https://www.immobiliare.it/annunci/132431998/,POSSIBILE_USCITA,False,False,2026-09-16T14:58:05.670373+00:00,2026-09-19T18:06:37.665483+00:00,3,,,,,0,,,,0,0,5,INDIRIZZO_ESTRATTO,PRIVATO
1789ae344e8296f5cfa3,Beinasco,via Mirafiori 13,via Mirafiori,appartamento,Vendita Appartamento Beinasco. Trilocale in via Mirafiori 13. Nuovo ...,Immobiliare.it,Beinasco - Immobiliare,https://www.immobiliare.it/annunci/132332716/,TRACKED,True,False,2026-09-11T13:39:24.923222+00:00,2026-09-20T11:10:13.478593+00:00,8,,,,,0,,,,0,0,0,INDIRIZZO_ESTRATTO,VENDITA
e2798b5749b7081b20c9,Beinasco,via Mirafiori. Beinasco. Buono stato,via Mirafiori. Beinasco. Buono stato,appartamento,"Vendita Appartamento in via Mirafiori. Beinasco. Buono stato, primo ...",Immobiliare.it,al primo piano di uno stabile dotato di ascensore. L'immobile si,https://www.immobiliare.it/annunci/132165668/,USCITO_MERCATO,False,False,2026-09-09T13:49:33.337509+00:00,2026-09-09T13:49:33.337510+00:00,0,,,155.0,,0,,,,0,0,51,INDIRIZZO_ESTRATTO,VENDITA
0a986536592c004012ff,Beinasco,via Nenni 8,via Nenni,appartamento,Vendita Appartamento Beinasco. Quadrilocale in via Nenni 8. Buono stato ...,Immobiliare.it,Traiano è lieta di presentare in ESCLUSIVA un'interessante opportunità immobiliare,https://www.immobiliare.it/annunci/129731582/,TRACKED,True,False,2026-09-08T06:35:04.156733+00:00,2026-09-20T11:10:13.478587+00:00,12,169000.0,,,,0,,,,0,1,0,INDIRIZZO_ESTRATTO,VENDITA
0d7341a0f2f731fe1cca,Beinasco,via Principe Amedeo 51,via Principe Amedeo,appartamento,Vendita Appartamento Beinasco. Quadrilocale in via Principe Amedeo 51 ...,Immobiliare.it,,https://www.immobiliare.it/annunci/130841324/,USCITO_MERCATO,False,False,2026-09-08T06:35:04.156720+00:00,2026-09-12T17:06:03.934544+00:00,4,30000.0,175000.0,,,1,2026-09-10T11:13:02.492596+00:00,2026-09-10T11:13:02.492596+00:00,2,0,0,34,INDIRIZZO_ESTRATTO,VENDITA
4834bc2b62160363156f,Beinasco,via Principe Amedeo 37,via Principe Amedeo,appartamento,Vendita Appartamento Beinasco. Trilocale in via Principe Amedeo 37 ...,Immobiliare.it,,https://www.immobiliare.it/annunci/132189328/,USCITO_MERCATO,False,False,2026-09-14T12:27:12.111883+00:00,2026-09-19T06:11:00.694797+00:00,4,,,,,0,,,,0,0,8,INDIRIZZO_ESTRATTO,VENDITA
97fd7635aabc6d8fe98b,Beinasco,via Rivalta 1,via Rivalta,villa,"Vendita Villa unifamiliare in via Rivalta 1 Beinasco. 250 m², rif ...",Immobiliare.it,Nel cuore del paese in posizione comoda a tutti i servizi la Grimaldi Immobiliare,https://www.immobiliare.it/annunci/132332736/,USCITO_MERCATO,False,False,2026-09-10T15:11:09.213865+00:00,2026-09-15T01:31:48.169678+00:00,4,95000.0,,250.0,380.0,0,,,,0,0,23,INDIRIZZO_ESTRATTO,VENDITA
5d3bb47ce88187493ff3,Beinasco,via San Felice 0,via San Felice,altro,"Magazzino - Deposito via San Felice, 0, Beinasco, Rif. 119996462 ...",Immobiliare.it,,https://www.immobiliare.it/annunci/119996462/,USCITO_MERCATO,False,False,2026-09-08T18:39:29.643464+00:00,2026-09-09T17:56:58.702417+00:00,0,,,131.0,,0,,,,0,0,50,INDIRIZZO_ESTRATTO,VENDITA
713e3fc57f98c4781e9f,Beinasco,via San Felice Beinasco. 250,via San Felice Beinasco,villa,"Vendita Villa unifamiliare in via San Felice Beinasco. 250 m², rif ...",Immobiliare.it,,https://www.immobiliare.it/annunci/132332726/,USCITO_MERCATO,False,False,2026-09-10T15:11:09.213879+00:00,2026-09-15T01:31:48.169646+00:00,4,,,250.0,,0,,,,0,0,23,INDIRIZZO_ESTRATTO,VENDITA
d28666cc215f0a105dd6,Beinasco,"via San Felice, zona industriale, proponiamo in vendita capannone di 2200","via San Felice, zona industriale, proponiamo in vendita capannone di",commerciale,Locale Commerciale Beinasco - 82 locali comerciali in affito in ...,Commerciale negozi/locali,,https://www.nuroa.it/affitto-case/locale-commerciale-beinasco,USCITO_MERCATO,False,False,2026-09-09T20:56:38.868370+00:00,2026-09-18T01:22:44.225571+00:00,8,6500.0,1350000.0,2200.0,2.95,3,2026-09-10T01:19:46.384682+00:00,2026-09-12T05:58:11.449286+00:00,0,99.52,0,11,INDIRIZZO_ESTRATTO,"VENDITA,LOCAZIONE"
4504cbb29483c8f98fd4,Beinasco,via San Giacomo 8,via San Giacomo,altro,"Magazzino - Deposito via San Giacomo 8, Beinasco, Rif. 126608181 ...",Immobiliare.it,,https://www.immobiliare.it/annunci/126608181/,USCITO_MERCATO,False,False,2026-09-08T18:39:29.643457+00:00,2026-09-09T04:02:27.436638+00:00,0,25000.0,,,,0,,,,0,0,52,INDIRIZZO_ESTRATTO,"AGENZIA,LOCAZIONE"
3d0fab5ed15973206326,Beinasco,via San Giovanni 6,via San Giovanni,appartamento,Vendita Appartamento Beinasco. Trilocale in via San Giovanni 6. Buono ...,Immobiliare.it,,https://www.immobiliare.it/annunci/129731706/,TRACKED,True,False,2026-09-08T06:35:04.156746+00:00,2026-09-20T06:08:00.345980+00:00,12,,,,,0,,,,0,1,1,INDIRIZZO_ESTRATTO,VENDITA
4b567a6e7ecfee623414,Beinasco,via San Giovanni 2,via San Giovanni,appartamento,Vendita Appartamento Beinasco. Bilocale in via San Giovanni 2. Da ...,Immobiliare.it,,https://www.immobiliare.it/annunci/125068303/,POSSIBILE_USCITA,False,False,2026-09-08T06:35:04.156772+00:00,2026-09-19T20:30:44.816229+00:00,11,95000.0,,,,0,,,,0,0,4,INDIRIZZO_ESTRATTO,VENDITA
74c78a2207f9229b0f41,Beinasco,via Torino 14,via Torino,appartamento,"Vendita Attico in via Torino 14 Beinasco. Ottimo stato, con balcone ...",Immobiliare.it,,https://www.immobiliare.it/annunci/125434761/,TRACKED,True,False,2026-09-16T04:54:00.958222+00:00,2026-09-20T11:10:13.478628+00:00,4,180000.0,,100.0,1800.0,0,,,,0,1,0,INDIRIZZO_ESTRATTO,VENDITA
e28eafe38d7fc74f1b71,Beinasco,via Torino 36,via Torino,commerciale,"Locale commerciale via Torino 36, Beinasco, Rif. 110515307 - Immobiliare.it",Immobiliare.it,Rif. 110515307 - Immobiliare,https://www.immobiliare.it/annunci/110515307/,USCITO_MERCATO,False,False,2026-09-09T04:02:27.436610+00:00,2026-09-15T01:31:48.169617+00:00,5,,,120.0,,0,,,,0,0,23,INDIRIZZO_ESTRATTO,VENDITA
b8129ae85601ee46dfa0,Beinasco,via Volta 2,via Volta,appartamento,"Vendita Appartamento Beinasco. Quadrilocale in via Volta, 2. Ottimo ...",Immobiliare.it,,https://www.immobiliare.it/annunci/130526654/,POSSIBILE_USCITA,False,False,2026-09-08T06:35:04.156726+00:00,2026-09-19T20:30:44.816215+00:00,11,,,108.0,,0,,,,0,0,4,INDIRIZZO_ESTRATTO,VENDITA
f1ee95cb22cb49b42929,Beinasco,via dei Villini 30,via dei Villini,appartamento,Vendita Appartamento Beinasco. Quadrilocale in via dei Villini 30 ...,Immobiliare.it,,https://www.immobiliare.it/annunci/125829075/,USCITO_MERCATO,False,False,2026-09-08T06:35:04.156779+00:00,2026-09-16T14:58:05.670412+00:00,8,140000.0,129900.0,,,1,2026-09-08T22:03:58.100947+00:00,2026-09-08T22:03:58.100947+00:00,0,0,0,19,INDIRIZZO_ESTRATTO,VENDITA
5a6f4db24bcda72aaed7,Beinasco,via fornasio 1,via fornasio,villa,"Vendita Villa plurifamiliare in via fornasio, 1 Beinasco. 460 m², rif ...",Immobiliare.it,,https://www.immobiliare.it/annunci/128180162/,POSSIBILE_USCITA,False,False,2026-09-08T11:07:58.867831+00:00,2026-09-19T20:30:44.816170+00:00,11,,,460.0,,0,,,,0,0,4,INDIRIZZO_ESTRATTO,VENDITA
87d07650d14134638e2b,Beinasco,viale Generale Perotti 28,viale Generale Perotti,villa,Vendita Villa unifamiliare in viale Generale Perotti 28 Beinasco ...,Immobiliare.it,,https://www.immobiliare.it/annunci/132231552/,USCITO_MERCATO,False,False,2026-09-08T18:39:29.643505+00:00,2026-09-09T04:02:27.436698+00:00,0,,,,,0,,,,0,0,52,INDIRIZZO_ESTRATTO,VENDITA
4c92b5955ef6e5cf6fe7,Beinasco,viale Papa Giovanni Xxiii 3,viale Papa Giovanni Xxiii,appartamento,Vendita Appartamento Beinasco. Bilocale in viale Papa Giovanni Xxiii 3 ...,Immobiliare.it,centrale è comodissima ai servizi principali la Grimaldi di Borgaretto,https://www.immobiliare.it/annunci/132231566/,USCITO_MERCATO,False,False,2026-09-10T05:58:05.659861+00:00,2026-09-10T05:58:05.659863+00:00,0,75000.0,,,,0,,,,0,1,46,INDIRIZZO_ESTRATTO,VENDITA
3465510fc79214d23801,Beinasco,vicolo Antonio Trucchi 27,vicolo Antonio Trucchi,appartamento,Vendita Appartamento Beinasco. Trilocale in vicolo Antonio Trucchi 27 ...,Immobiliare.it,,https://www.immobiliare.it/annunci/127290995/,POSSIBILE_USCITA,False,False,2026-09-08T06:35:04.156765+00:00,2026-09-19T20:30:44.816222+00:00,11,,,,,0,,,,0,0,4,INDIRIZZO_ESTRATTO,VENDITA
a9fc2fa8c757694b8f47,Borgone Susa,,,villa,"Vendita Villa bifamiliare Borgone Susa. Ottimo stato, posto auto, con ...",Immobiliare.it,,https://www.immobiliare.it/annunci/108745377/,POSSIBILE_USCITA,False,False,2026-08-27T21:04:17.079523+00:00,2026-09-19T23:00:29.356590+00:00,23,350000.0,,,,0,,,,0,0,3,URL_DETTAGLIO_PORTALE,VENDITA
e7289bd31c8ca7764f2d,Borgone Susa,,,villa,"Vendita Villa unifamiliare Borgone Susa. Ottimo stato, posto auto, con ...",Immobiliare.it,,https://www.immobiliare.it/annunci/106559825/,RELISTED,True,False,2026-09-03T18:47:06.317943+00:00,2026-09-20T11:10:13.478697+00:00,16,350000.0,,,,0,,,,0,0,0,URL_DETTAGLIO_PORTALE,VENDITA
b9f6273af426187394cc,Borgone Susa,Piazza Montabone s.n.c,Piazza Montabone s.n.c,appartamento,"Trilocale in vendita in Piazza Montabone s.n.c, Borgone Susa ...",Idealista,,https://www.idealista.it/immobile/36830338/,NEW,True,False,2026-09-20T01:04:10.801400+00:00,2026-09-20T01:04:10.801401+00:00,0,,,,,0,,,,0,0,2,INDIRIZZO_ESTRATTO,VENDITA
cc5fbb6a0b1fa1cba3a3,Borgone Susa,Strada Provinciale del Monginevro,Strada Provinciale del Monginevro,villa,"Villa unifamiliare Strada Provinciale del Monginevro, Borgone Susa",Immobiliare.it,EK-124293539 Villa di Ampia Metratura a Borgone Susa La F.C. Immobiliare,https://www.immobiliare.it/annunci/124293539/,POSSIBILE_USCITA,False,False,2026-09-09T04:02:27.436894+00:00,2026-09-19T18:06:37.665535+00:00,10,199500.0,,,,0,,,,0,0,5,INDIRIZZO_ESTRATTO,PRIVATO
259c53008adc47e68346,Borgone Susa,Via A. Abegg 41,Via A. Abegg,appartamento,"Trilocale in vendita in Via A. Abegg, 41, Borgone Susa - idealista",Idealista,,https://www.idealista.it/immobile/36629494/,USCITO_MERCATO,False,False,2026-08-27T21:04:17.079459+00:00,2026-09-06T00:53:48.285878+00:00,9,87000.0,,95.0,915.79,0,,,,0,0,66,INDIRIZZO_ESTRATTO,VENDITA
fb5c711cff00a18a1ca5,Borgone Susa,Via A. Abegg 18,Via A. Abegg,appartamento,"Trilocale in vendita in Via A. Abegg, 18, Borgone Susa - idealista",Idealista,,https://www.idealista.it/immobile/33623282/,NEW,True,False,2026-09-20T01:04:10.801407+00:00,2026-09-20T01:04:10.801409+00:00,0,,,,,0,,,,0,0,2,INDIRIZZO_ESTRATTO,VENDITA
d54334bfd94a66030788,Borgone Susa,Via A. Abegg 34,Via A. Abegg,casa indipendente,"Casa indipendente in vendita in Via A. Abegg, 34, Borgone Susa ...",Idealista,,https://www.idealista.it/immobile/33743415/,USCITO_MERCATO,False,False,2026-09-06T00:53:48.285834+00:00,2026-09-12T05:52:24.476670+00:00,6,,,,,0,,,,0,0,37,INDIRIZZO_ESTRATTO,VENDITA
f3ba65fe0f3af1cfa680,Borgone Susa,Via A. Abegg 34,Via A. Abegg,casa indipendente,"Casa indipendente in vendita in Via A. Abegg, 34, Borgone Susa ...",Idealista,,https://www.idealista.it/immobile/33742491/,USCITO_MERCATO,False,False,2026-09-06T00:53:48.285856+00:00,2026-09-10T15:11:09.214019+00:00,4,65000.0,,,,0,,,,0,1,44,INDIRIZZO_ESTRATTO,VENDITA
815c0502392e2fb7ef45,Borgone Susa,Via A. Abegg 67,Via A. Abegg,villa,"Villa in vendita in Via A. Abegg, 67, Borgone Susa - idealista",Idealista,,https://www.idealista.it/immobile/31520884/,USCITO_MERCATO,False,False,2026-09-10T15:11:09.214085+00:00,2026-09-12T05:52:24.476705+00:00,1,,,,,0,,,,0,0,37,INDIRIZZO_ESTRATTO,VENDITA
d85ba2d8e8fd31f1b4ee,Borgone Susa,Via A. Abegg 68,Via A. Abegg,villa,"Casa indipendente in vendita in Via A. Abegg, 68, Borgone Susa ...",Idealista,,https://www.idealista.it/immobile/31221200/,RELISTED,True,False,2026-09-06T00:53:48.285822+00:00,2026-09-20T01:04:10.801423+00:00,14,,,,,0,,,,0,0,2,INDIRIZZO_ESTRATTO,VENDITA
ad69ea5eaa9fc1a04cb3,Borgone Susa,"Via Bobba Guido, 46",Via Bobba Guido,appartamento,"Quadrilocale in vendita in Via Bobba Guido, 46, Borgone Susa ...",Idealista,,https://www.idealista.it/immobile/34110181/,USCITO_MERCATO,False,False,2026-09-12T05:52:24.476714+00:00,2026-09-12T05:52:24.476715+00:00,0,,,,,0,,,,0,0,37,INDIRIZZO_ESTRATTO,VENDITA
24a508a9b50e4819738b,Borgone Susa,Via Bruno Mosconi 24,Via Bruno Mosconi,casa indipendente,"Casa indipendente in vendita in Via Bruno Mosconi, 24",Idealista,,https://www.idealista.it/immobile/34756672/,RELISTED,True,False,2026-09-10T15:11:09.214049+00:00,2026-09-20T01:04:10.801433+00:00,9,,,114.0,,0,,,,0,0,2,INDIRIZZO_ESTRATTO,VENDITA
6b20759ff65ddc56ba26,Borgone Susa,Via Bruno Mosconi 3,Via Bruno Mosconi,casa indipendente,"Casa indipendente in vendita in Via Bruno Mosconi, 3, Borgone Susa ...",Idealista,annuncio Vedi il telefono Codice dell'annuncio 29849422 Professionista Immobiliare,https://www.idealista.it/immobile/29849422/,RELISTED,True,False,2026-09-06T00:53:48.285907+00:00,2026-09-20T01:04:10.801451+00:00,14,,,,,0,,,,0,0,2,INDIRIZZO_ESTRATTO,VENDITA
e097f7c6f03f85b8ca56,Borgone Susa,Via Bruno Mosconi 2,Via Bruno Mosconi,casa indipendente,"Casa indipendente in vendita in Via Bruno Mosconi, 2, Borgone Susa ...",Idealista,,https://www.idealista.it/immobile/34107846/,NEW,True,False,2026-09-20T01:04:10.801461+00:00,2026-09-20T01:04:10.801462+00:00,0,,,197.0,,0,,,,0,1,2,INDIRIZZO_ESTRATTO,VENDITA
ac78d9ca08e8ca8b7861,Borgone Susa,Via Condove 3,Via Condove,villa,"Villa in vendita in Via Condove, 3, Borgone Susa - idealista",Idealista,,https://www.idealista.it/immobile/33654375/,RELISTED,True,False,2026-09-06T00:53:48.285844+00:00,2026-09-20T01:04:10.801442+00:00,14,,,,,0,,,,0,0,2,INDIRIZZO_ESTRATTO,VENDITA
a43e6a52b463a2f02a93,Borgone Susa,Via Dei Gravè 4,Via Dei Gravè,villa,"Villetta bifamiliare in vendita in Via Dei Gravè, 4, Borgone Susa ...",Idealista,,https://www.idealista.it/immobile/36637574/,USCITO_MERCATO,False,False,2026-08-27T21:04:17.079448+00:00,2026-08-28T10:58:40.670069+00:00,0,,,,,0,,,,0,1,88,INDIRIZZO_ESTRATTO,VENDITA
9e6544bd16fced76b81c,Borgone Susa,Via Florio Benvenuto 10,Via Florio Benvenuto,casa indipendente,"Casa indipendente in vendita in Via Florio Benvenuto, 10, Borgone Susa ...",Idealista,,https://www.idealista.it/immobile/34302532/,USCITO_MERCATO,False,False,2026-09-10T15:11:09.214076+00:00,2026-09-10T15:11:09.214077+00:00,0,,,,,0,,,,0,0,44,INDIRIZZO_ESTRATTO,VENDITA
c59d7eec1ed848be89ed,Borgone Susa,Via Florio Benvenuto,Via Florio Benvenuto,casa indipendente,"Casa indipendente in vendita in Via Florio Benvenuto, Borgone Susa ...",Idealista,,https://www.idealista.it/immobile/35514401/,RELISTED,True,False,2026-09-06T00:53:48.285867+00:00,2026-09-20T01:04:10.801466+00:00,14,,,,,0,,,,0,0,2,INDIRIZZO_ESTRATTO,VENDITA
3d5d525c78eceb363c27,Borgone Susa,"Via G. Tarro Boiro, 26",Via G. Tarro Boiro,appartamento,"Trilocale in vendita in Via G. Tarro Boiro, 26, Borgone Susa ...",Idealista,,https://www.idealista.it/immobile/31603334/,USCITO_MERCATO,False,False,2026-09-12T05:52:24.476719+00:00,2026-09-12T05:52:24.476720+00:00,0,,,70.0,,0,,,,0,0,37,INDIRIZZO_ESTRATTO,VENDITA
4636196af630315b8a87,Borgone Susa,Via Monte Bianco 60/A,Via Monte Bianco,villa,Annunci case e appartamenti in vendita e in affitto - Tecnocasa.it,Tecnocasa,,https://www.tecnocasa.it/vendita/ville/torino/borgone-susa/61255852.html,USCITO_MERCATO,False,False,2026-08-27T21:04:17.079466+00:00,2026-08-28T05:06:35.530059+00:00,0,,,,,0,,,,0,0,89,INDIRIZZO_ESTRATTO,"AGENZIA,LOCAZIONE"
9e726993a547e04019d2,Borgone Susa,Via Ponte Dora,Via Ponte Dora,villa,"Villa in vendita in Via Ponte Dora, Borgone Susa - idealista",Idealista,,https://www.idealista.it/immobile/35243787/,USCITO_MERCATO,False,False,2026-09-12T05:52:24.476682+00:00,2026-09-12T05:52:24.476683+00:00,0,,,,,0,,,,0,0,37,INDIRIZZO_ESTRATTO,VENDITA
318b0b8cf624873620cf,Borgone Susa,Via dei Gravè 5,Via dei Gravè,altro,"Cerco casa, portale dedicato alle ricerca di appartamenti in vendita e ...",Tecnorete,,https://www.tecnorete.it/annunci/immobili/piemonte/torino/borgone-susa.html,USCITO_MERCATO,False,False,2026-08-21T12:20:59.475304+00:00,2026-09-03T18:47:06.317906+00:00,13,,,,,0,,,,0,0,81,INDIRIZZO_ESTRATTO,AGENZIA
dda75ad2e2919cac1bcc,Borgone Susa,frazione Chiampano Borgone Susa,frazione Chiampano Borgone Susa,casa indipendente,Vendita Terratetto plurifamiliare in frazione Chiampano Borgone Susa ...,Immobiliare.it,,https://www.immobiliare.it/annunci/130136162/,USCITO_MERCATO,False,False,2026-08-28T05:06:35.530066+00:00,2026-09-07T10:14:01.141881+00:00,10,29000.0,,,,0,,,,0,0,57,INDIRIZZO_ESTRATTO,VENDITA
f242888dbccfd86efe82,Borgone Susa,piazza Montabone,piazza Montabone,appartamento,Vendita Appartamento Borgone Susa. Trilocale in piazza Montabone ...,Immobiliare.it,,https://www.immobiliare.it/annunci/132449758/,TRACKED,True,False,2026-09-18T19:44:01.661073+00:00,2026-09-20T11:10:13.478662+00:00,1,,,,,0,,,,0,0,0,INDIRIZZO_ESTRATTO,VENDITA
c7b5553420c80d17dc42,Borgone Susa,piazza Montabone 5,piazza Montabone,casa indipendente,"Casa indipendente in vendita in piazza Montabone, 5, Borgone Susa ...",Idealista,,https://www.idealista.it/immobile/31471280/,RELISTED,True,False,2026-09-06T00:53:48.285898+00:00,2026-09-20T01:04:10.801413+00:00,14,,,,,0,,,,0,0,2,INDIRIZZO_ESTRATTO,PRIVATO
4f7b49c561550681f9ff,Borgone Susa,via 4 Novembre 13,via 4 Novembre,villa,Vendita Villa plurifamiliare in via 4 Novembre 13 Borgone Susa. Buono ...,Immobiliare.it,la F.C. Immobiliare,https://www.immobiliare.it/annunci/105071031/,USCITO_MERCATO,False,False,2026-09-05T21:13:34.333022+00:00,2026-09-05T21:13:34.333023+00:00,0,210000.0,,,,0,,,,0,0,68,INDIRIZZO_ESTRATTO,VENDITA
22cf8fb9c6f04f583503,Borgone Susa,via A. Abegg 18,via A. Abegg,appartamento,Vendita Appartamento Borgone Susa. Trilocale in via A. Abegg 18. Piano ...,Immobiliare.it,,https://www.immobiliare.it/annunci/129563936/,TRACKED,True,False,2026-09-01T18:58:42.119236+00:00,2026-09-20T11:10:13.478676+00:00,18,59000.0,,,,0,,,,0,0,0,INDIRIZZO_ESTRATTO,AGENZIA
36df642c95ebadc51a9a,Borgone Susa,via A. Abegg 18,via A. Abegg,appartamento,"Vendita Appartamento Borgone Susa. Trilocale in via A. Abegg, 18. Buono ...",Immobiliare.it,,https://www.immobiliare.it/annunci/131271224/,TRACKED,True,False,2026-08-27T21:04:17.079484+00:00,2026-09-20T11:10:13.478669+00:00,23,59000.0,,,,0,,,,0,0,0,INDIRIZZO_ESTRATTO,VENDITA
37605260fa37624caeea,Borgone Susa,via A. Abegg 68,via A. Abegg,villa,Vendita Appartamento Borgone Susa. Trilocale in via A. Abegg 68. Ottimo ...,Immobiliare.it,Borgone Susa - Immobiliare,https://www.immobiliare.it/annunci/108837545/,USCITO_MERCATO,False,False,2026-09-05T21:13:34.333012+00:00,2026-09-17T11:30:50.189451+00:00,11,,,,,0,,,,0,0,15,INDIRIZZO_ESTRATTO,AGENZIA
580535b8abe40557f323,Borgone Susa,via Abegg 18,via Abegg,appartamento,Vendita Appartamento Borgone Susa. Trilocale in via Abegg 18. Ottimo ...,Immobiliare.it,,https://www.immobiliare.it/annunci/125219057/,USCITO_MERCATO,False,False,2026-08-27T21:04:17.079477+00:00,2026-09-19T10:47:39.483732+00:00,22,,,,,0,,,,0,0,7,INDIRIZZO_ESTRATTO,VENDITA
67da772f547f1e2e6708,Borgone Susa,via Augusto Abegg 46,via Augusto Abegg,appartamento,Vendita Appartamento in via Augusto Abegg 46. Borgone Susa. Da ...,Immobiliare.it,,https://www.immobiliare.it/annunci/115022795/,USCITO_MERCATO,False,False,2026-09-11T17:53:32.667331+00:00,2026-09-11T17:53:32.667332+00:00,0,,,,,0,,,,0,0,39,INDIRIZZO_ESTRATTO,VENDITA
8fd2164a801300e90dde,Borgone Susa,via Augusto Abegg 41,via Augusto Abegg,appartamento,Vendita Appartamento Borgone Susa. Trilocale in via Augusto Abegg 41 ...,Immobiliare.it,,https://www.immobiliare.it/annunci/131901898/,USCITO_MERCATO,False,False,2026-09-15T18:17:59.372091+00:00,2026-09-18T17:15:59.822903+00:00,2,87000.0,,95.0,915.79,0,,,,0,0,10,INDIRIZZO_ESTRATTO,VENDITA
a4d364c5ffd5f86bf2ba,Borgone Susa,via Augusto Abegg 41,via Augusto Abegg,appartamento,Vendita Appartamento Borgone Susa. Quadrilocale in via Augusto Abegg 41 ...,Immobiliare.it,,https://www.immobiliare.it/annunci/127550838/,TRACKED,True,False,2026-08-27T21:04:17.079502+00:00,2026-09-20T01:04:10.801358+00:00,23,87000.0,,122.0,713.11,0,,,,0,1,2,INDIRIZZO_ESTRATTO,VENDITA
bcc372bfcbe5fd52bfd7,Borgone Susa,via Augusto Abegg,via Augusto Abegg,appartamento,Vendita Appartamento Borgone Susa. Bilocale in via Augusto Abegg ...,Immobiliare.it,,https://www.immobiliare.it/annunci/119071905/,USCITO_MERCATO,False,False,2026-09-01T20:55:16.172128+00:00,2026-09-11T13:39:24.923370+00:00,9,,,,,0,,,,0,0,40,INDIRIZZO_ESTRATTO,VENDITA
3e131965ce6c00bee049,Borgone Susa,via Augusto Abegg 68,via Augusto Abegg,villa,"Villa unifamiliare via Augusto Abegg 68, Borgone Susa",Immobiliare.it,,https://www.immobiliare.it/annunci/116053317/,USCITO_MERCATO,False,False,2026-09-02T12:02:41.369595+00:00,2026-09-17T11:30:50.189415+00:00,14,165000.0,,,,0,,,,0,0,15,INDIRIZZO_ESTRATTO,VENDITA
cbe57f4cb885a79a3f73,Borgone Susa,via Augusto Abegg 79,via Augusto Abegg,villa,"Villa bifamiliare via Augusto Abegg 79, Borgone Susa",Immobiliare.it,,https://www.immobiliare.it/annunci/116242543/,USCITO_MERCATO,False,False,2026-08-27T21:04:17.079497+00:00,2026-09-17T23:05:00.274714+00:00,21,350000.0,,,,0,,,,0,0,12,INDIRIZZO_ESTRATTO,VENDITA
ec8b9bd87a9c17875f68,Borgone Susa,via Augusto Abegg ... L'appartamento è stato ristrutturato circa 10,via Augusto Abegg ... L'appartamento è stato ristrutturato circa,appartamento,Vendita Appartamento Borgone Susa. Trilocale in via Augusto Abegg ...,Immobiliare.it,,https://www.immobiliare.it/annunci/103552834/,USCITO_MERCATO,False,False,2026-08-28T10:58:40.670129+00:00,2026-09-01T20:55:16.172160+00:00,4,,,,,0,,,,0,0,86,INDIRIZZO_ESTRATTO,VENDITA
f279b77bc16ee4786ed7,Borgone Susa,via Augusto Abegg Borgone Susa. Ottimo,via Augusto Abegg Borgone Susa. Ottimo,villa,Vendita Villa bifamiliare in via Augusto Abegg Borgone Susa. Ottimo ...,Immobiliare.it,,https://www.immobiliare.it/annunci/126723751/,POSSIBILE_USCITA,False,False,2026-08-27T21:04:17.079472+00:00,2026-09-19T23:00:29.356574+00:00,23,350000.0,,,,0,,,,0,0,3,INDIRIZZO_ESTRATTO,VENDITA
773284efb127ff81b877,Borgone Susa,via Augusto Abegg. Da,via Augusto Abegg. Da,appartamento,Vendita Appartamento Borgone Susa. Trilocale in via Augusto Abegg. Da ...,Immobiliare.it,,https://www.immobiliare.it/annunci/105291587/,RELISTED,True,False,2026-08-28T10:58:40.670142+00:00,2026-09-20T01:04:10.801376+00:00,23,27000.0,,50.0,540.0,0,,,,0,0,2,INDIRIZZO_ESTRATTO,VENDITA
2811ed392d1360e0f2fb,Borgone Susa,via Bruno Mosconi 2,via Bruno Mosconi,casa indipendente,"Casa indipendente in vendita in via Bruno Mosconi, 2, Borgone Susa ...",Idealista,,https://www.idealista.it/immobile/30873639/,USCITO_MERCATO,False,False,2026-09-06T00:53:48.285917+00:00,2026-09-06T00:53:48.285919+00:00,0,,,184.0,,0,,,,0,1,66,INDIRIZZO_ESTRATTO,VENDITA
2a8434676ada393addec,Borgone Susa,via Condove 86,via Condove,villa,Vendita Villa unifamiliare in via Condove 86 Borgone Susa. Ottimo stato ...,Immobiliare.it,,https://www.immobiliare.it/annunci/126581511/,USCITO_MERCATO,False,False,2026-09-05T04:44:03.762788+00:00,2026-09-06T22:17:30.165258+00:00,1,,,,,0,,,,0,0,60,INDIRIZZO_ESTRATTO,VENDITA
a715dfd5c3969035c568,Borgone Susa,via Condove 3,via Condove,villa,Vendita Villa unifamiliare in via Condove 3 Borgone Susa. Buono stato ...,Immobiliare.it,,https://www.immobiliare.it/annunci/123006226/,POSSIBILE_USCITA,False,False,2026-08-27T21:04:17.079492+00:00,2026-09-19T23:00:29.356552+00:00,23,,,,,0,,,,0,0,3,INDIRIZZO_ESTRATTO,VENDITA
5d7e991a9beae4f076a8,Borgone Susa,via Felice Falco 6,via Felice Falco,villa,Vendita Villa unifamiliare in via Felice Falco 6 Borgone Susa. Ottimo ...,Immobiliare.it,,https://www.immobiliare.it/annunci/128787806/,USCITO_MERCATO,False,False,2026-09-02T16:09:34.323677+00:00,2026-09-06T22:17:30.165296+00:00,4,130000.0,,300.0,433.33,0,,,,0,0,60,INDIRIZZO_ESTRATTO,PRIVATO
f19405ce4b7117014042,Borgone Susa,via Guglielmo,via Guglielmo,appartamento,Vendita Appartamento Borgone Susa. Quadrilocale in via Guglielmo ...,Immobiliare.it,,https://www.immobiliare.it/annunci/120425272/,USCITO_MERCATO,False,False,2026-09-04T00:12:37.946185+00:00,2026-09-04T07:52:28.838955+00:00,0,,,,,0,,,,0,0,78,INDIRIZZO_ESTRATTO,VENDITA
0c1e92df57d093f7a427,Borgone Susa,via Guido Bobba 46,via Guido Bobba,appartamento,Vendita Appartamento Borgone Susa. Quadrilocale in via Guido Bobba 46 ...,Immobiliare.it,EK-122347108 Appartamento in centro paese La F.C. Immobiliare,https://www.immobiliare.it/annunci/122347108/,USCITO_MERCATO,False,False,2026-09-05T00:56:52.327199+00:00,2026-09-19T10:47:39.483775+00:00,14,30000.0,,,,0,,,,0,1,7,INDIRIZZO_ESTRATTO,VENDITA
36034a4eb610d1b52b5c,Borgone Susa,via Moncenisio 1B,via Moncenisio,appartamento,Vendita Appartamento Borgone Susa. Trilocale in via Moncenisio 1B ...,Immobiliare.it,,https://www.immobiliare.it/annunci/111573305/,TRACKED,True,False,2026-09-04T19:20:00.003398+00:00,2026-09-20T11:10:13.478715+00:00,15,,,,,0,,,,0,0,0,INDIRIZZO_ESTRATTO,VENDITA
93aca0f4b12f1f8c2223,Borgone Susa,via Montenero 13,via Montenero,appartamento,Vendita Appartamento Borgone Susa. Quadrilocale in via Montenero 13 ...,Immobiliare.it,,https://www.immobiliare.it/annunci/122226200/,TRACKED,True,False,2026-08-27T21:04:17.079513+00:00,2026-09-20T11:10:13.478708+00:00,23,157000.0,,,,0,,,,0,0,0,INDIRIZZO_ESTRATTO,VENDITA
997d8c6d6104c3e40dd7,Borgone Susa,via Montenero 2A,via Montenero,appartamento,"Vendita Appartamento in via Montenero 2A. Borgone Susa. Buono stato, su ...",Immobiliare.it,,https://www.immobiliare.it/annunci/122849092/,TRACKED,True,False,2026-08-28T05:06:35.530107+00:00,2026-09-20T11:10:13.478683+00:00,23,186000.0,,,,0,,,,0,0,0,INDIRIZZO_ESTRATTO,VENDITA
eb1e8e8bbb4906ffb427,Borgone Susa,via Ponte Dora 2,via Ponte Dora,appartamento,Vendita Appartamento Borgone Susa. Bilocale in via Ponte Dora 2. Nuovo ...,Immobiliare.it,,https://www.immobiliare.it/annunci/119519371/,TRACKED,True,False,2026-08-28T05:06:35.530116+00:00,2026-09-20T11:10:13.478728+00:00,23,108000.0,,60.0,1800.0,0,,,,0,0,0,INDIRIZZO_ESTRATTO,VENDITA
66adaf6abe4f879e7384,Borgone Susa,via Roma 6,via Roma,villa,Vendita Villa unifamiliare in via Roma 6 Borgone Susa. Ottimo stato ...,Immobiliare.it,la F.C. Immobiliare,https://www.immobiliare.it/annunci/105065761/,USCITO_MERCATO,False,False,2026-09-05T16:59:36.014497+00:00,2026-09-12T17:06:03.934688+00:00,7,349000.0,,500.0,698.0,0,,,,0,2,34,INDIRIZZO_ESTRATTO,PRIVATO
2d3bbb1079093ec10b90,Borgone Susa,via Tarro Boiro 26,via Tarro Boiro,appartamento,Vendita Appartamento Borgone Susa. Trilocale in via Tarro Boiro 26 ...,Immobiliare.it,Borgone Susa - Immobiliare,https://www.immobiliare.it/annunci/117236507/,POSSIBILE_USCITA,False,False,2026-08-27T21:04:17.079518+00:00,2026-09-19T20:30:44.816312+00:00,22,45000.0,,70.0,642.86,0,,,,0,0,4,INDIRIZZO_ESTRATTO,VENDITA
83d798285542757f6948,Borgone Susa,via Tarro Boiro 5,via Tarro Boiro,appartamento,Vendita Appartamento Borgone Susa. Quadrilocale in via Tarro Boiro 5 ...,Immobiliare.it,,https://www.immobiliare.it/annunci/127215327/,TRACKED,True,False,2026-08-27T21:04:17.079507+00:00,2026-09-20T11:10:13.478722+00:00,23,45000.0,,,,0,,,,0,0,0,INDIRIZZO_ESTRATTO,VENDITA
e3f73895d5b4067590f1,Borgone Susa,via Tenente Mario,via Tenente Mario,appartamento,Vendita Appartamento Borgone Susa. Quadrilocale in via Tenente Mario ...,Immobiliare.it,,https://www.immobiliare.it/annunci/110228169/,USCITO_MERCATO,False,False,2026-09-06T00:53:48.285809+00:00,2026-09-06T00:53:48.285812+00:00,0,,,,,0,,,,0,0,66,INDIRIZZO_ESTRATTO,VENDITA
7a7168deff3a09ee76db,Borgone Susa,via Tenente Mario Tacca,via Tenente Mario Tacca,appartamento,Vendita Appartamento Borgone Susa. Trilocale in via Tenente Mario Tacca ...,Immobiliare.it,al primo piano di una porzione di casa. L'immobile si,https://www.immobiliare.it/annunci/125068245/,TRACKED,True,False,2026-08-28T05:06:35.530112+00:00,2026-09-20T11:10:13.478691+00:00,23,,,87.0,,0,,,,0,0,0,INDIRIZZO_ESTRATTO,VENDITA
b9b9cceee5140d681ead,Borgone Susa,via Tenente Mario Tacca,via Tenente Mario Tacca,appartamento,Vendita Appartamento Borgone Susa. Bilocale in via Tenente Mario Tacca ...,Immobiliare.it,,https://www.immobiliare.it/annunci/109957701/,TRACKED,True,True,2026-09-01T18:58:42.119243+00:00,2026-09-20T01:04:10.801370+00:00,18,,,,,0,,,,0,0,2,INDIRIZZO_ESTRATTO,STORICO_USCITA
6fa0852fbbba8e070235,Borgone Susa,via dei Gravè 4,via dei Gravè,villa,Vendita Villa bifamiliare in via dei Gravè 4 Borgone Susa. Ottimo stato ...,Immobiliare.it,,https://www.immobiliare.it/annunci/131917682/,TRACKED,True,False,2026-08-28T10:58:40.670063+00:00,2026-09-20T01:04:10.801347+00:00,23,,,,,0,,,,0,0,2,INDIRIZZO_ESTRATTO,VENDITA
972d851591c4512a97ec,Bruino,,,altro,5+ locali in Vendita a Bruino | Euro 225.000 | Mq 150,Tempocasa,,https://tempocasa.it/it/vendita/torino/bruino/5-locali/11421821,POSSIBILE_USCITA,False,False,2026-09-19T18:06:37.665732+00:00,2026-09-19T18:06:37.665733+00:00,0,225000.0,,150.0,1500.0,0,,,,0,0,5,URL_DETTAGLIO_PORTALE,"AGENZIA,LOCAZIONE"
1ca669a1861e01cc5546,Bruino,,,appartamento,"Vendita Appartamento Bruino. Quadrilocale, Ottimo stato, piano terra ...",Immobiliare.it,,https://www.immobiliare.it/annunci/132048520/,TRACKED,True,False,2026-09-08T06:35:04.156932+00:00,2026-09-20T11:10:13.478776+00:00,12,229000.0,,,,0,,,,0,0,0,URL_DETTAGLIO_PORTALE,VENDITA
ac270c212a379473ae9b,Bruino,,,appartamento,Bilocale in Vendita a Bruino | Euro 114.000 | Mq 90 | Tempocasa,Tempocasa,,https://tempocasa.it/it/vendita/torino/bruino/bilocale/11051887,POSSIBILE_USCITA,False,False,2026-09-19T18:06:37.665754+00:00,2026-09-19T18:06:37.665755+00:00,0,114000.0,,90.0,1266.67,0,,,,0,0,5,URL_DETTAGLIO_PORTALE,"AGENZIA,LOCAZIONE"
d49d9a2b828129075c62,Bruino,,,appartamento,Trilocale in Vendita a Bruino | Euro 169.000 | Mq 95 | Tempocasa,Tempocasa,,https://tempocasa.it/it/vendita/torino/bruino/trilocale/11006798,POSSIBILE_USCITA,False,False,2026-09-19T18:06:37.665743+00:00,2026-09-19T18:06:37.665744+00:00,0,169000.0,,95.0,1778.95,0,,,,0,0,5,URL_DETTAGLIO_PORTALE,"AGENZIA,LOCAZIONE"
d02bac1559daff2c58df,Bruino,,,casa indipendente,Porzione di casa in Vendita a Bruino | Euro 179.000 | Mq 650,Tempocasa,,https://tempocasa.it/it/vendita/torino/bruino/porzione-di-casa/17386100,POSSIBILE_USCITA,False,False,2026-09-19T18:06:37.665764+00:00,2026-09-19T18:06:37.665765+00:00,0,179000.0,,650.0,275.38,0,,,,0,0,5,URL_DETTAGLIO_PORTALE,AGENZIA
466e7c8ae47312a1961e,Bruino,,,rustico/casale,"Vendita Rustico Bruino. Ottimo stato, 170 m², rif. 127741914",Immobiliare.it,,https://www.immobiliare.it/annunci/127741914/,USCITO_MERCATO,False,False,2026-09-08T11:07:58.867954+00:00,2026-09-12T19:18:03.777044+00:00,4,295000.0,530000.0,170.0,1735.29,1,2026-09-11T23:28:07.102541+00:00,2026-09-11T23:28:07.102541+00:00,3,44.34,0,33,URL_DETTAGLIO_PORTALE,VENDITA
5b9a9763736acaa1f816,Bruino,,,rustico/casale,"Vendita Rustico Bruino. Ottimo stato, posto auto, 300 m², rif. 132167640",Immobiliare.it,,https://www.immobiliare.it/annunci/132167640/,USCITO_MERCATO,False,False,2026-09-08T21:57:25.794778+00:00,2026-09-08T21:57:25.794780+00:00,0,,,300.0,,0,,,,0,0,53,URL_DETTAGLIO_PORTALE,VENDITA
8cde2643baf7f855149f,Bruino,,,rustico/casale,"Vendita Rustico Bruino. Ottimo stato, posto auto, 70 m², rif. 132167848",Immobiliare.it,,https://www.immobiliare.it/annunci/132167848/,USCITO_MERCATO,False,False,2026-09-08T06:35:04.156992+00:00,2026-09-18T19:44:01.661262+00:00,10,,,70.0,,0,,,,0,0,9,URL_DETTAGLIO_PORTALE,VENDITA
07c1d526f698a99f67ef,Bruino,,,villa,Villa unifamiliare in Vendita a Bruino | Euro 309.000 | Mq 200,Tempocasa,,https://tempocasa.it/it/vendita/torino/bruino/villa-unifamiliare/15760806,POSSIBILE_USCITA,False,False,2026-09-19T18:06:37.665773+00:00,2026-09-19T18:06:37.665775+00:00,0,309000.0,,200.0,1545.0,0,,,,0,0,5,URL_DETTAGLIO_PORTALE,AGENZIA
726ecfd396f74478bd0f,Bruino,,,villa,Villa unifamiliare in Vendita a Bruino | Euro 599.000 | Mq 250,Tempocasa,,https://tempocasa.it/it/vendita/torino/bruino/villa-unifamiliare/11549366,POSSIBILE_USCITA,False,False,2026-09-19T18:06:37.665783+00:00,2026-09-19T18:06:37.665785+00:00,0,599000.0,,250.0,2396.0,0,,,,0,0,5,URL_DETTAGLIO_PORTALE,AGENZIA
7a0d7ff26a6611feb8fd,Bruino,,,villa,"Vendita Villa a schiera Bruino. Buono stato, posto auto, con terrazza ...",Immobiliare.it,,https://www.immobiliare.it/annunci/124694009/,USCITO_MERCATO,False,False,2026-09-11T17:53:32.667417+00:00,2026-09-15T01:31:48.169862+00:00,3,,,85.0,,0,,,,0,0,23,URL_DETTAGLIO_PORTALE,VENDITA
8d54d542180e4911d9b4,Bruino,,,villa,"Vendita Villa bifamiliare Bruino. Buono stato, posto auto, con terrazza ...",Immobiliare.it,,https://www.immobiliare.it/annunci/132127174/,USCITO_MERCATO,False,False,2026-09-08T06:35:04.156979+00:00,2026-09-08T21:57:25.794730+00:00,0,,,,,0,,,,0,0,53,URL_DETTAGLIO_PORTALE,VENDITA
923beea8063e588c5653,Bruino,,,villa,Villa unifamiliare in Vendita a Bruino | Euro 369.000 | Mq 250,Tempocasa,,https://tempocasa.it/it/vendita/torino/bruino/villa-unifamiliare/13357638,POSSIBILE_USCITA,False,False,2026-09-19T18:06:37.665793+00:00,2026-09-19T18:06:37.665795+00:00,0,369000.0,,250.0,1476.0,0,,,,0,0,5,URL_DETTAGLIO_PORTALE,AGENZIA
92fb22cd338e10ca5fdc,Bruino,"Piazza Municipio, proponiamo in locazione locale commerciale di 40","Piazza Municipio, proponiamo in locazione locale commerciale di",commerciale,"Locale commerciale piazza Municipio, Bruino, Rif. 125595159 ...",Immobiliare.it,,https://www.immobiliare.it/annunci/125595159/,USCITO_MERCATO,False,False,2026-09-13T09:37:53.087524+00:00,2026-09-13T14:26:02.554848+00:00,0,,,40.0,,0,,,,0,0,31,INDIRIZZO_ESTRATTO,LOCAZIONE
c6633b376286554f67df,Bruino,Via Don Bosco 10,Via Don Bosco,villa,"Quadrilocale in vendita in Via Don Bosco, 10, Bruino - idealista",Idealista,,https://www.idealista.it/immobile/36779079/,USCITO_MERCATO,False,False,2026-09-13T23:15:39.649109+00:00,2026-09-13T23:15:39.649111+00:00,0,440000.0,,,,0,,,,0,0,28,INDIRIZZO_ESTRATTO,VENDITA
fbb5a838daff55cf5886,Bruino,Via G. Marconi 57,Via G. Marconi,appartamento,"Appartamento in vendita in Via G. Marconi, 57, Bruino - idealista",Idealista,,https://www.idealista.it/immobile/36767468/,USCITO_MERCATO,False,False,2026-09-13T23:15:39.649101+00:00,2026-09-13T23:15:39.649102+00:00,0,,,170.0,,0,,,,0,0,28,INDIRIZZO_ESTRATTO,VENDITA
1d95b1f5952adc668bd4,Bruino,Via Galileo Ferraris 36,Via Galileo Ferraris,commerciale,Capannone Bruino - 35 case in vendita in Bruino de Nuroa.it,Uffici e direzionale,,https://www.nuroa.it/vendita-immobili/capannone-bruino,TRACKED,True,False,2026-09-11T23:19:47.988237+00:00,2026-09-20T11:10:13.478752+00:00,8,270000.0,160000.0,500.0,540.0,1,2026-09-19T18:15:03.875088+00:00,2026-09-19T18:15:03.875088+00:00,7,0,0,0,INDIRIZZO_ESTRATTO,VENDITA
0686e9d003dcf8e35499,Bruino,"Via Giaveno - Via Volvera,precisamente in Via G. Marconi a circa 1","Via Giaveno - Via Volvera,precisamente in Via G. Marconi a circa",appartamento,Appartamento Bruino - 128 appartamenti in vendita in Bruino de Nuroa.it,Mercato residenziale,,https://www.nuroa.it/vendita-immobili/appartamento-bruino,USCITO_MERCATO,False,False,2026-09-15T13:33:03.393187+00:00,2026-09-15T13:33:03.393188+00:00,0,159000.0,79000.0,,,0,,,,0,0,22,INDIRIZZO_ESTRATTO,VENDITA
d398e75a04f977b79bf0,Bruino,"Via Giaveno - Via Volvera,precisamente in Via G. Marconi a circa 1","Via Giaveno - Via Volvera,precisamente in Via G. Marconi a circa",appartamento,Bruino - 316 case in vendita in Bruino de Nuroa.it,Mercato residenziale,,https://www.nuroa.it/vendita-immobili/bruino,TRACKED,True,False,2026-09-16T22:13:22.797394+00:00,2026-09-20T01:04:10.801483+00:00,3,160000.0,180000.0,,,1,2026-09-19T14:35:38.674562+00:00,2026-09-19T14:35:38.674562+00:00,2,0,0,2,INDIRIZZO_ESTRATTO,VENDITA
d60bda274383df89e95f,Bruino,Via Marconi57. 6,Via Marconi57,appartamento,Ufficio Vendita a Bruino - Via Marconi57 | Bilocale.it,Uffici e direzionale,,https://www.bilocale.it/bruino-via-marconi57-ufficio-vendita-2721992.html,USCITO_MERCATO,False,False,2026-09-10T18:28:14.180295+00:00,2026-09-15T01:31:48.169778+00:00,4,135000.0,,170.0,794.12,0,,,,0,0,23,INDIRIZZO_ESTRATTO,VENDITA
85b641fde63dc6750a82,Bruino,Via Monte Bianco 60/A,Via Monte Bianco,commerciale,Annunci case e appartamenti in vendita e in affitto - Tecnocasa.it,Tecnocasa,,https://www.tecnocasa.it/vendita/capannone/torino/bruino/61272017.html,NEW,True,False,2026-09-20T11:10:13.478760+00:00,2026-09-20T11:10:13.478762+00:00,0,,,200.0,,0,,,,0,0,0,INDIRIZZO_ESTRATTO,"PRIVATO,AGENZIA,LOCAZIONE"
ffcda583629159fe6539,Bruino,Via Torino 63,Via Torino,commerciale,Locale Commerciale Bruino - 40 locali comerciali in affito in Bruino de ...,Uffici e direzionale,,https://www.nuroa.it/affitto-case/locale-commerciale-bruino,RELISTED,True,False,2026-09-08T06:35:04.156906+00:00,2026-09-20T11:10:13.478741+00:00,12,270000.0,,,,0,,,,0,0,0,INDIRIZZO_ESTRATTO,LOCAZIONE
c031c1c079c91b64927b,Bruino,Via leonardo da vinci 33,Via leonardo da vinci,commerciale,Bruino - 318 appartamenti in affito in Bruino de Nuroa.it,Uffici e direzionale,,https://www.nuroa.it/affitto-case/bruino,TRACKED,True,False,2026-09-08T06:35:04.156919+00:00,2026-09-20T06:08:00.346002+00:00,12,225000.0,129000.0,50.0,4500.0,9,2026-09-09T13:58:39.800174+00:00,2026-09-16T05:00:43.145471+00:00,1,0,0,1,INDIRIZZO_ESTRATTO,"LOCAZIONE,VENDITA"
084e7dbf5b2f6d55ed53,Bruino,Viale dei Tigli a Bruino,Viale dei Tigli a Bruino,villa,Villa in Vendita in Viale dei Tigli a Bruino - 230mq - Casa.it,Casa.it,,https://www.casa.it/immobili/53511777/,USCITO_MERCATO,False,False,2026-09-10T21:45:03.418421+00:00,2026-09-10T21:45:03.418422+00:00,0,,,230.0,,0,,,,0,0,42,INDIRIZZO_ESTRATTO,VENDITA
0f3cd702a1b8c1e7a0c0,Bruino,via Bruino Comune del,via Bruino Comune del,appartamento,Vendita Appartamento Volvera. Quadrilocale in via Bruino Comune del ...,Immobiliare.it,,https://www.immobiliare.it/annunci/132253042/,RELISTED,True,False,2026-09-14T12:27:12.112318+00:00,2026-09-20T11:10:13.478816+00:00,5,,,,,0,,,,0,0,0,INDIRIZZO_ESTRATTO,VENDITA
5701f187ad04c1db766d,Bruino,via Don Bosco 5,via Don Bosco,appartamento,"Vendita Appartamento in via Don Bosco 5. Bruino. Buono stato, su più ...",Immobiliare.it,,https://www.immobiliare.it/annunci/124662523/,TRACKED,True,False,2026-09-08T06:35:04.156957+00:00,2026-09-20T11:10:13.478796+00:00,12,225000.0,,,,0,,,,0,0,0,INDIRIZZO_ESTRATTO,"AGENZIA,VENDITA"
7bdd34a1439d4a539ced,Bruino,via Don Giovanni Bosco 2,via Don Giovanni Bosco,appartamento,Vendita Appartamento Bruino. Quadrilocale in via Don Giovanni Bosco 2/ ...,Immobiliare.it,,https://www.immobiliare.it/annunci/125748689/,USCITO_MERCATO,False,False,2026-09-08T06:35:04.156964+00:00,2026-09-12T14:11:38.611083+00:00,4,,,,,0,,,,0,0,35,INDIRIZZO_ESTRATTO,VENDITA
fce18b9aa8e7001775a9,Bruino,via Ferdinando Magellano 12,via Ferdinando Magellano,casa indipendente,"Capannone via Ferdinando Magellano 12, Bruino, Rif. 129236702 ...",Immobiliare.it,,https://www.immobiliare.it/annunci/129236702/,USCITO_MERCATO,False,False,2026-09-19T10:47:39.483844+00:00,2026-09-19T10:47:39.483846+00:00,0,,,350.0,,0,,,,0,0,7,INDIRIZZO_ESTRATTO,PRIVATO
912ec1553371054646e3,Bruino,via Giambattista Tiepolo,via Giambattista Tiepolo,appartamento,Vendita Appartamento Bruino. Quadrilocale in via Giambattista Tiepolo ...,Immobiliare.it,,https://www.immobiliare.it/annunci/132403258/,TRACKED,True,False,2026-09-15T13:33:03.393231+00:00,2026-09-20T06:08:00.346028+00:00,4,,,,,0,,,,0,0,1,INDIRIZZO_ESTRATTO,PRIVATO
115d50aa331cd25848ba,Bruino,via Monteverdi. Piano,via Monteverdi. Piano,appartamento,Vendita Appartamento Bruino. Quadrilocale in via Monteverdi. Piano ...,Immobiliare.it,,https://www.immobiliare.it/annunci/132202282/,USCITO_MERCATO,False,False,2026-09-08T06:35:04.156945+00:00,2026-09-12T19:18:03.777030+00:00,4,,,80.0,,0,,,,0,0,33,INDIRIZZO_ESTRATTO,VENDITA
1cad1d5ded85f86f4878,Bruino,via Rocciamelone 30,via Rocciamelone,appartamento,Vendita Appartamento Bruino. Trilocale in via Rocciamelone 30. Nuovo ...,Immobiliare.it,,https://www.immobiliare.it/annunci/127253049/,TRACKED,True,False,2026-09-08T06:35:04.156938+00:00,2026-09-20T11:10:13.478783+00:00,12,,,100.0,,0,,,,0,1,0,INDIRIZZO_ESTRATTO,VENDITA
d334acef29413d6641b7,Bruino,via Rocciamelone Bruino. Nuova,via Rocciamelone Bruino. Nuova,villa,"Vendita Villa unifamiliare in via Rocciamelone Bruino. Nuova, posto ...",Immobiliare.it,RO499 - Tempocasa Bruino,https://www.immobiliare.it/annunci/120350004/,USCITO_MERCATO,False,False,2026-09-11T09:00:35.957389+00:00,2026-09-15T18:17:59.372169+00:00,4,,,,,0,,,,0,1,21,INDIRIZZO_ESTRATTO,"PRIVATO,AGENZIA,CANTIERE"
37c85f6bffa3b13cf602,Bruino,via Torino 78,via Torino,appartamento,Vendita Appartamento Bruino. Quadrilocale in via Torino 78. Ottimo ...,Immobiliare.it,,https://www.immobiliare.it/annunci/132332674/,TRACKED,True,False,2026-09-11T13:39:24.923441+00:00,2026-09-20T11:10:13.478789+00:00,8,195000.0,,45.0,4333.33,0,,,,0,5,0,INDIRIZZO_ESTRATTO,"VENDITA,PRIVATO"
8623d7271397de64e9b0,Bruino,via Torino 78,via Torino,appartamento,Vendita Appartamento Bruino. Quadrilocale in via Torino 78. Ottimo ...,Immobiliare.it,,https://www.immobiliare.it/annunci/132181574/,USCITO_MERCATO,False,False,2026-09-09T04:02:27.437006+00:00,2026-09-09T04:02:27.437008+00:00,0,,,45.0,,0,,,,0,4,52,INDIRIZZO_ESTRATTO,PRIVATO
c6f1619ab90ada01fc92,Bruino,via Torino 63,via Torino,commerciale,"Locale commerciale via Torino 63, Bruino, Rif. 125835137 - Immobiliare.it",Immobiliare.it,Rif. 125835137 - Immobiliare,https://www.immobiliare.it/annunci/125835137/,USCITO_MERCATO,False,False,2026-09-10T15:11:09.214098+00:00,2026-09-13T20:46:02.145500+00:00,3,,,55.0,,0,,,,0,0,29,INDIRIZZO_ESTRATTO,LOCAZIONE
8f3c54f277cb8e0b9144,Bruino,via VOLVERA 37,via VOLVERA,rustico/casale,"Vendita Casale in via VOLVERA 37 Bruino. Da ristrutturare, posto auto ...",Immobiliare.it,,https://www.immobiliare.it/annunci/126709191/,USCITO_MERCATO,False,False,2026-09-08T06:35:04.156985+00:00,2026-09-10T15:11:09.214187+00:00,2,155000.0,125000.0,,,1,2026-09-10T01:24:36.336305+00:00,2026-09-10T01:24:36.336305+00:00,1,0,0,44,INDIRIZZO_ESTRATTO,AGENZIA
ccb6a117dbcfc58d2038,Bruino,via Verdi 2,via Verdi,appartamento,Vendita Appartamento Bruino. Trilocale in via Verdi 2. Buono stato ...,Immobiliare.it,Bruino - Immobiliare,https://www.immobiliare.it/annunci/132514944/,TRACKED,True,False,2026-09-18T17:15:59.823016+00:00,2026-09-20T11:10:13.478809+00:00,1,,,109.0,,0,,,,0,1,0,INDIRIZZO_ESTRATTO,"PRIVATO,VENDITA"
f9e99b22668ac06e5306,Bruino,via Volvera 173,via Volvera,casa indipendente,"Capannone via Volvera 173, Bruino, Rif. 132230126 - Immobiliare.it",Immobiliare.it,Rif. 132230126 - Immobiliare,https://www.immobiliare.it/annunci/132230126/,USCITO_MERCATO,False,False,2026-09-08T18:39:29.643696+00:00,2026-09-13T14:26:02.554872+00:00,4,120000.0,,500.0,240.0,0,,,,0,0,31,INDIRIZZO_ESTRATTO,LOCAZIONE
8a68882fbdd6e491ed42,Bruino,via dei Ciclamini 14,via dei Ciclamini,villa,Vendita Appartamento in villa in via dei Ciclamini 14 Bruino. Ottimo ...,Immobiliare.it,,https://www.immobiliare.it/annunci/132360708/,USCITO_MERCATO,False,False,2026-09-14T12:27:12.112290+00:00,2026-09-19T10:47:39.483874+00:00,4,315000.0,,220.0,1431.82,0,,,,0,0,7,INDIRIZZO_ESTRATTO,VENDITA
dd55b46282b67136f66c,Bruino,via piossasco 123,via piossasco,casa indipendente,"Vendita Terratetto unifamiliare in via piossasco, 123 Bruino. Da ...",Immobiliare.it,,https://www.immobiliare.it/annunci/128786104/,TRACKED,True,False,2026-09-08T06:35:04.156972+00:00,2026-09-20T11:10:13.478827+00:00,12,169000.0,,950.0,177.89,0,,,,0,0,0,INDIRIZZO_ESTRATTO,VENDITA
1cc63279699edcaf3f3e,Bruino,via sangano 74,via sangano,villa,"Vendita Villa unifamiliare in via sangano 74 Bruino. Buono stato, posto ...",Immobiliare.it,Bruino - Immobiliare,https://www.immobiliare.it/annunci/131401980/,POSSIBILE_USCITA,False,False,2026-09-14T22:36:38.492903+00:00,2026-09-19T18:06:37.665695+00:00,4,,,,,0,,,,0,1,5,INDIRIZZO_ESTRATTO,PRIVATO
2f640833ebf2dc3dbb37,Bruino,via vittorio alfieri 19,via vittorio alfieri,villa,Vendita Villa bifamiliare in via vittorio alfieri 19 Bruino. Buono ...,Immobiliare.it,,https://www.immobiliare.it/annunci/127893670/,TRACKED,True,False,2026-09-08T06:35:04.156951+00:00,2026-09-20T11:10:13.478803+00:00,12,259000.0,,,,0,,,,0,0,0,INDIRIZZO_ESTRATTO,PRIVATO
6feb0b7f28c990bf7bc7,Bruino,viale Marconi 57,viale Marconi,appartamento,"Vendita Appartamento in viale Marconi 57. Bruino. Ottimo stato, secondo ...",Immobiliare.it,,https://www.immobiliare.it/annunci/132298946/,TRACKED,True,False,2026-09-11T13:39:24.923412+00:00,2026-09-20T11:10:13.478769+00:00,8,135000.0,,,,0,,,,0,0,0,INDIRIZZO_ESTRATTO,VENDITA
2ae7106a7ff4849e088d,Bruzolo,,,casa indipendente,"Vendita Terratetto unifamiliare Bruzolo. Ottimo stato, posto auto ...",Immobiliare.it,,https://www.immobiliare.it/annunci/131842568/,USCITO_MERCATO,False,False,2026-08-23T09:11:13.222398+00:00,2026-08-27T21:04:17.079544+00:00,4,,,,,0,,,,0,0,90,URL_DETTAGLIO_PORTALE,PRIVATO
f6b0a5682e045144509d,Bruzolo,,,rustico/casale,"Vendita Rustico Bruzolo. Da ristrutturare, 130 m², rif. 123079711",Immobiliare.it,nel centro storico di Bruzolo si,https://www.immobiliare.it/annunci/123079711/,USCITO_MERCATO,False,False,2026-09-06T19:19:39.863969+00:00,2026-09-11T09:00:35.957408+00:00,4,45000.0,,130.0,346.15,0,,,,0,0,41,URL_DETTAGLIO_PORTALE,VENDITA
a7b3c939756afeb83408,Bruzolo,,,villa,Villetta bifamiliare in vendita a Bruzolo - idealista,Idealista,,https://www.idealista.it/immobile/36571633/,USCITO_MERCATO,False,False,2026-08-21T12:20:59.475319+00:00,2026-08-21T12:20:59.475321+00:00,0,,,,,0,,,,0,0,91,URL_DETTAGLIO_PORTALE,VENDITA
9efb0029fd1333284a42,Bruzolo,Piazza del Moro 6/8,Piazza del Moro,appartamento,NEWS COMMERCIALI - ValsusaOggi,Mercato residenziale,,https://www.valsusaoggi.it/News-Commerciali/,USCITO_MERCATO,False,False,2026-09-01T20:55:16.172184+00:00,2026-09-18T01:22:44.225795+00:00,16,69000.0,,,,0,,,,0,0,11,INDIRIZZO_ESTRATTO,VENDITA
93178ba075da13b66c61,Bruzolo,Via Bologna 1,Via Bologna,casa indipendente,Torino - ilrinascimentoimmobiliare.it,Mercato residenziale,"id=""8870"" data-sede-id=""5"" data-sedeaw-id=""0"" data-agente-id=""0"" data-site-id=""3371"" data-gruppo-id=""0"" data-page=""immob",https://www.ilrinascimentoimmobiliare.it/web/immobile_print.asp?language=ita&cod_annuncio=2591902&cod_foto=29325481,USCITO_MERCATO,False,False,2026-08-28T05:06:35.530138+00:00,2026-09-01T20:55:16.172177+00:00,4,185000.0,,,,0,,,,0,0,86,INDIRIZZO_ESTRATTO,PRIVATO
c04b26514366b8fa03ad,Bruzolo,Via Bologna 1,Via Bologna,casa indipendente,Casa Indipendente in vendita a Bruzolo - TrovaCasa,TrovaCasa privati,,https://www.trovacasa.it/annunci/to-tc-96536-72839695,USCITO_MERCATO,False,False,2026-08-27T21:04:17.079539+00:00,2026-08-28T10:58:40.670155+00:00,0,,,,,0,,,,0,0,88,INDIRIZZO_ESTRATTO,PRIVATO
86a1f6403852806f8d20,Bruzolo,"Via Camillo Benso... Piemonte, Torino Visualizza foto Appartamento in vendita di 48","Via Camillo Benso... Piemonte, Torino Visualizza foto Appartamento in vendita di",villa,Appartamento Bruzolo - 20 appartamenti in vendita in Bruzolo de Nuroa.it,Mercato residenziale,,https://www.nuroa.it/vendita-immobili/appartamento-bruzolo,USCITO_MERCATO,False,False,2026-09-08T11:07:58.868004+00:00,2026-09-17T20:20:41.889628+00:00,9,285000.0,35000.0,,,0,,,,0,0,13,INDIRIZZO_ESTRATTO,"VENDITA,PRIVATO"
ba7ca81bf5879fb17efd,Bruzolo,"Via Camillo Benso... Piemonte, Torino Visualizza foto Appartamento in vendita di 48","Via Camillo Benso... Piemonte, Torino Visualizza foto Appartamento in vendita di",villa,Bruzolo - 27 case in vendita in Bruzolo de Nuroa.it,Mercato residenziale,,https://www.nuroa.it/vendita-immobili/bruzolo,TRACKED,True,False,2026-09-01T18:58:42.119252+00:00,2026-09-20T06:08:00.346066+00:00,18,46000.0,149000.0,,,7,2026-09-05T04:44:03.762905+00:00,2026-09-18T17:24:13.112608+00:00,3,0,0,1,INDIRIZZO_ESTRATTO,"PRIVATO,VENDITA"
1eee87a04ee5f23ccb4a,Bruzolo,Via Cassanera 2,Via Cassanera,appartamento,"Bilocale in vendita in Via Cassanera, 2 b, Bruzolo - idealista",Idealista,la F. C. Immobiliare,https://www.idealista.it/immobile/36848491/,TRACKED,True,False,2026-09-17T20:20:41.889619+00:00,2026-09-20T06:08:00.346078+00:00,2,19000.0,,46.0,413.04,0,,,,0,0,1,INDIRIZZO_ESTRATTO,VENDITA
8b8e68bfc93d3b57dcb3,Bruzolo,"Via Silvio Borgis, Bruzolo 232","Via Silvio Borgis, Bruzolo",appartamento,"Case in vendita a Bruzolo, Valli Susa, Sangone",Mercato residenziale,,https://caseinvenditainaffitto.it/case-in-vendita/bruzolo-valli-susa-sangone,USCITO_MERCATO,False,False,2026-09-14T01:05:27.890949+00:00,2026-09-18T17:15:59.823044+00:00,4,250000.0,,,,0,,,,0,2,10,INDIRIZZO_ESTRATTO,LOCAZIONE
4f5cf204b69e8b17d71a,Bruzolo,Via dei Mille 19,Via dei Mille,rustico/casale,"Rustico, casale in Vendita in Via dei Mille 19 a Bruzolo - 55mq - Casa.it",Casa.it,,https://www.casa.it/immobili/53531383/,USCITO_MERCATO,False,False,2026-08-21T12:20:59.475314+00:00,2026-08-28T10:58:40.670149+00:00,6,,,55.0,,0,,,,0,0,88,INDIRIZZO_ESTRATTO,PRIVATO
4e1204e82daafde31e4e,Bruzolo,località dove Mappa aggiornato più di un mese fa 198,località dove Mappa aggiornato più di un mese fa,casa indipendente,Vendita Bruzolo - 28 case in vendita in Bruzolo de Nuroa.it,Mercato residenziale,Casa indipendente in vendita a Bruzolo TO. La F.C. Immobiliare,https://www.nuroa.it/vendita-immobili/vendita-bruzolo,USCITO_MERCATO,False,False,2026-09-05T04:44:03.762882+00:00,2026-09-18T01:22:44.225786+00:00,12,23000.0,23000.0,,,6,2026-09-10T11:09:38.637272+00:00,2026-09-17T23:05:00.274864+00:00,5,84.56,0,11,INDIRIZZO_ESTRATTO,"PRIVATO,VENDITA"
acb4387318cd2f9210c0,Bussoleno,,,casa indipendente,Casa indipendente in Vendita in Regione Fornaci 4 a Bussoleno,Casa.it,Homepanda,https://www.casa.it/immobili/54638969/,USCITO_MERCATO,False,False,2026-09-05T16:59:36.014562+00:00,2026-09-05T16:59:36.014563+00:00,0,69000.0,,,,0,,,,0,0,13,URL_DETTAGLIO_PORTALE,VENDITA
81b9077e8d4b4f4aa61a,Bussoleno,,,commerciale,NEGOZIO A BUSSOLENO | Subito,Subito privati,,https://www.subito.it/uffici-locali-commerciali/negozio-a-bussoleno-torino-659200349.htm,TRACKED,True,False,2026-09-02T07:11:25.325375+00:00,2026-09-07T10:14:01.139391+00:00,18,,,37.0,,0,,,,0,0,0,URL_DETTAGLIO,"VENDITA,AGENZIA"
15b4ee9495d423ee6ee1,Bussoleno,Borgata coldimosso Susa. Da,Borgata coldimosso Susa. Da,casa indipendente,Vendita Terratetto unifamiliare in Borgata coldimosso Susa. Da ...,Immobiliare.it,,https://www.immobiliare.it/annunci/106722631/,USCITO_MERCATO,False,False,2026-08-27T21:04:17.079587+00:00,2026-09-01T20:55:16.172251+00:00,4,,,,,0,,,,0,0,29,INDIRIZZO_ESTRATTO,VENDITA
293d1cf053810dbb6be8,Bussoleno,Strada Monginevro 7/a,Strada Monginevro,commerciale,"Capannone Strada Monginevro 7/a Pt, 1, Bussoleno, Rif. 106297853 ...",Immobiliare.it,,https://www.immobiliare.it/annunci/106297853/,USCITO_MERCATO,False,False,2026-08-27T21:04:17.079582+00:00,2026-08-28T10:58:40.670230+00:00,0,,,,,0,,,,0,0,31,INDIRIZZO_ESTRATTO,VENDITA
b6580d35068fa70b073c,Bussoleno,Strada Monginevro 7/a,Strada Monginevro,commerciale,"Capannone Strada Monginevro 7/a Pt, 1, Bussoleno, Rif. 65394712 ...",Immobiliare.it,,https://www.immobiliare.it/annunci/65394712/,USCITO_MERCATO,False,False,2026-08-28T05:06:35.530153+00:00,2026-08-28T10:58:40.670190+00:00,0,,,,,0,,,,0,0,31,INDIRIZZO_ESTRATTO,VENDITA
16b8346b84b9dc415520,Bussoleno,Strada Monginevro 28,Strada Monginevro,villa,Vendita Villa bifamiliare in Strada Monginevro 28 Bussoleno. Ottimo ...,Immobiliare.it,,https://www.immobiliare.it/annunci/119706740/,TRACKED,True,False,2026-09-04T22:26:36.991426+00:00,2026-09-07T10:14:01.139427+00:00,15,185000.0,,,,0,,,,0,0,0,INDIRIZZO_ESTRATTO,VENDITA
b601c2a15af0cfaaedf8,Bussoleno,Via San Lorenzo 2,Via San Lorenzo,casa indipendente,"Casa indipendente in vendita a Bussoleno, Via San Lorenzo 2 - 54425376 ...",Tipologie residenziali,Via San Lorenzo 2 - 54425376 ... COMPLESSO IMMOBILIARE,https://www.attico.it/immobile-casa+indipendente-piemonte-bussoleno-54425376/,POSSIBILE_USCITA,False,False,2026-08-28T05:06:35.530164+00:00,2026-09-06T17:10:13.429727+00:00,9,27000.0,,55.0,490.91,0,,,,0,0,5,INDIRIZZO_ESTRATTO,SVILUPPO
088546dced4c0aaefcd5,Bussoleno,"Via Traforo, Bussoleno 85","Via Traforo, Bussoleno",appartamento,"Case in vendita a Bussoleno, Valli Susa, Sangone",Mercato residenziale,,https://caseinvenditainaffitto.it/case-in-vendita/bussoleno-valli-susa-sangone?page=2,RELISTED,True,False,2026-09-04T00:12:37.946209+00:00,2026-09-07T00:44:29.374877+00:00,16,130000.0,,,,0,,,,0,2,2,INDIRIZZO_ESTRATTO,LOCAZIONE
2f04d36f9f123cce4506,Bussoleno,Via della Bocciofila 4,Via della Bocciofila,appartamento,Bilocale Bussoleno - 27 appartamenti in vendita in Bussoleno de Nuroa.it,Commerciale negozi/locali,,https://www.nuroa.it/vendita-immobili/bilocale-bussoleno,USCITO_MERCATO,False,False,2026-09-05T09:19:10.295614+00:00,2026-09-05T19:08:06.333485+00:00,0,43000.0,,,,0,,,,0,0,12,INDIRIZZO_ESTRATTO,VENDITA
55ef2c7fdb2770f273b2,Bussoleno,Via della Bocciofila 4,Via della Bocciofila,appartamento,Bussoleno - 169 case in vendita in Bussoleno de Nuroa.it,Mercato residenziale,,https://www.nuroa.it/vendita-immobili/bussoleno,USCITO_MERCATO,False,False,2026-08-28T10:58:40.670178+00:00,2026-09-04T19:20:00.003433+00:00,7,25000.0,26000.0,,,1,2026-09-04T00:12:37.946200+00:00,2026-09-04T00:12:37.946200+00:00,6,0,0,18,INDIRIZZO_ESTRATTO,"AGENZIA,VENDITA"
ed9b75c3f668c1f4aebe,Bussoleno,Via della Bocciofila 4,Via della Bocciofila,appartamento,Immobili Bussoleno - 169 case in vendita in Bussoleno de Nuroa.it,Mercato residenziale,,https://www.nuroa.it/vendita-immobili/immobili-bussoleno,POSSIBILE_USCITA,False,False,2026-09-04T07:52:28.838981+00:00,2026-09-06T17:10:13.429720+00:00,2,25000.0,,,,0,,,,0,0,5,INDIRIZZO_ESTRATTO,VENDITA
9278e80e6cbc35917400,Bussoleno,"Viale Lungo Dora, Bussoleno 160","Viale Lungo Dora, Bussoleno",altro,"Case in vendita a Centro, Bussoleno",Mercato generale,,https://caseinvenditainaffitto.it/case-in-vendita/centro-bussoleno,USCITO_MERCATO,False,False,2026-08-23T09:11:13.222408+00:00,2026-08-23T17:16:38.786761+00:00,0,,,,,0,,,,0,0,34,INDIRIZZO_ESTRATTO,VENDITA
174c264a5da220da7872,Bussoleno,"strada principale, si trova un negozio di 65","strada principale, si trova un negozio di",commerciale,2 locale commerciales in affitto a Bussoleno - Trovit,Trovit,,https://case.trovit.it/affitto-negozio-bussoleno,USCITO_MERCATO,False,False,2026-09-01T18:58:42.119291+00:00,2026-09-04T19:20:00.003447+00:00,3,,,65.0,,0,,,,0,0,18,INDIRIZZO_ESTRATTO,LOCAZIONE
27883b3a518cd1d67d0e,Bussoleno,via Bussoleno 3,via Bussoleno,appartamento,Vendita Appartamento Carmagnola. Bilocale in via Bussoleno 3. Ottimo ...,Immobiliare.it,,https://www.immobiliare.it/annunci/132018520/,USCITO_MERCATO,False,False,2026-09-01T18:58:42.119316+00:00,2026-09-02T16:09:34.323763+00:00,0,,,55.0,,0,,,,0,1,25,INDIRIZZO_ESTRATTO,VENDITA
51b5c4d6d2814587cbb1,Bussoleno,via Torino Mattie. Buono stato,via Torino Mattie. Buono stato,villa,"Vendita Villa plurifamiliare in via Torino Mattie. Buono stato, posto ...",Immobiliare.it,,https://www.immobiliare.it/annunci/129054684/,USCITO_MERCATO,False,False,2026-09-01T18:58:42.119349+00:00,2026-09-05T23:10:34.871730+00:00,4,78000.0,,550.0,141.82,0,,,,0,0,10,INDIRIZZO_ESTRATTO,PRIVATO
00ed215cdb48add21b71,Bussoleno,via bussoleno 21,via bussoleno,appartamento,Vendita Appartamento Torino. Quadrilocale in via bussoleno 21. Buono ...,Immobiliare.it,Torino. Quadrilocale in via bussoleno 21. Buono ... L'appartamento si,https://www.immobiliare.it/annunci/130283966/,TRACKED,True,False,2026-09-04T02:03:54.137339+00:00,2026-09-07T10:14:01.139400+00:00,16,84000.0,,,,0,,,,0,0,0,INDIRIZZO_ESTRATTO,VENDITA
abce8d4ae84a624dcccb,Bussoleno,via bussoleno 26,via bussoleno,appartamento,Vendita Appartamento Torino. Quadrilocale in via bussoleno 26. Ottimo ...,Immobiliare.it,in via bussoleno 26. Ottimo ... L'agenzia Tempocasa Torino Cenisia,https://www.immobiliare.it/annunci/128788718/,TRACKED,True,False,2026-08-27T21:04:17.079572+00:00,2026-09-07T10:14:01.139409+00:00,23,289000.0,,85.0,3400.0,0,,,,0,0,0,INDIRIZZO_ESTRATTO,AGENZIA
da9efafcd4f50168b7f4,Bussoleno,via bussoleno 7,via bussoleno,appartamento,Vendita Appartamento Torino. Trilocale in via bussoleno 7. Buono stato ...,Immobiliare.it,,https://www.immobiliare.it/annunci/129460110/,TRACKED,True,False,2026-08-27T21:04:17.079577+00:00,2026-09-07T10:14:01.139419+00:00,23,390000.0,,65.0,6000.0,0,,,,0,0,0,INDIRIZZO_ESTRATTO,AGENZIA
bc32b03ccaf900010e5d,Buttigliera Alta,,,appartamento,Appartamento in vendita a Buttigliera Alta - idealista,Idealista,,https://www.idealista.it/immobile/32381050/,POSSIBILE_USCITA,False,False,2026-09-13T23:15:39.649177+00:00,2026-09-19T20:30:44.816422+00:00,5,,,,,0,,,,0,0,4,URL_DETTAGLIO_PORTALE,CANTIERE
b7f32f8c1d37567a4d05,Buttigliera Alta,,,casa indipendente,NEGOZIO A BUTTIGLIERA ALTA | Subito,Subito privati,,https://www.subito.it/uffici-locali-commerciali/negozio-a-buttigliera-alta-torino-659200253.htm,USCITO_MERCATO,False,False,2026-09-10T15:11:09.214241+00:00,2026-09-14T22:36:38.492979+00:00,4,,,150.0,,0,,,,0,0,24,URL_DETTAGLIO,VENDITA
845071d076666862639e,Buttigliera Alta,"Corso Laghi, 81",Corso Laghi,appartamento,"Appartamento in vendita in Corso Laghi, 81, Buttigliera Alta ...",Idealista,,https://www.idealista.it/immobile/35351136/,USCITO_MERCATO,False,False,2026-09-13T23:15:39.649228+00:00,2026-09-18T01:22:44.225842+00:00,4,,,,,0,,,,0,0,11,INDIRIZZO_ESTRATTO,VENDITA
899f1b1a99b411684f64,Buttigliera Alta,Corso Laghi 75,Corso Laghi,appartamento,Case in vendita a Buttigliera Alta - Wikicasa,Wikicasa,,https://www.wikicasa.it/vendita-case/buttigliera-alta/,TRACKED,True,False,2026-08-23T17:16:38.786783+00:00,2026-09-20T11:10:13.478840+00:00,27,15000.0,,,,0,,,,0,0,0,INDIRIZZO_ESTRATTO,"AGENZIA,VENDITA"
79c00ac30bdc2931aaa8,Buttigliera Alta,Corso Laghi s.n.c,Corso Laghi s.n.c,villa,"Villa in vendita in Corso Laghi s.n.c, Buttigliera Alta - idealista",Idealista,,https://www.idealista.it/immobile/32944104/,POSSIBILE_USCITA,False,False,2026-09-05T16:59:36.014619+00:00,2026-09-19T20:30:44.816464+00:00,14,,,,,0,,,,0,0,4,INDIRIZZO_ESTRATTO,VENDITA
0f8324646646681bc754,Buttigliera Alta,Corso Superga 57,Corso Superga,villa,"Quadrilocale in vendita in Corso Superga, 57, Buttigliera Alta ...",Idealista,,https://www.idealista.it/immobile/35549687/,POSSIBILE_USCITA,False,False,2026-09-05T16:59:36.014591+00:00,2026-09-19T20:30:44.816402+00:00,14,,,,,0,,,,0,0,4,INDIRIZZO_ESTRATTO,VENDITA
4eae68de08009f57c42c,Buttigliera Alta,"Corso Superga, 67",Corso Superga,villa,"Appartamento in vendita in Corso Superga, 67, Buttigliera Alta ...",Idealista,,https://www.idealista.it/immobile/34391012/,USCITO_MERCATO,False,False,2026-09-05T16:59:36.014596+00:00,2026-09-05T16:59:36.014597+00:00,0,160000.0,,,,0,,,,0,0,70,INDIRIZZO_ESTRATTO,PRIVATO
c198b3afcae28b784373,Buttigliera Alta,"Corso Superga, 67",Corso Superga,villa,"Appartamento su due piani in vendita in Corso Superga, 67, Buttigliera ...",Idealista,,https://www.idealista.it/immobile/34391077/,POSSIBILE_USCITA,False,False,2026-09-05T16:59:36.014624+00:00,2026-09-19T20:30:44.816442+00:00,14,220000.0,,,,0,,,,0,0,4,INDIRIZZO_ESTRATTO,PRIVATO
80386efd01957bebf5f7,Buttigliera Alta,"Corso Torino, 79",Corso Torino,appartamento,"Quadrilocale in vendita in Corso Torino, 79, Buttigliera Alta ...",Idealista,,https://www.idealista.it/immobile/35329494/,USCITO_MERCATO,False,False,2026-09-05T16:59:36.014641+00:00,2026-09-05T16:59:36.014642+00:00,0,,,,,0,,,,0,0,70,INDIRIZZO_ESTRATTO,PRIVATO
b0bfaef6cd5a2e5f0f1f,Buttigliera Alta,"Corso Torino, 62",Corso Torino,appartamento,"Quadrilocale in vendita in Corso Torino, 62, Buttigliera Alta ...",Idealista,,https://www.idealista.it/immobile/35485873/,USCITO_MERCATO,False,False,2026-09-05T16:59:36.014645+00:00,2026-09-05T16:59:36.014646+00:00,0,,,120.0,,0,,,,0,0,70,INDIRIZZO_ESTRATTO,VENDITA
8dd4eb5f162189b66c9c,Buttigliera Alta,Corso Torino 6,Corso Torino,commerciale,Locale commerciale in Vendita in Corso Torino 6 a Buttigliera Alta ...,Casa.it,,https://www.casa.it/immobili/54618135/,USCITO_MERCATO,False,False,2026-08-28T10:58:40.670276+00:00,2026-08-28T10:58:40.670278+00:00,0,,,,,0,,,,0,0,88,INDIRIZZO_ESTRATTO,VENDITA
4188e89c1d2fc831bb15,Buttigliera Alta,"Via Avigliana, 34",Via Avigliana,villa,"Villa in vendita in Via Avigliana, 34, Buttigliera Alta - idealista",Idealista,,https://www.idealista.it/immobile/34350502/,USCITO_MERCATO,False,False,2026-09-13T23:15:39.649198+00:00,2026-09-13T23:15:39.649200+00:00,0,,,180.0,,0,,,,0,0,28,INDIRIZZO_ESTRATTO,VENDITA
81ad12948dc002c416d4,Buttigliera Alta,Via Conti Carron 4,Via Conti Carron,villa,"Villa in vendita in Via Conti Carron, 4, Buttigliera Alta - idealista",Idealista,,https://www.idealista.it/immobile/33719415/,POSSIBILE_USCITA,False,False,2026-08-19T14:35:19.760278+00:00,2026-09-19T20:30:44.816432+00:00,31,,,,,0,,,,0,0,4,INDIRIZZO_ESTRATTO,VENDITA
9decd940042d59e0ad55,Buttigliera Alta,Via IV Novembre 5,Via IV Novembre,altro,"Cerco casa, portale dedicato alle ricerca di appartamenti in vendita e ...",Tecnorete,,https://www.tecnorete.it/annunci/immobili/piemonte/torino/buttigliera-alta.html,USCITO_MERCATO,False,False,2026-08-23T09:11:13.222426+00:00,2026-09-04T16:00:05.401091+00:00,12,,,,,0,,,,0,1,76,INDIRIZZO_ESTRATTO,AGENZIA
01890e4f6d3cf5249435,Buttigliera Alta,"Via Mario Greco, 61",Via Mario Greco,villa,"Villa in vendita in Via Mario Greco, 61, Buttigliera Alta - idealista",Idealista,,https://www.idealista.it/immobile/31025786/,POSSIBILE_USCITA,False,False,2026-09-05T16:59:36.014636+00:00,2026-09-19T20:30:44.816454+00:00,14,,,,,0,,,,0,0,4,INDIRIZZO_ESTRATTO,VENDITA
ab2196a93e1fb8725dc9,Buttigliera Alta,Via Monte Bianco 60/A,Via Monte Bianco,commerciale,Annunci case e appartamenti in vendita e in affitto - Tecnocasa.it,Tecnocasa,,https://www.tecnocasa.it/vendita/negozio/torino/buttigliera-alta/60932694.html,USCITO_MERCATO,False,False,2026-09-02T07:11:25.325482+00:00,2026-09-02T07:11:25.325483+00:00,0,109000.0,,150.0,726.67,0,,,,0,0,84,INDIRIZZO_ESTRATTO,"AGENZIA,LOCAZIONE"
1e4f06c11add5bc1f236,Buttigliera Alta,"Via Reano, 59",Via Reano,casa indipendente,"Casa indipendente in vendita in Via Reano, 59, Buttigliera Alta ...",Idealista,,https://www.idealista.it/immobile/33681550/,POSSIBILE_USCITA,False,False,2026-09-13T23:15:39.649183+00:00,2026-09-19T20:30:44.816484+00:00,5,,,,,0,,,,0,0,4,INDIRIZZO_ESTRATTO,AGENZIA
2a8891debd4252fea34c,Buttigliera Alta,"Via Reano, 62",Via Reano,casa indipendente,"Casa indipendente in vendita in Via Reano, 62, Buttigliera Alta ...",Idealista,,https://www.idealista.it/immobile/34191235/,POSSIBILE_USCITA,False,False,2026-09-18T01:22:44.225858+00:00,2026-09-19T20:30:44.816474+00:00,1,,,,,0,,,,0,0,4,INDIRIZZO_ESTRATTO,AGENZIA
94cd879f1da3f38cb6eb,Buttigliera Alta,"Via Reano, 23",Via Reano,villa,"Villetta bifamiliare in vendita in Via Reano, 23, Buttigliera Alta ...",Idealista,,https://www.idealista.it/immobile/35329945/,USCITO_MERCATO,False,False,2026-09-05T16:59:36.014631+00:00,2026-09-18T01:22:44.225873+00:00,12,,,,,0,,,,0,0,11,INDIRIZZO_ESTRATTO,VENDITA
dade6419d5869b7d3e1e,Buttigliera Alta,"Via Rivoli, 18",Via Rivoli,appartamento,"Appartamento in vendita in Via Rivoli, 18, Buttigliera Alta — idealista ...",Idealista,,https://www.idealista.it/immobile/35935708/,USCITO_MERCATO,False,False,2026-09-13T23:15:39.649215+00:00,2026-09-18T01:22:44.225890+00:00,4,,,,,0,,,,0,0,11,INDIRIZZO_ESTRATTO,VENDITA
89a6bcd62687ba9219f5,Buttigliera Alta,Via dei Comuni 16,Via dei Comuni,altro,Ferriera Buttigliera Alta - 164 case in vendita in Buttigliera Alta de ...,Mercato residenziale,,https://www.nuroa.it/vendita-immobili/ferriera-buttigliera-alta,USCITO_MERCATO,False,False,2026-09-11T09:00:35.957455+00:00,2026-09-11T23:19:47.988362+00:00,0,80000.0,63000.0,,,0,,,,0,0,38,INDIRIZZO_ESTRATTO,VENDITA
7460868d656f7217deb5,Buttigliera Alta,Via della Torre 26,Via della Torre,appartamento,"Appartamento in vendita in Via della Torre, 26, Buttigliera Alta ...",Idealista,,https://www.idealista.it/immobile/36213874/,POSSIBILE_USCITA,False,False,2026-09-05T16:59:36.014604+00:00,2026-09-19T20:30:44.816412+00:00,14,78000.0,,152.0,513.16,0,,,,0,0,4,INDIRIZZO_ESTRATTO,VENDITA
decf78fc8158134ad0bb,Buttigliera Alta,Via della Torre 59,Via della Torre,villa,"Casa indipendente in vendita in Via della Torre, 59, Buttigliera Alta ...",Idealista,,https://www.idealista.it/immobile/36323286/,POSSIBILE_USCITA,False,False,2026-09-13T23:15:39.649160+00:00,2026-09-19T20:30:44.816391+00:00,5,225000.0,,600.0,375.0,0,,,,0,0,4,INDIRIZZO_ESTRATTO,PRIVATO
d8ef7bfdf75744bb84fc,Buttigliera Alta,Via della Torre - Ferriera 4,Via della Torre - Ferriera,appartamento,Immobili in Vendita | Agenzia Tecnorete di Buttigliera Alta,Tecnorete,,https://buttiglieraalta1.tecnorete.it/immobili-in-vendita,TRACKED,True,False,2026-08-23T17:16:38.786789+00:00,2026-09-20T11:10:13.478833+00:00,27,15000.0,79000.0,102.0,147.06,2,2026-09-06T14:01:12.638281+00:00,2026-09-12T19:27:57.518453+00:00,13,90.57,0,0,INDIRIZZO_ESTRATTO,AGENZIA
d35ceef00868123fae22,Buttigliera Alta,corso Laghi 81,corso Laghi,villa,Vendita Appartamento Buttigliera Alta. Quadrilocale in corso Laghi 81/ ...,Immobiliare.it,,https://www.immobiliare.it/annunci/129834162/,USCITO_MERCATO,False,False,2026-08-28T10:58:40.670283+00:00,2026-08-28T10:58:40.670284+00:00,0,,,,,0,,,,0,0,88,INDIRIZZO_ESTRATTO,VENDITA
a270031c5f6c303c1fbb,Buttigliera Alta,"frazione Bessen Alto, Sauze di Cesana Sauze di Cesana 165","frazione Bessen Alto, Sauze di Cesana Sauze di Cesana",commerciale,Immho group,Commerciale negozi/locali,,https://immhogroup.it/,USCITO_MERCATO,False,False,2026-09-08T11:07:58.868046+00:00,2026-09-11T23:19:47.988378+00:00,3,570000.0,,,,0,,,,0,0,38,INDIRIZZO_ESTRATTO,LOCAZIONE
8adf11bd6d953dc9431c,Buttigliera Alta,via Allende 13,via Allende,villa,Vendita Villa unifamiliare in via Allende 13 Buttigliera Alta. Buono ...,Immobiliare.it,,https://www.immobiliare.it/annunci/131629064/,USCITO_MERCATO,False,False,2026-08-22T17:17:15.502493+00:00,2026-09-02T16:09:34.323799+00:00,10,,,,,0,,,,0,0,82,INDIRIZZO_ESTRATTO,VENDITA
4aaab70540849d1a7164,Buttigliera Alta,via Reano 23,via Reano,altro,case in vendita a Buttigliera Alta - oikia.it,Mercato residenziale,,https://www.oikia.it/vendita-case/buttigliera_alta/,USCITO_MERCATO,False,False,2026-09-04T12:01:02.699376+00:00,2026-09-14T12:27:12.112389+00:00,10,22000.0,,,,0,,,,0,0,26,INDIRIZZO_ESTRATTO,VENDITA
dee5f58cad36dc7d904a,Buttigliera Alta,"via del Cavallo Grigio, Ferriera gio 3","via del Cavallo Grigio, Ferriera gio",casa indipendente,Case indipendenti in vendita a Buttigliera Alta in zona Ferriera,Mercato residenziale,CASEINPIEMONTE -Agenzia immobiliare di Rivoli e Alpignano,https://www.caasa.it/torino/buttigliera-alta-zona-ferriera/casa-indipendente/in-vendita.html,USCITO_MERCATO,False,False,2026-09-07T04:45:03.055681+00:00,2026-09-18T17:15:59.823092+00:00,11,219000.0,275000.0,,,1,2026-09-13T23:25:46.834012+00:00,2026-09-13T23:25:46.834012+00:00,6,20.36,0,10,INDIRIZZO_ESTRATTO,VENDITA
8c7a73bc77c61c931637,Buttigliera Alta,vicolo Moncenisio 4,vicolo Moncenisio,commerciale,"Locale commerciale vicolo Moncenisio 4, Buttigliera Alta, Rif ...",Immobiliare.it,,https://www.immobiliare.it/annunci/123148631/,USCITO_MERCATO,False,False,2026-09-05T23:10:34.870784+00:00,2026-09-14T22:36:38.492972+00:00,8,,,,,0,,,,0,0,24,INDIRIZZO_ESTRATTO,VENDITA
886d1cdb35b744cc6828,Caprie,,,altro,Case e appartamenti a Via Caprie. Immobili in vendita a Via ... - Nestoria,Nestoria,,https://www.nestoria.it/immobiliare/vendita/via-caprie,USCITO_MERCATO,False,False,2026-08-27T21:04:17.079641+00:00,2026-08-27T21:04:17.079642+00:00,0,,,,,0,,,,0,0,90,INDIRIZZO_NEL_TITOLO,VENDITA
b10261c8109ab31bff05,Caprie,,,casa indipendente,"Terratetto unifamiliare Generale Armando Pezzana, 19, Caprie",Immobiliare.it,ampio complesso immobiliare,https://www.immobiliare.it/annunci/127036535/,USCITO_MERCATO,False,False,2026-09-03T18:47:06.318079+00:00,2026-09-08T11:07:58.868072+00:00,4,150000.0,,250.0,600.0,0,,,,0,0,55,URL_DETTAGLIO_PORTALE,VENDITA
deb5918c95263ae7f5e9,Caprie,,,commerciale,5 locale commerciales centro via roma in affitto a Torino,Trovit,,https://case.trovit.it/affitto-negozio-centro-via-roma-torino,TRACKED,True,False,2026-09-16T22:13:22.797520+00:00,2026-09-20T01:04:10.801630+00:00,3,,,500.0,,0,,,,0,0,2,INDIRIZZO_NEL_TITOLO,LOCAZIONE
a1cf41e9efb2fcfd912a,Caprie,,,villa,Villa bifamiliare in Vendita a Caprie | Euro 399.000 | Mq 300,Tempocasa,,https://tempocasa.it/it/vendita/torino/caprie/villa-bifamiliare/17406264,USCITO_MERCATO,False,False,2026-09-07T00:44:29.374985+00:00,2026-09-07T00:44:29.374986+00:00,0,399000.0,,300.0,1330.0,0,,,,0,0,59,URL_DETTAGLIO_PORTALE,VENDITA
041bc8b84e1a74c0717c,Caprie,"Borgata Peroldrado, proponiamo una soluzione indipendente risalente al 1940","Borgata Peroldrado, proponiamo una soluzione indipendente risalente al",casa indipendente,"Vendita Casa colonica in Borgata Peroldrado Caprie. Buono stato, posto ...",Immobiliare.it,,https://www.immobiliare.it/annunci/131999318/,USCITO_MERCATO,False,False,2026-09-01T18:58:42.119408+00:00,2026-09-02T16:09:34.323832+00:00,0,58000.0,,,,0,,,,0,0,82,INDIRIZZO_ESTRATTO,VENDITA
c10b47311edad0b31066,Caprie,Viale Kennedy 27,Viale Kennedy,appartamento,Trilocale in Vendita in Viale Kennedy 27 a Caprie - Casa.it,Casa.it,,https://www.casa.it/immobili/54638195/,USCITO_MERCATO,False,False,2026-09-02T07:11:25.325505+00:00,2026-09-02T07:11:25.325507+00:00,0,,,,,0,,,,0,0,84,INDIRIZZO_ESTRATTO,VENDITA
cb01c7fcddf5263aa759,Caprie,Viale Kennedy 27,Viale Kennedy,appartamento,"Trilocale in vendita in Viale Kennedy, 27, Caprie - idealista",Idealista,,https://www.idealista.it/immobile/36681241/,USCITO_MERCATO,False,False,2026-09-04T16:00:05.401113+00:00,2026-09-06T17:10:13.429846+00:00,2,110000.0,,,,0,,,,0,0,62,INDIRIZZO_ESTRATTO,VENDITA
381b1a87f16f790f6732,Caprie,via Caprie 18,via Caprie,appartamento,"Vendita Appartamento in via Caprie 18. Torino. Ottimo stato, quinto ...",Immobiliare.it,,https://www.immobiliare.it/annunci/132466488/,TRACKED,True,False,2026-09-17T06:08:55.031546+00:00,2026-09-20T11:10:13.478867+00:00,3,,,,,0,,,,0,2,0,INDIRIZZO_ESTRATTO,VENDITA
6128f8afd89c8d2567cf,Caprie,via Caprie 12,via Caprie,appartamento,"Vendita Appartamento in via Caprie 12. Torino. Ottimo stato, primo ...",Immobiliare.it,,https://www.immobiliare.it/annunci/128454554/,USCITO_MERCATO,False,True,2026-09-02T16:09:34.323827+00:00,2026-09-07T10:14:01.139479+00:00,4,,,157.0,,0,,,,0,0,57,INDIRIZZO_ESTRATTO,STORICO_USCITA
0b09338fe19b85e4018f,Caprie,via Caprie. Buono stato,via Caprie. Buono stato,appartamento,"Vendita Appartamento Torino. Bilocale in via Caprie. Buono stato, piano ...",Immobiliare.it,,https://www.immobiliare.it/annunci/129986868/,TRACKED,True,False,2026-08-27T21:04:17.079646+00:00,2026-09-20T11:10:13.478861+00:00,23,,,,,0,,,,0,0,0,INDIRIZZO_ESTRATTO,VENDITA
d7ee33d6b4b9ab54f7f7,Caprie,via Peroldrado 22,via Peroldrado,villa,"Vendita Villa bifamiliare in via Peroldrado 22 Caprie. Posto auto, con ...",Immobiliare.it,CC010 - In zona residenziale la TEMPOCASA DI CONDOVE,https://www.immobiliare.it/annunci/132084518/,USCITO_MERCATO,False,False,2026-09-03T18:47:06.318091+00:00,2026-09-07T10:14:01.139512+00:00,3,399000.0,,300.0,1330.0,0,,,,0,0,57,INDIRIZZO_ESTRATTO,VENDITA
fc9b091d31bee128d2b2,Caprie,via Pietra Rotonda 15,via Pietra Rotonda,rustico/casale,"Vendita Rustico in via Pietra Rotonda 15 Caprie. Da ristrutturare, 60 ...",Immobiliare.it,,https://www.immobiliare.it/annunci/132334780/,USCITO_MERCATO,False,False,2026-09-11T17:53:32.667478+00:00,2026-09-16T04:54:00.958517+00:00,4,,,,,0,,,,0,0,20,INDIRIZZO_ESTRATTO,VENDITA
bb3abf7bc9c5e1f29d84,Caprie,via Roma 12,via Roma,commerciale,"Capannone via Roma 12, Caprie, Rif. 132000372 - Immobiliare.it",Immobiliare.it,Rif. 132000372 - Immobiliare,https://www.immobiliare.it/annunci/132000372/,USCITO_MERCATO,False,False,2026-09-01T18:58:42.119394+00:00,2026-09-18T19:44:01.661353+00:00,17,10000.0,,500.0,20.0,0,,,,0,0,9,INDIRIZZO_ESTRATTO,LOCAZIONE
c7f47eaabb71eaeacc0e,Caprie,via Roma 12,via Roma,commerciale,"Capannone in affitto a Caprie via Roma, 12 - TrovaCasa",TrovaCasa privati,,https://www.trovacasa.it/annunci/to-tc-95641-72900561,USCITO_MERCATO,False,False,2026-09-01T18:58:42.119401+00:00,2026-09-04T07:52:28.839074+00:00,2,,,,,0,,,,0,0,78,INDIRIZZO_ESTRATTO,LOCAZIONE
2fd27472044a8bdd7e09,Caprie,vicolo Volpellato 13,vicolo Volpellato,villa,Vendita Villa a schiera in vicolo Volpellato 13 Caprie. Da ...,Immobiliare.it,,https://www.immobiliare.it/annunci/117726703/,USCITO_MERCATO,False,False,2026-09-06T13:51:47.104155+00:00,2026-09-11T09:00:35.957468+00:00,4,49000.0,,,,0,,,,0,0,41,INDIRIZZO_ESTRATTO,VENDITA
35397461e41d6a5cccc6,Caselette,,,altro,"Casa semindipendente in vendita a Caselette - Torino. € 115.000, 85 Mq ...",Tecnocasa,,https://www.tecnocasa.it/vendita/rustici-cascine-case/torino/caselette/61160579.html,USCITO_MERCATO,False,False,2026-09-13T20:46:02.145742+00:00,2026-09-13T20:46:02.145744+00:00,0,115000.0,,85.0,1352.94,0,,,,0,0,29,URL_DETTAGLIO_PORTALE,AGENZIA
386c599b18c4361ad03f,Caselette,,,altro,"Attico in vendita a Caselette - Torino. € 245.000, 165 Mq - Tecnocasa.it",Tecnocasa,,https://www.tecnocasa.it/vendita/appartamenti/torino/caselette/61125208.html,USCITO_MERCATO,False,False,2026-09-13T20:46:02.145771+00:00,2026-09-13T20:46:02.145773+00:00,0,245000.0,,165.0,1484.85,0,,,,0,0,29,URL_DETTAGLIO_PORTALE,AGENZIA
b323264a97267b353141,Caselette,,,altro,"Casa semindipendente in vendita a Caselette - Torino. € 210.000, 200 Mq ...",Tecnocasa,,https://www.tecnocasa.it/vendita/rustici-cascine-case/torino/caselette/61179904.html,USCITO_MERCATO,False,False,2026-09-13T20:46:02.145753+00:00,2026-09-13T20:46:02.145754+00:00,0,210000.0,,200.0,1050.0,0,,,,0,0,29,URL_DETTAGLIO_PORTALE,AGENZIA
0b0edb78a3c70f62b198,Caselette,,,appartamento,"Asta per appartamento, Roma, Centro Caselette, rif. 132318028 ...",Immobiliare.it,,https://www.immobiliare.it/annunci/132318028/,USCITO_MERCATO,False,False,2026-09-10T01:14:41.785136+00:00,2026-09-14T22:36:38.493059+00:00,4,,,,,0,,,,0,0,24,URL_DETTAGLIO_PORTALE,ASTA
22914ac789219d8461f3,Caselette,,,appartamento,"Multilocale in vendita a Caselette - Torino. € 320.000, 220 Mq ...",Tecnocasa,,https://www.tecnocasa.it/vendita/appartamenti/torino/caselette/61184657.html,USCITO_MERCATO,False,False,2026-09-13T20:46:02.145762+00:00,2026-09-13T20:46:02.145764+00:00,0,320000.0,,220.0,1454.55,0,,,,0,0,29,URL_DETTAGLIO_PORTALE,AGENZIA
2fdecef89935116743b6,Caselette,,,appartamento,"Asta per appartamento, Roma, Centro Caselette, rif. 131984330 ...",Immobiliare.it,rif. 131984330 ... OTTIMA OCCASIONE - ASTA IMMOBILIARE,https://www.immobiliare.it/annunci/131984330/,USCITO_MERCATO,False,False,2026-08-28T05:06:35.530247+00:00,2026-09-01T20:55:16.172354+00:00,4,,,,,0,,,,0,0,86,URL_DETTAGLIO_PORTALE,ASTA
63657d6bc9874bcd8d56,Caselette,,,appartamento,"Asta per appartamento, Roma, Centro Caselette, rif. 132495238 ...",Immobiliare.it,,https://www.immobiliare.it/annunci/132495238/,TRACKED,True,False,2026-09-17T11:30:50.189776+00:00,2026-09-20T11:10:13.478956+00:00,2,,,,,0,,,,0,0,0,URL_DETTAGLIO_PORTALE,ASTA
947a45efdf9733374487,Caselette,,,appartamento,"Asta per appartamento, Roma, Centro Caselette, rif. 132140570 ...",Immobiliare.it,,https://www.immobiliare.it/annunci/132140570/,USCITO_MERCATO,False,False,2026-09-04T12:01:02.699459+00:00,2026-09-07T10:14:01.139592+00:00,2,,,,,0,,,,0,0,57,URL_DETTAGLIO_PORTALE,ASTA
95f568cdf73d82fc00d2,Caselette,,,appartamento,"Asta per appartamento, Roma, Centro Caselette, rif. 131977156 ...",Immobiliare.it,,https://www.immobiliare.it/annunci/131977156/,USCITO_MERCATO,False,False,2026-08-27T21:04:17.079696+00:00,2026-08-27T21:04:17.079697+00:00,0,,,,,0,,,,0,0,90,URL_DETTAGLIO_PORTALE,ASTA
e0323cda49e51583afc5,Caselette,,,appartamento,"Asta per appartamento, Roma, Centro Caselette, rif. 132147586 ...",Immobiliare.it,,https://www.immobiliare.it/annunci/132147586/,USCITO_MERCATO,False,False,2026-09-03T18:47:06.318150+00:00,2026-09-06T19:19:39.864147+00:00,3,,,,,0,,,,0,0,61,URL_DETTAGLIO_PORTALE,ASTA
7b54a358726e6263e15a,Caselette,,,casa indipendente,"Vendita Terratetto plurifamiliare Caselette. Ottimo stato, con terrazza ...",Immobiliare.it,,https://www.immobiliare.it/annunci/120660848/,USCITO_MERCATO,False,False,2026-09-01T23:36:27.690538+00:00,2026-09-14T22:36:38.493025+00:00,12,,,100.0,,0,,,,0,0,24,URL_DETTAGLIO_PORTALE,LOCAZIONE
81b15b55aeb6100de66f,Caselette,,,casa indipendente,"Asta per casa indipendente, , Centro Caselette, rif. 132556424 ...",Immobiliare.it,,https://www.immobiliare.it/annunci/132556424/,TRACKED,True,False,2026-09-19T10:47:39.484151+00:00,2026-09-20T11:10:13.478949+00:00,1,,,,,0,,,,0,0,0,URL_DETTAGLIO_PORTALE,ASTA
ee502403929516d071b6,Caselette,,,casa indipendente,Terratetto - terracielo in Vendita a Caselette,Tempocasa,,https://tempocasa.it/it/vendita/torino/caselette/terratetto-terracielo/9069240,USCITO_MERCATO,False,False,2026-09-13T20:46:02.145821+00:00,2026-09-13T20:46:02.145823+00:00,0,,,,,0,,,,0,0,29,URL_DETTAGLIO_PORTALE,"AGENZIA,LOCAZIONE"
46db40d9176235cdfa85,Caselette,,,villa,Villa in Vendita a Caselette | Euro 410.000 | Mq 360,Tempocasa,,https://tempocasa.it/it/vendita/torino/caselette/villa/12779244,USCITO_MERCATO,False,False,2026-09-13T20:46:02.145828+00:00,2026-09-13T20:46:02.145830+00:00,0,410000.0,,360.0,1138.89,0,,,,0,0,29,URL_DETTAGLIO_PORTALE,AGENZIA
76e1b14153cf314d0f57,Caselette,,,villa,Quadrilocale in Vendita a Caselette | Euro 258.000 | Mq 200,Tempocasa,,https://tempocasa.it/it/vendita/torino/caselette/quadrilocale/6578215,USCITO_MERCATO,False,False,2026-08-22T17:17:15.502523+00:00,2026-09-13T20:46:02.145797+00:00,22,258000.0,,200.0,1290.0,0,,,,0,0,29,URL_DETTAGLIO_PORTALE,"VENDITA,AGENZIA"
f623590e4acfb40da82c,Caselette,,,villa,Annunci case e appartamenti in vendita e in affitto - Tecnocasa.it,Tecnocasa,,https://www.tecnocasa.it/vendita/ville/torino/caselette/61192025.html,USCITO_MERCATO,False,False,2026-09-13T20:46:02.145734+00:00,2026-09-13T20:46:02.145736+00:00,0,,,,,0,,,,0,0,29,URL_DETTAGLIO_PORTALE,"AGENZIA,LOCAZIONE"
f86cf692f99207d1ba6b,Caselette,,,villa,Villa a schiera in Vendita a Caselette | Euro 148.000 | Mq 210,Tempocasa,,https://tempocasa.it/it/vendita/torino/caselette/villa-a-schiera/2937863,USCITO_MERCATO,False,False,2026-09-13T20:46:02.145812+00:00,2026-09-13T20:46:02.145813+00:00,0,148000.0,,210.0,704.76,0,,,,0,0,29,URL_DETTAGLIO_PORTALE,AGENZIA
5579e5e92a50ca4d1a1b,Caselette,"Corso Susa, Caselette 156","Corso Susa, Caselette",appartamento,"Case in vendita a Caselette, Valli Susa, Sangone",Mercato residenziale,,https://caseinvenditainaffitto.it/case-in-vendita/caselette-valli-susa-sangone,USCITO_MERCATO,False,False,2026-09-01T18:58:42.119455+00:00,2026-09-02T12:02:41.369740+00:00,0,350000.0,,,,0,,,,0,0,83,INDIRIZZO_ESTRATTO,LOCAZIONE
8d9824c2f77f054d9cb0,Caselette,Località Favorita 1,Località Favorita,appartamento,Vendita Appartamento in Località Favorita 1. Caselette. Buono stato ...,Immobiliare.it,,https://www.immobiliare.it/annunci/126844533/,POSSIBILE_USCITA,False,False,2026-08-21T12:20:59.475398+00:00,2026-09-19T23:00:29.356890+00:00,29,,,,,0,,,,0,1,3,INDIRIZZO_ESTRATTO,VENDITA
71336ea8b581edf4c87e,Caselette,Piazza Carlo Cays,Piazza Carlo Cays,appartamento,"Appartamento all'asta in Piazza Carlo Cays, Caselette - idealista",Idealista,,https://www.idealista.it/immobile/36779491/,USCITO_MERCATO,False,False,2026-09-13T18:14:54.119306+00:00,2026-09-13T18:14:54.119308+00:00,0,112501.0,,216.0,520.84,0,,,,0,0,30,INDIRIZZO_ESTRATTO,ASTA
78bcdf3368a674d90b14,Caselette,Piazza Carlo Cays,Piazza Carlo Cays,appartamento,"Appartamento all'asta in Piazza Carlo Cays, Caselette - idealista",Idealista,,https://www.idealista.it/immobile/36841355/,NEW,True,False,2026-09-20T01:04:10.801719+00:00,2026-09-20T01:04:10.801720+00:00,0,112501.0,,216.0,520.84,0,,,,0,0,2,INDIRIZZO_ESTRATTO,ASTA
c7cc5f59e5485e3904c1,Caselette,Piazza Carlo Cays,Piazza Carlo Cays,appartamento,"Appartamento all'asta in Piazza Carlo Cays, Caselette - idealista",Idealista,,https://www.idealista.it/immobile/36707654/,USCITO_MERCATO,False,False,2026-09-04T12:01:02.699473+00:00,2026-09-04T12:01:02.699474+00:00,0,112501.0,,216.0,520.84,0,,,,0,0,77,INDIRIZZO_ESTRATTO,ASTA
7eb7633fa452b0c25637,Caselette,Via Ciriè 15,Via Ciriè,altro,Immobili in vendita a Caselette | Gabetti,Mercato generale,,https://www.gabetti.it/vendita/caselette,USCITO_MERCATO,False,False,2026-08-21T12:20:59.475393+00:00,2026-08-27T21:04:17.079651+00:00,6,,,,,0,,,,0,0,90,INDIRIZZO_ESTRATTO,AGENZIA
1e094160711ad2dff96b,Caselette,Via Roma 31,Via Roma,appartamento,Casa indipendente in Vendita in Via Roma 31 a Caselette,Casa.it,,https://www.casa.it/immobili/54773394/,TRACKED,True,False,2026-09-20T06:08:00.346134+00:00,2026-09-20T11:10:13.478906+00:00,0,,,,,0,,,,0,0,0,INDIRIZZO_ESTRATTO,VENDITA
e598573aa0e13344b26d,Caselette,Via Roma 31,Via Roma,appartamento,Case in vendita a Caselette | Bilocale.it,Mercato residenziale,,https://www.bilocale.it/vendita-case/caselette/,POSSIBILE_USCITA,False,False,2026-09-16T04:54:00.958566+00:00,2026-09-19T23:00:29.356863+00:00,3,112500.0,,,,0,,,,0,0,3,INDIRIZZO_ESTRATTO,VENDITA
f9c9664a79eaeb476c09,Caselette,"Via Roma Piemonte, Torino Visualizza foto Villetta indipendente in vendita di 96","Via Roma Piemonte, Torino Visualizza foto Villetta indipendente in vendita di",casa indipendente,Vendita Caselette - 82 case in vendita in Caselette de Nuroa.it,Mercato residenziale,,https://www.nuroa.it/vendita-immobili/vendita-caselette,TRACKED,True,False,2026-09-15T13:33:03.393383+00:00,2026-09-20T11:10:13.478900+00:00,4,38000.0,38000.0,,,1,2026-09-16T19:00:37.438469+00:00,2026-09-16T19:00:37.438469+00:00,1,57.78,0,0,INDIRIZZO_ESTRATTO,VENDITA
7132719c8706f284e66c,Caselette,corso Susa 192,corso Susa,altro,Casa Semindipendente in Vendita Caselette 45671003-52 | RE/MAX Italia,Mercato residenziale,RE/MAX Italia Vendita Casa Semindipendente Corso Susa,https://www.remax.it/trova/immobile/Casa-Semindipendente-In-Vendita-Caselette_45671003-52,TRACKED,True,False,2026-08-27T21:04:17.079671+00:00,2026-09-20T11:10:13.478887+00:00,23,69000.0,1480000.0,,,2,2026-09-15T01:41:17.278392+00:00,2026-09-19T14:38:55.271974+00:00,18,95.34,0,0,INDIRIZZO_ESTRATTO,AGENZIA
8abec76f3598edc5ae54,Caselette,corso Susa 192,corso Susa,appartamento,"Vendita Appartamento in corso Susa 192. Caselette. Ottimo stato, piano ...",Immobiliare.it,,https://www.immobiliare.it/annunci/119823144/,TRACKED,True,False,2026-09-05T00:56:52.327438+00:00,2026-09-20T11:10:13.478929+00:00,15,,,,,0,,,,0,0,0,INDIRIZZO_ESTRATTO,VENDITA
4d7aaa09799578b25da2,Caselette,corso Susa 192,corso Susa,terreno,Case in vendita a Caselette • Wikicasa,Wikicasa,,https://www.wikicasa.it/vendita-case/caselette/,USCITO_MERCATO,False,False,2026-09-01T18:58:42.119416+00:00,2026-09-11T13:39:24.923522+00:00,9,95000.0,,,,0,,,,0,0,40,INDIRIZZO_ESTRATTO,VENDITA
d4527eb1e6d3d20afe95,Caselette,via Alpignano 146,via Alpignano,appartamento,Vendita Appartamento Caselette. Bilocale in via Alpignano 146. Secondo ...,Immobiliare.it,,https://www.immobiliare.it/annunci/109429209/,USCITO_MERCATO,False,False,2026-09-01T18:58:42.119471+00:00,2026-09-05T09:19:10.295777+00:00,3,,,80.0,,0,,,,0,0,71,INDIRIZZO_ESTRATTO,VENDITA
35cf6b13767a037c6b3f,Caselette,via Caselette 7,via Caselette,villa,"Vendita Villa unifamiliare in via Caselette, 7 Givoletto. Ottimo stato ...",Immobiliare.it,,https://www.immobiliare.it/annunci/124199825/,POSSIBILE_USCITA,False,False,2026-09-14T18:41:54.043036+00:00,2026-09-19T23:00:29.356906+00:00,5,,,500.0,,0,,,,0,0,3,INDIRIZZO_ESTRATTO,VENDITA
78bcab0a8c681d464fc5,Caselette,via Castello 18,via Castello,appartamento,Vendita Appartamento Caselette. Trilocale in via Castello 18. Buono ...,Immobiliare.it,,https://www.immobiliare.it/annunci/132357696/,TRACKED,True,False,2026-09-16T14:58:05.670788+00:00,2026-09-20T11:10:13.478922+00:00,3,,,,,0,,,,0,0,0,INDIRIZZO_ESTRATTO,VENDITA
0fa0e74d09939965b524,Caselette,via Druento San Gillio. Nuova,via Druento San Gillio. Nuova,villa,"Vendita Villa unifamiliare in via Druento San Gillio. Nuova, posto auto ...",Immobiliare.it,,https://www.immobiliare.it/annunci/131359664/,TRACKED,True,False,2026-09-16T04:54:00.958604+00:00,2026-09-20T11:10:13.478962+00:00,4,,,,,0,,,,0,0,0,INDIRIZZO_ESTRATTO,"VENDITA,PRIVATO,CANTIERE"
9d82afb38dd6131b9a4d,Caselette,via Druento San Gillio. Nuova,via Druento San Gillio. Nuova,villa,"Vendita Villa unifamiliare in via Druento San Gillio. Nuova, posto auto ...",Immobiliare.it,,https://www.immobiliare.it/annunci/125133249/,USCITO_MERCATO,False,False,2026-09-05T00:56:52.327462+00:00,2026-09-17T11:30:50.189793+00:00,12,,,,,0,,,,0,0,15,INDIRIZZO_ESTRATTO,VENDITA
6bc10338cc7790c5c3c5,Caselette,via San Giovanni Bosco Caselette. Buono,via San Giovanni Bosco Caselette. Buono,villa,Vendita Villa a schiera in via San Giovanni Bosco Caselette. Buono ...,Immobiliare.it,un'opportunità di investimento immobiliare,https://www.immobiliare.it/annunci/130528404/,TRACKED,True,False,2026-08-22T17:17:15.502516+00:00,2026-09-20T11:10:13.478936+00:00,28,,,,,0,,,,0,0,0,INDIRIZZO_ESTRATTO,AGENZIA
c5782bebdd8004be2ca8,Caselette,via San Giovanni Bosco Caselette. Ottimo,via San Giovanni Bosco Caselette. Ottimo,villa,Vendita Villa a schiera in via San Giovanni Bosco Caselette. Ottimo ...,Immobiliare.it,,https://www.immobiliare.it/annunci/126940497/,TRACKED,True,False,2026-09-18T17:15:59.823183+00:00,2026-09-20T11:10:13.478943+00:00,1,,,,,0,,,,0,0,0,INDIRIZZO_ESTRATTO,VENDITA
18fa64f9b51e91ee11c1,Chianocco,,,altro,Casa semindipendente in vendita a Chianocco - Tecnocasa.it,Tecnocasa,,https://www.tecnocasa.it/vendita/rustici-cascine-case/torino/chianocco/61152191.html,USCITO_MERCATO,False,False,2026-09-15T01:31:48.169990+00:00,2026-09-15T01:31:48.169992+00:00,0,72000.0,,150.0,480.0,0,,,,0,0,23,URL_DETTAGLIO_PORTALE,AGENZIA
53859003e5efc9f1a70c,Chianocco,,,altro,Casa bifamiliare in Vendita in zona Pavaglione a Chianocco,Casa.it,,https://www.casa.it/immobili/54591479/,USCITO_MERCATO,False,False,2026-08-21T12:20:59.475428+00:00,2026-09-19T06:11:00.695380+00:00,28,,,,,0,,,,0,0,8,URL_DETTAGLIO_PORTALE,VENDITA
c3580e6f719fca11dc4d,Chianocco,,,appartamento,"Quadrilocale in vendita a Chianocco - Torino. € 130.000, 130 Mq ...",Tecnocasa,,https://www.tecnocasa.it/vendita/appartamenti/torino/chianocco/61126954.html,USCITO_MERCATO,False,False,2026-09-15T01:31:48.170007+00:00,2026-09-15T01:31:48.170008+00:00,0,130000.0,,130.0,1000.0,0,,,,0,0,23,URL_DETTAGLIO_PORTALE,AGENZIA
d2cb2887e8f058926be1,Chianocco,,,appartamento,Trilocale in Vendita a Chianocco | Euro 45.000 | Mq 56,Tempocasa,,https://tempocasa.it/it/vendita/torino/chianocco/trilocale/16947172,USCITO_MERCATO,False,False,2026-09-15T01:31:48.170014+00:00,2026-09-15T01:31:48.170015+00:00,0,45000.0,,56.0,803.57,0,,,,0,0,23,URL_DETTAGLIO_PORTALE,AGENZIA
7cd347dd590b5514c683,Chianocco,,,rustico/casale,"Baita, bungalow, chalet, trullo in Vendita a Chianocco - Casa.it",Casa.it,,https://www.casa.it/immobili/54277956/,USCITO_MERCATO,False,False,2026-09-05T04:44:03.763167+00:00,2026-09-14T01:05:27.891101+00:00,8,,,,,0,,,,0,0,27,URL_DETTAGLIO_PORTALE,VENDITA
40542bd5412bf2e16b41,Chianocco,,,villa,Villetta bifamiliare in vendita a Chianocco - idealista,Idealista,,https://www.idealista.it/immobile/36203356/,USCITO_MERCATO,False,False,2026-08-22T17:17:15.502546+00:00,2026-08-23T17:16:38.786828+00:00,0,53000.0,,,,0,,,,0,0,91,URL_DETTAGLIO_PORTALE,VENDITA
d35fdc11b915539fb6df,Chianocco,,,villa,"Villa singola in vendita a Chianocco - Torino. € 220.000, 180 Mq ...",Tecnocasa,,https://www.tecnocasa.it/vendita/ville/torino/chianocco/61031177.html,USCITO_MERCATO,False,False,2026-09-15T01:31:48.169999+00:00,2026-09-15T01:31:48.170000+00:00,0,220000.0,,180.0,1222.22,0,,,,0,0,23,URL_DETTAGLIO_PORTALE,AGENZIA
f0e95c5d3bbf444e6c41,Chianocco,Frazione Pavaglione 169,Frazione Pavaglione,rustico/casale,"Rustico, casale in Vendita in Frazione Pavaglione 169 a Chianocco",Casa.it,,https://www.casa.it/immobili/54627174/,USCITO_MERCATO,False,False,2026-09-01T20:55:16.172386+00:00,2026-09-04T07:52:28.839201+00:00,2,,,,,0,,,,0,0,78,INDIRIZZO_ESTRATTO,VENDITA
471f5426ac3d280c9982,Chianocco,Via Primo Maggio n. 4/c,Via Primo Maggio n,villa,Astalegale.net - Asta giudiziaria Abitazione di tipo civile Via Primo ...,Mercato residenziale,,https://www.astalegale.net/Aste/Detail/B2404054-Abitazione-di-tipo-civile-Via-Primo--Maggio-4C-10050-Chianocco-TO-Italia-Chianocco,TRACKED,True,False,2026-08-27T21:04:17.079729+00:00,2026-09-20T11:10:13.478983+00:00,23,,,,,0,,,,0,0,0,INDIRIZZO_ESTRATTO,ASTA
f4d73c737f242510b5f1,Chianocco,frazione Pavaglione 169,frazione Pavaglione,rustico/casale,"Vendita Casale in frazione Pavaglione 169 Chianocco. Buono stato, 60 m² ...",Immobiliare.it,,https://www.immobiliare.it/annunci/131964796/,USCITO_MERCATO,False,False,2026-08-27T21:04:17.079734+00:00,2026-08-28T10:58:40.670352+00:00,0,,,60.0,,0,,,,0,0,88,INDIRIZZO_ESTRATTO,VENDITA
dbe7559f33687c274796,Chianocco,"frazione Vernetto, 76B",frazione Vernetto,appartamento,"Appartamento in vendita a Chianocco frazione Vernetto, 76B",TrovaCasa privati,,https://www.trovacasa.it/annunci/to-tc-15368-72855021,USCITO_MERCATO,False,False,2026-08-27T21:04:17.079723+00:00,2026-08-28T10:58:40.670364+00:00,0,,,,,0,,,,0,0,88,INDIRIZZO_ESTRATTO,VENDITA
a7824f0db28164d6088a,Chianocco,frazione Vernetto 18,frazione Vernetto,commerciale,"Negozio all'asta frazione Vernetto 18, Chianocco",Immobiliare.it,,https://www.immobiliare.it/annunci/129534704/,USCITO_MERCATO,False,False,2026-08-27T21:04:17.079739+00:00,2026-08-28T10:58:40.670370+00:00,0,,,420.0,,0,,,,0,0,88,INDIRIZZO_ESTRATTO,ASTA
b6a3fb7609f35c1418dd,Chianocco,"frazione Vernetto, 18",frazione Vernetto,commerciale,"negozio all'asta frazione Vernetto, 18, Chianocco | 421 m²",Immobiliare.it,,https://www.immobiliare.it/annunci/130996188/,USCITO_MERCATO,False,False,2026-08-28T05:06:35.530289+00:00,2026-08-28T10:58:40.670377+00:00,0,,,421.0,,0,,,,0,0,88,INDIRIZZO_ESTRATTO,ASTA
04e91f5d1a6cbc392a27,Chiomonte,,,appartamento,Annunci di case in vendita a Chiomonte centro città,Bakeca privati,,https://torino.bakeca.it/annunci/vendita-case/luogo/chiomonte/,USCITO_MERCATO,False,False,2026-09-02T16:09:34.323948+00:00,2026-09-04T00:12:37.946369+00:00,1,7990.0,,35.0,228.29,0,,,,0,0,23,URL_DETTAGLIO_PORTALE,ASTA
3781060c1f300689947d,Chiomonte,,,commerciale,NEGOZIO A CHIOMONTE | Subito,Subito privati,,https://www.subito.it/uffici-locali-commerciali/negozio-a-chiomonte-torino-659200618.htm,TRACKED,True,False,2026-09-02T07:11:25.325658+00:00,2026-09-07T00:44:29.375143+00:00,18,,,,,0,,,,0,0,2,URL_DETTAGLIO,LOCAZIONE
49ff0bbcf323f97c66ea,Chiomonte,,,villa,Vendita Villa unifamiliare in Villaggio La Quiete 33 Chiomonte. Buono ...,Immobiliare.it,,https://www.immobiliare.it/annunci/132055808/,USCITO_MERCATO,False,False,2026-09-01T18:58:42.119593+00:00,2026-09-05T16:59:36.014779+00:00,3,,,,,0,,,,0,0,13,URL_DETTAGLIO_PORTALE,PRIVATO
648bd40c7eb95b926725,Chiomonte,,,villa,"Vendita Villa unifamiliare Chiomonte. Da ristrutturare, con balcone ...",Immobiliare.it,,https://www.immobiliare.it/annunci/132052058/,USCITO_MERCATO,False,False,2026-09-01T18:58:42.119609+00:00,2026-09-05T09:19:10.295890+00:00,3,36000.0,,133.0,270.68,0,,,,0,0,14,URL_DETTAGLIO_PORTALE,VENDITA
5edee0c26a772b17f8f2,Chiomonte,via Assietta 4,via Assietta,appartamento,"Vendita Appartamento in via Assietta 4. Chiomonte. Ottimo stato, su più ...",Immobiliare.it,,https://www.immobiliare.it/annunci/129311670/,TRACKED,True,False,2026-08-28T10:58:40.670424+00:00,2026-09-07T10:14:01.139684+00:00,23,,,,,0,,,,0,0,0,INDIRIZZO_ESTRATTO,PRIVATO
05a11a7017c8bf26fc2c,Chiomonte,via III Reggimento,via III Reggimento,appartamento,Appartamento in in vendita da privato a Chiomonte via III Reggimento ...,TrovaCasa privati,,https://www.trovacasa.it/annunci/to-tc-3427-72524015,POSSIBILE_USCITA,False,False,2026-08-28T10:58:40.670411+00:00,2026-09-06T22:17:30.165591+00:00,9,,,,,0,,,,0,0,3,INDIRIZZO_ESTRATTO,PRIVATO
45e7739e04ee5de90aca,Chiomonte,via III Reggimento Alpini 7,via III Reggimento Alpini,appartamento,Vendita Appartamento Chiomonte. Bilocale in via III Reggimento Alpini 7 ...,Immobiliare.it,,https://www.immobiliare.it/annunci/132195726/,TRACKED,True,False,2026-09-05T16:59:36.014799+00:00,2026-09-07T00:44:29.375175+00:00,14,,,,,0,,,,0,0,2,INDIRIZZO_ESTRATTO,VENDITA
80c9f45e6b75c17a7121,Chiomonte,via III Reggimento Alpini,via III Reggimento Alpini,appartamento,Vendita Appartamento Chiomonte. Trilocale in via III Reggimento Alpini ...,Immobiliare.it,,https://www.immobiliare.it/annunci/132125990/,TRACKED,True,False,2026-09-03T18:47:06.318234+00:00,2026-09-07T00:44:29.375169+00:00,16,,,,,0,,,,0,0,2,INDIRIZZO_ESTRATTO,VENDITA
8b3d68a818cdb194d833,Chiomonte,via III Reggimento Alpini,via III Reggimento Alpini,appartamento,Vendita Appartamento Chiomonte. Monolocale in via III Reggimento Alpini ...,Immobiliare.it,,https://www.immobiliare.it/annunci/131993268/,USCITO_MERCATO,False,False,2026-08-28T10:58:40.670430+00:00,2026-08-28T10:58:40.670432+00:00,0,,,,,0,,,,0,0,31,INDIRIZZO_ESTRATTO,VENDITA
ef955e5422168dbcf437,Chiomonte,via III Reggimento Alpini 7,via III Reggimento Alpini,appartamento,Vendita Appartamento Chiomonte. Bilocale in via III Reggimento Alpini 7 ...,Immobiliare.it,,https://www.immobiliare.it/annunci/131927206/,USCITO_MERCATO,False,False,2026-08-28T10:58:40.670418+00:00,2026-08-28T10:58:40.670419+00:00,0,,,,,0,,,,0,0,31,INDIRIZZO_ESTRATTO,VENDITA
325a3140916b743dc8b8,Chiomonte,via Soubeyrand 10,via Soubeyrand,appartamento,Vendita Appartamento Chiomonte. Monolocale in via Soubeyrand 10. Buono ...,Immobiliare.it,,https://www.immobiliare.it/annunci/121188804/,TRACKED,True,False,2026-08-28T10:58:40.670436+00:00,2026-09-07T10:14:01.139709+00:00,23,,,,,0,,,,0,0,0,INDIRIZZO_ESTRATTO,VENDITA
4fa018e2765606f6818e,Chiomonte,via Villa Ferraro 4,via Villa Ferraro,villa,Vendita Villa bifamiliare in via Villa Ferraro 4 Chiomonte. Da ...,Immobiliare.it,,https://www.immobiliare.it/annunci/132077308/,TRACKED,True,False,2026-09-02T16:09:34.323998+00:00,2026-09-07T10:14:01.139676+00:00,17,,,900.0,,0,,,,0,0,0,INDIRIZZO_ESTRATTO,PRIVATO
4cbbcf93ada305b5dd93,Chiomonte,via levis Chiomonte. Buono stato,via levis Chiomonte. Buono stato,casa indipendente,Vendita Terratetto plurifamiliare in via levis Chiomonte. Buono stato ...,Immobiliare.it,,https://www.immobiliare.it/annunci/131093134/,TRACKED,True,False,2026-09-04T12:01:02.699574+00:00,2026-09-07T10:14:01.139691+00:00,15,,,,,0,,,,0,0,0,INDIRIZZO_ESTRATTO,VENDITA
24a3d8d8a64697bd28a3,Chiusa di San Michele,,,appartamento,Capannone Vendita a Chiusa di San Michele - Via Susa | Biloca…,Capannoni logistica,,https://www.bilocale.it/chiusa-di-san-michele-via-susa-capannone-vendita-24781.html,USCITO_MERCATO,False,False,2026-09-13T14:26:02.555210+00:00,2026-09-15T18:17:59.372301+00:00,2,110000.0,,500.0,220.0,0,,,,0,0,21,INDIRIZZO_NEL_TITOLO,VENDITA
42ad29995cd40929413c,Chiusa di San Michele,,,appartamento,"Vendita Appartamento Chiusa di San Michele. Trilocale, Buono stato ...",Immobiliare.it,,https://www.immobiliare.it/annunci/115516565/,POSSIBILE_USCITA,False,False,2026-08-27T21:04:17.079807+00:00,2026-09-19T18:06:37.666026+00:00,22,,,,,0,,,,0,0,5,URL_DETTAGLIO_PORTALE,VENDITA
511c7fbf1b289686cf65,Chiusa di San Michele,,,villa,Villa in in vendita da privato a Chiusa di San Michele borgata ...,TrovaCasa privati,,https://www.trovacasa.it/annunci/to-tc-3427-72776904,USCITO_MERCATO,False,False,2026-08-21T12:20:59.475462+00:00,2026-08-23T17:16:38.786852+00:00,2,,,,,0,,,,0,0,91,URL_DETTAGLIO_PORTALE,VENDITA
d424c18ff387727ac02f,Chiusa di San Michele,Borgata Basinatto 22,Borgata Basinatto,villa,"Villa unifamiliare Borgata Basinatto 22, Chiusa di San Michele",Immobiliare.it,,https://www.immobiliare.it/annunci/100126722/,TRACKED,True,False,2026-08-28T10:58:40.670498+00:00,2026-09-20T11:10:13.479066+00:00,23,,,,,0,,,,0,0,0,INDIRIZZO_ESTRATTO,VENDITA
0fe3884ebd3232fd7786,Chiusa di San Michele,via E. L,via E. L,appartamento,Vendita Appartamento Chiusa di San Michele. Trilocale in via E. L ...,Immobiliare.it,,https://www.immobiliare.it/annunci/108101505/,POSSIBILE_USCITA,False,False,2026-09-01T20:55:16.172541+00:00,2026-09-19T18:06:37.666070+00:00,17,,,,,0,,,,0,0,5,INDIRIZZO_ESTRATTO,ASTA
acaf16c741632c94c3ab,Chiusa di San Michele,via Ex,via Ex,appartamento,Vendita Appartamento Chiusa di San Michele. Quadrilocale in via Ex ...,Immobiliare.it,,https://www.immobiliare.it/annunci/99522756/,POSSIBILE_USCITA,False,False,2026-08-27T21:04:17.079812+00:00,2026-09-19T18:06:37.666045+00:00,22,,,,,0,,,,0,0,5,INDIRIZZO_ESTRATTO,VENDITA
c5daf6d819d744011def,Chiusa di San Michele,via Ex,via Ex,appartamento,Vendita Appartamento Chiusa di San Michele. Trilocale in via Ex ...,Immobiliare.it,,https://www.immobiliare.it/annunci/99338908/,USCITO_MERCATO,False,False,2026-08-28T10:58:40.670504+00:00,2026-09-17T23:05:00.275091+00:00,20,,,,,0,,,,0,0,12,INDIRIZZO_ESTRATTO,VENDITA
f0795fb9c8dc6201437f,Chiusa di San Michele,via Generale,via Generale,appartamento,Vendita Appartamento Chiusa di San Michele. Trilocale in via Generale ...,Immobiliare.it,,https://www.immobiliare.it/annunci/123077057/,TRACKED,True,False,2026-08-27T21:04:17.079770+00:00,2026-09-20T11:10:13.479039+00:00,23,,,,,0,,,,0,0,0,INDIRIZZO_ESTRATTO,VENDITA
853607d470ccfbde73c2,Chiusa di San Michele,via Roma 67,via Roma,villa,Vendita Villa unifamiliare in via Roma 67 Chiusa di San Michele. Buono ...,Immobiliare.it,,https://www.immobiliare.it/annunci/118486069/,POSSIBILE_USCITA,False,False,2026-08-27T21:04:17.079800+00:00,2026-09-19T18:06:37.666036+00:00,22,,,160.0,,0,,,,0,0,5,INDIRIZZO_ESTRATTO,VENDITA
2285f383ce12194fa227,Chiusa di San Michele,via Susa 63,via Susa,appartamento,Vendita Appartamento Chiusa di San Michele. Trilocale in via Susa 63 ...,Immobiliare.it,,https://www.immobiliare.it/annunci/126597219/,POSSIBILE_USCITA,False,False,2026-08-27T21:04:17.079775+00:00,2026-09-19T18:06:37.666007+00:00,22,,,,,0,,,,0,0,5,INDIRIZZO_ESTRATTO,VENDITA
8a0c8e46d051e91e0e75,Chiusa di San Michele,via Susa 95,via Susa,appartamento,Vendita Appartamento Chiusa di San Michele. Quadrilocale in via Susa 95 ...,Immobiliare.it,,https://www.immobiliare.it/annunci/128186392/,USCITO_MERCATO,False,False,2026-08-27T21:04:17.079781+00:00,2026-09-12T14:11:38.611305+00:00,15,,,,,0,,,,0,0,35,INDIRIZZO_ESTRATTO,VENDITA
c3236fcac18ca97d569b,Chiusa di San Michele,via Susa 31,via Susa,appartamento,"Asta per appartamento, via Susa 31, Centro Chiusa di San Michele, rif ...",Immobiliare.it,,https://www.immobiliare.it/annunci/127501016/,TRACKED,True,False,2026-08-28T10:58:40.670510+00:00,2026-09-20T11:10:13.479073+00:00,23,,,,,0,,,,0,0,0,INDIRIZZO_ESTRATTO,ASTA
f2e3501d248e0ef89cc4,Chiusa di San Michele,via Susa 12,via Susa,appartamento,Vendita Appartamento Chiusa di San Michele. Trilocale in via Susa 12 ...,Immobiliare.it,,https://www.immobiliare.it/annunci/113214711/,TRACKED,True,False,2026-08-27T21:04:17.079795+00:00,2026-09-20T11:10:13.479060+00:00,23,,,76.0,,0,,,,0,0,0,INDIRIZZO_ESTRATTO,VENDITA
0369bdaeac982fc05830,Chiusa di San Michele,via Torino 34,via Torino,appartamento,Vendita Appartamento in via Torino 34. Chiusa di San Michele. Buono ...,Immobiliare.it,,https://www.immobiliare.it/annunci/118802807/,TRACKED,True,False,2026-08-28T10:58:40.670491+00:00,2026-09-20T11:10:13.479053+00:00,23,,,300.0,,0,,,,0,0,0,INDIRIZZO_ESTRATTO,VENDITA
f89adfcb6593471d6a59,Chiusa di San Michele,via Torino,via Torino,appartamento,Vendita Appartamento Chiusa di San Michele. Quadrilocale in via Torino ...,Immobiliare.it,,https://www.immobiliare.it/annunci/123533725/,TRACKED,True,False,2026-08-27T21:04:17.079786+00:00,2026-09-20T11:10:13.479046+00:00,23,158000.0,,150.0,1053.33,0,,,,0,0,0,INDIRIZZO_ESTRATTO,VENDITA
8a27392532f5e00f6e2d,Chiusa di San Michele,vicolo G. Pietro Riva 13,vicolo G. Pietro Riva,casa indipendente,Vendita Terratetto plurifamiliare in vicolo G. Pietro Riva 13 Chiusa di ...,Immobiliare.it,,https://www.immobiliare.it/annunci/127844320/,USCITO_MERCATO,False,False,2026-08-22T17:17:15.502572+00:00,2026-09-12T14:11:38.611274+00:00,20,,,80.0,,0,,,,0,0,35,INDIRIZZO_ESTRATTO,VENDITA
2844059a30e3cef4b52f,Chiusa di San Michele,vicolo Nuovo,vicolo Nuovo,appartamento,Vendita Appartamento Chiusa di San Michele. Trilocale in vicolo Nuovo ...,Immobiliare.it,,https://www.immobiliare.it/annunci/129824558/,USCITO_MERCATO,False,False,2026-08-27T21:04:17.079765+00:00,2026-09-15T01:31:48.170055+00:00,18,,,80.0,,0,,,,0,0,23,INDIRIZZO_ESTRATTO,VENDITA
16404cf8e21fe8f29ab3,Coazze,,,altro,TECNORETE - STUDIO TRE SRL - 5 LOCALI A COAZZE - Subito,Subito privati,,https://www.subito.it/appartamenti/5-locali-a-coazze-torino-651833739.htm,USCITO_MERCATO,False,False,2026-09-05T23:10:34.871046+00:00,2026-09-06T00:53:48.286436+00:00,0,,,,,0,,,,0,0,66,URL_DETTAGLIO,AGENZIA
84f570b1b2e17dd915a6,Coazze,,,commerciale,Appartamenti in affitto a Giaveno Via Coazze. - caasa.it,Commerciale negozi/locali,,https://www.caasa.it/torino/giaveno-zona-v-coazze/appartamento/in-affitto.html,USCITO_MERCATO,False,False,2026-09-06T19:19:39.864419+00:00,2026-09-06T19:19:39.864421+00:00,0,,,50.0,,0,,,,0,0,61,INDIRIZZO_NEL_TITOLO,LOCAZIONE
ca73a454f4bc4fc33515,Coazze,,,commerciale,Stabile - Palazzo in Vendita a Coazze | Euro 129.000 | Mq 255,Tempocasa,,https://tempocasa.it/it/vendita/torino/coazze/stabile-palazzo/8766059,USCITO_MERCATO,False,False,2026-09-02T12:02:41.369912+00:00,2026-09-14T22:36:38.493235+00:00,12,129000.0,,255.0,505.88,0,,,,0,0,24,URL_DETTAGLIO_PORTALE,"AGENZIA,VENDITA"
c7c270c0af35723f81fc,Coazze,,,rustico/casale,"Vendita Rustico in via Freinetto Coazze. Da ristrutturare, 204 m², rif ...",Immobiliare.it,,https://www.immobiliare.it/annunci/132257520/,USCITO_MERCATO,False,False,2026-09-08T18:39:29.644155+00:00,2026-09-13T14:26:02.555385+00:00,4,,,204.0,,0,,,,0,0,31,URL_DETTAGLIO_PORTALE,AGENZIA
9eafcba9f7ebea03f932,Coazze,Borgata Brando 2,Borgata Brando,casa indipendente,Casa indipendente in Vendita in Borgata Brando 2 a Coazze,Casa.it,,https://www.casa.it/immobili/54357600/,USCITO_MERCATO,False,False,2026-09-03T18:47:06.318339+00:00,2026-09-06T17:10:13.430033+00:00,2,,,,,0,,,,0,0,62,INDIRIZZO_ESTRATTO,VENDITA
4af15346d34c86b4d39a,Coazze,Borgata Bue 6,Borgata Bue,casa indipendente,Vendita Terratetto unifamiliare in Borgata Bue 6 Coazze. Ottimo stato ...,Immobiliare.it,,https://www.immobiliare.it/annunci/131533040/,TRACKED,True,False,2026-09-01T23:36:27.690771+00:00,2026-09-20T11:10:13.479135+00:00,18,,,,,0,,,,0,0,0,INDIRIZZO_ESTRATTO,VENDITA
51d5b4e17fb9151e91a4,Coazze,Borgata Combacalda 9,Borgata Combacalda,villa,Vendita Villa unifamiliare in Borgata Combacalda 9 Giaveno. Nuova ...,Immobiliare.it,,https://www.immobiliare.it/annunci/127156891/,TRACKED,True,True,2026-09-19T10:47:39.484408+00:00,2026-09-20T11:10:13.479154+00:00,1,,,,,0,,,,0,0,0,INDIRIZZO_ESTRATTO,"STORICO_USCITA,PRIVATO"
b6c0b54d7754ae813826,Coazze,Borgata Combacalda 9,Borgata Combacalda,villa,Vendita Villa unifamiliare in Borgata Combacalda 9 Giaveno. Nuova ...,Immobiliare.it,,https://www.immobiliare.it/annunci/127155461/,TRACKED,True,True,2026-09-16T04:54:00.958799+00:00,2026-09-20T11:10:13.479161+00:00,4,,,,,0,,,,0,0,0,INDIRIZZO_ESTRATTO,"STORICO_USCITA,PRIVATO"
5e20305daf6fafcd5491,Coazze,"Borgata Freinetto, 19",Borgata Freinetto,appartamento,"Appartamento in vendita in Borgata Freinetto, 19, Coazze - idealista",Idealista,,https://www.idealista.it/immobile/36099205/,USCITO_MERCATO,False,False,2026-09-01T23:36:27.690718+00:00,2026-09-10T01:14:41.785315+00:00,8,,,,,0,,,,0,0,47,INDIRIZZO_ESTRATTO,VENDITA
1d49c04d0a0f9714fe47,Coazze,"Borgata Galleana, 28",Borgata Galleana,appartamento,"Vendita appartamento 80mq Borgata Galleana, 28, Coazze | Dove.it",Mercato residenziale,,https://www.dove.it/vendita-case/coazze,USCITO_MERCATO,False,False,2026-09-04T19:20:00.003883+00:00,2026-09-13T20:46:02.145991+00:00,9,,,80.0,,0,,,,0,0,29,INDIRIZZO_ESTRATTO,VENDITA
93081d4b81caabb0581d,Coazze,Borgata prialli 1,Borgata prialli,casa indipendente,Vendita Terratetto plurifamiliare in SELVAGGIO Borgata prialli 1 ...,Immobiliare.it,,https://www.immobiliare.it/annunci/124062855/,TRACKED,True,False,2026-09-01T18:58:42.119812+00:00,2026-09-20T11:10:13.479148+00:00,18,,,,,0,,,,0,0,0,INDIRIZZO_ESTRATTO,VENDITA
56506d3d4848934f8d0c,Coazze,Borgata trucetto 30,Borgata trucetto,casa indipendente,Vendita Terratetto plurifamiliare in Borgata trucetto 30 Coazze. Ottimo ...,Immobiliare.it,,https://www.immobiliare.it/annunci/126461633/,TRACKED,True,False,2026-09-19T10:47:39.484376+00:00,2026-09-20T11:10:13.479116+00:00,1,,,,,0,,,,0,0,0,INDIRIZZO_ESTRATTO,VENDITA
87ba4e145d0a1286a23f,Coazze,Via Giulio Cesare Gennai,Via Giulio Cesare Gennai,altro,"Garage in vendita in Via Giulio Cesare Gennai, Giaveno - idealista",Idealista,,https://www.idealista.it/immobile/36732377/,USCITO_MERCATO,False,False,2026-09-06T04:45:18.783317+00:00,2026-09-10T01:14:41.785322+00:00,3,,,,,0,,,,0,0,47,INDIRIZZO_ESTRATTO,AGENZIA
bcd534c50111e14a1d9f,Coazze,Viale Italia 61,Viale Italia,casa indipendente,Casa indipendente in Vendita in Viale Italia 61 61 a Coazze,Casa.it,,https://www.casa.it/immobili/53711092/,TRACKED,True,False,2026-08-28T05:06:35.530423+00:00,2026-09-20T11:10:13.479102+00:00,23,,,60.0,,0,,,,0,0,0,INDIRIZZO_ESTRATTO,VENDITA
7172070221da570d202e,Coazze,via Coazze 343,via Coazze,villa,Vendita Villa unifamiliare in via Coazze 343 Giaveno. Buono stato ...,Immobiliare.it,,https://www.immobiliare.it/annunci/132360702/,USCITO_MERCATO,False,False,2026-09-11T13:39:24.923792+00:00,2026-09-16T04:54:00.958814+00:00,4,,,963.0,,0,,,,0,0,20,INDIRIZZO_ESTRATTO,VENDITA
b376864060e8154998df,Coazze,via Coazze. Ottimo stato,via Coazze. Ottimo stato,appartamento,Vendita Appartamento Giaveno. Quadrilocale in via Coazze. Ottimo stato ...,Immobiliare.it,,https://www.immobiliare.it/annunci/132055924/,USCITO_MERCATO,False,False,2026-09-01T18:58:42.119806+00:00,2026-09-09T23:18:34.767709+00:00,8,,,90.0,,0,,,,0,0,48,INDIRIZZO_ESTRATTO,VENDITA
7b44780d0bc664387b4a,Coazze,via Freinetto 50,via Freinetto,appartamento,Più di dieci ville in vendita a Coazze. - caasa.it,Mercato residenziale,Fondocasa TORINO FILADELFIA STADIO OLIMPICO,https://www.caasa.it/torino/coazze/villa/in-vendita.html,TRACKED,True,False,2026-08-21T12:20:59.475467+00:00,2026-09-20T11:10:13.479087+00:00,29,,,,,0,,,,0,0,0,INDIRIZZO_ESTRATTO,VENDITA
086c4ff6f635408314c9,Coazze,via Giaveno 8,via Giaveno,appartamento,Vendita Appartamento Coazze. Monolocale in via Giaveno 8. Ottimo stato ...,Immobiliare.it,,https://www.immobiliare.it/annunci/130488700/,TRACKED,True,False,2026-08-27T21:04:17.079870+00:00,2026-09-20T11:10:13.479142+00:00,23,,,,,0,,,,0,0,0,INDIRIZZO_ESTRATTO,VENDITA
b51cf0b9406ec29a265c,Coazze,"via Giaveno, 6/B",via Giaveno,appartamento,"Vendita Appartamento Coazze. Trilocale in via Giaveno, 6/B. Buono stato ...",Immobiliare.it,,https://www.immobiliare.it/annunci/123443009/,USCITO_MERCATO,False,False,2026-08-27T21:04:17.079859+00:00,2026-09-12T05:52:24.477156+00:00,15,,,,,0,,,,0,0,37,INDIRIZZO_ESTRATTO,VENDITA
d3c56bc7c3e173179fc5,Coazze,via Montenero 14,via Montenero,casa indipendente,Vendita Terratetto plurifamiliare in via Montenero 14 Coazze. Da ...,Immobiliare.it,,https://www.immobiliare.it/annunci/128270770/,USCITO_MERCATO,False,False,2026-09-06T04:45:18.783275+00:00,2026-09-07T00:44:29.375316+00:00,0,,,,,0,,,,0,0,59,INDIRIZZO_ESTRATTO,VENDITA
8fa9cae9245511b13593,Coazze,via Sangonetto. Buono stato,via Sangonetto. Buono stato,appartamento,Vendita Appartamento Coazze. Bilocale in via Sangonetto. Buono stato ...,Immobiliare.it,,https://www.immobiliare.it/annunci/132339266/,USCITO_MERCATO,False,False,2026-09-10T21:45:03.418757+00:00,2026-09-15T18:17:59.372379+00:00,4,,,,,0,,,,0,0,21,INDIRIZZO_ESTRATTO,VENDITA
58c679b1b8a4fb043c18,Coazze,via coazze 15,via coazze,casa indipendente,Vendita Terratetto plurifamiliare in via coazze 15 Giaveno. Buono stato ...,Immobiliare.it,,https://www.immobiliare.it/annunci/131502528/,USCITO_MERCATO,False,False,2026-08-27T21:04:17.079875+00:00,2026-08-28T10:58:40.670561+00:00,0,,,,,0,,,,0,0,88,INDIRIZZO_ESTRATTO,VENDITA
f4cbda563fbaa83b9f81,Coazze,via dei Molè 41,via dei Molè,appartamento,Vendita Appartamento Coazze. Bilocale in via dei Molè 41. Ottimo stato ...,Immobiliare.it,,https://www.immobiliare.it/annunci/131178064/,TRACKED,True,False,2026-09-14T12:27:12.112736+00:00,2026-09-20T11:10:13.479122+00:00,5,,,38.0,,0,,,,0,0,0,INDIRIZZO_ESTRATTO,VENDITA
03ced39d37985cbbaeac,Coazze,via dei Molè. Buono stato,via dei Molè. Buono stato,appartamento,Vendita Appartamento Coazze. Bilocale in via dei Molè. Buono stato ...,Immobiliare.it,,https://www.immobiliare.it/annunci/132195024/,USCITO_MERCATO,False,False,2026-09-04T19:20:00.003935+00:00,2026-09-09T17:56:58.702982+00:00,4,,,,,0,,,,0,0,50,INDIRIZZO_ESTRATTO,AGENZIA
6a406fb835d2c5970ee4,Coazze,via freinetto 51,via freinetto,appartamento,Vendita Appartamento Coazze. Trilocale in via freinetto 51. Ottimo ...,Immobiliare.it,,https://www.immobiliare.it/annunci/120243018/,USCITO_MERCATO,False,False,2026-08-27T21:04:17.079865+00:00,2026-09-09T04:02:27.437441+00:00,12,,,,,0,,,,0,0,52,INDIRIZZO_ESTRATTO,VENDITA
a694a34e12b86b701ae2,Coazze,via matteotti 112,via matteotti,casa indipendente,Vendita Terratetto plurifamiliare in via matteotti 112 Coazze. Da ...,Immobiliare.it,,https://www.immobiliare.it/annunci/129611050/,TRACKED,True,False,2026-09-01T18:58:42.119766+00:00,2026-09-20T11:10:13.479109+00:00,18,,,,,0,,,,0,0,0,INDIRIZZO_ESTRATTO,VENDITA
2bc8f24899f70dd4e430,Coazze,via selvaggio Coazze. Ottimo stato,via selvaggio Coazze. Ottimo stato,casa indipendente,Vendita Terratetto unifamiliare in via selvaggio Coazze. Ottimo stato ...,Immobiliare.it,,https://www.immobiliare.it/annunci/127563900/,TRACKED,True,False,2026-09-14T01:05:27.891268+00:00,2026-09-20T11:10:13.479129+00:00,6,,,,,0,,,,0,0,0,INDIRIZZO_ESTRATTO,VENDITA
684b7c2ea6a8b3f978f2,Coazze,via sertorio 17,via sertorio,villa,"Vendita Villa a schiera in via sertorio 17 Giaveno. Buono stato, posto ...",Immobiliare.it,,https://www.immobiliare.it/annunci/127985938/,USCITO_MERCATO,False,False,2026-09-06T13:51:47.104501+00:00,2026-09-18T19:44:01.661744+00:00,12,,,350.0,,0,,,,0,0,9,INDIRIZZO_ESTRATTO,PRIVATO
00263426d1cc231a0c65,Coazze,viale Italia 1961,viale Italia,villa,Vendita Villa unifamiliare in viale Italia 1961 72 Coazze. Buono stato ...,Immobiliare.it,,https://www.immobiliare.it/annunci/132361834/,USCITO_MERCATO,False,False,2026-09-12T19:18:03.777390+00:00,2026-09-17T16:48:02.647426+00:00,4,,,,,0,,,,0,0,14,INDIRIZZO_ESTRATTO,VENDITA
04eb0f1d371525ebd998,Collegno,,,altro,"Nuove Costruzioni in vendita a Collegno, rif. 129397740 - Immobiliare.it",Immobiliare.it,,https://www.immobiliare.it/annunci/129397740/,USCITO_MERCATO,False,False,2026-08-27T21:04:17.079952+00:00,2026-08-27T21:04:17.079953+00:00,0,,,,,0,,,,0,0,90,URL_DETTAGLIO_PORTALE,VENDITA
1b2f996ad39b52a21ca4,Collegno,,,altro,"Magazzino - Deposito, Collegno, Rif. 132076548 - Immobiliare.it",Immobiliare.it,,https://www.immobiliare.it/annunci/132076548/,TRACKED,True,False,2026-09-18T17:15:59.823562+00:00,2026-09-20T06:08:00.346339+00:00,1,,,500.0,,0,,,,0,0,1,URL_DETTAGLIO_PORTALE,VENDITA
72a68b2970ac33e6b834,Collegno,,,altro,Magazzino - Cantina - Property Rentals - Collegno - Facebook,Facebook Marketplace,,https://www.facebook.com/marketplace/item/862434829880128/,USCITO_MERCATO,False,False,2026-09-01T23:36:27.690842+00:00,2026-09-06T19:19:39.864562+00:00,4,,,30.0,,0,,,,0,0,61,URL_DETTAGLIO_PORTALE,LOCAZIONE
a73ca6cb6623b7ab0d15,Collegno,,,altro,"Nuove Costruzioni in vendita a Collegno, rif. 131068406 - Immobiliare.it",Immobiliare.it,,https://www.immobiliare.it/annunci/131068406/,USCITO_MERCATO,False,False,2026-09-15T13:33:03.393722+00:00,2026-09-17T16:48:02.647532+00:00,2,,,,,0,,,,0,0,14,URL_DETTAGLIO_PORTALE,CANTIERE
c845cb76ce7e5bf0f0a5,Collegno,,,altro,Vendita magazzino 100mq - Property Rentals - Collegno - Facebook,Facebook Marketplace,,https://www.facebook.com/marketplace/item/1301545842136799/,USCITO_MERCATO,False,False,2026-09-11T23:19:47.988956+00:00,2026-09-15T13:33:03.393677+00:00,3,50000.0,,100.0,500.0,0,,,,0,0,22,URL_DETTAGLIO_PORTALE,VENDITA
cff8c791d6193328e364,Collegno,,,altro,11 appartamentos viale gramsci collegno in vendita a Torino,Trovit,,https://case.trovit.it/appartamento-viale-gramsci-collegno-torino,USCITO_MERCATO,False,False,2026-08-21T12:20:59.475499+00:00,2026-08-21T12:20:59.475501+00:00,0,115000.0,,,,0,,,,0,0,91,INDIRIZZO_NEL_TITOLO,VENDITA
e93092356823a4ff7408,Collegno,,,altro,"Nuove Costruzioni in vendita a Collegno, rif. 129129788 - Immobiliare.it",Immobiliare.it,,https://www.immobiliare.it/annunci/129129788/,USCITO_MERCATO,False,False,2026-09-08T06:35:04.157512+00:00,2026-09-08T11:07:58.868382+00:00,0,,,,,0,,,,0,0,55,URL_DETTAGLIO_PORTALE,VENDITA
91b05b4a05c686eb412b,Collegno,,,appartamento,14.126 immobili in vendita a Viale Antonio Gramsci Collegno,Nestoria,,https://www.nestoria.it/immobiliare/vendita/viale-antonio-gramsci_collegno,USCITO_MERCATO,False,False,2026-08-23T09:11:13.222500+00:00,2026-09-11T23:19:47.988874+00:00,19,,,80.0,,0,,,,0,0,38,INDIRIZZO_NEL_TITOLO,"AGENZIA,VENDITA"
cff0e6954dea88269a40,Collegno,,,appartamento,Vendita Appartamento Collegno. Trilocale in C.so Francia 237. Buono ...,Immobiliare.it,,https://www.immobiliare.it/annunci/128176044/,USCITO_MERCATO,False,False,2026-09-14T18:41:54.043367+00:00,2026-09-15T01:31:48.170213+00:00,0,,,,,0,,,,0,0,23,URL_DETTAGLIO_PORTALE,VENDITA
ff7e1e4a6eb73d409424,Collegno,,,appartamento,"Vendita Appartamento Collegno. Trilocale, Ottimo stato, terzo piano ...",Immobiliare.it,,https://www.immobiliare.it/annunci/132193274/,USCITO_MERCATO,False,False,2026-09-08T06:35:04.157504+00:00,2026-09-18T19:44:01.661803+00:00,10,,,,,0,,,,0,0,9,URL_DETTAGLIO_PORTALE,VENDITA
4925c89108232001495d,Collegno,,,commerciale,"Capannone V. Italia 10, Collegno, Rif. 123621457 - Immobiliare.it",Immobiliare.it,,https://www.immobiliare.it/annunci/123621457/,USCITO_MERCATO,False,False,2026-08-28T05:06:35.530472+00:00,2026-09-16T22:13:22.797826+00:00,19,,,,,0,,,,0,0,17,URL_DETTAGLIO_PORTALE,"VENDITA,LOCAZIONE"
786efaf7aa98c836fb26,Collegno,,,commerciale,"Capannone, Collegno, Rif. 132114622 - Immobiliare.it",Immobiliare.it,,https://www.immobiliare.it/annunci/132114622/,TRACKED,True,False,2026-09-11T13:39:24.923828+00:00,2026-09-20T01:04:10.801884+00:00,8,,,376.0,,0,,,,0,0,2,URL_DETTAGLIO_PORTALE,"PRIVATO,VENDITA"
b79112848f5fd4b86d87,Collegno,,,commerciale,Immobile di 148 m² con 5 locali a Collegno | Subito,Subito privati,,https://www.subito.it/uffici-locali-commerciali/immobile-di-148-m%C2%B2-con-5-locali-a-collegno-torino-658721243.htm,USCITO_MERCATO,False,False,2026-09-01T18:58:42.119842+00:00,2026-09-10T21:45:03.418807+00:00,9,,,148.0,,0,,,,0,0,42,URL_DETTAGLIO,VENDITA
29414c2c3d4dfe2166c4,Collegno,,,villa,"Vendita Villa unifamiliare Collegno. Ottimo stato, posto auto, con ...",Immobiliare.it,,https://www.immobiliare.it/annunci/131402778/,USCITO_MERCATO,False,False,2026-08-27T21:04:17.079915+00:00,2026-09-06T09:36:38.462430+00:00,9,,,,,0,,,,0,0,64,URL_DETTAGLIO_PORTALE,VENDITA
83c724cfbe00942e09dc,Collegno,"Corso Francia, 180",Corso Francia,appartamento,"Vendita appartamento 101mq Corso Francia, 180, Collegno",Mercato residenziale,,https://www.dove.it/vendita-case/collegno/appartamento-corso-francia-180/13259,USCITO_MERCATO,False,False,2026-09-04T12:01:02.699800+00:00,2026-09-05T00:56:52.327715+00:00,0,,,101.0,,0,,,,0,0,73,INDIRIZZO_ESTRATTO,VENDITA
7d0eaa86de6ea3c4672c,Collegno,"Piazza IV Novembre, 4",Piazza IV Novembre,appartamento,"Bilocale in vendita in Piazza IV Novembre, 4 - idealista",Idealista,,https://www.idealista.it/immobile/36242577/,USCITO_MERCATO,False,False,2026-09-06T22:17:30.165954+00:00,2026-09-06T22:17:30.165955+00:00,0,,,,,0,,,,0,0,60,INDIRIZZO_ESTRATTO,VENDITA
e6ab485a20c1bd2882d4,Collegno,Strada Antica di Collegno 151,Strada Antica di Collegno,appartamento,Vendita Appartamento Torino. Trilocale in Strada Antica di Collegno 151 ...,Immobiliare.it,,https://www.immobiliare.it/annunci/128038196/,USCITO_MERCATO,False,False,2026-09-08T06:35:04.157536+00:00,2026-09-08T06:35:04.157537+00:00,0,,,,,0,,,,0,0,56,INDIRIZZO_ESTRATTO,PRIVATO
329ce79d2992354fae83,Collegno,Via A. Catalani 5,Via A. Catalani,villa,Appartamento in Vendita in Via A. Catalani 5 a Collegno - Casa.it,Casa.it,,https://www.casa.it/immobili/54375957/,USCITO_MERCATO,False,False,2026-09-14T18:41:54.043433+00:00,2026-09-14T18:41:54.043435+00:00,0,,,,,0,,,,0,0,25,INDIRIZZO_ESTRATTO,PRIVATO
37c235d43173f58f9a25,Collegno,Via A. Manzoni 6,Via A. Manzoni,appartamento,Bilocale in Vendita in Via A. Manzoni 6 a Collegno - Casa.it,Casa.it,,https://www.casa.it/immobili/54274848/,USCITO_MERCATO,False,False,2026-09-14T18:41:54.043439+00:00,2026-09-14T18:41:54.043441+00:00,0,,,,,0,,,,0,0,25,INDIRIZZO_ESTRATTO,VENDITA
13226f63510da2d36975,Collegno,Via Alfredo Catalani 5,Via Alfredo Catalani,villa,"Villa in vendita, Via Alfredo Catalani 5, Collegno con terrazzo, box ...",Wikicasa,,https://www.wikicasa.it/annuncio/30407004,USCITO_MERCATO,False,False,2026-09-05T16:59:36.014982+00:00,2026-09-05T16:59:36.014983+00:00,0,,,,,0,,,,0,0,70,INDIRIZZO_ESTRATTO,PRIVATO
e059384b6b4d82c623b1,Collegno,Via Antico Filatoio,Via Antico Filatoio,appartamento,Quadrilocale in vendita in Via Antico Filatoio - idealista,Idealista,,https://www.idealista.it/immobile/36680874/,USCITO_MERCATO,False,False,2026-09-01T20:55:16.172661+00:00,2026-09-01T20:55:16.172662+00:00,0,,,125.0,,0,,,,0,0,86,INDIRIZZO_ESTRATTO,VENDITA
290f0a1514a02f0718c8,Collegno,"Via Fabio Filzi, 2",Via Fabio Filzi,appartamento,"Trilocale in vendita in Via Fabio Filzi, 2, Regina Margherita, Collegno ...",Idealista,,https://www.idealista.it/immobile/36684754/,USCITO_MERCATO,False,False,2026-09-01T20:55:16.172652+00:00,2026-09-01T20:55:16.172654+00:00,0,185000.0,,85.0,2176.47,0,,,,0,0,86,INDIRIZZO_ESTRATTO,VENDITA
7f9d00f97a8d3bd67b4c,Collegno,"Via Giacinto Collegno, 37",Via Giacinto Collegno,appartamento,"Bilocale in vendita in Via Giacinto Collegno, 37 - idealista",Idealista,,https://www.idealista.it/immobile/36690352/,USCITO_MERCATO,False,False,2026-09-06T22:17:30.165961+00:00,2026-09-06T22:17:30.165963+00:00,0,,,,,0,,,,0,0,60,INDIRIZZO_ESTRATTO,VENDITA
a3c6bbded88f20983435,Collegno,Via Giorgio la Pira 5,Via Giorgio la Pira,appartamento,Quadrilocale in Vendita in Via Giorgio la Pira 5 a Collegno - Casa.it,Casa.it,,https://www.casa.it/immobili/54156086/,USCITO_MERCATO,False,False,2026-09-14T18:41:54.043446+00:00,2026-09-14T18:41:54.043447+00:00,0,,,,,0,,,,0,0,25,INDIRIZZO_ESTRATTO,AGENZIA
f5c0709721c38928c962,Collegno,"Via Giovanni Tobanelli, 9",Via Giovanni Tobanelli,appartamento,"Quadrilocale in vendita in Via Giovanni Tobanelli, 9, Grugliasco ...",Idealista,,https://www.idealista.it/immobile/36106536/,USCITO_MERCATO,False,False,2026-09-01T20:55:16.172675+00:00,2026-09-05T19:08:06.334603+00:00,3,,,,,0,,,,0,0,69,INDIRIZZO_ESTRATTO,VENDITA
cab506782e2d6bc237cb,Collegno,Via Giuseppe Verdi 18,Via Giuseppe Verdi,appartamento,Bilocale in Vendita in Via Giuseppe Verdi 18 a Collegno - Casa.it,Casa.it,,https://www.casa.it/immobili/54328227/,USCITO_MERCATO,False,False,2026-09-14T18:41:54.043426+00:00,2026-09-14T18:41:54.043428+00:00,0,,,,,0,,,,0,0,25,INDIRIZZO_ESTRATTO,VENDITA
06f1de65035da6212d75,Collegno,Via Macedonia 3,Via Macedonia,altro,Nuova costruzione in Vendita in Via Macedonia 3 a Collegno - Casa.it,Casa.it,,https://www.casa.it/immobili/54123363/,USCITO_MERCATO,False,False,2026-09-14T18:41:54.043413+00:00,2026-09-14T18:41:54.043415+00:00,0,,,,,0,,,,0,0,25,INDIRIZZO_ESTRATTO,CANTIERE
65d36d79424705811ef5,Collegno,Via Mompantero 44,Via Mompantero,appartamento,Quadrilocale in Vendita in Via Mompantero 44 a Collegno - Casa.it,Casa.it,,https://www.casa.it/immobili/54428225/,USCITO_MERCATO,False,False,2026-09-14T18:41:54.043407+00:00,2026-09-14T18:41:54.043408+00:00,0,,,,,0,,,,0,0,25,INDIRIZZO_ESTRATTO,VENDITA
3534821f0b96260b7b35,Collegno,"Via Monte Nero, 6",Via Monte Nero,appartamento,"Bilocale in vendita in Via Monte Nero, 6, Regina Margherita, Collegno ...",Idealista,,https://www.idealista.it/immobile/36680219/,USCITO_MERCATO,False,False,2026-09-01T20:55:16.172667+00:00,2026-09-01T20:55:16.172668+00:00,0,135000.0,,72.0,1875.0,0,,,,0,0,86,INDIRIZZO_ESTRATTO,VENDITA
a8e6ae00ecde4702bf61,Collegno,Via Pianezza 21/7,Via Pianezza,altro,"Cantina, solaio in Vendita in Via Pianezza 21/7 a Collegno - Casa.it",Casa.it,,https://www.casa.it/immobili/54724685/,USCITO_MERCATO,False,False,2026-09-14T18:41:54.043452+00:00,2026-09-14T18:41:54.043453+00:00,0,113250.0,,317.0,357.26,0,,,,0,0,25,INDIRIZZO_ESTRATTO,VENDITA
277959fa70adc8d87a85,Collegno,Via Sacra S. Michele,Via Sacra S. Michele,villa,Quadrilocale in vendita in Via Sacra S. Michele - idealista,Idealista,,https://www.idealista.it/immobile/36680870/,USCITO_MERCATO,False,False,2026-09-01T20:55:16.172646+00:00,2026-09-01T20:55:16.172648+00:00,0,,,130.0,,0,,,,0,0,86,INDIRIZZO_ESTRATTO,VENDITA
a32215cd0c58b71aa43b,Collegno,"Via Torino, 47",Via Torino,appartamento,"Appartamento in vendita in Via Torino, 47, Borgata Paradiso, Collegno ...",Idealista,,https://www.idealista.it/immobile/35606479/,USCITO_MERCATO,False,False,2026-09-01T20:55:16.172640+00:00,2026-09-06T22:17:30.165942+00:00,5,,,,,0,,,,0,0,60,INDIRIZZO_ESTRATTO,CANTIERE
5b0f13c9773cc528fba6,Collegno,Via Venaria 87,Via Venaria,casa indipendente,Casa indipendente in Vendita in Via Venaria 87 a Collegno,Casa.it,,https://www.casa.it/immobili/54238754/,USCITO_MERCATO,False,False,2026-09-14T18:41:54.043461+00:00,2026-09-14T18:41:54.043462+00:00,0,,,,,0,,,,0,0,25,INDIRIZZO_ESTRATTO,VENDITA
9159e41a7c4b7abc734f,Collegno,Via Vittorio Sassi 26,Via Vittorio Sassi,commerciale,Capannone in Vendita in Via Vittorio Sassi 26 a Collegno,Casa.it,,https://www.casa.it/immobili/52282643/,USCITO_MERCATO,False,False,2026-08-28T10:58:40.670597+00:00,2026-08-28T10:58:40.670599+00:00,0,,,,,0,,,,0,0,88,INDIRIZZO_ESTRATTO,VENDITA
51aef795e23055c4e078,Collegno,Viale Antonio Gramsci a Collegno,Viale Antonio Gramsci a Collegno,appartamento,Quadrilocale in Vendita in Viale Antonio Gramsci a Collegno,Casa.it,,https://www.casa.it/immobili/54238326/,USCITO_MERCATO,False,False,2026-09-14T18:41:54.043420+00:00,2026-09-14T18:41:54.043422+00:00,0,,,95.0,,0,,,,0,0,25,INDIRIZZO_ESTRATTO,VENDITA
0f6acb01e9d1bd1d7867,Collegno,corso Francia 48,corso Francia,appartamento,Vendita Appartamento Collegno. Trilocale in corso Francia 48. Buono ...,Immobiliare.it,,https://www.immobiliare.it/annunci/123495325/,USCITO_MERCATO,False,False,2026-09-01T18:58:42.119933+00:00,2026-09-08T06:35:04.157553+00:00,6,,,,,0,,,,0,0,56,INDIRIZZO_ESTRATTO,VENDITA
36d734e771970d00fd8d,Collegno,corso Francia 242,corso Francia,appartamento,Vendita Appartamento Collegno. Quadrilocale in corso Francia 242 ...,Immobiliare.it,,https://www.immobiliare.it/annunci/130839302/,POSSIBILE_USCITA,False,False,2026-09-08T21:57:25.795289+00:00,2026-09-19T20:30:44.816956+00:00,10,,,,,0,,,,0,0,4,INDIRIZZO_ESTRATTO,VENDITA
78e30e3d1cb2f9f78ed2,Collegno,corso Francia. Buono stato,corso Francia. Buono stato,appartamento,Vendita Appartamento Collegno. Bilocale in corso Francia. Buono stato ...,Immobiliare.it,,https://www.immobiliare.it/annunci/132363888/,USCITO_MERCATO,False,False,2026-09-17T20:20:41.890191+00:00,2026-09-18T19:44:01.661830+00:00,0,,,,,0,,,,0,0,9,INDIRIZZO_ESTRATTO,VENDITA
88e365b5d6f037d5d42b,Collegno,corso Francia. Buono stato,corso Francia. Buono stato,appartamento,Vendita Appartamento Collegno. Bilocale in corso Francia. Buono stato ...,Immobiliare.it,,https://www.immobiliare.it/annunci/129634170/,USCITO_MERCATO,False,False,2026-08-27T21:04:17.079904+00:00,2026-09-15T18:17:59.372453+00:00,18,,,,,0,,,,0,0,21,INDIRIZZO_ESTRATTO,VENDITA
0c032a940459daecb1ec,Collegno,corso John Fitzgerald,corso John Fitzgerald,appartamento,Vendita Appartamento Collegno. Trilocale in corso John Fitzgerald ...,Immobiliare.it,,https://www.immobiliare.it/annunci/122578008/,TRACKED,True,False,2026-09-05T00:56:52.327761+00:00,2026-09-20T01:04:10.801902+00:00,15,,,,,0,,,,0,0,2,INDIRIZZO_ESTRATTO,VENDITA
5b6880931c15bdece7fb,Collegno,corso John Fitzgerald,corso John Fitzgerald,appartamento,Vendita Appartamento Collegno. Trilocale in corso John Fitzgerald ...,Immobiliare.it,,https://www.immobiliare.it/annunci/117666841/,TRACKED,True,False,2026-09-17T11:30:50.190076+00:00,2026-09-20T01:04:10.801896+00:00,2,,,,,0,,,,0,0,2,INDIRIZZO_ESTRATTO,VENDITA
b15b89ccaf596ebb167c,Collegno,corso palmiro togliatti,corso palmiro togliatti,appartamento,Vendita Appartamento Collegno. Quadrilocale in corso palmiro togliatti ...,Immobiliare.it,,https://www.immobiliare.it/annunci/130278486/,USCITO_MERCATO,False,False,2026-08-27T21:04:17.079945+00:00,2026-09-05T23:10:34.871140+00:00,9,,,134.0,,0,,,,0,0,67,INDIRIZZO_ESTRATTO,VENDITA
c3cea358a0306ddc47ea,Collegno,piazza 4 Novembre. Ottimo,piazza 4 Novembre. Ottimo,appartamento,Vendita Appartamento Collegno. Bilocale in piazza 4 Novembre. Ottimo ...,Immobiliare.it,,https://www.immobiliare.it/annunci/132201640/,USCITO_MERCATO,False,False,2026-09-05T19:08:06.334083+00:00,2026-09-06T00:53:48.286671+00:00,0,,,,,0,,,,0,0,66,INDIRIZZO_ESTRATTO,VENDITA
3220c759fb39b689441c,Collegno,piazza Sandro Pertini 8,piazza Sandro Pertini,appartamento,Vendita Appartamento Collegno. Quadrilocale in piazza Sandro Pertini 8 ...,Immobiliare.it,,https://www.immobiliare.it/annunci/132258186/,POSSIBILE_USCITA,False,False,2026-09-08T18:39:29.644238+00:00,2026-09-19T18:06:37.666367+00:00,10,,,,,0,,,,0,0,5,INDIRIZZO_ESTRATTO,PRIVATO
8edb73ad7b1e596a8a4b,Collegno,piazza Sandro Pertini 6,piazza Sandro Pertini,appartamento,Vendita Appartamento Collegno. Trilocale in piazza Sandro Pertini 6 ...,Immobiliare.it,,https://www.immobiliare.it/annunci/130636456/,USCITO_MERCATO,False,False,2026-08-28T05:06:35.530527+00:00,2026-09-17T11:30:50.190083+00:00,20,,,,,0,,,,0,0,15,INDIRIZZO_ESTRATTO,VENDITA
a8f26a91538c368aea5c,Collegno,piazza iv novembre. Buono,piazza iv novembre. Buono,appartamento,Vendita Appartamento Collegno. Trilocale in piazza iv novembre. Buono ...,Immobiliare.it,,https://www.immobiliare.it/annunci/126840009/,USCITO_MERCATO,False,False,2026-09-04T16:00:05.401519+00:00,2026-09-09T13:49:33.337989+00:00,4,,,85.0,,0,,,,0,0,51,INDIRIZZO_ESTRATTO,VENDITA
0ef2a06f53daf4e4b74b,Collegno,via 20 Settembre 3,via 20 Settembre,appartamento,Vendita Appartamento in via 20 Settembre 3. Collegno. Ottimo stato ...,Immobiliare.it,,https://www.immobiliare.it/annunci/132247874/,USCITO_MERCATO,False,False,2026-09-15T18:17:59.372485+00:00,2026-09-15T18:17:59.372486+00:00,0,,,,,0,,,,0,0,21,INDIRIZZO_ESTRATTO,VENDITA
15ff9f7bee8afdb7ca68,Collegno,via 20 Settembre 30,via 20 Settembre,appartamento,Vendita Appartamento Collegno. Quadrilocale in via 20 Settembre 30 ...,Immobiliare.it,,https://www.immobiliare.it/annunci/127883014/,USCITO_MERCATO,False,False,2026-09-05T23:10:34.871134+00:00,2026-09-10T05:58:05.660613+00:00,4,,,,,0,,,,0,0,46,INDIRIZZO_ESTRATTO,VENDITA
6e5ce5c23dc5df8a61da,Collegno,via 20 Settembre 30,via 20 Settembre,appartamento,Vendita Appartamento Collegno. Bilocale in via 20 Settembre 30. Ottimo ...,Immobiliare.it,,https://www.immobiliare.it/annunci/131210560/,USCITO_MERCATO,False,False,2026-09-05T23:10:34.871127+00:00,2026-09-10T21:45:03.418827+00:00,4,,,,,0,,,,0,0,42,INDIRIZZO_ESTRATTO,PRIVATO
f35d22b7a9a17ba0a541,Collegno,via Alfredo Catalani 5,via Alfredo Catalani,villa,Vendita Villa bifamiliare in via Alfredo Catalani 5 Collegno. Buono ...,Immobiliare.it,,https://www.immobiliare.it/annunci/130816870/,USCITO_MERCATO,False,False,2026-09-08T18:39:29.644231+00:00,2026-09-09T04:02:27.437571+00:00,0,,,,,0,,,,0,0,52,INDIRIZZO_ESTRATTO,PRIVATO
6210c4a8d3d4aea188fc,Collegno,via Alpignano. Buono stato ... 3,via Alpignano. Buono stato,appartamento,Vendita Appartamento Collegno. Trilocale in via Alpignano. Buono stato ...,Immobiliare.it,,https://www.immobiliare.it/annunci/132441856/,USCITO_MERCATO,False,False,2026-09-15T18:17:59.372436+00:00,2026-09-16T22:13:22.797115+00:00,1,,,,,0,,,,0,0,17,INDIRIZZO_ESTRATTO,VENDITA
6e42bca166ef997f3835,Collegno,via Alpignano. Collegno. Buono stato,via Alpignano. Collegno. Buono stato,appartamento,"Vendita Appartamento in via Alpignano. Collegno. Buono stato, piano ...",Immobiliare.it,,https://www.immobiliare.it/annunci/126857607/,TRACKED,True,False,2026-09-03T18:47:06.318464+00:00,2026-09-20T06:08:00.346349+00:00,16,,,,,0,,,,0,0,1,INDIRIZZO_ESTRATTO,"VENDITA,AGENZIA"
aef12e4c6f1adfd1f7f1,Collegno,via Antico Filatoio 7,via Antico Filatoio,appartamento,Vendita Appartamento Collegno. Trilocale in via Antico Filatoio 7 ...,Immobiliare.it,,https://www.immobiliare.it/annunci/130025612/,USCITO_MERCATO,False,False,2026-09-11T09:00:35.957732+00:00,2026-09-11T09:00:35.957733+00:00,0,180000.0,,84.0,2142.86,0,,,,0,0,41,INDIRIZZO_ESTRATTO,PRIVATO
ca0da030b717e3360d8b,Collegno,via Avigliana 13,via Avigliana,appartamento,Vendita Appartamento Collegno. Bilocale in via Avigliana 13. Nuovo ...,Immobiliare.it,,https://www.immobiliare.it/annunci/130994920/,USCITO_MERCATO,False,False,2026-08-27T21:04:17.079957+00:00,2026-09-13T09:37:53.088088+00:00,16,,,,,0,,,,0,1,32,INDIRIZZO_ESTRATTO,PRIVATO
73d83a1cd2a13a7096d5,Collegno,via Carlo Donat Cattin 2,via Carlo Donat Cattin,appartamento,Vendita Appartamento Collegno. Trilocale in via Carlo Donat Cattin 2 ...,Immobiliare.it,,https://www.immobiliare.it/annunci/132114358/,USCITO_MERCATO,False,False,2026-09-03T18:47:06.318436+00:00,2026-09-03T18:47:06.318438+00:00,0,,,,,0,,,,0,0,81,INDIRIZZO_ESTRATTO,VENDITA
04d66e271c2e876529e0,Collegno,via Castagnevizza 24,via Castagnevizza,appartamento,Vendita Appartamento Collegno. Trilocale in via Castagnevizza 24. Nuovo ...,Immobiliare.it,,https://www.immobiliare.it/annunci/122446628/,USCITO_MERCATO,False,False,2026-09-01T18:58:42.119916+00:00,2026-09-07T00:44:29.375455+00:00,5,,,,,0,,,,0,0,59,INDIRIZZO_ESTRATTO,VENDITA
9f0fc98783c03bc4b142,Collegno,via Castagnevizza 11,via Castagnevizza,commerciale,"Magazzino - Deposito via Castagnevizza 11, Collegno, Rif. 132121708 ...",Immobiliare.it,,https://www.immobiliare.it/annunci/132121708/,TRACKED,True,False,2026-09-04T19:20:00.003996+00:00,2026-09-20T06:08:00.346324+00:00,15,,,600.0,,0,,,,0,0,1,INDIRIZZO_ESTRATTO,"VENDITA,LOCAZIONE"
b7a7cbafa9b6b5024528,Collegno,via Cristoforo Colombo 7,via Cristoforo Colombo,appartamento,Vendita Appartamento Collegno. Quadrilocale in via Cristoforo Colombo 7 ...,Immobiliare.it,,https://www.immobiliare.it/annunci/125735645/,USCITO_MERCATO,False,False,2026-08-28T05:06:35.530532+00:00,2026-09-05T19:08:06.334100+00:00,8,,,,,0,,,,0,0,69,INDIRIZZO_ESTRATTO,VENDITA
4abfe82c5a8cfa670588,Collegno,via Edmondo De Amicis 43,via Edmondo De Amicis,appartamento,Vendita Attico in via Edmondo De Amicis 43 Collegno. Da ristrutturare ...,Immobiliare.it,,https://www.immobiliare.it/annunci/132516418/,TRACKED,True,False,2026-09-18T17:15:59.823642+00:00,2026-09-20T06:08:00.346365+00:00,1,,,,,0,,,,0,0,1,INDIRIZZO_ESTRATTO,VENDITA
020b9eeb5125f23c3dd6,Collegno,via Edmondo De Amicis. Buono,via Edmondo De Amicis. Buono,appartamento,Vendita Appartamento Collegno. Bilocale in via Edmondo De Amicis. Buono ...,Immobiliare.it,,https://www.immobiliare.it/annunci/131405406/,USCITO_MERCATO,False,False,2026-09-17T23:05:00.275294+00:00,2026-09-19T10:47:39.484567+00:00,1,,,60.0,,0,,,,0,0,7,INDIRIZZO_ESTRATTO,VENDITA
481054f03bba50e95104,Collegno,via Fabbrichetta 1,via Fabbrichetta,appartamento,Vendita Appartamento Collegno. Bilocale in via Fabbrichetta 1. Ottimo ...,Immobiliare.it,,https://www.immobiliare.it/annunci/130102440/,USCITO_MERCATO,False,False,2026-08-27T21:04:17.079938+00:00,2026-08-27T21:04:17.079939+00:00,0,114000.0,,,,0,,,,0,0,90,INDIRIZZO_ESTRATTO,VENDITA
46ea90ab4e50cf581f96,Collegno,via Fabbrichetta 2C,via Fabbrichetta,commerciale,"Locale commerciale via Fabbrichetta 2C, Collegno, Rif. 111306039 ...",Immobiliare.it,,https://www.immobiliare.it/annunci/111306039/,POSSIBILE_USCITA,False,False,2026-09-19T18:06:37.666257+00:00,2026-09-19T18:06:37.666258+00:00,0,,,,,0,,,,0,0,5,INDIRIZZO_ESTRATTO,VENDITA
a22d15ffc17bdacc6c44,Collegno,via Fabio Filzi 2,via Fabio Filzi,appartamento,Vendita Appartamento Collegno. Trilocale in via Fabio Filzi 2. Buono ...,Immobiliare.it,,https://www.immobiliare.it/annunci/132086592/,USCITO_MERCATO,False,False,2026-09-02T16:09:34.324226+00:00,2026-09-10T18:28:14.180778+00:00,8,,,,,0,,,,0,0,43,INDIRIZZO_ESTRATTO,VENDITA
40ead80e1249392f99a8,Collegno,via Giorgio La Pira 7,via Giorgio La Pira,appartamento,Vendita Appartamento Collegno. Quadrilocale in via Giorgio La Pira 7 ...,Immobiliare.it,,https://www.immobiliare.it/annunci/131456708/,RELISTED,True,False,2026-09-05T09:19:10.296203+00:00,2026-09-20T01:04:10.801941+00:00,15,,,,,0,,,,0,0,2,INDIRIZZO_ESTRATTO,VENDITA
e64d4c5a548022c400c7,Collegno,via Giorgio La Pira 5,via Giorgio La Pira,appartamento,Vendita Appartamento Collegno. Trilocale in via Giorgio La Pira 5 ...,Immobiliare.it,,https://www.immobiliare.it/annunci/131303452/,RELISTED,True,False,2026-08-27T21:04:17.079921+00:00,2026-09-20T01:04:10.801919+00:00,23,,,,,0,,,,0,0,2,INDIRIZZO_ESTRATTO,VENDITA
e8cb03be2b723633520f,Collegno,via Giorgio la Pira. Collegno. Nuovo,via Giorgio la Pira. Collegno. Nuovo,appartamento,"Vendita Appartamento in via Giorgio la Pira. Collegno. Nuovo, secondo ...",Immobiliare.it,,https://www.immobiliare.it/annunci/128206646/,USCITO_MERCATO,False,False,2026-09-11T17:53:32.667704+00:00,2026-09-16T04:54:00.958947+00:00,4,,,140.0,,0,,,,0,0,20,INDIRIZZO_ESTRATTO,AGENZIA
33f7fdbfbf560c611894,Collegno,via Giuseppe di Vittorio. Collegno. Da,via Giuseppe di Vittorio. Collegno. Da,appartamento,Vendita Appartamento in via Giuseppe di Vittorio. Collegno. Da ...,Immobiliare.it,,https://www.immobiliare.it/annunci/130921624/,USCITO_MERCATO,False,False,2026-09-08T18:39:29.644270+00:00,2026-09-13T14:26:02.555503+00:00,4,,,114.0,,0,,,,0,0,31,INDIRIZZO_ESTRATTO,AGENZIA
14b8093a7caca9572045,Collegno,via Leonardo da Vinci 21,via Leonardo da Vinci,appartamento,Vendita Appartamento Collegno. Trilocale in via Leonardo da Vinci 21 ...,Immobiliare.it,,https://www.immobiliare.it/annunci/129404094/,POSSIBILE_USCITA,False,False,2026-09-12T05:52:24.477269+00:00,2026-09-19T20:30:44.816949+00:00,7,,,,,0,,,,0,0,4,INDIRIZZO_ESTRATTO,VENDITA
0fa34773cd5622539f22,Collegno,via Luigi Galvani 9,via Luigi Galvani,appartamento,Vendita Appartamento Collegno. Bilocale in via Luigi Galvani 9. Buono ...,Immobiliare.it,,https://www.immobiliare.it/annunci/131078454/,USCITO_MERCATO,False,False,2026-08-27T21:04:17.079909+00:00,2026-08-28T10:58:40.670616+00:00,0,,,,,0,,,,0,0,88,INDIRIZZO_ESTRATTO,VENDITA
ab4d5ec5c7f40f6fba27,Collegno,via Manzoni 4,via Manzoni,appartamento,Vendita Appartamento Collegno. Bilocale in via Manzoni 4. Buono stato ...,Immobiliare.it,,https://www.immobiliare.it/annunci/132171044/,USCITO_MERCATO,False,False,2026-09-04T19:20:00.004036+00:00,2026-09-10T05:58:05.660641+00:00,5,,,63.0,,0,,,,0,0,46,INDIRIZZO_ESTRATTO,VENDITA
ba2809ba55212b901d8d,Collegno,via Marco Minghetti 6,via Marco Minghetti,appartamento,Vendita Appartamento Collegno. Quadrilocale in via Marco Minghetti 6 ...,Immobiliare.it,,https://www.immobiliare.it/annunci/128767440/,USCITO_MERCATO,False,False,2026-08-28T10:58:40.670604+00:00,2026-09-02T12:02:41.369993+00:00,5,,,98.0,,0,,,,0,0,83,INDIRIZZO_ESTRATTO,VENDITA
5ba8fed4bcee763d4214,Collegno,via Marco Minghetti. Ottimo,via Marco Minghetti. Ottimo,appartamento,Vendita Appartamento Collegno. Trilocale in via Marco Minghetti. Ottimo ...,Immobiliare.it,,https://www.immobiliare.it/annunci/130815226/,USCITO_MERCATO,False,False,2026-09-01T18:58:42.119885+00:00,2026-09-04T12:01:02.699860+00:00,2,,,,,0,,,,0,0,77,INDIRIZZO_ESTRATTO,VENDITA
9ea880e28cebee13674c,Collegno,via Maria Bricca 22,via Maria Bricca,villa,Vendita Villa bifamiliare in via Maria Bricca 22 Collegno. Buono stato ...,Immobiliare.it,,https://www.immobiliare.it/annunci/132462588/,TRACKED,True,False,2026-09-19T23:00:29.357287+00:00,2026-09-20T06:08:00.346369+00:00,0,,,419.0,,0,,,,0,0,1,INDIRIZZO_ESTRATTO,VENDITA
e8719d76a76e2468bcd0,Collegno,via Maria Bricca 22,via Maria Bricca,villa,Vendita Villa bifamiliare in via Maria Bricca 22 Collegno. Buono stato ...,Immobiliare.it,,https://www.immobiliare.it/annunci/132463568/,TRACKED,True,False,2026-09-17T16:48:02.647519+00:00,2026-09-20T06:08:00.346375+00:00,2,,,198.0,,0,,,,0,0,1,INDIRIZZO_ESTRATTO,VENDITA
a9168a7e976b3b2db33f,Collegno,via Niccolò Tommaseo 44,via Niccolò Tommaseo,appartamento,Vendita Appartamento Collegno. Trilocale in via Niccolò Tommaseo 44 ...,Immobiliare.it,,https://www.immobiliare.it/annunci/132166004/,USCITO_MERCATO,False,False,2026-09-04T02:03:54.137979+00:00,2026-09-04T12:01:02.699898+00:00,0,,,71.0,,0,,,,0,0,77,INDIRIZZO_ESTRATTO,VENDITA
5f10ee38ab4d5276122e,Collegno,"via Pintor Giaime, 4",via Pintor Giaime,villa,"Vendita Villa unifamiliare in via Pintor Giaime, 4 Collegno. Da ...",Immobiliare.it,,https://www.immobiliare.it/annunci/130359362/,USCITO_MERCATO,False,False,2026-09-06T09:36:38.462483+00:00,2026-09-07T10:14:01.140009+00:00,1,,,,,0,,,,0,0,57,INDIRIZZO_ESTRATTO,PRIVATO
9a77aab8aadb5a10e792,Collegno,via Podgora 12,via Podgora,appartamento,Vendita Appartamento Collegno. Trilocale in via Podgora 12. Ottimo ...,Immobiliare.it,,https://www.immobiliare.it/annunci/128709902/,USCITO_MERCATO,False,False,2026-09-02T07:11:25.325776+00:00,2026-09-10T05:58:05.660648+00:00,7,,,,,0,,,,0,0,46,INDIRIZZO_ESTRATTO,VENDITA
cffea28e24b42a7d1dcd,Collegno,via Podgora 12,via Podgora,appartamento,Vendita Appartamento Collegno. Quadrilocale in via Podgora 12. Ottimo ...,Immobiliare.it,,https://www.immobiliare.it/annunci/130165128/,USCITO_MERCATO,False,False,2026-08-27T21:04:17.079927+00:00,2026-08-28T10:58:40.670636+00:00,0,,,,,0,,,,0,0,88,INDIRIZZO_ESTRATTO,VENDITA
f3aac0a9aedb80b54ab0,Collegno,via Podgora 8,via Podgora,appartamento,"Vendita Appartamento in via Podgora 8. Collegno. Ottimo stato, quinto ...",Immobiliare.it,,https://www.immobiliare.it/annunci/127430224/,USCITO_MERCATO,False,False,2026-09-08T11:07:58.868389+00:00,2026-09-08T11:07:58.868390+00:00,0,,,,,0,,,,0,0,55,INDIRIZZO_ESTRATTO,VENDITA
6871c1773dc704fdc8c3,Collegno,via Primo Levi 2,via Primo Levi,commerciale,"Locale commerciale via Primo Levi 2, Collegno, Rif. 127522066 ...",Immobiliare.it,,https://www.immobiliare.it/annunci/127522066/,TRACKED,True,False,2026-09-18T17:15:59.823529+00:00,2026-09-20T06:08:00.346330+00:00,1,,,,,0,,,,0,0,1,INDIRIZZO_ESTRATTO,LOCAZIONE
1e6ad4f846f17c137a06,Collegno,via Sacra San Michele,via Sacra San Michele,villa,Vendita Appartamento Collegno. Quadrilocale in via Sacra San Michele ...,Immobiliare.it,,https://www.immobiliare.it/annunci/132067564/,POSSIBILE_USCITA,False,False,2026-09-11T17:53:32.667710+00:00,2026-09-19T18:06:37.666406+00:00,8,,,130.0,,0,,,,0,0,5,INDIRIZZO_ESTRATTO,VENDITA
5ef3674e89c38ee03b20,Collegno,via Serpera 10,via Serpera,appartamento,Vendita Appartamento Collegno. Quadrilocale in via Serpera 10. Ottimo ...,Immobiliare.it,,https://www.immobiliare.it/annunci/132412250/,TRACKED,True,False,2026-09-15T18:17:59.372465+00:00,2026-09-20T06:08:00.346354+00:00,4,,,,,0,,,,0,0,1,INDIRIZZO_ESTRATTO,VENDITA
e54f33414c0718f1dba7,Collegno,via Sestriere 50,via Sestriere,appartamento,Vendita Appartamento Collegno. Quadrilocale in via Sestriere 50. Ottimo ...,Immobiliare.it,,https://www.immobiliare.it/annunci/132072222/,USCITO_MERCATO,False,False,2026-09-02T16:09:34.324238+00:00,2026-09-02T16:09:34.324239+00:00,0,,,,,0,,,,0,0,82,INDIRIZZO_ESTRATTO,VENDITA
87b259e2cea1a271262c,Collegno,via Teresio Pochettino,via Teresio Pochettino,appartamento,Vendita Appartamento Collegno. Bilocale in via Teresio Pochettino ...,Immobiliare.it,,https://www.immobiliare.it/annunci/132326986/,TRACKED,True,False,2026-09-10T11:09:38.637732+00:00,2026-09-20T01:04:10.801949+00:00,10,,,,,0,,,,0,0,2,INDIRIZZO_ESTRATTO,VENDITA
8cfa68d7b77966c7f188,Collegno,via Torino 47,via Torino,appartamento,"Vendita Appartamento in via Torino 47. Collegno. Nuovo, primo piano ...",Immobiliare.it,,https://www.immobiliare.it/annunci/132538504/,POSSIBILE_USCITA,False,False,2026-09-18T17:15:59.823583+00:00,2026-09-19T14:29:10.959907+00:00,0,,,,,0,,,,0,0,6,INDIRIZZO_ESTRATTO,VENDITA
7a5b06acb26ea65d11c8,Collegno,via Torquato Tasso 40,via Torquato Tasso,appartamento,Vendita Appartamento Collegno. Bilocale in via Torquato Tasso 40. Buono ...,Immobiliare.it,,https://www.immobiliare.it/annunci/132440100/,TRACKED,True,False,2026-09-19T23:00:29.357263+00:00,2026-09-20T06:08:00.346360+00:00,0,,,,,0,,,,0,0,1,INDIRIZZO_ESTRATTO,VENDITA
494694d5f370ef67013b,Collegno,via Trieste 1,via Trieste,appartamento,Vendita Appartamento Collegno. Bilocale in via Trieste 1. Buono stato ...,Immobiliare.it,,https://www.immobiliare.it/annunci/132236546/,USCITO_MERCATO,False,False,2026-09-08T18:39:29.644284+00:00,2026-09-10T01:14:41.785379+00:00,1,,,,,0,,,,0,0,47,INDIRIZZO_ESTRATTO,VENDITA
6c34b3c22edcb1bea36f,Collegno,via Vincenzo Gioberti,via Vincenzo Gioberti,appartamento,Vendita Appartamento Collegno. Trilocale in via Vincenzo Gioberti ...,Immobiliare.it,,https://www.immobiliare.it/annunci/131509758/,TRACKED,True,False,2026-08-27T21:04:17.079932+00:00,2026-09-20T01:04:10.801928+00:00,23,,,,,0,,,,0,0,2,INDIRIZZO_ESTRATTO,VENDITA
1be770dfa3592ef96489,Collegno,via della Croce 55,via della Croce,altro,"Vendita Attico in via della Croce 55 Collegno. Ottimo stato, posto auto ...",Immobiliare.it,,https://www.immobiliare.it/annunci/132112178/,USCITO_MERCATO,False,False,2026-09-04T02:03:54.138003+00:00,2026-09-04T02:03:54.138005+00:00,0,,,,,0,,,,0,0,79,INDIRIZZO_ESTRATTO,VENDITA
b541398a51895d5d46d0,Collegno,via della Croce Collegno. Buono,via della Croce Collegno. Buono,villa,Vendita Terratetto unifamiliare in via della Croce Collegno. Buono ...,Immobiliare.it,,https://www.immobiliare.it/annunci/123534005/,USCITO_MERCATO,False,False,2026-09-01T18:58:42.119901+00:00,2026-09-08T18:39:29.644276+00:00,6,,,200.0,,0,,,,0,0,54,INDIRIZZO_ESTRATTO,PRIVATO
84dd0d1fcb5fd921be73,Collegno,via giuseppe verdi 44,via giuseppe verdi,appartamento,Vendita Appartamento Collegno. Trilocale in via giuseppe verdi 44 ...,Immobiliare.it,,https://www.immobiliare.it/annunci/129562532/,USCITO_MERCATO,False,False,2026-09-02T16:09:34.324254+00:00,2026-09-17T16:48:02.647524+00:00,15,,,80.0,,0,,,,0,0,14,INDIRIZZO_ESTRATTO,VENDITA
ef7246af58dc2860092e,Collegno,via minghetti. Nuovo,via minghetti. Nuovo,appartamento,"Vendita Appartamento Collegno. Trilocale in via minghetti. Nuovo, terzo ...",Immobiliare.it,,https://www.immobiliare.it/annunci/131288882/,USCITO_MERCATO,False,False,2026-09-02T16:09:34.324207+00:00,2026-09-07T04:45:03.056178+00:00,4,,,,,0,,,,0,0,58,INDIRIZZO_ESTRATTO,AGENZIA
246d314af8c5b01ac61f,Collegno,via renzo cattaneo. Collegno. Buono stato,via renzo cattaneo. Collegno. Buono stato,appartamento,Vendita Appartamento in via renzo cattaneo. Collegno. Buono stato ...,Immobiliare.it,,https://www.immobiliare.it/annunci/124114771/,USCITO_MERCATO,False,False,2026-09-11T09:00:35.957751+00:00,2026-09-15T13:33:03.393694+00:00,4,,,,,0,,,,0,0,22,INDIRIZZO_ESTRATTO,AGENZIA
5136b1a3230c2b463926,Collegno,via vittorio veneto 12,via vittorio veneto,appartamento,Vendita Appartamento Collegno. Trilocale in via vittorio veneto 12 ...,Immobiliare.it,,https://www.immobiliare.it/annunci/131130302/,TRACKED,True,False,2026-09-09T13:49:33.338001+00:00,2026-09-20T01:04:10.801908+00:00,10,,,87.0,,0,,,,0,0,2,INDIRIZZO_ESTRATTO,VENDITA
f44ad5fa03f6ed2409e9,Collegno,viale XXIV Maggio 54,viale XXIV Maggio,altro,Case in Vendita da Privati Collegno - ClickCase.it,Privati generico,,https://www.clickcase.it/annunci/vendita-case-privati-collegno.html,USCITO_MERCATO,False,False,2026-08-21T12:20:59.475506+00:00,2026-08-23T17:16:38.786876+00:00,2,,,,,0,,,,0,0,91,INDIRIZZO_ESTRATTO,VENDITA
be987e7f3ecc1cf925c0,Condove,,,altro,Garage - Box in Vendita | 16 m² - Immobiliare.it,Immobiliare.it,,https://www.immobiliare.it/annunci/131030580/,POSSIBILE_USCITA,False,False,2026-09-19T20:30:44.817051+00:00,2026-09-19T20:30:44.817052+00:00,0,12000.0,,750.0,16.0,0,,,,0,0,4,URL_DETTAGLIO_PORTALE,AGENZIA
c7ba714e47132eccaf87,Condove,,,appartamento,"Vendita Rustico in Borgata Belle Fugera 11 Condove. Buono stato, 122 m² ...",Immobiliare.it,,https://www.immobiliare.it/annunci/130667076/,TRACKED,True,False,2026-08-27T21:04:17.079986+00:00,2026-09-20T11:10:13.479224+00:00,23,,,122.0,,0,,,,0,0,0,URL_DETTAGLIO_PORTALE,VENDITA
9050762ab23d48bcc28c,Condove,,,casa indipendente,Vendita Rustico in Borgata Pralesio Superiore Condove. Da ristrutturare ...,Immobiliare.it,,https://www.immobiliare.it/annunci/129732716/,USCITO_MERCATO,False,False,2026-08-27T21:04:17.079997+00:00,2026-09-07T10:14:01.140123+00:00,10,,,100.0,,0,,,,0,0,57,URL_DETTAGLIO_PORTALE,PRIVATO
e0bbee37cd2fbd5068b6,Condove,,,casa indipendente,"Vendita Terratetto unifamiliare in Moni Condove. Ottimo stato, posto ...",Immobiliare.it,,https://www.immobiliare.it/annunci/120943146/,USCITO_MERCATO,False,False,2026-09-01T18:58:42.120007+00:00,2026-09-02T16:09:34.324320+00:00,0,,,,,0,,,,0,0,82,URL_DETTAGLIO_PORTALE,VENDITA
d0ba81ac1ff6b15c4c7d,Condove,,,rustico/casale,Vendita Rustico in Strada Comunale Condove-Mocchie 39 Condove. Da ...,Immobiliare.it,,https://www.immobiliare.it/annunci/130817214/,TRACKED,True,False,2026-08-27T21:04:17.079992+00:00,2026-09-20T11:10:13.479212+00:00,23,,,,,0,,,,0,0,0,URL_DETTAGLIO_PORTALE,VENDITA
42e1dec5903115be8ae6,Condove,Borgata Alotti Condove. Buono stato,Borgata Alotti Condove. Buono stato,casa indipendente,Vendita Terratetto unifamiliare in Borgata Alotti Condove. Buono stato ...,Immobiliare.it,,https://www.immobiliare.it/annunci/124174757/,TRACKED,True,False,2026-08-27T21:04:17.080004+00:00,2026-09-20T11:10:13.479249+00:00,23,,,,,0,,,,0,0,0,INDIRIZZO_ESTRATTO,VENDITA
e64debd7cfd12bdae3cd,Condove,Borgata Bellafugera Condove. Buono,Borgata Bellafugera Condove. Buono,casa indipendente,Vendita Terratetto plurifamiliare in Borgata Bellafugera Condove. Buono ...,Immobiliare.it,,https://www.immobiliare.it/annunci/131820050/,TRACKED,True,False,2026-09-05T23:10:34.871223+00:00,2026-09-20T11:10:13.479231+00:00,14,,,25.0,,0,,,,0,0,0,INDIRIZZO_ESTRATTO,VENDITA
b4ee045e2b50df5be3f7,Condove,Borgata Belle Fugera Condove. Da,Borgata Belle Fugera Condove. Da,casa indipendente,Vendita Terratetto unifamiliare in Borgata Belle Fugera Condove. Da ...,Immobiliare.it,,https://www.immobiliare.it/annunci/131400328/,TRACKED,True,False,2026-08-27T21:04:17.079981+00:00,2026-09-20T11:10:13.479198+00:00,23,,,,,0,,,,0,0,0,INDIRIZZO_ESTRATTO,VENDITA
fbc71d0dadd97ca7a18d,Condove,Borgata Bert 43,Borgata Bert,appartamento,Vendita Appartamento Villar Dora. Bilocale in Borgata Bert 43. Ottimo ...,Immobiliare.it,,https://www.immobiliare.it/annunci/118120171/,USCITO_MERCATO,False,False,2026-09-01T18:58:42.120041+00:00,2026-09-18T01:22:44.227575+00:00,16,,,,,0,,,,0,0,11,INDIRIZZO_ESTRATTO,AGENZIA
c20b4e08b8a9430e80eb,Condove,Borgata Borlera 12,Borgata Borlera,altro,"Proprietà rustica in vendita in Borgata Borlera, 12, Condove ...",Idealista,,https://www.idealista.it/immobile/36228538/,USCITO_MERCATO,False,False,2026-08-23T17:16:38.786881+00:00,2026-09-11T13:39:24.923882+00:00,18,,,,,0,,,,0,0,40,INDIRIZZO_ESTRATTO,VENDITA
81218e6123f019ef81ab,Condove,Borgata Colombo 7,Borgata Colombo,casa indipendente,Vendita Terratetto unifamiliare in Borgata Colombo 7 Villar Dora. Da ...,Immobiliare.it,,https://www.immobiliare.it/annunci/126549253/,RELISTED,True,False,2026-09-01T18:58:42.120020+00:00,2026-09-20T11:10:13.479256+00:00,18,,,,,0,,,,0,0,0,INDIRIZZO_ESTRATTO,VENDITA
640c92299970fd16dd7e,Condove,Borgata Combe 7,Borgata Combe,casa indipendente,Vendita Terratetto unifamiliare in Borgata Combe 7 Condove. Ottimo ...,Immobiliare.it,,https://www.immobiliare.it/annunci/121233552/,TRACKED,True,False,2026-09-14T01:05:27.891492+00:00,2026-09-20T11:10:13.479243+00:00,6,,,,,0,,,,0,0,0,INDIRIZZO_ESTRATTO,VENDITA
3275270d18c90a227fa4,Condove,Borgata Pratobotrile,Borgata Pratobotrile,villa,"Casa indipendente in vendita in Borgata Pratobotrile, Condove ...",Idealista,,https://www.idealista.it/immobile/36680872/,USCITO_MERCATO,False,False,2026-09-04T02:03:54.138112+00:00,2026-09-04T02:03:54.138113+00:00,0,9000.0,,87.0,103.45,0,,,,0,0,79,INDIRIZZO_ESTRATTO,VENDITA
564c488516c72d94e07e,Condove,Borgata Pratobottrile,Borgata Pratobottrile,casa indipendente,"Casa Indipendente in Borgata Pratobottrile, Condove (TO)",Capannoni logistica,,https://www.gabetti.it/vendita/condove/terratetto-unifamiliare/3336331,USCITO_MERCATO,False,False,2026-09-03T18:47:06.318507+00:00,2026-09-05T23:10:34.871194+00:00,2,,,,,0,,,,0,0,67,INDIRIZZO_ESTRATTO,VENDITA
0ee347fdc3d37274d190,Condove,Strada Comunale Condove - Mocchie 98,Strada Comunale Condove - Mocchie,casa indipendente,Vendita Terratetto unifamiliare in Strada Comunale Condove - Mocchie 98 ...,Immobiliare.it,,https://www.immobiliare.it/annunci/119171785/,TRACKED,True,False,2026-09-16T04:54:00.959030+00:00,2026-09-20T11:10:13.479218+00:00,4,,,,,0,,,,0,0,0,INDIRIZZO_ESTRATTO,VENDITA
2f81fd27d8e56114bc63,Condove,"Strada Comunale Condove - Mocchie, 1",Strada Comunale Condove - Mocchie,rustico/casale,"Baita/chalet in vendita in Strada Comunale Condove - Mocchie, 1 - idealista",Idealista,,https://www.idealista.it/immobile/36818395/,USCITO_MERCATO,False,False,2026-09-19T06:11:00.695924+00:00,2026-09-19T06:11:00.695925+00:00,0,25000.0,,84.0,297.62,0,,,,0,0,8,INDIRIZZO_ESTRATTO,VENDITA
4e4d505397235f83a02b,Condove,Strada Comunale Condove - Mocchie 1/borlera,Strada Comunale Condove - Mocchie,rustico/casale,Vendita Baita in Strada Comunale Condove - Mocchie 1/borlera Condove ...,Immobiliare.it,,https://www.immobiliare.it/annunci/132125494/,USCITO_MERCATO,False,False,2026-09-04T07:52:28.839580+00:00,2026-09-08T21:57:25.795421+00:00,4,,,,,0,,,,0,0,53,INDIRIZZO_ESTRATTO,AGENZIA
64e4f7d79ac76f776b98,Condove,"Via Bergera, 5",Via Bergera,casa indipendente,"Casa indipendente in vendita in Via Bergera, 5 - idealista",Idealista,,https://www.idealista.it/immobile/36694621/,USCITO_MERCATO,False,False,2026-09-04T02:03:54.138128+00:00,2026-09-04T02:03:54.138129+00:00,0,,,,,0,,,,0,0,79,INDIRIZZO_ESTRATTO,"PRIVATO,AGENZIA"
3a583c7f1638a0c811da,Condove,Via G. Matteotti,Via G. Matteotti,appartamento,"Trilocale all'asta in Via G. Matteotti, Condove - idealista",Idealista,,https://www.idealista.it/immobile/36712957/,USCITO_MERCATO,False,False,2026-09-04T02:03:54.138121+00:00,2026-09-04T02:03:54.138123+00:00,0,,,,,0,,,,0,0,79,INDIRIZZO_ESTRATTO,ASTA
99f5b28fa464e909c92a,Condove,Via G. Matteotti,Via G. Matteotti,appartamento,"Trilocale all'asta in Via G. Matteotti, Condove - idealista",Idealista,,https://www.idealista.it/immobile/36777655/,USCITO_MERCATO,False,False,2026-09-12T17:06:03.935383+00:00,2026-09-12T17:06:03.935385+00:00,0,,,,,0,,,,0,0,34,INDIRIZZO_ESTRATTO,ASTA
d12a9cd3bb93bb2f02cd,Condove,Via G. Matteotti,Via G. Matteotti,appartamento,"Trilocale all'asta in Via G. Matteotti, Condove - idealista",Idealista,,https://www.idealista.it/immobile/36842099/,USCITO_MERCATO,False,False,2026-09-19T06:11:00.695915+00:00,2026-09-19T06:11:00.695917+00:00,0,,,,,0,,,,0,0,8,INDIRIZZO_ESTRATTO,ASTA
64fc2e86e4858279f2ec,Condove,Via LEOPARDI 8/A,Via LEOPARDI,appartamento,"Appartamento 5 locali, 125 m² in Via LEOPARDI 8/A, Condove (TO)",Mercato residenziale,,https://asteflorio.it/aste/appartamento-5-5-locali-a-condove-to-condove,USCITO_MERCATO,False,False,2026-09-01T18:58:42.119954+00:00,2026-09-02T12:02:41.370020+00:00,0,,,125.0,,0,,,,0,0,83,INDIRIZZO_ESTRATTO,ASTA
d0285dc04def4380e9a9,Condove,Via Moncenisio 72,Via Moncenisio,villa,"Casa indipendente in vendita in Via Moncenisio, 72 - idealista",Idealista,,https://www.idealista.it/immobile/33250712/,USCITO_MERCATO,False,False,2026-08-21T12:20:59.475523+00:00,2026-08-28T10:58:40.670657+00:00,6,,,,,0,,,,0,0,88,INDIRIZZO_ESTRATTO,AGENZIA
dbe27315cec720326715,Condove,Via Roma a Condove,Via Roma a Condove,appartamento,Casa indipendente in Vendita in Via Roma a Condove,Casa.it,,https://www.casa.it/immobili/54340081/,USCITO_MERCATO,False,False,2026-09-11T17:53:32.667722+00:00,2026-09-11T17:53:32.667723+00:00,0,,,,,0,,,,0,0,39,INDIRIZZO_ESTRATTO,VENDITA
fe588466a0dd8197d8e7,Condove,via Baratta 10,via Baratta,casa indipendente,Vendita Terratetto unifamiliare in via Baratta 10 Villar Dora. Da ...,Immobiliare.it,,https://www.immobiliare.it/annunci/127897624/,POSSIBILE_USCITA,False,False,2026-09-05T00:56:52.327850+00:00,2026-09-19T14:29:10.960030+00:00,14,,,250.0,,0,,,,0,0,6,INDIRIZZO_ESTRATTO,AGENZIA
423131a91810b51eaf3e,Condove,via Bergera 5/chiodo,via Bergera,casa indipendente,Vendita Terratetto unifamiliare in via Bergera 5/chiodo Susa. Buono ...,Immobiliare.it,,https://www.immobiliare.it/annunci/132124018/,USCITO_MERCATO,False,False,2026-09-03T18:47:06.318549+00:00,2026-09-04T19:20:00.004144+00:00,1,,,,,0,,,,0,0,75,INDIRIZZO_ESTRATTO,"PRIVATO,AGENZIA"
a8ce89ed75a5e2cdb032,Condove,via Condove 19,via Condove,appartamento,Vendita Appartamento Roma. Quadrilocale in via Condove 19. Piano terra ...,Immobiliare.it,,https://www.immobiliare.it/annunci/132219928/,USCITO_MERCATO,False,False,2026-09-08T06:35:04.157605+00:00,2026-09-12T19:18:03.777585+00:00,4,,,,,0,,,,0,0,33,INDIRIZZO_ESTRATTO,VENDITA
af8c8a8f6bfb8b6a615b,Condove,via Conte Verde 17,via Conte Verde,appartamento,Vendita Terratetto plurifamiliare in via Conte Verde 17 Condove. Buono ...,Immobiliare.it,,https://www.immobiliare.it/annunci/74752332/,TRACKED,True,False,2026-09-14T01:05:27.891472+00:00,2026-09-20T11:10:13.479237+00:00,6,,,,,0,,,,0,0,0,INDIRIZZO_ESTRATTO,VENDITA
784a5959094f060733bf,Condove,via Francesco Re 35,via Francesco Re,casa indipendente,Vendita Terratetto unifamiliare in via Francesco Re 35 Condove. Ottimo ...,Immobiliare.it,,https://www.immobiliare.it/annunci/123031895/,TRACKED,True,False,2026-09-12T05:52:24.477330+00:00,2026-09-20T11:10:13.479205+00:00,8,,,80.0,,0,,,,0,0,0,INDIRIZZO_ESTRATTO,PRIVATO
0cf8372ab13439fc6fa4,Condove,via G. Matteotti,via G. Matteotti,appartamento,"Appartamento all'asta via G. Matteotti, Condove",Immobiliare.it,,https://www.immobiliare.it/annunci/132144818/,USCITO_MERCATO,False,False,2026-09-03T18:47:06.318543+00:00,2026-09-06T09:36:38.462645+00:00,2,,,,,0,,,,0,0,64,INDIRIZZO_ESTRATTO,ASTA
197d57669458d716a83c,Condove,via G. Matteotti,via G. Matteotti,appartamento,"Appartamento all'asta via G. Matteotti, Condove",Immobiliare.it,,https://www.immobiliare.it/annunci/131981672/,USCITO_MERCATO,False,False,2026-08-27T21:04:17.080009+00:00,2026-09-01T20:55:16.172752+00:00,4,,,83.75,,0,,,,0,0,86,INDIRIZZO_ESTRATTO,ASTA
44884bbc110f0a8d71e3,Condove,via G. Matteotti,via G. Matteotti,appartamento,"Appartamento all'asta via G. Matteotti, Condove",Immobiliare.it,,https://www.immobiliare.it/annunci/132321088/,USCITO_MERCATO,False,False,2026-09-11T09:00:35.957851+00:00,2026-09-15T18:17:59.372535+00:00,4,,,83.75,,0,,,,0,0,21,INDIRIZZO_ESTRATTO,ASTA
8ef919a0200be78cc668,Condove,via G. Matteotti,via G. Matteotti,appartamento,"Appartamento all'asta via G. Matteotti, Condove",Immobiliare.it,,https://www.immobiliare.it/annunci/132315330/,USCITO_MERCATO,False,False,2026-09-10T01:14:41.785474+00:00,2026-09-10T21:45:03.418927+00:00,0,,,83.75,,0,,,,0,0,42,INDIRIZZO_ESTRATTO,ASTA
cab208c5b5be034c0673,Condove,via G. Matteotti,via G. Matteotti,appartamento,"Appartamento all'asta via G. Matteotti, Condove",Immobiliare.it,,https://www.immobiliare.it/annunci/132493908/,POSSIBILE_USCITA,False,False,2026-09-17T23:05:00.275403+00:00,2026-09-19T23:00:29.357406+00:00,1,,,,,0,,,,0,0,3,INDIRIZZO_ESTRATTO,ASTA
8d110fa3ee3a9825e08f,Condove,via Giacomo Matteotti 48,via Giacomo Matteotti,casa indipendente,Vendita Terratetto unifamiliare in via Giacomo Matteotti 48 Condove ...,Immobiliare.it,,https://www.immobiliare.it/annunci/123407557/,USCITO_MERCATO,False,False,2026-09-06T13:51:47.104683+00:00,2026-09-11T13:39:24.923941+00:00,4,,,126.0,,0,,,,0,0,40,INDIRIZZO_ESTRATTO,VENDITA
3b3d0d484c95fc63567c,Condove,via Leopardi,via Leopardi,appartamento,"Asta per appartamento, via Leopardi, Centro Condove, rif. 132142028 ...",Immobiliare.it,,https://www.immobiliare.it/annunci/132142028/,USCITO_MERCATO,False,False,2026-09-04T22:26:36.992002+00:00,2026-09-05T09:19:10.296287+00:00,0,,,125.0,,0,,,,0,0,71,INDIRIZZO_ESTRATTO,ASTA
68162da087bad313de47,Condove,via Leopardi,via Leopardi,appartamento,"Asta per appartamento, via Leopardi, Centro Condove, rif. 131978636 ...",Immobiliare.it,,https://www.immobiliare.it/annunci/131978636/,USCITO_MERCATO,False,False,2026-08-27T21:04:17.080020+00:00,2026-08-28T10:58:40.670762+00:00,0,,,125.0,,0,,,,0,0,88,INDIRIZZO_ESTRATTO,ASTA
e3edce2f502064931e02,Condove,via Superga 43,via Superga,appartamento,Vendita Appartamento Sant'Antonino di Susa. Trilocale in via Superga 43 ...,Immobiliare.it,,https://www.immobiliare.it/annunci/127962114/,USCITO_MERCATO,False,False,2026-08-27T21:04:17.080014+00:00,2026-09-12T19:18:03.778802+00:00,15,,,,,0,,,,0,0,33,INDIRIZZO_ESTRATTO,VENDITA
13e99ecb623ea36e926a,Druento,,,altro,"Casa semindipendente in vendita a Druento - Torino. € 179.000, 190 Mq ...",Tecnocasa,,https://www.tecnocasa.it/vendita/rustici-cascine-case/torino/druento/60922588.html,USCITO_MERCATO,False,False,2026-09-18T17:15:59.823900+00:00,2026-09-18T17:15:59.823901+00:00,0,179000.0,,190.0,942.11,0,,,,0,0,10,URL_DETTAGLIO_PORTALE,AGENZIA
98444d55edbdcb81125b,Druento,,,altro,Annunci case e appartamenti in vendita e in affitto - Tecnocasa.it,Tecnocasa,,https://www.tecnocasa.it/vendita/box-posti-auto/torino/druento/61100607.html,USCITO_MERCATO,False,False,2026-09-18T17:15:59.823926+00:00,2026-09-18T17:15:59.823927+00:00,0,8000.0,,,,0,,,,0,0,10,URL_DETTAGLIO_PORTALE,"AGENZIA,LOCAZIONE"
4eae1d8d3083afaeadd6,Druento,,,appartamento,"Quadrilocale in vendita a Druento - Torino. € 248.000, 110 Mq ...",Tecnocasa,,https://www.tecnocasa.it/vendita/appartamenti/torino/druento/61056709.html,USCITO_MERCATO,False,False,2026-09-18T17:15:59.823883+00:00,2026-09-18T17:15:59.823884+00:00,0,248000.0,,110.0,2254.55,0,,,,0,0,10,URL_DETTAGLIO_PORTALE,AGENZIA
8c453b66ecbc647167fa,Druento,,,appartamento,Annunci case e appartamenti in vendita e in affitto - Tecnocasa.it,Tecnocasa,,https://www.tecnocasa.it/vendita/appartamenti/torino/druento/61270615.html,USCITO_MERCATO,False,False,2026-09-18T17:15:59.823865+00:00,2026-09-18T17:15:59.823867+00:00,0,234000.0,,100.0,2340.0,0,,,,0,0,10,URL_DETTAGLIO_PORTALE,"AGENZIA,LOCAZIONE"
9c60b01336d419d65ebb,Druento,,,appartamento,"Trilocale in vendita a Druento - Torino. € 158.000, 90 Mq - Tecnocasa ...",Tecnocasa,,https://www.tecnocasa.it/vendita/appartamenti/torino/druento/61203631.html,USCITO_MERCATO,False,False,2026-09-18T17:15:59.823891+00:00,2026-09-18T17:15:59.823893+00:00,0,158000.0,,90.0,1755.56,0,,,,0,0,10,URL_DETTAGLIO_PORTALE,AGENZIA
befaa1ba91e79f5ca29f,Druento,,,appartamento,"Bilocale in vendita a Druento - Torino. € 125.000, 65 Mq - Tecnocasa.it",Tecnocasa,,https://www.tecnocasa.it/vendita/appartamenti/torino/druento/61076814.html,USCITO_MERCATO,False,False,2026-09-18T17:15:59.823875+00:00,2026-09-18T17:15:59.823876+00:00,0,125000.0,,65.0,1923.08,0,,,,0,0,10,URL_DETTAGLIO_PORTALE,AGENZIA
3701a563137b051fa750,Druento,,,casa indipendente,Casa indipendente in Vendita a Druento | Euro 139.000 | Mq 100,Tempocasa,,https://tempocasa.it/it/vendita/torino/druento/casa-indipendente/13556200,USCITO_MERCATO,False,False,2026-09-13T09:37:53.088229+00:00,2026-09-14T12:27:12.113098+00:00,1,139000.0,,100.0,1390.0,0,,,,0,0,26,URL_DETTAGLIO_PORTALE,VENDITA
4352d5829c815730d4ae,Druento,,,commerciale,Affitto e vendita capannoni e magazzini a Druento centro città - Bakeca,Bakeca privati,,https://torino.bakeca.it/annunci/capannoni-magazzini/luogo/druento/,USCITO_MERCATO,False,False,2026-09-12T10:35:02.923606+00:00,2026-09-16T22:13:22.797949+00:00,4,,,,,0,,,,0,0,17,URL_DETTAGLIO_PORTALE,LOCAZIONE
67b5eec7185129760065,Druento,,,commerciale,"Locale in affitto a Druento, Torino Ovest, Torino - idealista",Idealista,,https://www.idealista.it/immobile/36830298/,TRACKED,True,False,2026-09-17T20:20:41.890391+00:00,2026-09-20T01:04:10.802053+00:00,2,,,40.0,,0,,,,0,0,2,URL_DETTAGLIO_PORTALE,LOCAZIONE
717b663853f1bfcd6662,Druento,,,villa,"Porzione di bifamiliare in vendita a Druento - Torino. € 470.000, 200 ...",Tecnocasa,,https://www.tecnocasa.it/vendita/ville/torino/druento/61077825.html,USCITO_MERCATO,False,False,2026-09-18T17:15:59.823917+00:00,2026-09-18T17:15:59.823919+00:00,0,470000.0,,,,0,,,,0,0,10,URL_DETTAGLIO_PORTALE,"AGENZIA,CANTIERE"
ad0a4388a29d00ad33c0,Druento,,,villa,"Villa singola in vendita a Druento - Torino. € 465.000, 240 Mq ...",Tecnocasa,,https://www.tecnocasa.it/vendita/ville/torino/druento/61004991.html,USCITO_MERCATO,False,False,2026-09-18T17:15:59.823909+00:00,2026-09-18T17:15:59.823910+00:00,0,465000.0,,240.0,1937.5,0,,,,0,0,10,URL_DETTAGLIO_PORTALE,"AGENZIA,CANTIERE"
e2c4722774e910fefb25,Druento,,,villa,"Vendita Villa a schiera Druento. Nuova, posto auto, con terrazza ...",Immobiliare.it,,https://www.immobiliare.it/annunci/101317525/,TRACKED,True,False,2026-09-08T06:35:04.157761+00:00,2026-09-20T11:10:13.479342+00:00,12,,,,,0,,,,0,0,0,URL_DETTAGLIO_PORTALE,VENDITA
01e2391430f33dc58cbf,Druento,Largo Oropa 1,Largo Oropa,commerciale,Locale commerciale in Vendita in Largo Oropa 1 a Druento,Casa.it,,https://www.casa.it/immobili/54666277/,USCITO_MERCATO,False,False,2026-09-08T21:57:25.795490+00:00,2026-09-13T09:37:53.088247+00:00,4,,,,,0,,,,0,0,32,INDIRIZZO_ESTRATTO,VENDITA
08477c01c3dd9935adfc,Druento,Strada Rive 33,Strada Rive,casa indipendente,Vendita Terratetto unifamiliare in Strada Rive 33 Druento. Da ...,Immobiliare.it,,https://www.immobiliare.it/annunci/132364502/,TRACKED,True,False,2026-09-11T13:39:24.924063+00:00,2026-09-20T11:10:13.479294+00:00,8,,,,,0,,,,0,0,0,INDIRIZZO_ESTRATTO,"VENDITA,AGENZIA"
f5bdf8e6f1911551b141,Druento,Strada San Gillio 41,Strada San Gillio,villa,Vendita Villa bifamiliare in Strada San Gillio 41 Druento. Ottimo stato ...,Immobiliare.it,,https://www.immobiliare.it/annunci/132160494/,USCITO_MERCATO,False,False,2026-09-08T06:35:04.157768+00:00,2026-09-08T18:39:29.644441+00:00,0,,,336.0,,0,,,,0,0,54,INDIRIZZO_ESTRATTO,VENDITA
535314fea045b20a5a54,Druento,"Via Druento, 364",Via Druento,appartamento,"Bilocale in vendita in Via Druento, 364, Venaria Reale - idealista",Idealista,,https://www.idealista.it/immobile/36749066/,USCITO_MERCATO,False,False,2026-09-08T11:07:58.868580+00:00,2026-09-08T11:07:58.868581+00:00,0,114000.0,,55.0,2072.73,0,,,,0,0,55,INDIRIZZO_ESTRATTO,VENDITA
846a0ac8655b7f5ef2c2,Druento,"Via Druento, 160",Via Druento,appartamento,"Quadrilocale in vendita in Via Druento, 160, Venaria Reale - idealista",Idealista,,https://www.idealista.it/immobile/36718164/,USCITO_MERCATO,False,False,2026-09-08T11:07:58.868575+00:00,2026-09-08T11:07:58.868576+00:00,0,,,,,0,,,,0,0,55,INDIRIZZO_ESTRATTO,VENDITA
d206a5c8eb2c35c9845b,Druento,Via Druento,Via Druento,appartamento,"Trilocale in vendita in Via Druento, Casalotti, Roma - idealista",Idealista,,https://www.idealista.it/immobile/36737088/,USCITO_MERCATO,False,False,2026-09-08T11:07:58.868569+00:00,2026-09-08T11:07:58.868570+00:00,0,259000.0,,80.0,3237.5,0,,,,0,0,55,INDIRIZZO_ESTRATTO,VENDITA
ddf1efa888a46c155fa5,Druento,"Via Druento, 178",Via Druento,appartamento,"Trilocale in vendita in Via Druento, 178 - idealista",Idealista,,https://www.idealista.it/immobile/35488777/,USCITO_MERCATO,False,False,2026-09-08T11:07:58.868564+00:00,2026-09-08T11:07:58.868566+00:00,0,,,,,0,,,,0,0,55,INDIRIZZO_ESTRATTO,VENDITA
ec320d1512050b76f518,Druento,"Via Druento, 9",Via Druento,appartamento,"Quadrilocale in vendita in Via Druento, 9, Casalotti, Roma - idealista",Idealista,,https://www.idealista.it/immobile/36734414/,USCITO_MERCATO,False,False,2026-09-08T11:07:58.868558+00:00,2026-09-08T11:07:58.868559+00:00,0,289000.0,,100.0,2890.0,0,,,,0,0,55,INDIRIZZO_ESTRATTO,VENDITA
fbbea925da5c023edd18,Druento,"Via Druento, 16",Via Druento,appartamento,"Bilocale in vendita in Via Druento, 16, San Gillio - idealista",Idealista,,https://www.idealista.it/immobile/36822332/,USCITO_MERCATO,False,False,2026-09-17T23:05:00.275523+00:00,2026-09-17T23:05:00.275525+00:00,0,119000.0,,80.0,1487.5,0,,,,0,0,12,INDIRIZZO_ESTRATTO,VENDITA
71d4e33a4646f10441c3,Druento,"Via Garibaldi, 5",Via Garibaldi,appartamento,"Quadrilocale in vendita in Via Garibaldi, 5, Druento - idealista",Idealista,,https://www.idealista.it/immobile/36834866/,USCITO_MERCATO,False,False,2026-09-17T23:05:00.275506+00:00,2026-09-17T23:05:00.275507+00:00,0,234000.0,,100.0,2340.0,0,,,,0,0,12,INDIRIZZO_ESTRATTO,VENDITA
e9b521bcf53d8ddcf952,Druento,"Via Garibaldi, 5",Via Garibaldi,appartamento,"Monolocale in vendita in Via Garibaldi, 5, Druento - idealista",Idealista,,https://www.idealista.it/immobile/36844560/,USCITO_MERCATO,False,False,2026-09-17T23:05:00.275514+00:00,2026-09-17T23:05:00.275516+00:00,0,30000.0,,32.0,937.5,0,,,,0,0,12,INDIRIZZO_ESTRATTO,VENDITA
04c45f1f00e788c7371b,Druento,"Via Manzoni, 14",Via Manzoni,appartamento,"Trilocale in vendita in Via Manzoni, 14, Druento - idealista",Idealista,,https://www.idealista.it/immobile/36829713/,USCITO_MERCATO,False,False,2026-09-17T23:05:00.275496+00:00,2026-09-17T23:05:00.275498+00:00,0,129000.0,,79.0,1632.91,0,,,,0,0,12,INDIRIZZO_ESTRATTO,VENDITA
9e910981e1ae16a1b9bb,Druento,"Vicolo Brunetta, 4",Vicolo Brunetta,appartamento,"Appartamento in vendita in Vicolo Brunetta, 4, Druento - idealista",Idealista,,https://www.idealista.it/immobile/36790883/,USCITO_MERCATO,False,False,2026-09-16T04:54:00.959199+00:00,2026-09-16T04:54:00.959200+00:00,0,298000.0,,120.0,2483.33,0,,,,0,0,20,INDIRIZZO_ESTRATTO,VENDITA
8025362509de4976d87e,Druento,"Vicolo Coenda, 9",Vicolo Coenda,appartamento,"Casa indipendente in vendita in Vicolo Coenda, 9, Druento - idealista",Idealista,,https://www.idealista.it/immobile/31407076/,USCITO_MERCATO,False,False,2026-09-08T11:07:58.868586+00:00,2026-09-08T11:07:58.868587+00:00,0,,,,,0,,,,0,0,55,INDIRIZZO_ESTRATTO,VENDITA
d639b3bc73725220095f,Druento,"strada Balmera, 6",strada Balmera,villa,"Vendita Villa unifamiliare in strada Balmera, 6 Druento. Buono stato ...",Immobiliare.it,,https://www.immobiliare.it/annunci/125066129/,TRACKED,True,False,2026-09-15T13:33:03.393912+00:00,2026-09-20T06:08:00.346512+00:00,4,,,200.0,,0,,,,0,0,1,INDIRIZZO_ESTRATTO,VENDITA
1edfe0ad81dab01a8b4c,Druento,via Druento 9,via Druento,appartamento,Vendita Appartamento Roma. Trilocale in via Druento 9. Buono stato ...,Immobiliare.it,,https://www.immobiliare.it/annunci/132370990/,USCITO_MERCATO,False,False,2026-09-14T18:41:54.043636+00:00,2026-09-14T18:41:54.043638+00:00,0,,,,,0,,,,0,0,25,INDIRIZZO_ESTRATTO,VENDITA
a36de310a58ad64f13d3,Druento,via Druento 150,via Druento,appartamento,Vendita Appartamento Venaria Reale. Quadrilocale in via Druento 150 ...,Immobiliare.it,,https://www.immobiliare.it/annunci/127041063/,POSSIBILE_USCITA,False,False,2026-09-08T06:35:04.157781+00:00,2026-09-19T20:30:44.817111+00:00,11,,,,,0,,,,0,0,4,INDIRIZZO_ESTRATTO,VENDITA
1595fb29f6d664d3ea3e,Druento,via Druento San Gillio. Nuova,via Druento San Gillio. Nuova,villa,"Vendita Villa bifamiliare in via Druento San Gillio. Nuova, posto auto ...",Immobiliare.it,,https://www.immobiliare.it/annunci/128492974/,POSSIBILE_USCITA,False,False,2026-09-08T06:35:04.157774+00:00,2026-09-19T20:30:44.817147+00:00,11,,,,,0,,,,0,0,4,INDIRIZZO_ESTRATTO,VENDITA
e5aa4bdf39c1995c3278,Druento,via Druento viale Aldo Moro Pianezza. Nuovo,via Druento viale Aldo Moro Pianezza. Nuovo,altro,"Vendita Attico in via Druento viale Aldo Moro Pianezza. Nuovo, posto ...",Immobiliare.it,,https://www.immobiliare.it/annunci/121284666/,TRACKED,True,False,2026-09-19T10:47:39.484796+00:00,2026-09-20T06:08:00.346516+00:00,1,,,,,0,,,,0,0,1,INDIRIZZO_ESTRATTO,VENDITA
494771cd92162055c3f6,Druento,via Druento. Buono stato,via Druento. Buono stato,appartamento,"Vendita Appartamento Roma. Trilocale in via Druento. Buono stato, terzo ...",Immobiliare.it,,https://www.immobiliare.it/annunci/132202026/,USCITO_MERCATO,False,False,2026-09-09T23:18:34.768013+00:00,2026-09-09T23:18:34.768015+00:00,0,,,,,0,,,,0,0,48,INDIRIZZO_ESTRATTO,VENDITA
d63161074202df16b3cd,Druento,via Garibaldi 5,via Garibaldi,appartamento,Vendita Appartamento Druento. Bilocale in via Garibaldi 5. Da ...,Immobiliare.it,,https://www.immobiliare.it/annunci/132505090/,POSSIBILE_USCITA,False,False,2026-09-17T11:30:50.190354+00:00,2026-09-19T18:06:37.666648+00:00,2,,,60.0,,0,,,,0,0,5,INDIRIZZO_ESTRATTO,VENDITA
970818ffc09385c54e28,Druento,via Giosuè Carducci 1,via Giosuè Carducci,villa,Vendita Appartamento Druento. Trilocale in via Giosuè Carducci 1. Buono ...,Immobiliare.it,,https://www.immobiliare.it/annunci/124118677/,TRACKED,True,False,2026-09-08T06:35:04.157745+00:00,2026-09-20T11:10:13.479335+00:00,12,,,,,0,,,,0,0,0,INDIRIZZO_ESTRATTO,VENDITA
de8b4a6f9896cdc4be61,Druento,"via Italia, 7",via Italia,appartamento,"Asta per appartamento, via Italia, 7 Druento, rif. 132334064 ...",Immobiliare.it,,https://www.immobiliare.it/annunci/132334064/,USCITO_MERCATO,False,False,2026-09-11T23:19:47.989377+00:00,2026-09-11T23:19:47.989380+00:00,0,22500.0,,50.0,450.0,0,,,,0,0,38,INDIRIZZO_ESTRATTO,ASTA
947224871ee2ead2964c,Druento,via Madonna 19,via Madonna,villa,Vendita Villa bifamiliare in via Madonna 19 Druento. Ottimo stato ...,Immobiliare.it,,https://www.immobiliare.it/annunci/131595750/,TRACKED,True,False,2026-09-08T06:35:04.157739+00:00,2026-09-20T11:10:13.479321+00:00,12,,,400.0,,0,,,,0,0,0,INDIRIZZO_ESTRATTO,VENDITA
5fc46240330af6a19de4,Druento,via San Giovanni Bosco,via San Giovanni Bosco,appartamento,"Vendita Appartamento in via San Giovanni Bosco , snc. Druento. Nuovo ...",Immobiliare.it,,https://www.immobiliare.it/annunci/125117893/,TRACKED,True,False,2026-09-20T01:04:10.802095+00:00,2026-09-20T06:08:00.346500+00:00,0,,,,,0,,,,0,0,1,INDIRIZZO_ESTRATTO,VENDITA
015baeac897c2563729e,Druento,"via Torino, 43",via Torino,appartamento,"Vendita Appartamento Druento. Bilocale in via Torino, 43. Ottimo stato ...",Immobiliare.it,,https://www.immobiliare.it/annunci/130980746/,TRACKED,True,False,2026-09-15T01:31:48.170408+00:00,2026-09-20T11:10:13.479315+00:00,5,,,,,0,,,,0,0,0,INDIRIZZO_ESTRATTO,VENDITA
8f524f5c61f7b28d3a39,Druento,via Torino Druento 364,via Torino Druento,appartamento,Vendita Appartamento Venaria Reale. Trilocale in via Torino Druento 364 ...,Immobiliare.it,,https://www.immobiliare.it/annunci/132294828/,NEW,True,False,2026-09-20T11:10:13.479329+00:00,2026-09-20T11:10:13.479330+00:00,0,,,,,0,,,,0,0,0,INDIRIZZO_ESTRATTO,VENDITA
762c0f40d29bf2329301,Druento,via Vittorio Alfieri Druento. Da,via Vittorio Alfieri Druento. Da,casa indipendente,Vendita Terratetto unifamiliare in via Vittorio Alfieri Druento. Da ...,Immobiliare.it,,https://www.immobiliare.it/annunci/131892528/,TRACKED,True,False,2026-09-12T05:52:24.477430+00:00,2026-09-20T11:10:13.479302+00:00,8,,,,,0,,,,0,0,0,INDIRIZZO_ESTRATTO,VENDITA
10caefab1b54fbec716f,Druento,via alessandro manzoni 14,via alessandro manzoni,appartamento,Vendita Appartamento Druento. Trilocale in via alessandro manzoni 14 ...,Immobiliare.it,,https://www.immobiliare.it/annunci/132447912/,USCITO_MERCATO,False,False,2026-09-16T14:58:05.671167+00:00,2026-09-17T06:08:55.032209+00:00,0,,,,,0,,,,0,0,16,INDIRIZZO_ESTRATTO,VENDITA
34b6457f6c05c6f6809b,Druento,via brunetta 4,via brunetta,villa,"Vendita Villa bifamiliare in via brunetta 4 Druento. Buono stato, posto ...",Immobiliare.it,,https://www.immobiliare.it/annunci/132343612/,USCITO_MERCATO,False,False,2026-09-11T09:00:35.957905+00:00,2026-09-15T18:17:59.372594+00:00,4,,,,,0,,,,0,0,21,INDIRIZZO_ESTRATTO,VENDITA
1a6993294e9905842fb1,Druento,via don cocchi 6,via don cocchi,casa indipendente,Vendita Terratetto plurifamiliare in via don cocchi 6 Druento. Buono ...,Immobiliare.it,,https://www.immobiliare.it/annunci/126401679/,TRACKED,True,False,2026-09-08T06:35:04.157732+00:00,2026-09-20T11:10:13.479308+00:00,12,,,,,0,,,,0,0,0,INDIRIZZO_ESTRATTO,VENDITA
14de76b9a5e36e16ff29,Druento,via druento 16,via druento,appartamento,Vendita Appartamento San Gillio. Bilocale in via druento 16. Buono ...,Immobiliare.it,,https://www.immobiliare.it/annunci/132429516/,USCITO_MERCATO,False,False,2026-09-18T19:44:01.662122+00:00,2026-09-18T19:44:01.662124+00:00,0,,,,,0,,,,0,0,9,INDIRIZZO_ESTRATTO,VENDITA
326c05b5f6c76f8060a3,Druento,via giuseppe garibaldi 5,via giuseppe garibaldi,appartamento,Vendita Appartamento Druento. Trilocale in via giuseppe garibaldi 5 ...,Immobiliare.it,,https://www.immobiliare.it/annunci/132463120/,USCITO_MERCATO,False,False,2026-09-16T14:58:05.671234+00:00,2026-09-19T10:47:39.484820+00:00,2,,,,,0,,,,0,0,7,INDIRIZZO_ESTRATTO,VENDITA
dfd47d10e7dbf52b54af,Druento,vicolo Brunetta 4,vicolo Brunetta,villa,"Vendita Appartamento in vicolo Brunetta 4. Druento. Buono stato, piano ...",Immobiliare.it,,https://www.immobiliare.it/annunci/132343572/,USCITO_MERCATO,False,False,2026-09-11T13:39:24.924042+00:00,2026-09-16T04:54:00.959122+00:00,4,,,,,0,,,,0,0,20,INDIRIZZO_ESTRATTO,PRIVATO
2db35bb003cf72fdeaa7,Exilles,,,altro,Subito - CASE IN PARELLA sas - BOX A TORINO - Garage e box In affitto a ...,Subito privati,,https://www.subito.it/garage-e-box/box-a-torino-torino-659433587.htm,USCITO_MERCATO,False,False,2026-09-04T16:00:05.401660+00:00,2026-09-04T22:26:36.992052+00:00,0,,,,,0,,,,0,0,17,URL_DETTAGLIO,LOCAZIONE
e0b2e8c5dc2fc3b7ff69,Exilles,,,appartamento,Case e appartamenti a Via Exilles. Immobili in vendita a Via ... - Nestoria,Nestoria,,https://www.nestoria.it/immobiliare/vendita/via-exilles,TRACKED,True,False,2026-09-06T22:17:30.166059+00:00,2026-09-07T04:45:03.056286+00:00,13,,,,,0,,,,0,0,1,INDIRIZZO_NEL_TITOLO,VENDITA
6ec3a65f9f5812030ff1,Exilles,,,rustico/casale,"Vendita Rustico in Grangie Solliet Exilles. 60 m², rif. 98347312",Immobiliare.it,,https://www.immobiliare.it/annunci/98347312/,TRACKED,True,False,2026-09-01T18:58:42.120070+00:00,2026-09-07T10:14:01.140167+00:00,18,,,60.0,,0,,,,0,0,0,URL_DETTAGLIO_PORTALE,VENDITA
de430d027412d6c5b4b3,Exilles,Strada di San Colombano s.n.c,Strada di San Colombano s.n.c,terreno,"Casa di paese in vendita in Strada di San Colombano s.n.c, Exilles ...",Idealista,,https://www.idealista.it/immobile/30857803/,TRACKED,True,False,2026-09-01T18:58:42.120056+00:00,2026-09-07T10:14:01.140159+00:00,18,,,400.0,,0,,,,0,0,0,INDIRIZZO_ESTRATTO,VENDITA
030b38a7c04362250fca,Exilles,"Via Exilles, 70",Via Exilles,appartamento,"Appartamento su due piani in vendita in Via Exilles, 70, Parella ...",Idealista,,https://www.idealista.it/immobile/36733098/,RELISTED,True,False,2026-09-06T04:45:18.783431+00:00,2026-09-07T04:45:03.056327+00:00,14,,,,,0,,,,0,0,1,INDIRIZZO_ESTRATTO,VENDITA
cbe334d06579ddfd3608,Exilles,"Via Exilles, 45",Via Exilles,appartamento,"Trilocale in vendita in Via Exilles, 45 - idealista",Idealista,,https://www.idealista.it/immobile/36678072/,USCITO_MERCATO,False,False,2026-09-06T04:45:18.783425+00:00,2026-09-06T04:45:18.783425+00:00,0,170000.0,,100.0,1700.0,0,,,,0,0,8,INDIRIZZO_ESTRATTO,VENDITA
bbf9ddf29611eb711738,Exilles,frazione Cels Rif Exilles. Buono,frazione Cels Rif Exilles. Buono,casa indipendente,Vendita Terratetto unifamiliare in frazione Cels Rif Exilles. Buono ...,Immobiliare.it,,https://www.immobiliare.it/annunci/131247504/,TRACKED,True,False,2026-09-01T18:58:42.120100+00:00,2026-09-07T00:44:29.375595+00:00,18,,,,,0,,,,0,0,2,INDIRIZZO_ESTRATTO,VENDITA
6340cfcb77458a869fba,Exilles,via Exilles 70,via Exilles,altro,"Vendita Attico in via Exilles 70 Torino. Ottimo stato, posto auto, con ...",Immobiliare.it,,https://www.immobiliare.it/annunci/132170686/,TRACKED,True,False,2026-09-03T18:47:06.318582+00:00,2026-09-07T10:14:01.140183+00:00,16,,,,,0,,,,0,0,0,INDIRIZZO_ESTRATTO,VENDITA
14a48738c99b4fcfbc54,Exilles,via Exilles 33,via Exilles,appartamento,Vendita Appartamento Torino. Quadrilocale in via Exilles 33. Ottimo ...,Immobiliare.it,,https://www.immobiliare.it/annunci/127962714/,USCITO_MERCATO,False,False,2026-09-01T18:58:42.120082+00:00,2026-09-02T12:02:41.370099+00:00,0,,,,,0,,,,0,0,26,INDIRIZZO_ESTRATTO,VENDITA
7d164fcdebcf1e6ea825,Exilles,via Exilles 36,via Exilles,appartamento,"Vendita Attico in via Exilles 36 Torino. Buono stato, con terrazza, rif ...",Immobiliare.it,,https://www.immobiliare.it/annunci/128415124/,TRACKED,True,False,2026-09-01T18:58:42.120094+00:00,2026-09-07T10:14:01.140191+00:00,18,,,,,0,,,,0,0,0,INDIRIZZO_ESTRATTO,VENDITA
aa26392f42bc5a9e9428,Exilles,via Exilles 45,via Exilles,appartamento,Vendita Appartamento Torino. Trilocale in via Exilles 45. Buono stato ...,Immobiliare.it,,https://www.immobiliare.it/annunci/132066874/,USCITO_MERCATO,False,False,2026-09-01T18:58:42.120076+00:00,2026-09-06T09:36:38.462716+00:00,4,,,,,0,,,,0,0,7,INDIRIZZO_ESTRATTO,VENDITA
fca9880e7d0aaaa8cbf3,Exilles,via exilles 30,via exilles,altro,"Box via exilles 30, Torino, Rif. 132170194 - Immobiliare.it",Immobiliare.it,,https://www.immobiliare.it/annunci/132170194/,USCITO_MERCATO,False,False,2026-09-04T16:00:05.401666+00:00,2026-09-05T09:19:10.296327+00:00,0,,,,,0,,,,0,0,14,INDIRIZZO_ESTRATTO,LOCAZIONE
ebae5ed23543d9aff3fc,Exilles,via exilles 84,via exilles,appartamento,Vendita Appartamento Torino. Quadrilocale in via exilles 84. Ottimo ...,Immobiliare.it,,https://www.immobiliare.it/annunci/131138930/,TRACKED,True,False,2026-09-01T18:58:42.120088+00:00,2026-09-07T10:14:01.140176+00:00,18,,,,,0,,,,0,0,0,INDIRIZZO_ESTRATTO,VENDITA
13b5cc1ebfd591a06d6e,Ferriera di Buttigliera Alta,,,appartamento,"Vendita Appartamento Buttigliera Alta. Quadrilocale, Buono stato ...",Immobiliare.it,,https://www.immobiliare.it/annunci/126018945/,TRACKED,True,False,2026-09-04T12:01:02.700097+00:00,2026-09-07T10:14:01.140206+00:00,15,,,90.0,,0,,,,0,0,0,URL_DETTAGLIO_PORTALE,AGENZIA
0296a08088353141a696,Ferriera di Buttigliera Alta,Via Cavallo Grigio a,Via Cavallo Grigio a,villa,Villetta a schiera in Vendita in Via Cavallo Grigio a ... - Casa.it,Casa.it,,https://www.casa.it/immobili/54663965/,USCITO_MERCATO,False,False,2026-09-04T16:00:05.401712+00:00,2026-09-06T04:45:18.783440+00:00,1,275000.0,,240.0,1145.83,0,,,,0,0,8,INDIRIZZO_ESTRATTO,VENDITA
0614c9f97b6b32e74ba7,Ferriera di Buttigliera Alta,"strada Antica di Francia, 49",strada Antica di Francia,villa,"Villetta a schiera in vendita in strada Antica di Francia, 49",Idealista,,https://www.idealista.it/immobile/31064579/,USCITO_MERCATO,False,False,2026-09-06T09:36:38.462774+00:00,2026-09-06T09:36:38.462777+00:00,0,,,,,0,,,,0,0,7,INDIRIZZO_ESTRATTO,VENDITA
25c63f8a7f4ba091b44a,Ferriera di Buttigliera Alta,"via Capoluogo, 13",via Capoluogo,appartamento,"Bilocale in vendita in via Capoluogo, 13 - idealista",Idealista,,https://www.idealista.it/immobile/30469959/,USCITO_MERCATO,False,False,2026-09-06T09:36:38.462763+00:00,2026-09-06T09:36:38.462766+00:00,0,,,,,0,,,,0,0,7,INDIRIZZO_ESTRATTO,VENDITA
3a4c608bae404af1e606,Ferriera di Buttigliera Alta,via Rocciamelone 5,via Rocciamelone,appartamento,Vendita Appartamento Buttigliera Alta. Trilocale in via Rocciamelone 5 ...,Immobiliare.it,,https://www.immobiliare.it/annunci/124379107/,RELISTED,True,False,2026-09-05T16:59:36.015121+00:00,2026-09-07T10:14:01.140213+00:00,14,,,,,0,,,,0,0,0,INDIRIZZO_ESTRATTO,VENDITA
16a01719efecececa54f,Ferriera di Buttigliera Alta,via dei Comuni 5,via dei Comuni,appartamento,Vendita Appartamento Buttigliera Alta. Trilocale in via dei Comuni 5 ...,Immobiliare.it,,https://www.immobiliare.it/annunci/121070962/,POSSIBILE_USCITA,False,False,2026-09-06T22:17:30.166118+00:00,2026-09-06T22:17:30.166120+00:00,0,,,83.0,,0,,,,0,0,3,INDIRIZZO_ESTRATTO,VENDITA
65a8ce7227f456e2322c,Ferriera di Buttigliera Alta,via del Cavallo Grigio Buttigliera Alta,via del Cavallo Grigio Buttigliera Alta,villa,Vendita Villa a schiera in via del Cavallo Grigio Buttigliera Alta ...,Immobiliare.it,,https://www.immobiliare.it/annunci/132167622/,USCITO_MERCATO,False,False,2026-09-04T07:52:28.839694+00:00,2026-09-04T12:01:02.700087+00:00,0,275000.0,,,,0,,,,0,0,20,INDIRIZZO_ESTRATTO,VENDITA
57e99344f43cefc00171,Ferriera di Buttigliera Alta,via della Torre 36,via della Torre,appartamento,Vendita Appartamento in via della Torre 36. Buttigliera Alta. Buono ...,Immobiliare.it,,https://www.immobiliare.it/annunci/130723758/,TRACKED,True,False,2026-09-05T16:59:36.015116+00:00,2026-09-07T10:14:01.140225+00:00,14,,,152.0,,0,,,,0,0,0,INDIRIZZO_ESTRATTO,VENDITA
3103beeb51ec9414ba89,Fiano,,,commerciale,Ufficio in Affitto a Fiano Romano - 100mq - Casa.it,Casa.it,,https://www.casa.it/immobili/54214488/,NEW,True,False,2026-09-20T11:10:13.479388+00:00,2026-09-20T11:10:13.479389+00:00,0,,,100.0,,0,,,,0,0,0,URL_DETTAGLIO_PORTALE,LOCAZIONE
5fffd27d5d6cf12a0408,Fiano,,,commerciale,"Ufficio - Studio con ascensore, Fiano Romano, Rif. 132268186 ...",Immobiliare.it,,https://www.immobiliare.it/annunci/132268186/,POSSIBILE_USCITA,False,False,2026-09-18T19:44:01.662200+00:00,2026-09-19T23:00:29.357621+00:00,1,,,60.0,,0,,,,0,0,3,URL_DETTAGLIO_PORTALE,LOCAZIONE
df5b0bc0634d309350e6,Fiano,,,commerciale,"Ufficio - Studio in vendita, Fiano Romano, Rif. 123047681 - Immobiliare.it",Immobiliare.it,,https://www.immobiliare.it/annunci/123047681/,USCITO_MERCATO,False,False,2026-09-09T04:02:27.437903+00:00,2026-09-17T11:30:50.190399+00:00,8,,,80.0,,0,,,,0,0,15,URL_DETTAGLIO_PORTALE,VENDITA
1242eef75dba270ad055,Fiano,,,villa,"Vendita Villa unifamiliare in Rotta Fiano Fiano. Ottimo stato, con ...",Immobiliare.it,,https://www.immobiliare.it/annunci/128936310/,TRACKED,True,False,2026-09-08T06:35:04.157828+00:00,2026-09-20T11:10:13.479460+00:00,12,,,,,0,,,,0,0,0,URL_DETTAGLIO_PORTALE,VENDITA
191068f525f5b5b8ca6b,Fiano,,,villa,"Vendita Villa unifamiliare in Rotta Fiano Fiano. Buono stato, posto ...",Immobiliare.it,,https://www.immobiliare.it/annunci/132333578/,USCITO_MERCATO,False,False,2026-09-13T18:14:54.119745+00:00,2026-09-13T20:46:02.146666+00:00,0,,,619.0,,0,,,,0,0,29,URL_DETTAGLIO_PORTALE,VENDITA
48d2a26245c24cd969f1,Fiano,,,villa,Villa Via Padova Fiano Romano - 6 case in vendita in Fiano de Nuroa.it,Mercato residenziale,,https://www.nuroa.it/vendita-immobili/villa-via-padova-fiano-romano,USCITO_MERCATO,False,False,2026-09-18T17:15:59.823960+00:00,2026-09-18T17:15:59.823961+00:00,0,,,800.0,,0,,,,0,0,10,INDIRIZZO_NEL_TITOLO,PRIVATO
949a5661fc274f527a2b,Fiano,,,villa,10 immobili villa via padova in vendita a Fiano Romano,Trovit,,https://case.trovit.it/villa-via-padova-fiano-romano,RELISTED,True,False,2026-09-13T14:26:02.555738+00:00,2026-09-20T11:10:13.479369+00:00,6,65000.0,70000.0,,,1,2026-09-17T16:48:02.647745+00:00,2026-09-17T16:48:02.647745+00:00,4,7.14,0,0,INDIRIZZO_NEL_TITOLO,VENDITA
9553f4af2540981fdc05,Fiano,,,villa,"Vendita Villa unifamiliare in Rotta Golf, 37 Fiano. Ottimo stato, posto ...",Immobiliare.it,,https://www.immobiliare.it/annunci/123655979/,TRACKED,True,False,2026-09-10T05:58:05.661009+00:00,2026-09-20T06:08:00.346626+00:00,10,,,,,0,,,,0,0,1,URL_DETTAGLIO_PORTALE,VENDITA
a9d9cba4f6734ca0fc1e,Fiano,,,villa,Annunci di villa in vendita a Fiano Romano centro città Settembre 2026 ...,Bakeca privati,,https://roma.bakeca.it/annunci/vendita-case/luogo/Fiano+Romano/tipoimmobile/villa/,USCITO_MERCATO,False,False,2026-09-09T23:18:34.768042+00:00,2026-09-13T20:46:02.146564+00:00,3,,,,,0,,,,0,0,29,URL_DETTAGLIO_PORTALE,VENDITA
eb4a3976929192454177,Fiano,,,villa,Vendita Villa unifamiliare in LocalitÃ CONTRADA BORE DI FIANO Monte ...,Immobiliare.it,,https://www.immobiliare.it/annunci/131997184/,TRACKED,True,False,2026-09-08T06:35:04.157834+00:00,2026-09-20T11:10:13.479466+00:00,12,,,,,0,,,,0,0,0,URL_DETTAGLIO_PORTALE,VENDITA
fe15176d63fe847f210d,Fiano,,,villa,"Vendita Villa unifamiliare in Montebasso, 12 Fiano. Buono stato, posto ...",Immobiliare.it,,https://www.immobiliare.it/annunci/121518168/,USCITO_MERCATO,False,False,2026-09-15T13:33:03.394072+00:00,2026-09-17T11:30:50.190489+00:00,1,,,,,0,,,,0,0,15,URL_DETTAGLIO_PORTALE,VENDITA
691559ece1b17e662933,Fiano,Strada Provinciale 11b,Strada Provinciale,villa,Villetta bifamiliare in vendita in Strada Provinciale 11b s.n.c,Idealista,,https://www.idealista.it/immobile/35386209/,USCITO_MERCATO,False,False,2026-09-10T15:11:09.214895+00:00,2026-09-16T14:58:05.671290+00:00,5,,,,,0,,,,0,0,19,INDIRIZZO_ESTRATTO,VENDITA
ba03b714f7dddffa6f80,Fiano,Via Guglielmo Marconi,Via Guglielmo Marconi,altro,"Magazzino in Vendita, Via Guglielmo Marconi, Fiano Romano",Wikicasa,,https://www.wikicasa.it/annuncio/30771585,USCITO_MERCATO,False,False,2026-09-09T17:56:58.703386+00:00,2026-09-11T17:53:32.667895+00:00,1,,,95.0,,0,,,,0,0,39,INDIRIZZO_ESTRATTO,VENDITA
4f179d5ea52806fc1422,Fiano,via Capodimonte 42,via Capodimonte,villa,Vendita Villa unifamiliare in via Capodimonte 42 Fiano Romano. Buono ...,Immobiliare.it,,https://www.immobiliare.it/annunci/130454196/,USCITO_MERCATO,False,False,2026-09-08T06:35:04.157870+00:00,2026-09-10T15:11:09.214950+00:00,2,,,,,0,,,,0,0,44,INDIRIZZO_ESTRATTO,LOCAZIONE
882403e1649866fdabf1,Fiano,via Firenze 32,via Firenze,villa,Vendita Villa unifamiliare in via Firenze 32 Fiano Romano. Ottimo stato ...,Immobiliare.it,,https://www.immobiliare.it/annunci/130921072/,USCITO_MERCATO,False,False,2026-09-08T18:39:29.644559+00:00,2026-09-12T17:06:03.935502+00:00,3,,,,,0,,,,0,0,34,INDIRIZZO_ESTRATTO,PRIVATO
bb8fd7c8293011688f9a,Fiano,via Firenze 144,via Firenze,villa,Vendita Villa unifamiliare in via Firenze 144 Fiano Romano. Ottimo ...,Immobiliare.it,,https://www.immobiliare.it/annunci/132208090/,USCITO_MERCATO,False,False,2026-09-09T17:56:58.703398+00:00,2026-09-18T19:44:01.662222+00:00,9,,,130.0,,0,,,,0,0,9,INDIRIZZO_ESTRATTO,"VENDITA,LOCAZIONE"
51c88c499b3774a50bb0,Fiano,via Giovanni Agnelli Fiano. Buono stato,via Giovanni Agnelli Fiano. Buono stato,villa,Vendita Villa unifamiliare in via Giovanni Agnelli Fiano. Buono stato ...,Immobiliare.it,,https://www.immobiliare.it/annunci/125156959/,USCITO_MERCATO,False,False,2026-09-08T06:35:04.157862+00:00,2026-09-08T21:57:25.795648+00:00,0,850000.0,,,,0,,,,0,0,53,INDIRIZZO_ESTRATTO,VENDITA
85abad4f7e5ec70cd207,Fiano,via Lanzo 90,via Lanzo,villa,"Vendita Villa unifamiliare in via Lanzo 90 Fiano. Ottimo stato, posto ...",Immobiliare.it,,https://www.immobiliare.it/annunci/119636596/,USCITO_MERCATO,False,False,2026-09-16T14:58:05.671374+00:00,2026-09-18T19:44:01.662245+00:00,2,,,,,0,,,,0,0,9,INDIRIZZO_ESTRATTO,VENDITA
13a678ce3307aa307b07,Fiano,via Milano 31,via Milano,appartamento,Vendita Appartamento Fiano Romano. Trilocale in via Milano 31. Buono ...,Immobiliare.it,,https://www.immobiliare.it/annunci/132445282/,USCITO_MERCATO,False,False,2026-09-16T04:54:00.959264+00:00,2026-09-17T06:08:55.032339+00:00,1,,,,,0,,,,0,0,16,INDIRIZZO_ESTRATTO,VENDITA
1da30ec6352dc88fde99,Fiano,via Padova 139,via Padova,villa,Vendita Villa unifamiliare in via Padova 139 Fiano Romano. Ottimo stato ...,Immobiliare.it,,https://www.immobiliare.it/annunci/132251942/,USCITO_MERCATO,False,False,2026-09-09T17:56:58.703439+00:00,2026-09-10T15:11:09.214976+00:00,0,,,,,0,,,,0,0,44,INDIRIZZO_ESTRATTO,VENDITA
ee16ecf3fdff88d7c9c5,Fiano,via Padova Fiano Romano. Ottimo stato,via Padova Fiano Romano. Ottimo stato,villa,Vendita Villa bifamiliare in via Padova Fiano Romano. Ottimo stato ...,Immobiliare.it,,https://www.immobiliare.it/annunci/130943372/,POSSIBILE_USCITA,False,False,2026-09-08T06:35:04.157850+00:00,2026-09-19T23:00:29.357707+00:00,11,,,800.0,,0,,,,0,0,3,INDIRIZZO_ESTRATTO,PRIVATO
f08da1b9e65bf24214fb,Fiano,"via Palermo, 8",via Palermo,villa,"Vendita Villa bifamiliare in via Palermo, 8 Fiano Romano. Buono stato ...",Immobiliare.it,,https://www.immobiliare.it/annunci/132336000/,USCITO_MERCATO,False,False,2026-09-12T05:52:24.477548+00:00,2026-09-12T14:11:38.611842+00:00,0,,,,,0,,,,0,0,35,INDIRIZZO_ESTRATTO,VENDITA
1b929d6f0337296db202,Fiano,via Palmiro Togliatti 27,via Palmiro Togliatti,appartamento,Vendita Appartamento Fiano Romano. Bilocale in via Palmiro Togliatti 27 ...,Immobiliare.it,,https://www.immobiliare.it/annunci/132196572/,USCITO_MERCATO,False,False,2026-09-09T04:02:27.437967+00:00,2026-09-09T20:56:38.869392+00:00,0,,,,,0,,,,0,0,49,INDIRIZZO_ESTRATTO,VENDITA
a742c20a7621e1d8c7df,Fiano,via Roma 8,via Roma,appartamento,"Vendita Appartamento Fiano. Trilocale in via Roma 8. Buono stato, posto ...",Immobiliare.it,,https://www.immobiliare.it/annunci/129791068/,TRACKED,True,False,2026-09-19T06:11:00.696121+00:00,2026-09-20T11:10:13.479417+00:00,1,,,225.0,,0,,,,0,0,0,INDIRIZZO_ESTRATTO,VENDITA
a5f71a0129313d5afd15,Fiano,via San Sebastiano 6,via San Sebastiano,villa,"Villa unifamiliare via San Sebastiano 6, Fiano Romano",Immobiliare.it,,https://www.immobiliare.it/annunci/127777770/,USCITO_MERCATO,False,False,2026-09-10T18:28:14.181127+00:00,2026-09-15T13:33:03.394045+00:00,4,,,,,0,,,,0,0,22,INDIRIZZO_ESTRATTO,LOCAZIONE
b7e2a2a3c2ff574cd3de,Fiano,via Susa 22,via Susa,villa,"Vendita Villa unifamiliare in via Susa 22 Fiano. Buono stato, posto ...",Immobiliare.it,,https://www.immobiliare.it/annunci/127988602/,TRACKED,True,False,2026-09-10T18:28:14.181141+00:00,2026-09-20T11:10:13.479436+00:00,9,,,,,0,,,,0,0,0,INDIRIZZO_ESTRATTO,VENDITA
970cca5d40f237144e6a,Fiano,"via Tiberina, 81",via Tiberina,commerciale,"Locale commerciale via Tiberina, 81, Fiano Romano, Rif. 132123380 ...",Immobiliare.it,,https://www.immobiliare.it/annunci/132123380/,USCITO_MERCATO,False,False,2026-09-12T05:52:24.477566+00:00,2026-09-12T05:52:24.477567+00:00,0,,,100.0,,0,,,,0,0,37,INDIRIZZO_ESTRATTO,VENDITA
c0a39c1e001b6be05533,Fiano,via Tiberina. Buono,via Tiberina. Buono,appartamento,Vendita Appartamento Fiano Romano. Monolocale in via Tiberina. Buono ...,Immobiliare.it,,https://www.immobiliare.it/annunci/132380070/,USCITO_MERCATO,False,False,2026-09-13T14:26:02.555782+00:00,2026-09-14T22:36:38.493641+00:00,1,,,,,0,,,,0,0,24,INDIRIZZO_ESTRATTO,VENDITA
d8cb95bc7d9fa7090c15,Fiano,via Treves 6,via Treves,appartamento,Vendita Appartamento Fiano Romano. Trilocale in via Treves 6. Buono ...,Immobiliare.it,,https://www.immobiliare.it/annunci/128275940/,USCITO_MERCATO,False,False,2026-09-08T06:35:04.157840+00:00,2026-09-12T17:06:03.935512+00:00,4,,,60.0,,0,,,,0,0,34,INDIRIZZO_ESTRATTO,VENDITA
60ac4137c066d7a1e03d,Fiano,via Umberto Terracini 1,via Umberto Terracini,appartamento,Vendita Appartamento Fiano Romano. Trilocale in via Umberto Terracini 1 ...,Immobiliare.it,,https://www.immobiliare.it/annunci/132208088/,USCITO_MERCATO,False,False,2026-09-09T04:02:27.437974+00:00,2026-09-10T05:58:05.660986+00:00,1,,,,,0,,,,0,0,46,INDIRIZZO_ESTRATTO,LOCAZIONE
0015ca814b61efbdbd6c,Fiano,via Venezia 31,via Venezia,appartamento,Vendita Appartamento Fiano Romano. Monolocale in via Venezia 31. Buono ...,Immobiliare.it,,https://www.immobiliare.it/annunci/132346470/,USCITO_MERCATO,False,False,2026-09-12T05:52:24.477560+00:00,2026-09-12T14:11:38.611871+00:00,0,,,,,0,,,,0,0,35,INDIRIZZO_ESTRATTO,VENDITA
ba6bde030d5c9cfbb551,Fiano,via Venezia 44,via Venezia,villa,Vendita Villa bifamiliare in via Venezia 44 Fiano Romano. Da ...,Immobiliare.it,,https://www.immobiliare.it/annunci/132244320/,TRACKED,True,False,2026-09-13T23:15:39.649883+00:00,2026-09-20T11:10:13.479453+00:00,6,,,155.0,,0,,,,0,0,0,INDIRIZZO_ESTRATTO,VENDITA
11b67bb550d5ff35bff9,Fiano,via carlo alberto dalla,via carlo alberto dalla,appartamento,Vendita Appartamento Fiano Romano. Trilocale in via carlo alberto dalla ...,Immobiliare.it,,https://www.immobiliare.it/annunci/128728000/,TRACKED,True,False,2026-09-08T06:35:04.157815+00:00,2026-09-20T11:10:13.479430+00:00,12,,,,,0,,,,0,0,0,INDIRIZZO_ESTRATTO,LOCAZIONE
32769e0232d688955419,Fiano,via del Laghetto 30,via del Laghetto,villa,Vendita Villa bifamiliare in via del Laghetto 30 Fiano Romano. Buono ...,Immobiliare.it,,https://www.immobiliare.it/annunci/132160826/,USCITO_MERCATO,False,False,2026-09-08T06:35:04.157856+00:00,2026-09-10T18:28:14.181165+00:00,2,,,1500.0,,0,,,,0,0,43,INDIRIZZO_ESTRATTO,VENDITA
4f7abd240c55cab78226,Fiano,via del Sassone 15,via del Sassone,villa,Vendita Villa plurifamiliare in via del Sassone 15 Fiano Romano. Ottimo ...,Immobiliare.it,,https://www.immobiliare.it/annunci/132222624/,USCITO_MERCATO,False,False,2026-09-08T06:35:04.157821+00:00,2026-09-12T05:52:24.477553+00:00,3,,,,,0,,,,0,0,37,INDIRIZZO_ESTRATTO,VENDITA
dc6a0631a5cea476491a,Fiano,via delle Baiocchelle 29,via delle Baiocchelle,villa,Vendita Villa bifamiliare in via delle Baiocchelle 29 Fiano Romano ...,Immobiliare.it,,https://www.immobiliare.it/annunci/132429910/,NEW,True,False,2026-09-20T06:08:00.346613+00:00,2026-09-20T06:08:00.346614+00:00,0,439000.0,,160.0,2743.75,0,,,,0,0,1,INDIRIZZO_ESTRATTO,VENDITA
e109c2a0c79b70889279,Fiano,via delle Cascate,via delle Cascate,appartamento,Vendita Appartamento Fiano Romano. Trilocale in via delle Cascate ...,Immobiliare.it,,https://www.immobiliare.it/annunci/132053566/,TRACKED,True,False,2026-09-14T01:05:27.891622+00:00,2026-09-20T11:10:13.479473+00:00,6,,,,,0,,,,0,0,0,INDIRIZZO_ESTRATTO,VENDITA
8ed930c80ae6a2b8f5e7,Fiano,via di Valle Conca 24,via di Valle Conca,villa,Vendita Villa a schiera in via di Valle Conca 24 Fiano Romano. Buono ...,Immobiliare.it,,https://www.immobiliare.it/annunci/132159722/,RELISTED,True,False,2026-09-19T14:29:10.960192+00:00,2026-09-20T11:10:13.479443+00:00,0,,,,,0,,,,0,0,0,INDIRIZZO_ESTRATTO,VENDITA
37e4b37bf32e0b38a9db,Fiano,via ottavio borla 17,via ottavio borla,appartamento,"Vendita Appartamento in via ottavio borla 17. Fiano. Ottimo stato, su ...",Immobiliare.it,,https://www.immobiliare.it/annunci/128548234/,TRACKED,True,False,2026-09-12T10:35:02.923754+00:00,2026-09-20T11:10:13.479423+00:00,8,,,,,0,,,,0,0,0,INDIRIZZO_ESTRATTO,VENDITA
4fe8b4e7ffc40ff1805c,Fiano,"via torino, 56",via torino,casa indipendente,"Casa Indipendente in vendita a Fiano via torino, 56 - TrovaCasa",TrovaCasa privati,,https://www.trovacasa.it/annunci/to-tc-44484-68930212,TRACKED,True,False,2026-09-15T13:33:03.393977+00:00,2026-09-20T11:10:13.479355+00:00,4,,,98.0,,0,,,,0,0,0,INDIRIZZO_ESTRATTO,PRIVATO
ca81f259c5223c38fd4c,Giaglione,,,rustico/casale,Vendita terreni e rustici a Torino Settembre 2026 su Bakeca,Bakeca privati,,https://torino.bakeca.it/annunci/terreni-rustici/contrattotipo/vendita/,USCITO_MERCATO,False,False,2026-09-01T18:58:42.120149+00:00,2026-09-04T00:12:37.946692+00:00,2,10000.0,,42.0,238.1,0,,,,0,0,23,URL_DETTAGLIO_PORTALE,VENDITA
b5f02e5e64e1d3391550,Giaglione,"Frazione Rastella, 34",Frazione Rastella,rustico/casale,"Baita/chalet in vendita in Frazione Rastella, 34 - idealista",Idealista,,https://www.idealista.it/immobile/24663313/,TRACKED,True,False,2026-08-27T21:04:17.080041+00:00,2026-09-07T10:14:01.140249+00:00,23,,,113.0,,0,,,,0,0,0,INDIRIZZO_ESTRATTO,VENDITA
0e005da1117fe2ac384f,Giaglione,Frazione San Giovanni a Giaglione,Frazione San Giovanni a Giaglione,casa indipendente,Casa indipendente in Vendita in Frazione San Giovanni a Giaglione,Casa.it,,https://www.casa.it/immobili/52309620/,USCITO_MERCATO,False,False,2026-08-27T21:04:17.080053+00:00,2026-08-28T10:58:40.670788+00:00,0,,,129.0,,0,,,,0,0,31,INDIRIZZO_ESTRATTO,VENDITA
174d226415cc69f0f798,Giaglione,frazione San Giuseppe,frazione San Giuseppe,altro,"Palazzo - Edificio frazione San Giuseppe, Giaglione, Rif. 129678060 ...",Immobiliare.it,,https://www.immobiliare.it/annunci/129678060/,USCITO_MERCATO,False,False,2026-08-27T21:04:17.080030+00:00,2026-08-27T21:04:17.080032+00:00,0,,,,,0,,,,0,0,33,INDIRIZZO_ESTRATTO,VENDITA
b94f24311284372b9a49,Giaglione,frazione San Giuseppe Tsèina 36,frazione San Giuseppe Tsèina,altro,"Palazzo - Edificio frazione San Giuseppe Tsèina 36, Giaglione, Rif ...",Immobiliare.it,,https://www.immobiliare.it/annunci/90130981/,USCITO_MERCATO,False,False,2026-08-27T21:04:17.080059+00:00,2026-09-01T23:36:27.690971+00:00,5,,,,,0,,,,0,0,28,INDIRIZZO_ESTRATTO,VENDITA
9bb95fc8e60e5f0f32ed,Giaveno,,,altro,Case e appartamenti a Via Giaveno. Immobili in vendita a Via ... - Nestoria,Nestoria,,https://www.nestoria.it/immobiliare/vendita/via-giaveno,NEW,True,False,2026-09-20T06:08:00.346779+00:00,2026-09-20T06:08:00.346781+00:00,0,,,,,0,,,,0,0,1,INDIRIZZO_NEL_TITOLO,VENDITA
c47fdb740993f40fa870,Giaveno,,,altro,161 immobili borgata in vendita a Giaveno - Trovit,Trovit,,https://case.trovit.it/borgata-giaveno,USCITO_MERCATO,False,False,2026-08-27T21:04:17.080080+00:00,2026-08-27T21:04:17.080081+00:00,0,20000.0,,,,0,,,,0,0,90,INDIRIZZO_NEL_TITOLO,VENDITA
47bbda56e99b897b01a5,Giaveno,,,appartamento,"Attico in vendita in ponte pietra s.n.c, Giaveno - idealista",Idealista,,https://www.idealista.it/immobile/36672955/,USCITO_MERCATO,False,False,2026-09-05T23:10:34.871483+00:00,2026-09-05T23:10:34.871486+00:00,0,85000.0,,90.0,944.44,0,,,,0,0,67,URL_DETTAGLIO_PORTALE,VENDITA
c3abf9392fa85fb60eba,Giaveno,,,appartamento,99 immobili giaveno via in vendita a Coazze - Trovit,Trovit,,https://case.trovit.it/giaveno-via-coazze,NEW,True,False,2026-09-20T06:08:00.346774+00:00,2026-09-20T06:08:00.346776+00:00,0,,,,,0,,,,0,0,1,INDIRIZZO_NEL_TITOLO,AGENZIA
ee201024d2790da7ace4,Giaveno,,,appartamento,"Vendita Appartamento Giaveno. Quadrilocale, Buono stato, secondo piano ...",Immobiliare.it,,https://www.immobiliare.it/annunci/132195716/,USCITO_MERCATO,False,False,2026-09-05T04:44:03.763816+00:00,2026-09-10T01:14:41.785728+00:00,4,,,,,0,,,,0,0,47,URL_DETTAGLIO_PORTALE,VENDITA
5f80ec2a789dbe398ab5,Giaveno,,,casa indipendente,Vendita Terratetto plurifamiliare in Colle del vento 94b Giaveno. Buono ...,Immobiliare.it,,https://www.immobiliare.it/annunci/126967023/,USCITO_MERCATO,False,False,2026-09-01T23:36:27.691071+00:00,2026-09-06T09:36:38.462905+00:00,4,,,,,0,,,,0,0,64,URL_DETTAGLIO_PORTALE,VENDITA
a7ddfb31f18fbb362d20,Giaveno,,,casa indipendente,"Vendita Terratetto plurifamiliare Giaveno. Da ristrutturare, posto auto ...",Immobiliare.it,,https://www.immobiliare.it/annunci/129762344/,USCITO_MERCATO,False,False,2026-09-01T18:58:42.120225+00:00,2026-09-06T09:36:38.462875+00:00,4,,,,,0,,,,0,0,64,URL_DETTAGLIO_PORTALE,VENDITA
6d3285a1d4734d2f6983,Giaveno,,,rustico/casale,"Vendita Rustico in Borgata Fusero Giaveno. Da ristrutturare, 41 m², rif ...",Immobiliare.it,,https://www.immobiliare.it/annunci/130968044/,USCITO_MERCATO,False,False,2026-09-12T19:18:03.777938+00:00,2026-09-17T23:05:00.275758+00:00,5,,,41.0,,0,,,,0,0,12,URL_DETTAGLIO_PORTALE,AGENZIA
7000aaa28f15c44c0531,Giaveno,,,villa,"Vendita Villa unifamiliare Giaveno. Buono stato, posto auto, con ...",Immobiliare.it,,https://www.immobiliare.it/annunci/130329472/,TRACKED,True,False,2026-09-01T18:58:42.120238+00:00,2026-09-20T11:10:13.479536+00:00,18,,,,,0,,,,0,0,0,URL_DETTAGLIO_PORTALE,PRIVATO
fcff85b25e4644125c36,Giaveno,Borgata Magnana 16,Borgata Magnana,casa indipendente,Vendita Terratetto plurifamiliare in Borgata Magnana 16 Giaveno. Da ...,Immobiliare.it,,https://www.immobiliare.it/annunci/111480389/,USCITO_MERCATO,False,False,2026-09-10T01:14:41.785723+00:00,2026-09-10T01:14:41.785725+00:00,0,,,,,0,,,,0,0,47,INDIRIZZO_ESTRATTO,VENDITA
74a5db46cf6dd600ae3e,Giaveno,Borgata Piancera,Borgata Piancera,casa indipendente,"Casa indipendente in vendita in Borgata Piancera, Giaveno — idealista ...",Idealista,,https://www.idealista.it/immobile/36680871/,USCITO_MERCATO,False,False,2026-09-05T23:10:34.871447+00:00,2026-09-05T23:10:34.871448+00:00,0,,,,,0,,,,0,0,67,INDIRIZZO_ESTRATTO,VENDITA
f1628a91ae99f1cee796,Giaveno,Borgata Piancera Giaveno. Ottimo stato,Borgata Piancera Giaveno. Ottimo stato,villa,Vendita Villa unifamiliare in Borgata Piancera Giaveno. Ottimo stato ...,Immobiliare.it,,https://www.immobiliare.it/annunci/132067598/,USCITO_MERCATO,False,False,2026-09-01T20:55:16.173002+00:00,2026-09-02T07:11:25.326084+00:00,0,,,,,0,,,,0,0,84,INDIRIZZO_ESTRATTO,VENDITA
66c40fc741698630de04,Giaveno,"Borgata Pogolotti, 31",Borgata Pogolotti,appartamento,"Trilocale in vendita in Borgata Pogolotti, 31, Giaveno - idealista",Idealista,,https://www.idealista.it/immobile/36768015/,USCITO_MERCATO,False,False,2026-09-13T18:14:54.119913+00:00,2026-09-13T18:14:54.119915+00:00,0,,,,,0,,,,0,0,30,INDIRIZZO_ESTRATTO,VENDITA
02e89f3a1ac9947ad775,Giaveno,Borgata Prafieul Giaveno. Buono stato,Borgata Prafieul Giaveno. Buono stato,villa,Vendita Villa unifamiliare in Borgata Prafieul Giaveno. Buono stato ...,Immobiliare.it,,https://www.immobiliare.it/annunci/113582045/,USCITO_MERCATO,False,False,2026-09-11T17:53:32.668041+00:00,2026-09-11T23:19:47.989710+00:00,0,,,,,0,,,,0,0,38,INDIRIZZO_ESTRATTO,VENDITA
0e7b5c87d94f5b4faad2,Giaveno,Borgata Provonda Giaveno. Ottimo,Borgata Provonda Giaveno. Ottimo,casa indipendente,Vendita Terratetto unifamiliare in Borgata Provonda Giaveno. Ottimo ...,Immobiliare.it,,https://www.immobiliare.it/annunci/128639802/,USCITO_MERCATO,False,False,2026-09-17T11:30:50.190566+00:00,2026-09-17T11:30:50.190568+00:00,0,,,,,0,,,,0,0,15,INDIRIZZO_ESTRATTO,VENDITA
f211ddffe000f6b110f9,Giaveno,"Borgata San Filippo, 5",Borgata San Filippo,casa indipendente,"Casa indipendente in vendita in Borgata San Filippo, 5, Giaveno ...",Idealista,,https://www.idealista.it/immobile/36323827/,USCITO_MERCATO,False,False,2026-09-05T23:10:34.871422+00:00,2026-09-13T18:14:54.119868+00:00,7,,,,,0,,,,0,0,30,INDIRIZZO_ESTRATTO,VENDITA
9d9d673c86c60679fcf4,Giaveno,Borgata San Filippo 1,Borgata San Filippo,villa,Vendita Villa bifamiliare in Borgata San Filippo 1 Giaveno. Buono stato ...,Immobiliare.it,,https://www.immobiliare.it/annunci/132029894/,USCITO_MERCATO,False,False,2026-09-01T18:58:42.120251+00:00,2026-09-04T00:12:37.946762+00:00,2,,,,,0,,,,0,0,80,INDIRIZZO_ESTRATTO,VENDITA
fc073f597d7adc0c72f9,Giaveno,Borgata San Filippo Giaveno. Da,Borgata San Filippo Giaveno. Da,casa indipendente,Vendita Terratetto unifamiliare in Borgata San Filippo Giaveno. Da ...,Immobiliare.it,,https://www.immobiliare.it/annunci/127006949/,TRACKED,True,False,2026-09-04T00:12:37.946749+00:00,2026-09-20T11:10:13.479553+00:00,16,,,,,0,,,,0,0,0,INDIRIZZO_ESTRATTO,"VENDITA,AGENZIA"
a19de254e9d9c4d67bce,Giaveno,Borgata Sarà 1,Borgata Sarà,casa indipendente,Vendita Terratetto plurifamiliare in Borgata Sarà 1 Giaveno. Da ...,Immobiliare.it,,https://www.immobiliare.it/annunci/108147851/,USCITO_MERCATO,False,False,2026-09-04T22:26:36.992224+00:00,2026-09-09T13:49:33.338316+00:00,4,,,,,0,,,,0,0,51,INDIRIZZO_ESTRATTO,VENDITA
751ef8456ba5724a0162,Giaveno,Borgata Selvaggio Sopra 17,Borgata Selvaggio Sopra,villa,Vendita Villa bifamiliare in Borgata Selvaggio Sopra 17 Giaveno. Buono ...,Immobiliare.it,,https://www.immobiliare.it/annunci/127589622/,RELISTED,True,False,2026-09-07T04:45:03.056402+00:00,2026-09-20T11:10:13.479572+00:00,13,,,,,0,,,,0,0,0,INDIRIZZO_ESTRATTO,VENDITA
2a8284bab567393d4b8d,Giaveno,Borgata Selvaggio Sotto 31,Borgata Selvaggio Sotto,altro,Immobili in vendita a Giaveno | Gabetti,Mercato generale,,https://www.gabetti.it/vendita/giaveno,USCITO_MERCATO,False,False,2026-08-21T12:20:59.475547+00:00,2026-08-27T21:04:17.080074+00:00,6,,,,,0,,,,0,0,90,INDIRIZZO_ESTRATTO,AGENZIA
f564df0aee00103f803e,Giaveno,"Borgata Tunin, 30",Borgata Tunin,appartamento,"Vendita Appartamento Giaveno. Quadrilocale in Borgata Tunin, 30. Da ...",Immobiliare.it,,https://www.immobiliare.it/annunci/129488288/,TRACKED,True,False,2026-09-19T06:11:00.696300+00:00,2026-09-20T11:10:13.479560+00:00,1,,,,,0,,,,0,0,0,INDIRIZZO_ESTRATTO,VENDITA
f96d5356bf9cab71c42c,Giaveno,"Borgata Tunin , 30",Borgata Tunin,appartamento,"Vendita Appartamento Giaveno. Trilocale in Borgata Tunin , 30. Buono ...",Immobiliare.it,,https://www.immobiliare.it/annunci/132235418/,USCITO_MERCATO,False,False,2026-09-12T05:52:24.477663+00:00,2026-09-12T05:52:24.477664+00:00,0,,,,,0,,,,0,0,37,INDIRIZZO_ESTRATTO,VENDITA
055da7f95987e7c59796,Giaveno,Borgata Ughettera 13,Borgata Ughettera,villa,Vendita Villa unifamiliare in Borgata Ughettera 13 Giaveno. Buono stato ...,Immobiliare.it,,https://www.immobiliare.it/annunci/124723785/,USCITO_MERCATO,False,False,2026-09-11T17:53:32.668006+00:00,2026-09-11T23:19:47.989661+00:00,0,,,,,0,,,,0,0,38,INDIRIZZO_ESTRATTO,VENDITA
8095fad49fe4175b1b97,Giaveno,Borgata Verna 61,Borgata Verna,casa indipendente,Vendita Terratetto unifamiliare in Borgata Verna 61 Giaveno. Ottimo ...,Immobiliare.it,,https://www.immobiliare.it/annunci/119442703/,USCITO_MERCATO,False,False,2026-08-27T21:04:17.080161+00:00,2026-08-28T05:06:35.530697+00:00,0,,,,,0,,,,0,0,89,INDIRIZZO_ESTRATTO,VENDITA
93841de21ef490cb6f1b,Giaveno,Borgata barolà 5,Borgata barolà,villa,"Vendita Villa unifamiliare in Borgata barolà 5 Giaveno. Nuova, posto ...",Immobiliare.it,,https://www.immobiliare.it/annunci/127348081/,USCITO_MERCATO,False,False,2026-09-04T19:20:00.004333+00:00,2026-09-09T13:49:33.338325+00:00,4,850000.0,,,,0,,,,0,0,51,INDIRIZZO_ESTRATTO,VENDITA
80e8bbd8c14be5b6c95d,Giaveno,Borgata cordria 7,Borgata cordria,casa indipendente,Vendita Terratetto plurifamiliare in Borgata cordria 7 Giaveno. Ottimo ...,Immobiliare.it,,https://www.immobiliare.it/annunci/115119513/,USCITO_MERCATO,False,False,2026-09-09T17:56:58.703517+00:00,2026-09-12T05:52:24.477668+00:00,2,,,,,0,,,,0,0,37,INDIRIZZO_ESTRATTO,VENDITA
099a5d158bee461decd2,Giaveno,Borgata selvaggio sopra 62,Borgata selvaggio sopra,casa indipendente,Vendita Terratetto plurifamiliare in Borgata selvaggio sopra 62 Giaveno ...,Immobiliare.it,,https://www.immobiliare.it/annunci/127113945/,RELISTED,True,False,2026-09-04T00:12:37.946767+00:00,2026-09-20T11:10:13.479582+00:00,16,,,,,0,,,,0,0,0,INDIRIZZO_ESTRATTO,VENDITA
a9394ac226dbd03833a5,Giaveno,Borgata verna 78,Borgata verna,appartamento,Vendita Terratetto plurifamiliare in Borgata verna 78 Giaveno. Da ...,Immobiliare.it,,https://www.immobiliare.it/annunci/119315763/,USCITO_MERCATO,False,False,2026-09-12T19:18:03.777965+00:00,2026-09-17T20:20:41.890744+00:00,5,,,,,0,,,,0,0,13,INDIRIZZO_ESTRATTO,PRIVATO
4d4d2010a2911737d891,Giaveno,Strada della Chioma 25,Strada della Chioma,appartamento,Vendita Appartamento Giaveno. Quadrilocale in Strada della Chioma 25 ...,Immobiliare.it,,https://www.immobiliare.it/annunci/114764785/,USCITO_MERCATO,False,False,2026-09-12T10:35:02.923864+00:00,2026-09-19T10:47:39.484973+00:00,7,,,,,0,,,,0,0,7,INDIRIZZO_ESTRATTO,VENDITA
efeec2d01ea9e485f697,Giaveno,Via Alpe Colombino,Via Alpe Colombino,villa,"Villa in vendita in Via Alpe Colombino, Giaveno - idealista",Idealista,,https://www.idealista.it/immobile/36124609/,RELISTED,True,False,2026-09-05T23:10:34.871441+00:00,2026-09-20T06:08:00.346750+00:00,14,,,150.0,,0,,,,0,0,1,INDIRIZZO_ESTRATTO,VENDITA
20e4b25a1561c1f414ac,Giaveno,"Via Coazze, 15",Via Coazze,villa,"Villetta bifamiliare in vendita in Via Coazze, 15, Giaveno — idealista ...",Idealista,,https://www.idealista.it/immobile/36393525/,RELISTED,True,False,2026-09-13T18:14:54.119852+00:00,2026-09-20T06:08:00.346734+00:00,6,,,,,0,,,,0,0,1,INDIRIZZO_ESTRATTO,VENDITA
78c1a2a3ef27ce755246,Giaveno,"Via Colpastore, 22",Via Colpastore,villa,"Villa in vendita in Via Colpastore, 22, Giaveno - idealista",Idealista,,https://www.idealista.it/immobile/35610550/,USCITO_MERCATO,False,False,2026-09-05T23:10:34.871435+00:00,2026-09-13T18:14:54.119878+00:00,7,,,,,0,,,,0,0,30,INDIRIZZO_ESTRATTO,VENDITA
5fda80867f46db350018,Giaveno,"Via Giaveno, 90",Via Giaveno,villa,"Villa all'asta in Via Giaveno, 90 - idealista",Idealista,,https://www.idealista.it/immobile/36709311/,USCITO_MERCATO,False,False,2026-09-05T23:10:34.871505+00:00,2026-09-05T23:10:34.871507+00:00,0,251250.0,,335.0,750.0,0,,,,0,0,67,INDIRIZZO_ESTRATTO,ASTA
dcf57050ddb66fe16293,Giaveno,"Via Maria Ausiliatrice, 73",Via Maria Ausiliatrice,rustico/casale,"Casale/cascina in vendita in Via Maria Ausiliatrice, 73, Giaveno ...",Idealista,,https://www.idealista.it/immobile/36829486/,NEW,True,False,2026-09-20T06:08:00.346758+00:00,2026-09-20T06:08:00.346759+00:00,0,159000.0,,278.0,571.94,0,,,,0,0,1,INDIRIZZO_ESTRATTO,VENDITA
2f397e42fba852479087,Giaveno,"Via Nurivalle, 21",Via Nurivalle,appartamento,"Appartamento in vendita in Via Nurivalle, 21, Giaveno - idealista",Idealista,,https://www.idealista.it/immobile/36860349/,NEW,True,False,2026-09-20T06:08:00.346743+00:00,2026-09-20T06:08:00.346745+00:00,0,299000.0,,170.0,1758.82,0,,,,0,0,1,INDIRIZZO_ESTRATTO,VENDITA
afc35dc15aefd0290d7c,Giaveno,Via Nurivalle 21,Via Nurivalle,villa,"Villa in vendita, Via Nurivalle 21, Giaveno con balcone, box, giardino ...",Wikicasa,,https://www.wikicasa.it/annuncio/30855972,NEW,True,False,2026-09-20T01:04:10.802250+00:00,2026-09-20T01:04:10.802251+00:00,0,,,,,0,,,,0,0,2,INDIRIZZO_ESTRATTO,VENDITA
908309561928a29cc63b,Giaveno,"Via Ollasio, 37",Via Ollasio,villa,"Villa in vendita in Via Ollasio, 37, Giaveno — idealista, N.1 in Italia",Idealista,,https://www.idealista.it/immobile/36415975/,NEW,True,False,2026-09-20T06:08:00.346724+00:00,2026-09-20T06:08:00.346725+00:00,0,,,560.0,,0,,,,0,0,1,INDIRIZZO_ESTRATTO,PRIVATO
7804cf6dea3c5f124f6d,Giaveno,"Via Pinerolo, 6",Via Pinerolo,villa,"Appartamento in vendita in Via Pinerolo, 6, Giaveno - idealista",Idealista,,https://www.idealista.it/immobile/36823118/,NEW,True,False,2026-09-20T06:08:00.346717+00:00,2026-09-20T06:08:00.346718+00:00,0,195000.0,,,,0,,,,0,0,1,INDIRIZZO_ESTRATTO,VENDITA
9dfa917c1fa3209d3716,Giaveno,"Via Romarolo, 9",Via Romarolo,appartamento,"Quadrilocale in vendita in Via Romarolo, 9, Giaveno - idealista",Idealista,,https://www.idealista.it/immobile/36860298/,NEW,True,False,2026-09-20T06:08:00.346729+00:00,2026-09-20T06:08:00.346731+00:00,0,,,,,0,,,,0,0,1,INDIRIZZO_ESTRATTO,VENDITA
807af04deac1af200c2e,Giaveno,"Via Selvaggio, 53",Via Selvaggio,appartamento,"Trilocale in vendita in Via Selvaggio, 53, Giaveno - idealista",Idealista,,https://www.idealista.it/immobile/36767988/,USCITO_MERCATO,False,False,2026-09-13T18:14:54.119904+00:00,2026-09-13T18:14:54.119906+00:00,0,64000.0,,74.0,864.86,0,,,,0,0,30,INDIRIZZO_ESTRATTO,VENDITA
ada5430a1999c52264f5,Giaveno,Via Selvaggio,Via Selvaggio,appartamento,"Appartamento all'asta in Via Selvaggio, Giaveno - idealista",Idealista,,https://www.idealista.it/immobile/36866046/,NEW,True,False,2026-09-20T06:08:00.346764+00:00,2026-09-20T06:08:00.346766+00:00,0,,,,,0,,,,0,0,1,INDIRIZZO_ESTRATTO,ASTA
ad12abe63f6be45221d3,Giaveno,"Via Selvaggio, 16",Via Selvaggio,villa,"Villa in vendita in Via Selvaggio, 16, Giaveno - idealista",Idealista,,https://www.idealista.it/immobile/36807100/,USCITO_MERCATO,False,False,2026-09-13T18:14:54.119843+00:00,2026-09-13T18:14:54.119844+00:00,0,312000.0,,388.0,804.12,0,,,,0,0,30,INDIRIZZO_ESTRATTO,VENDITA
a13eaa27cd041865d5a7,Giaveno,Via dei Molè,Via dei Molè,appartamento,"Appartamento su due piani in vendita in Via dei Molè, Coazze ...",Idealista,,https://www.idealista.it/immobile/36734667/,USCITO_MERCATO,False,False,2026-09-05T23:10:34.871499+00:00,2026-09-09T13:49:33.337939+00:00,3,,,,,0,,,,0,0,51,INDIRIZZO_ESTRATTO,AGENZIA
b305da076b1739bd0f8f,Giaveno,"Via dei Rododendri, 9",Via dei Rododendri,villa,"Villetta bifamiliare in vendita in Via dei Rododendri, 9, Giaveno ...",Idealista,,https://www.idealista.it/immobile/34273643/,USCITO_MERCATO,False,False,2026-09-13T18:14:54.119898+00:00,2026-09-13T18:14:54.119899+00:00,0,,,120.0,,0,,,,0,0,30,INDIRIZZO_ESTRATTO,VENDITA
21a6155078ab9b817302,Giaveno,Viale Regina Elena,Viale Regina Elena,appartamento,"Bilocale in vendita in Viale Regina Elena, Giaveno - idealista",Idealista,,https://www.idealista.it/immobile/36369466/,USCITO_MERCATO,False,False,2026-09-05T23:10:34.871415+00:00,2026-09-13T18:14:54.119888+00:00,7,,,,,0,,,,0,0,30,INDIRIZZO_ESTRATTO,VENDITA
886d9904194261c1c3ac,Giaveno,"Viale Regina Elena, 15",Viale Regina Elena,appartamento,"Bilocale in vendita in Viale Regina Elena, 15, Giaveno - idealista",Idealista,,https://www.idealista.it/immobile/36727598/,USCITO_MERCATO,False,False,2026-09-05T23:10:34.871428+00:00,2026-09-05T23:10:34.871430+00:00,0,,,,,0,,,,0,0,67,INDIRIZZO_ESTRATTO,VENDITA
2d360b9a47bb3df436d7,Giaveno,borgata verna,borgata verna,casa indipendente,"Edificio borgata verna, Giaveno, Rif. 123716469 - Immobiliare.it",Immobiliare.it,,https://www.immobiliare.it/annunci/123716469/,USCITO_MERCATO,False,False,2026-09-12T10:35:02.923896+00:00,2026-09-17T06:08:55.032508+00:00,4,,,,,0,,,,0,0,16,INDIRIZZO_ESTRATTO,VENDITA
b7e623d69be1745833f6,Giaveno,piazza Renato Ruffinatti 21,piazza Renato Ruffinatti,casa indipendente,Vendita Terratetto plurifamiliare in piazza Renato Ruffinatti 21 ...,Immobiliare.it,,https://www.immobiliare.it/annunci/116431507/,TRACKED,True,False,2026-09-19T10:47:39.484965+00:00,2026-09-20T11:10:13.479592+00:00,1,,,,,0,,,,0,0,0,INDIRIZZO_ESTRATTO,VENDITA
ab5f09526069a030b15c,Giaveno,piazza san rocco 6,piazza san rocco,appartamento,Vendita Appartamento Giaveno. Trilocale in piazza san rocco 6. Buono ...,Immobiliare.it,,https://www.immobiliare.it/annunci/118506353/,USCITO_MERCATO,False,False,2026-08-27T21:04:17.080113+00:00,2026-09-04T00:12:37.946753+00:00,7,,,,,0,,,,0,0,80,INDIRIZZO_ESTRATTO,VENDITA
4f02cd690199739da3f7,Giaveno,"via Beale Giaveno. Da ristrutturare, posto auto, 253","via Beale Giaveno. Da ristrutturare, posto auto",rustico/casale,"Vendita Casale in via Beale Giaveno. Da ristrutturare, posto auto, 253 ...",Immobiliare.it,,https://www.immobiliare.it/annunci/127331325/,USCITO_MERCATO,False,False,2026-09-04T02:03:54.138281+00:00,2026-09-16T14:58:05.671519+00:00,12,,,,,0,,,,0,0,19,INDIRIZZO_ESTRATTO,PRIVATO
b737302aa37aa1a47d2c,Giaveno,via Caduti sul Lavoro 18,via Caduti sul Lavoro,commerciale,"Capannone via Caduti sul Lavoro 18, Giaveno, Rif. 131961856 ...",Immobiliare.it,,https://www.immobiliare.it/annunci/131961856/,TRACKED,True,False,2026-09-02T07:11:25.326017+00:00,2026-09-20T11:10:13.479518+00:00,18,,,,,0,,,,0,0,0,INDIRIZZO_ESTRATTO,LOCAZIONE
d8af1d7d1c816515a49c,Giaveno,"via Caduti sul Lavoro, 18",via Caduti sul Lavoro,commerciale,"Capannone in affitto a Giaveno via Caduti sul Lavoro, 18",TrovaCasa privati,,https://www.trovacasa.it/annunci/to-tc-48624-72879619,USCITO_MERCATO,False,False,2026-09-04T00:12:37.946725+00:00,2026-09-04T02:03:54.138272+00:00,0,,,,,0,,,,0,0,79,INDIRIZZO_ESTRATTO,LOCAZIONE
f7b833d053112d90174a,Giaveno,"via Calvettera, 122",via Calvettera,appartamento,"Vendita Appartamento Giaveno. Bilocale in via Calvettera, 122. Nuovo ...",Immobiliare.it,,https://www.immobiliare.it/annunci/132090664/,USCITO_MERCATO,False,False,2026-09-02T12:02:41.370201+00:00,2026-09-07T04:45:03.056408+00:00,4,,,,,0,,,,0,0,58,INDIRIZZO_ESTRATTO,VENDITA
b6b763a29fa3c3d0e01f,Giaveno,via Canonico Pio Rolla 17,via Canonico Pio Rolla,villa,Vendita Appartamento in via Canonico Pio Rolla 17. Giaveno. Buono stato ...,Immobiliare.it,,https://www.immobiliare.it/annunci/128104366/,USCITO_MERCATO,False,False,2026-08-27T21:04:17.080155+00:00,2026-08-28T10:58:40.670857+00:00,0,,,,,0,,,,0,0,88,INDIRIZZO_ESTRATTO,VENDITA
f6834e1ce760ae3f139b,Giaveno,via Colpastore 44,via Colpastore,appartamento,Vendita Appartamento Giaveno. Quadrilocale in via Colpastore 44. Ottimo ...,Immobiliare.it,,https://www.immobiliare.it/annunci/132214670/,TRACKED,True,False,2026-09-12T14:11:38.611949+00:00,2026-09-20T06:08:00.346694+00:00,7,,,,,0,,,,0,0,1,INDIRIZZO_ESTRATTO,VENDITA
fed0eacbdb2324ab57b2,Giaveno,via Garnier Valletti 3,via Garnier Valletti,appartamento,Vendita Appartamento Giaveno. Trilocale in via Garnier Valletti 3 ...,Immobiliare.it,,https://www.immobiliare.it/annunci/129690260/,TRACKED,True,False,2026-08-27T21:04:17.080119+00:00,2026-09-20T06:08:00.346689+00:00,23,,,,,0,,,,0,0,1,INDIRIZZO_ESTRATTO,VENDITA
65c15ec1e8f43886dc44,Giaveno,via Martiri della Libertà 23,via Martiri della Libertà,appartamento,Vendita Appartamento Giaveno. Trilocale in via Martiri della Libertà 23 ...,Immobiliare.it,,https://www.immobiliare.it/annunci/118837549/,USCITO_MERCATO,False,False,2026-09-10T15:11:09.215072+00:00,2026-09-10T15:11:09.215073+00:00,0,,,,,0,,,,0,0,44,INDIRIZZO_ESTRATTO,VENDITA
60343bc5cb5c83c1ac10,Giaveno,via Maurizio Guglielmino 6,via Maurizio Guglielmino,commerciale,"Locale commerciale via Maurizio Guglielmino 6, Giaveno, Rif. 130105770 ...",Immobiliare.it,,https://www.immobiliare.it/annunci/130105770/,TRACKED,True,False,2026-08-28T05:06:35.530643+00:00,2026-09-20T11:10:13.479496+00:00,23,,,,,0,,,,0,0,0,INDIRIZZO_ESTRATTO,VENDITA
d5cd2dd13ae1c5fc525a,Giaveno,via Pinerolo 6,via Pinerolo,villa,Vendita Appartamento Giaveno. Trilocale in via Pinerolo 6. Ottimo stato ...,Immobiliare.it,,https://www.immobiliare.it/annunci/132430286/,USCITO_MERCATO,False,False,2026-09-17T20:20:41.890698+00:00,2026-09-18T19:44:01.662351+00:00,0,195000.0,,,,0,,,,0,0,9,INDIRIZZO_ESTRATTO,VENDITA
3495533a02a0bbce0e63,Giaveno,via Pontepietra Giaveno. Ottimo,via Pontepietra Giaveno. Ottimo,casa indipendente,Vendita Terratetto unifamiliare in via Pontepietra Giaveno. Ottimo ...,Immobiliare.it,,https://www.immobiliare.it/annunci/130872056/,RELISTED,True,False,2026-09-01T18:58:42.120274+00:00,2026-09-20T06:08:00.346704+00:00,18,,,,,0,,,,0,0,1,INDIRIZZO_ESTRATTO,VENDITA
0cf736fa8a265c0d8001,Giaveno,via Ruata Sangone 159,via Ruata Sangone,appartamento,Vendita Appartamento Giaveno. Monolocale in via Ruata Sangone 159 ...,Immobiliare.it,,https://www.immobiliare.it/annunci/132249674/,USCITO_MERCATO,False,False,2026-09-09T20:56:38.869465+00:00,2026-09-12T10:35:02.923902+00:00,2,,,,,0,,,,0,0,36,INDIRIZZO_ESTRATTO,VENDITA
8b7aeced80e92b28aac4,Giaveno,via Sacra di San Michele 66,via Sacra di San Michele,appartamento,Vendita Appartamento in via Sacra di San Michele 66. Giaveno. Buono ...,Immobiliare.it,,https://www.immobiliare.it/annunci/124413549/,POSSIBILE_USCITA,False,False,2026-09-13T14:26:02.555924+00:00,2026-09-19T23:00:29.357859+00:00,6,,,,,0,,,,0,0,3,INDIRIZZO_ESTRATTO,VENDITA
ceafc0ef709db28d83ae,Giaveno,via San Luigi 50,via San Luigi,appartamento,Vendita Appartamento Giaveno. Trilocale in via San Luigi 50. Nuovo ...,Immobiliare.it,,https://www.immobiliare.it/annunci/127915862/,POSSIBILE_USCITA,False,False,2026-08-27T21:04:17.080124+00:00,2026-09-19T14:29:10.960296+00:00,22,,,,,0,,,,0,0,6,INDIRIZZO_ESTRATTO,VENDITA
780ea6c3c4fb9d76cd56,Giaveno,via Umberto I. Ottimo,via Umberto I. Ottimo,appartamento,Vendita Appartamento Giaveno. Quadrilocale in via Umberto I. Ottimo ...,Immobiliare.it,,https://www.immobiliare.it/annunci/128882284/,TRACKED,True,False,2026-09-19T14:29:10.960255+00:00,2026-09-20T06:08:00.346674+00:00,0,,,,,0,,,,0,0,1,INDIRIZZO_ESTRATTO,VENDITA
d34eb82ca35ad07ae314,Giaveno,via Villanova 23,via Villanova,casa indipendente,Vendita Terratetto unifamiliare in via Villanova 23 Giaveno. Da ...,Immobiliare.it,,https://www.immobiliare.it/annunci/121481530/,USCITO_MERCATO,False,False,2026-08-28T10:58:40.670869+00:00,2026-09-12T05:52:24.477650+00:00,14,,,,,0,,,,0,0,37,INDIRIZZO_ESTRATTO,VENDITA
84db54b7a9725c12e74d,Giaveno,via Vittorio Emanuele II 2,via Vittorio Emanuele II,appartamento,Vendita Appartamento in via Vittorio Emanuele II 2. Giaveno. Ottimo ...,Immobiliare.it,,https://www.immobiliare.it/annunci/131738956/,NEW,True,False,2026-09-20T06:08:00.346712+00:00,2026-09-20T06:08:00.346713+00:00,0,,,,,0,,,,0,0,1,INDIRIZZO_ESTRATTO,VENDITA
92139a4f6097eabae831,Giaveno,via colle del vento 59,via colle del vento,villa,Vendita Villa unifamiliare in via colle del vento 59 Giaveno. Nuova ...,Immobiliare.it,,https://www.immobiliare.it/annunci/119350083/,USCITO_MERCATO,False,False,2026-08-27T21:04:17.080136+00:00,2026-09-02T16:09:34.324505+00:00,5,,,80.0,,0,,,,0,0,82,INDIRIZZO_ESTRATTO,VENDITA
21405638c5f6c4f7be84,Giaveno,via genolino 57,via genolino,villa,Vendita Villa plurifamiliare in via genolino 57 Giaveno. Buono stato ...,Immobiliare.it,,https://www.immobiliare.it/annunci/124432485/,RELISTED,True,False,2026-08-27T21:04:17.080108+00:00,2026-09-20T11:10:13.479543+00:00,23,,,,,0,,,,0,0,0,INDIRIZZO_ESTRATTO,VENDITA
80aab5b6e1fc5ae2009d,Giaveno,via martiri della libertà 5,via martiri della libertà,appartamento,Vendita Appartamento Giaveno. Trilocale in via martiri della libertà 5 ...,Immobiliare.it,,https://www.immobiliare.it/annunci/123612449/,USCITO_MERCATO,False,False,2026-08-27T21:04:17.080130+00:00,2026-09-13T14:26:02.555950+00:00,16,,,,,0,,,,0,0,31,INDIRIZZO_ESTRATTO,VENDITA
6ed45a6253b7a0a70b5d,Giaveno,via san michele 61,via san michele,appartamento,Vendita Appartamento Giaveno. Trilocale in via san michele 61. Buono ...,Immobiliare.it,,https://www.immobiliare.it/annunci/131876920/,USCITO_MERCATO,False,False,2026-08-27T21:04:17.080103+00:00,2026-09-04T00:12:37.946744+00:00,7,,,,,0,,,,0,0,80,INDIRIZZO_ESTRATTO,VENDITA
b8758185a78b565c645e,Giaveno,via selvaggio 16,via selvaggio,villa,Vendita Villa unifamiliare in via selvaggio 16 Giaveno. Da ...,Immobiliare.it,,https://www.immobiliare.it/annunci/132379352/,RELISTED,True,False,2026-09-14T12:27:12.113439+00:00,2026-09-20T11:10:13.479525+00:00,5,,,,,0,,,,0,0,0,INDIRIZZO_ESTRATTO,VENDITA
7f4ddc39c5d1af12d2c7,Giaveno,via teresa marchini 3,via teresa marchini,casa indipendente,Vendita Terratetto plurifamiliare in via teresa marchini 3 Giaveno ...,Immobiliare.it,,https://www.immobiliare.it/annunci/128228842/,USCITO_MERCATO,False,False,2026-09-19T10:47:39.485013+00:00,2026-09-19T10:47:39.485015+00:00,0,,,,,0,,,,0,0,7,INDIRIZZO_ESTRATTO,PRIVATO
5816c21a89bee0474957,Giaveno,via vietta 3,via vietta,appartamento,"Vendita Appartamento in via vietta 3. Giaveno. Ottimo stato, secondo ...",Immobiliare.it,,https://www.immobiliare.it/annunci/126023663/,TRACKED,True,False,2026-09-12T10:35:02.923856+00:00,2026-09-20T11:10:13.479566+00:00,8,,,,,0,,,,0,0,0,INDIRIZZO_ESTRATTO,VENDITA
2096aa18720c9480aced,Giaveno,viale Regina Elena 15,viale Regina Elena,appartamento,Vendita Appartamento Giaveno. Bilocale in viale Regina Elena 15. Ottimo ...,Immobiliare.it,,https://www.immobiliare.it/annunci/132445164/,POSSIBILE_USCITA,False,False,2026-09-19T18:06:37.666914+00:00,2026-09-19T18:06:37.666916+00:00,0,,,,,0,,,,0,0,5,INDIRIZZO_ESTRATTO,VENDITA
0291da0eede5237ac0ce,Givoletto,,,casa indipendente,5+ locali in Vendita a Givoletto | Euro 129.000 | Mq 115,Tempocasa,,https://tempocasa.it/it/vendita/torino/givoletto/5-locali/10805487,USCITO_MERCATO,False,False,2026-09-14T12:27:12.113501+00:00,2026-09-16T04:54:00.959470+00:00,1,129000.0,,115.0,1121.74,0,,,,0,0,20,URL_DETTAGLIO_PORTALE,AGENZIA
b94501e99d69c7365843,Givoletto,,,casa indipendente,Casa indipendente in Vendita a Givoletto | Euro 385.000 | Mq 180,Tempocasa,,https://tempocasa.it/it/vendita/torino/givoletto/casa-indipendente/9344827,USCITO_MERCATO,False,False,2026-09-13T20:46:02.146907+00:00,2026-09-13T20:46:02.146908+00:00,0,385000.0,,180.0,2138.89,0,,,,0,0,29,URL_DETTAGLIO_PORTALE,AGENZIA
10cbf596445331352e7d,Givoletto,,,rustico/casale,"Vendita Cascina Givoletto. Ottimo stato, posto auto, 370 m², rif. 130450318",Immobiliare.it,,https://www.immobiliare.it/annunci/130450318/,TRACKED,True,False,2026-09-09T13:49:33.338351+00:00,2026-09-20T11:10:13.479642+00:00,10,,,370.0,,0,,,,0,0,0,URL_DETTAGLIO_PORTALE,VENDITA
146387cc47d683af1a1b,Givoletto,,,villa,Villa unifamiliare in Vendita a Givoletto | Euro 189.000 | Mq 300,Tempocasa,,https://tempocasa.it/it/vendita/torino/givoletto/villa-unifamiliare/9333671,USCITO_MERCATO,False,False,2026-09-13T20:46:02.146887+00:00,2026-09-13T20:46:02.146888+00:00,0,189000.0,,300.0,630.0,0,,,,0,0,29,URL_DETTAGLIO_PORTALE,AGENZIA
71372d44768435a5475a,Givoletto,,,villa,"Nuove Costruzioni in vendita a Givoletto, rif. 131533230 - Immobiliare.it",Immobiliare.it,,https://www.immobiliare.it/annunci/131533230/,TRACKED,True,False,2026-09-18T17:15:59.824193+00:00,2026-09-20T11:10:13.479655+00:00,1,,,,,0,,,,0,0,0,URL_DETTAGLIO_PORTALE,PRIVATO
7a49f986448561cb35da,Givoletto,,,villa,Villa bifamiliare in Vendita a Givoletto | Euro 449.000 | Mq 300,Tempocasa,,https://tempocasa.it/it/vendita/torino/givoletto/villa-bifamiliare/9992749,USCITO_MERCATO,False,False,2026-09-13T20:46:02.146897+00:00,2026-09-13T20:46:02.146899+00:00,0,449000.0,,300.0,1496.67,0,,,,0,0,29,URL_DETTAGLIO_PORTALE,"AGENZIA,LOCAZIONE"
45270ea2a2c13d8ae0c3,Givoletto,Via A. Avogadro 6,Via A. Avogadro,commerciale,Capannone in Vendita in Via A. Avogadro 6 a Givoletto - Casa.it,Casa.it,,https://www.casa.it/immobili/54479751/,USCITO_MERCATO,False,False,2026-09-18T01:22:44.226521+00:00,2026-09-18T17:15:59.824177+00:00,0,,,4000.0,,0,,,,0,0,10,INDIRIZZO_ESTRATTO,VENDITA
8aabfa1933f63fccb9ba,Givoletto,Via Alpignano,Via Alpignano,appartamento,"Immobile Appartamento in Via Alpignano, Givoletto (TO) 265.000 €, 180 ...",Mercato residenziale,,https://www.gabetti.it/vendita/givoletto/appartamento/3199638,TRACKED,True,False,2026-09-08T11:07:58.868603+00:00,2026-09-20T11:10:13.479606+00:00,12,265000.0,,180.0,1472.22,0,,,,0,0,0,INDIRIZZO_ESTRATTO,AGENZIA
335a1f8e8024b97de266,Givoletto,Via Alpignano 8,Via Alpignano,villa,Casa bifamiliare in Vendita in Via Alpignano 8 a Givoletto,Casa.it,,https://www.casa.it/immobili/53766329/,USCITO_MERCATO,False,False,2026-09-10T15:11:09.215105+00:00,2026-09-15T18:17:59.372783+00:00,5,,,,,0,,,,0,0,21,INDIRIZZO_ESTRATTO,VENDITA
dbb40066c912a4539331,Givoletto,"Via Ciriè, 32",Via Ciriè,villa,"Casa indipendente in vendita in Via Ciriè, 32 - idealista",Idealista,,https://www.idealista.it/immobile/35883483/,USCITO_MERCATO,False,False,2026-09-08T06:35:04.157974+00:00,2026-09-08T06:35:04.157976+00:00,0,,,,,0,,,,0,0,56,INDIRIZZO_ESTRATTO,VENDITA
cf35260248541150964b,Givoletto,via Alpignano 44,via Alpignano,appartamento,"Vendita Appartamento in via Alpignano 44. Givoletto. Ottimo stato, su ...",Immobiliare.it,,https://www.immobiliare.it/annunci/122846016/,TRACKED,True,False,2026-09-08T06:35:04.158031+00:00,2026-09-20T11:10:13.479662+00:00,12,265000.0,,,,0,,,,0,0,0,INDIRIZZO_ESTRATTO,VENDITA
85b90b776bbaf1f8bfe1,Givoletto,via Avigliana 10,via Avigliana,appartamento,"Vendita Appartamento in via Avigliana 10. Givoletto. Nuovo, su più ...",Immobiliare.it,,https://www.immobiliare.it/annunci/132369596/,TRACKED,True,False,2026-09-12T14:11:38.612064+00:00,2026-09-20T11:10:13.479649+00:00,7,,,,,0,,,,0,0,0,INDIRIZZO_ESTRATTO,VENDITA
51c7cd32ef09df35de79,Givoletto,via Brione 18,via Brione,villa,Vendita Villa unifamiliare in via Brione 18 Givoletto. Buono stato ...,Immobiliare.it,,https://www.immobiliare.it/annunci/128652968/,USCITO_MERCATO,False,False,2026-09-08T06:35:04.158025+00:00,2026-09-13T09:37:53.088351+00:00,5,,,,,0,,,,0,0,32,INDIRIZZO_ESTRATTO,AGENZIA
7b987510de932290c421,Givoletto,via Capitan De Poi Givoletto. Da,via Capitan De Poi Givoletto. Da,villa,Vendita Villa unifamiliare in via Capitan De Poi Givoletto. Da ...,Immobiliare.it,,https://www.immobiliare.it/annunci/130464936/,TRACKED,True,False,2026-09-08T06:35:04.158013+00:00,2026-09-20T11:10:13.479687+00:00,12,,,,,0,,,,0,0,0,INDIRIZZO_ESTRATTO,VENDITA
00cc615f4a8e18add1ba,Givoletto,via Don Rolle 12,via Don Rolle,villa,Vendita Villa a schiera in via Don Rolle 12 Givoletto. Buono stato ...,Immobiliare.it,,https://www.immobiliare.it/annunci/125076889/,TRACKED,True,False,2026-09-11T17:53:32.668125+00:00,2026-09-20T11:10:13.479693+00:00,8,,,18.0,,0,,,,0,0,0,INDIRIZZO_ESTRATTO,VENDITA
6ecdaf217c5a67a79ca9,Givoletto,via Givoletto,via Givoletto,commerciale,"Magazzino - Deposito via Givoletto, Torino, Rif. 131299362 - Immobiliare.it",Immobiliare.it,,https://www.immobiliare.it/annunci/131299362/,TRACKED,True,False,2026-09-16T04:54:00.959511+00:00,2026-09-20T11:10:13.479629+00:00,4,,,212.0,,0,,,,0,0,0,INDIRIZZO_ESTRATTO,LOCAZIONE
6e3241bdeb768ef9976f,Givoletto,via La Grange Givoletto. Buono stato,via La Grange Givoletto. Buono stato,casa indipendente,Vendita Terratetto unifamiliare in via La Grange Givoletto. Buono stato ...,Immobiliare.it,,https://www.immobiliare.it/annunci/123647919/,USCITO_MERCATO,False,False,2026-09-08T06:35:04.158043+00:00,2026-09-14T12:27:12.113603+00:00,6,,,90.0,,0,,,,0,0,26,INDIRIZZO_ESTRATTO,"PRIVATO,VENDITA"
9d6a8d14b3219b647149,Givoletto,via Lanzo Givoletto. Posto auto,via Lanzo Givoletto. Posto auto,villa,"Vendita Villa unifamiliare in via Lanzo Givoletto. Posto auto, con ...",Immobiliare.it,,https://www.immobiliare.it/annunci/123284235/,TRACKED,True,False,2026-09-08T06:35:04.158019+00:00,2026-09-20T11:10:13.479681+00:00,12,,,400.0,,0,,,,0,0,0,INDIRIZZO_ESTRATTO,PRIVATO
8257634489f59694d914,Givoletto,via Monviso 1,via Monviso,appartamento,"Vendita Appartamento in via Monviso 1. Givoletto. Ottimo stato, primo ...",Immobiliare.it,,https://www.immobiliare.it/annunci/132502652/,TRACKED,True,False,2026-09-17T16:48:02.647945+00:00,2026-09-20T11:10:13.479636+00:00,2,,,140.0,,0,,,,0,0,0,INDIRIZZO_ESTRATTO,VENDITA
84e4e84c23719d95b52e,Givoletto,via Monviso 2,via Monviso,villa,"Vendita Villa a schiera in via Monviso 2 Givoletto. Buono stato, posto ...",Immobiliare.it,,https://www.immobiliare.it/annunci/129149164/,TRACKED,True,False,2026-09-08T06:35:04.158037+00:00,2026-09-20T11:10:13.479668+00:00,12,,,,,0,,,,0,0,0,INDIRIZZO_ESTRATTO,VENDITA
e2138c8ff95bf174f7ba,Givoletto,"via San Gillio , 7",via San Gillio,appartamento,"Vendita Appartamento in via San Gillio , 7. Givoletto. Buono stato ...",Immobiliare.it,,https://www.immobiliare.it/annunci/131685610/,USCITO_MERCATO,False,False,2026-09-09T13:49:33.338347+00:00,2026-09-14T01:05:27.891744+00:00,4,,,350.0,,0,,,,0,0,27,INDIRIZZO_ESTRATTO,PRIVATO
7f4c38c87db3b0ca62ce,Givoletto,via San Gillio Givoletto. Buono stato,via San Gillio Givoletto. Buono stato,villa,Vendita Villa unifamiliare in via San Gillio Givoletto. Buono stato ...,Immobiliare.it,,https://www.immobiliare.it/annunci/128708466/,TRACKED,True,False,2026-09-08T06:35:04.158007+00:00,2026-09-20T11:10:13.479674+00:00,12,,,,,0,,,,0,0,0,INDIRIZZO_ESTRATTO,VENDITA
f2165be62abab3b8f8fc,Givoletto,via Santa Maria Givoletto. Nuova,via Santa Maria Givoletto. Nuova,villa,"Vendita Villa unifamiliare in via Santa Maria Givoletto. Nuova, posto ...",Immobiliare.it,,https://www.immobiliare.it/annunci/131502462/,POSSIBILE_USCITA,False,False,2026-09-14T18:41:54.044008+00:00,2026-09-19T18:06:37.667053+00:00,4,,,,,0,,,,0,0,5,INDIRIZZO_ESTRATTO,CANTIERE
07398ade9c4ce1a28a20,Givoletto,via Torino 29,via Torino,altro,"Vendita Attico in via Torino 29 Givoletto. Ottimo stato, posto auto ...",Immobiliare.it,,https://www.immobiliare.it/annunci/132077318/,USCITO_MERCATO,False,False,2026-09-08T06:35:04.158049+00:00,2026-09-08T06:35:04.158050+00:00,0,,,,,0,,,,0,0,56,INDIRIZZO_ESTRATTO,VENDITA
a6732a63adc3bb6ce671,Givoletto,via Torino. Ottimo,via Torino. Ottimo,appartamento,Vendita Appartamento Givoletto. Quadrilocale in via Torino. Ottimo ...,Immobiliare.it,,https://www.immobiliare.it/annunci/126704253/,POSSIBILE_USCITA,False,False,2026-09-08T06:35:04.158001+00:00,2026-09-19T14:29:10.960351+00:00,11,,,,,0,,,,0,0,6,INDIRIZZO_ESTRATTO,VENDITA
a0f060b3544966f34e0c,Givoletto,via Varisella Givoletto. Ottimo stato,via Varisella Givoletto. Ottimo stato,villa,Vendita Villa unifamiliare in via Varisella Givoletto. Ottimo stato ...,Immobiliare.it,,https://www.immobiliare.it/annunci/130664916/,POSSIBILE_USCITA,False,False,2026-09-08T06:35:04.157994+00:00,2026-09-19T18:06:37.667034+00:00,11,,,,,0,,,,0,0,5,INDIRIZZO_ESTRATTO,VENDITA
e11a10111bfcc60df25b,Givoletto,via santa maria 52,via santa maria,villa,Vendita Villa bifamiliare in via santa maria 52 Givoletto. Da ...,Immobiliare.it,,https://www.immobiliare.it/annunci/120694472/,POSSIBILE_USCITA,False,False,2026-09-14T18:41:54.044023+00:00,2026-09-19T20:30:44.817505+00:00,5,359000.0,,450.0,797.78,0,,,,0,0,4,INDIRIZZO_ESTRATTO,VENDITA
15d07b348d91cb920a93,Gravere,,,appartamento,12.876 appartamenti in vendita a Via Gravere - Nestoria,Nestoria,,https://www.nestoria.it/appartamenti/vendita/via-gravere,USCITO_MERCATO,False,False,2026-09-01T20:55:16.173036+00:00,2026-09-02T07:11:25.326112+00:00,0,,,,,0,,,,0,0,27,INDIRIZZO_NEL_TITOLO,VENDITA
58c6907d5c0d07391cb6,Gravere,,,appartamento,"Vendita Appartamento Gravere. Trilocale, Buono stato, piano terra ...",Immobiliare.it,,https://www.immobiliare.it/annunci/132057058/,USCITO_MERCATO,False,False,2026-09-01T18:58:42.120322+00:00,2026-09-06T00:53:48.287052+00:00,4,,,,,0,,,,0,0,9,URL_DETTAGLIO_PORTALE,VENDITA
82b1491c2d1e1e0857bf,Gravere,,,appartamento,"Vendita Appartamento Torino. Trilocale, Ottimo stato, quarto piano, con ...",Immobiliare.it,,https://www.immobiliare.it/annunci/129565278/,TRACKED,True,False,2026-09-03T18:47:06.318670+00:00,2026-09-07T10:14:01.140407+00:00,16,,,80.0,,0,,,,0,0,0,URL_DETTAGLIO_PORTALE,VENDITA
d75707dd40d122d423d0,Gravere,,,appartamento,Trilocale in Vendita in zona Centro a Gravere - 87mq - Casa.it,Casa.it,,https://www.casa.it/immobili/54632569/,USCITO_MERCATO,False,False,2026-09-01T20:55:16.173028+00:00,2026-09-02T12:02:41.370232+00:00,0,75000.0,,87.0,862.07,0,,,,0,0,26,URL_DETTAGLIO_PORTALE,VENDITA
ff1296c4ecfce1a16b2e,Gravere,Via Nazionale 45,Via Nazionale,altro,Case in vendita da Privati a Gravere - CasaDaPrivato.it,Mercato residenziale,,https://www.casadaprivato.it/annunci-vendita/immobili/torino-gravere,TRACKED,True,False,2026-08-21T12:20:59.475559+00:00,2026-09-07T10:14:01.140386+00:00,29,,,,,0,,,,0,0,0,INDIRIZZO_ESTRATTO,VENDITA
22c9c81c30cacb3c02ee,Gravere,Via Terzo Reggimento Alpini 9,Via Terzo Reggimento Alpini,appartamento,"Bilocale in vendita in Via Terzo Reggimento Alpini, 9, Gravere ...",Idealista,,https://www.idealista.it/immobile/30296520/,POSSIBILE_USCITA,False,False,2026-08-23T17:16:38.786916+00:00,2026-09-06T22:17:30.166231+00:00,14,,,,,0,,,,0,0,3,INDIRIZZO_ESTRATTO,VENDITA
569ef9ba0357512c22fb,Gravere,via III Reggimento Alpini 9,via III Reggimento Alpini,appartamento,Vendita Appartamento Gravere. Trilocale in via III Reggimento Alpini 9 ...,Immobiliare.it,,https://www.immobiliare.it/annunci/128385108/,TRACKED,True,False,2026-09-03T18:47:06.318647+00:00,2026-09-07T10:14:01.140400+00:00,16,,,,,0,,,,0,0,0,INDIRIZZO_ESTRATTO,VENDITA
0b6a36d807b20e72186e,Gravere,via San Lorenzo 1,via San Lorenzo,casa indipendente,Vendita Terratetto unifamiliare in via San Lorenzo 1 Gravere. Ottimo ...,Immobiliare.it,,https://www.immobiliare.it/annunci/126652927/,TRACKED,True,False,2026-08-23T09:11:13.222545+00:00,2026-09-07T10:14:01.140393+00:00,28,,,,,0,,,,0,0,0,INDIRIZZO_ESTRATTO,VENDITA
438b2ce4456dbf475da1,Grugliasco,,,altro,Annunci case e appartamenti in vendita e in affitto - Tecnocasa.it,Tecnocasa,,https://www.tecnocasa.it/vendita/appartamenti/torino/grugliasco/61249297.html,USCITO_MERCATO,False,False,2026-09-13T20:46:02.147087+00:00,2026-09-13T20:46:02.147089+00:00,0,,,,,0,,,,0,0,29,URL_DETTAGLIO_PORTALE,"AGENZIA,LOCAZIONE"
736df1a9e8b2c0ebb579,Grugliasco,,,altro,Subito - Tecnocasa - OVEST INDUSTRIALE sas - DEPOSITO A GRUGLIASCO ...,Subito privati,,https://www.subito.it/uffici-locali-commerciali/deposito-a-grugliasco-torino-659671438.htm,USCITO_MERCATO,False,False,2026-09-06T17:10:13.430481+00:00,2026-09-06T17:10:13.430482+00:00,0,,,100.0,,0,,,,0,0,62,URL_DETTAGLIO,"AGENZIA,LOCAZIONE"
912caec3564424f321c9,Grugliasco,,,altro,Annunci case e appartamenti in vendita e in affitto - Tecnocasa.it,Tecnocasa,,https://www.tecnocasa.it/vendita/appartamenti/torino/grugliasco/61231661.html,USCITO_MERCATO,False,False,2026-09-13T20:46:02.147103+00:00,2026-09-13T20:46:02.147105+00:00,0,,,,,0,,,,0,0,29,URL_DETTAGLIO_PORTALE,"AGENZIA,LOCAZIONE"
e7a964ee17768b4a0b2e,Grugliasco,,,altro,Porzione di casa in Vendita a Grugliasco | Euro 329.000 | Mq 299,Tempocasa,,https://tempocasa.it/it/vendita/torino/grugliasco/porzione-di-casa/7760571,USCITO_MERCATO,False,False,2026-09-13T20:46:02.147303+00:00,2026-09-13T20:46:02.147305+00:00,0,329000.0,,299.0,1100.33,0,,,,0,0,29,URL_DETTAGLIO_PORTALE,"AGENZIA,LOCAZIONE"
f122efe2188f7f4e2e69,Grugliasco,,,altro,"Nuove Costruzioni in vendita a Grugliasco, rif. 128036196 - Immobiliare.it",Immobiliare.it,,https://www.immobiliare.it/annunci/128036196/,USCITO_MERCATO,False,False,2026-09-01T23:36:27.691205+00:00,2026-09-01T23:36:27.691207+00:00,0,,,,,0,,,,0,0,85,URL_DETTAGLIO_PORTALE,VENDITA
1321fb1ba65214c3077d,Grugliasco,,,appartamento,Trilocale in Vendita a Grugliasco | Euro 215.000 | Mq 101,Tempocasa,,https://tempocasa.it/it/vendita/torino/grugliasco/trilocale/6947777,USCITO_MERCATO,False,False,2026-09-12T17:06:03.935867+00:00,2026-09-13T20:46:02.147249+00:00,1,215000.0,,101.0,2128.71,0,,,,0,0,29,URL_DETTAGLIO_PORTALE,"AGENZIA,LOCAZIONE"
18eb7d790f2ad5c9ef71,Grugliasco,,,appartamento,"Trilocale in vendita a Grugliasco - Torino. € 209.000, 81 Mq ...",Tecnocasa,,https://www.tecnocasa.it/vendita/appartamenti/torino/grugliasco/61211607.html,USCITO_MERCATO,False,False,2026-09-13T20:46:02.147149+00:00,2026-09-13T20:46:02.147151+00:00,0,209000.0,,81.0,2580.25,0,,,,0,0,29,URL_DETTAGLIO_PORTALE,AGENZIA
3ad14a18e66b824e9179,Grugliasco,,,appartamento,Bilocale in Vendita a Grugliasco | Euro 99.000 | Mq 56,Tempocasa,,https://tempocasa.it/it/vendita/torino/grugliasco/bilocale/10090134,USCITO_MERCATO,False,False,2026-09-12T17:06:03.935832+00:00,2026-09-13T20:46:02.147205+00:00,1,99000.0,,56.0,1767.86,0,,,,0,0,29,URL_DETTAGLIO_PORTALE,AGENZIA
57415e98df688577f810,Grugliasco,,,appartamento,Bilocale in Vendita a Grugliasco | Euro 129.000 | Mq 73,Tempocasa,,https://tempocasa.it/it/vendita/torino/grugliasco/bilocale/8096567,USCITO_MERCATO,False,False,2026-09-12T17:06:03.935850+00:00,2026-09-13T20:46:02.147262+00:00,1,129000.0,,73.0,1767.12,0,,,,0,0,29,URL_DETTAGLIO_PORTALE,AGENZIA
752d895b93f014140758,Grugliasco,,,appartamento,Annunci case e appartamenti in vendita e in affitto - Tecnocasa.it,Tecnocasa,,https://www.tecnocasa.it/vendita/appartamenti/torino/grugliasco/61247097.html,USCITO_MERCATO,False,False,2026-09-13T20:46:02.147118+00:00,2026-09-13T20:46:02.147120+00:00,0,,,,,0,,,,0,0,29,URL_DETTAGLIO_PORTALE,"AGENZIA,LOCAZIONE"
780620dc94d1c190a99d,Grugliasco,,,appartamento,Trilocale in Vendita a Grugliasco | Euro 175.000 | Mq 70,Tempocasa,,https://tempocasa.it/it/vendita/torino/grugliasco/trilocale/10227797,USCITO_MERCATO,False,False,2026-09-12T17:06:03.935841+00:00,2026-09-13T20:46:02.147228+00:00,1,175000.0,209000.0,70.0,2500.0,1,2026-09-13T20:46:02.147244+00:00,2026-09-13T20:46:02.147244+00:00,1,16.27,0,29,URL_DETTAGLIO_PORTALE,"AGENZIA,LOCAZIONE"
a2b3ca8d339c6bffd83d,Grugliasco,,,appartamento,Annunci case e appartamenti in vendita e in affitto - Tecnocasa.it,Tecnocasa,,https://www.tecnocasa.it/vendita/appartamenti/torino/grugliasco/61116587.html,USCITO_MERCATO,False,False,2026-09-13T20:46:02.147094+00:00,2026-09-13T20:46:02.147097+00:00,0,,,,,0,,,,0,0,29,URL_DETTAGLIO_PORTALE,"AGENZIA,LOCAZIONE"
b32561232ee64e80d47b,Grugliasco,,,appartamento,Trilocale in Vendita a Grugliasco | Euro 139.000 | Mq 77,Tempocasa,,https://tempocasa.it/it/vendita/torino/grugliasco/trilocale/6957639,USCITO_MERCATO,False,False,2026-09-12T17:06:03.935859+00:00,2026-09-13T20:46:02.147191+00:00,1,139000.0,,77.0,1805.19,0,,,,0,0,29,URL_DETTAGLIO_PORTALE,AGENZIA
d6a81ecb735fa3b35e95,Grugliasco,,,appartamento,Annunci case e appartamenti in vendita e in affitto - Tecnocasa.it,Tecnocasa,,https://www.tecnocasa.it/vendita/appartamenti/torino/grugliasco/61241877.html,USCITO_MERCATO,False,False,2026-09-13T20:46:02.147079+00:00,2026-09-13T20:46:02.147081+00:00,0,,,90.0,,0,,,,0,0,29,URL_DETTAGLIO_PORTALE,"AGENZIA,LOCAZIONE"
e64a32b12b6be87725e0,Grugliasco,,,appartamento,Trilocale in Vendita a Grugliasco | Euro 145.000 | Mq 96,Tempocasa,,https://tempocasa.it/it/vendita/torino/grugliasco/trilocale/7470022,USCITO_MERCATO,False,False,2026-09-13T20:46:02.147219+00:00,2026-09-13T20:46:02.147220+00:00,0,145000.0,,96.0,1510.42,0,,,,0,0,29,URL_DETTAGLIO_PORTALE,"AGENZIA,LOCAZIONE"
e7e5c177a22033403da9,Grugliasco,,,appartamento,3 LOCALI A GRUGLIASCO | Subito,Subito privati,,https://www.subito.it/appartamenti/3-locali-a-grugliasco-torino-655032117.htm,USCITO_MERCATO,False,False,2026-09-06T09:36:38.462989+00:00,2026-09-07T10:14:01.140414+00:00,1,10000.0,,,,0,,,,0,0,57,URL_DETTAGLIO,VENDITA
ef0c8e1c90f29f0b9fe6,Grugliasco,,,appartamento,Bilocale in Vendita a Grugliasco | Euro 105.000 | Mq 73,Tempocasa,,https://tempocasa.it/it/vendita/torino/grugliasco/bilocale/10543137,USCITO_MERCATO,False,False,2026-09-12T17:06:03.935883+00:00,2026-09-12T17:06:03.935884+00:00,0,105000.0,,73.0,1438.36,0,,,,0,0,34,URL_DETTAGLIO_PORTALE,"AGENZIA,LOCAZIONE"
f28e5160084b226a30b3,Grugliasco,,,appartamento,Annunci case e appartamenti in vendita e in affitto - Tecnocasa.it,Tecnocasa,,https://www.tecnocasa.it/vendita/appartamenti/torino/grugliasco/61214026.html,USCITO_MERCATO,False,False,2026-09-13T20:46:02.147125+00:00,2026-09-13T20:46:02.147127+00:00,0,,,75.0,,0,,,,0,0,29,URL_DETTAGLIO_PORTALE,"AGENZIA,LOCAZIONE"
ffc3d77f74fcec458488,Grugliasco,,,appartamento,"Vendita Appartamento Grugliasco. Bilocale, Buono stato, secondo piano ...",Immobiliare.it,,https://www.immobiliare.it/annunci/132229150/,USCITO_MERCATO,False,False,2026-09-09T17:56:58.703748+00:00,2026-09-10T15:11:09.215296+00:00,0,,,69.0,,0,,,,0,0,44,URL_DETTAGLIO_PORTALE,PRIVATO
c1fa7cb1660a24baf4db,Grugliasco,,,casa indipendente,Annunci case e appartamenti in vendita e in affitto - Tecnocasa.it,Tecnocasa,,https://www.tecnocasa.it/vendita/ville/torino/grugliasco/61266768.html,USCITO_MERCATO,False,False,2026-09-13T20:46:02.147111+00:00,2026-09-13T20:46:02.147112+00:00,0,,,,,0,,,,0,0,29,URL_DETTAGLIO_PORTALE,"AGENZIA,LOCAZIONE"
700ae63b66aa647ad14a,Grugliasco,,,commerciale,Annunci case e appartamenti in vendita e in affitto - Tecnocasa.it,Tecnocasa,,https://www.tecnocasa.it/vendita/negozio/torino/grugliasco/61075286.html,USCITO_MERCATO,False,False,2026-09-13T20:46:02.147142+00:00,2026-09-13T20:46:02.147143+00:00,0,,,45.0,,0,,,,0,0,29,URL_DETTAGLIO_PORTALE,"AGENZIA,LOCAZIONE"
7794e8e1544e8072d7db,Grugliasco,,,commerciale,Negozio Grugliasco [Cod. rif 3336258VCG] | Subito,Subito privati,,https://www.subito.it/uffici-locali-commerciali/negozio-grugliasco-cod-rif-3336258vcg-torino-659866511.htm,USCITO_MERCATO,False,False,2026-09-08T11:07:58.868695+00:00,2026-09-08T11:07:58.868696+00:00,0,,,98.0,,0,,,,0,0,55,URL_DETTAGLIO,"AGENZIA,LOCAZIONE"
8909ac651c078224217f,Grugliasco,,,commerciale,STUDIO PIOL srl - CAPANNONE A GRUGLIASCO - Subito,Subito privati,,https://www.subito.it/uffici-locali-commerciali/capannone-a-grugliasco-torino-659433249.htm,USCITO_MERCATO,False,False,2026-09-06T00:53:48.287135+00:00,2026-09-06T00:53:48.287137+00:00,0,,,380.0,,0,,,,0,0,66,URL_DETTAGLIO,LOCAZIONE
9083aa58a0bc5535c242,Grugliasco,,,commerciale,Annunci case e appartamenti in vendita e in affitto - Tecnocasa.it,Tecnocasa,,https://www.tecnocasa.it/vendita/negozio/torino/grugliasco/61268613.html,USCITO_MERCATO,False,False,2026-09-13T20:46:02.147133+00:00,2026-09-13T20:46:02.147134+00:00,0,45000.0,,40.0,1125.0,0,,,,0,0,29,URL_DETTAGLIO_PORTALE,"AGENZIA,LOCAZIONE"
cfb08cc85fe2eb8c111f,Grugliasco,,,commerciale,Negozio in Vendita a Grugliasco | Euro 85.000 | Mq 100,Tempocasa,,https://tempocasa.it/it/vendita/torino/grugliasco/negozio/16763780,USCITO_MERCATO,False,False,2026-09-12T17:06:03.935875+00:00,2026-09-13T20:46:02.147274+00:00,1,85000.0,,100.0,850.0,0,,,,0,0,29,URL_DETTAGLIO_PORTALE,"AGENZIA,LOCAZIONE"
d99b4ede1385a269196f,Grugliasco,,,commerciale,"Capannone, Grugliasco, Rif. 132499136 - Immobiliare.it",Immobiliare.it,,https://www.immobiliare.it/annunci/132499136/,TRACKED,True,False,2026-09-19T10:47:39.485196+00:00,2026-09-20T11:10:13.479747+00:00,1,,,,,0,,,,0,0,0,URL_DETTAGLIO_PORTALE,LOCAZIONE
314c3db63151c421d285,Grugliasco,Corso F.lli Cervi 113,Corso F.lli Cervi,appartamento,Trilocale in Vendita in Corso F.lli Cervi 113 a Grugliasco - Casa.it,Casa.it,,https://www.casa.it/immobili/54743548/,NEW,True,False,2026-09-20T01:04:10.802484+00:00,2026-09-20T01:04:10.802485+00:00,0,,,93.0,,0,,,,0,0,2,INDIRIZZO_ESTRATTO,VENDITA
a1fdcef399817af94cde,Grugliasco,"Corso Torino, 13",Corso Torino,appartamento,"Appartamento in vendita in Corso Torino, 13, Grugliasco - idealista",Idealista,,https://www.idealista.it/immobile/36362134/,USCITO_MERCATO,False,False,2026-09-04T16:00:05.402045+00:00,2026-09-05T19:08:06.334613+00:00,1,,,,,0,,,,0,0,69,INDIRIZZO_ESTRATTO,VENDITA
4273e3cd7285271041b6,Grugliasco,Strada Antica di Grugliasco 111,Strada Antica di Grugliasco,commerciale,"Capannone Strada Antica di Grugliasco 111, Grugliasco, Rif. 129027088 ...",Immobiliare.it,,https://www.immobiliare.it/annunci/129027088/,USCITO_MERCATO,False,False,2026-08-28T05:06:35.530749+00:00,2026-09-09T04:02:27.438245+00:00,11,,,550.0,,0,,,,0,0,52,INDIRIZZO_ESTRATTO,VENDITA
7bc2524121fc439330bc,Grugliasco,Strada Antica di Rivoli 58,Strada Antica di Rivoli,appartamento,Vendita Appartamento Grugliasco. Bilocale in Strada Antica di Rivoli 58 ...,Immobiliare.it,,https://www.immobiliare.it/annunci/132307764/,USCITO_MERCATO,False,False,2026-09-10T11:09:38.638402+00:00,2026-09-16T19:00:37.439269+00:00,6,,,,,0,,,,0,0,18,INDIRIZZO_ESTRATTO,VENDITA
c899de4ca4bfd68565c3,Grugliasco,Strada della Pronda 165,Strada della Pronda,appartamento,Vendita Appartamento Grugliasco. Trilocale in Strada della Pronda 165 ...,Immobiliare.it,,https://www.immobiliare.it/annunci/124222393/,USCITO_MERCATO,False,False,2026-08-27T21:04:17.080231+00:00,2026-09-14T18:41:54.044120+00:00,17,,,,,0,,,,0,0,25,INDIRIZZO_ESTRATTO,VENDITA
9f4902bab751b3b0c6b2,Grugliasco,Via Barbera del Valles 25,Via Barbera del Valles,appartamento,Trilocale in Vendita in Via Barbera del Valles 25 a Grugliasco - Casa.it,Casa.it,,https://www.casa.it/immobili/49253087/,NEW,True,False,2026-09-20T01:04:10.802526+00:00,2026-09-20T01:04:10.802527+00:00,0,,,,,0,,,,0,0,2,INDIRIZZO_ESTRATTO,VENDITA
92beba182411e96cf4a4,Grugliasco,Via Bongiovanni 26,Via Bongiovanni,appartamento,Quadrilocale in Vendita in Via Bongiovanni 26 a Grugliasco - Casa.it,Casa.it,,https://www.casa.it/immobili/54493764/,NEW,True,False,2026-09-20T01:04:10.802496+00:00,2026-09-20T01:04:10.802497+00:00,0,,,,,0,,,,0,0,2,INDIRIZZO_ESTRATTO,VENDITA
f7ca11ec4e2d44ca6660,Grugliasco,"Via C.Girardi, 7",Via C.Girardi,appartamento,"Trilocale in vendita in Via C.Girardi, 7, Grugliasco - idealista",Idealista,,https://www.idealista.it/immobile/35433959/,USCITO_MERCATO,False,False,2026-09-04T16:00:05.402078+00:00,2026-09-05T19:08:06.334643+00:00,1,,,,,0,,,,0,0,69,INDIRIZZO_ESTRATTO,VENDITA
c4d0be6b94e6f853f30a,Grugliasco,Via E. Montanaro 17,Via E. Montanaro,appartamento,Appartamento in Vendita in Via E. Montanaro 17 a Grugliasco,Casa.it,,https://www.casa.it/immobili/54311448/,NEW,True,False,2026-09-20T01:04:10.802490+00:00,2026-09-20T01:04:10.802491+00:00,0,,,110.0,,0,,,,0,0,2,INDIRIZZO_ESTRATTO,VENDITA
c1c80c7b3d3f66441201,Grugliasco,Via Enrico Toti a Grugliasco,Via Enrico Toti a Grugliasco,appartamento,Quadrilocale in Vendita in Via Enrico Toti a Grugliasco - Casa.it,Casa.it,,https://www.casa.it/immobili/54765180/,NEW,True,False,2026-09-20T01:04:10.802532+00:00,2026-09-20T01:04:10.802533+00:00,0,,,,,0,,,,0,0,2,INDIRIZZO_ESTRATTO,VENDITA
f0bae2fc3ff383a95012,Grugliasco,Via Giotto,Via Giotto,appartamento,"Trilocale in vendita in Via Giotto, Grugliasco — idealista, N.1 in Italia",Idealista,,https://www.idealista.it/immobile/36683096/,USCITO_MERCATO,False,False,2026-09-04T16:00:05.402029+00:00,2026-09-05T19:08:06.334573+00:00,1,170000.0,,91.0,1868.13,0,,,,0,0,69,INDIRIZZO_ESTRATTO,VENDITA
c33083e28535f7eab38d,Grugliasco,"Via Lamarmora, 214",Via Lamarmora,appartamento,"Bilocale in vendita in Via Lamarmora, 214, Grugliasco - idealista",Idealista,,https://www.idealista.it/immobile/36290515/,USCITO_MERCATO,False,False,2026-09-04T16:00:05.402071+00:00,2026-09-05T19:08:06.334584+00:00,1,,,,,0,,,,0,0,69,INDIRIZZO_ESTRATTO,VENDITA
2f6ca2c106cf8fc64a0f,Grugliasco,Via Latina,Via Latina,appartamento,"Trilocale in vendita in Via Latina, Grugliasco — idealista, N.1 in Italia",Idealista,,https://www.idealista.it/immobile/36682684/,USCITO_MERCATO,False,False,2026-09-04T16:00:05.402038+00:00,2026-09-05T19:08:06.334633+00:00,1,,,,,0,,,,0,0,69,INDIRIZZO_ESTRATTO,VENDITA
142ab567e9fc4c435c59,Grugliasco,Via Michelangelo Buonarroti 53,Via Michelangelo Buonarroti,appartamento,Trilocale in Vendita in Via Michelangelo Buonarroti 53 a Grugliasco,Casa.it,,https://www.casa.it/immobili/54453658/,NEW,True,False,2026-09-20T01:04:10.802501+00:00,2026-09-20T01:04:10.802502+00:00,0,,,92.0,,0,,,,0,0,2,INDIRIZZO_ESTRATTO,VENDITA
262dfb7ad7c4306f8073,Grugliasco,"Via Michelangelo Buonarroti, 53",Via Michelangelo Buonarroti,appartamento,"Trilocale in vendita in Via Michelangelo Buonarroti, 53, Grugliasco ...",Idealista,,https://www.idealista.it/immobile/36137925/,USCITO_MERCATO,False,False,2026-08-27T21:04:17.080198+00:00,2026-09-05T19:08:06.334653+00:00,8,,,,,0,,,,0,0,69,INDIRIZZO_ESTRATTO,"VENDITA,CANTIERE"
123ee8491ffa3c8b670c,Grugliasco,Via Moncalieri 136,Via Moncalieri,villa,Villa in Vendita in Via Moncalieri 136 a Grugliasco - Casa.it,Casa.it,,https://www.casa.it/immobili/54667116/,NEW,True,False,2026-09-20T01:04:10.802478+00:00,2026-09-20T01:04:10.802479+00:00,0,,,,,0,,,,0,0,2,INDIRIZZO_ESTRATTO,VENDITA
e450d0253146708f4e7a,Grugliasco,"Via Moncalieri, 134",Via Moncalieri,villa,"Casa indipendente in vendita in Via Moncalieri, 134, Grugliasco ...",Idealista,,https://www.idealista.it/immobile/36727045/,USCITO_MERCATO,False,False,2026-09-04T16:00:05.402062+00:00,2026-09-05T19:08:06.334623+00:00,1,155000.0,,65.0,2384.62,0,,,,0,0,69,INDIRIZZO_ESTRATTO,VENDITA
73310115168194775d94,Grugliasco,Via Natale Palli 80,Via Natale Palli,altro,"Magazzino, affitto, Via Natale Palli 80, Grugliasco • Commerciali.it",Capannoni logistica,,https://www.commerciali.it/magazzino-affitto-grugliasco-30764016,USCITO_MERCATO,False,False,2026-09-11T09:00:35.958166+00:00,2026-09-11T13:39:24.924421+00:00,0,,,100.0,,0,,,,0,0,40,INDIRIZZO_ESTRATTO,LOCAZIONE
1a55bd32b16d78c532e9,Grugliasco,Via Natale Palli 80,Via Natale Palli,commerciale,Capannone in Affitto in Via Natale Palli 80 a Grugliasco,Casa.it,,https://www.casa.it/immobili/54675100/,USCITO_MERCATO,False,False,2026-09-06T17:10:13.430495+00:00,2026-09-10T21:45:03.419223+00:00,4,,,100.0,,0,,,,0,0,42,INDIRIZZO_ESTRATTO,LOCAZIONE
30dd96c1ec3bb22c53cd,Grugliasco,Via Nino Bixio a Vinovo,Via Nino Bixio a Vinovo,commerciale,Capannone in Vendita in Via Nino Bixio a Vinovo - Casa.it,Casa.it,,https://www.casa.it/immobili/54305889/,NEW,True,False,2026-09-20T01:04:10.802538+00:00,2026-09-20T01:04:10.802539+00:00,0,,,,,0,,,,0,0,2,INDIRIZZO_ESTRATTO,AGENZIA
75054c17a32fd7ccefe5,Grugliasco,Via Primo Levi 13,Via Primo Levi,commerciale,Capannone in Vendita in Via Primo Levi 13 a Grugliasco,Casa.it,,https://www.casa.it/immobili/54628426/,USCITO_MERCATO,False,False,2026-09-01T20:55:16.173082+00:00,2026-09-05T23:10:34.871629+00:00,4,,,600.0,,0,,,,0,0,67,INDIRIZZO_ESTRATTO,VENDITA
3b670756f831e0552b34,Grugliasco,Via Rieti,Via Rieti,commerciale,"Immobile Negozio in Via Rieti, Grugliasco (TO) 79.000 €, 98 m², 2 bagni ...",Capannoni logistica,,https://www.gabetti.it/vendita/grugliasco/negozio/3336258,USCITO_MERCATO,False,False,2026-09-05T19:08:06.334473+00:00,2026-09-09T20:56:38.869671+00:00,4,79000.0,,98.0,806.12,0,,,,0,0,49,INDIRIZZO_ESTRATTO,"AGENZIA,LOCAZIONE"
898492f4033280b00fa3,Grugliasco,Via Rieti,Via Rieti,commerciale,"Negozio, vendita, Via Rieti, Grugliasco • Commerciali.it",Commerciale negozi/locali,,https://www.commerciali.it/negozio-vendita-grugliasco-30768666,USCITO_MERCATO,False,False,2026-09-12T10:35:02.924052+00:00,2026-09-12T10:35:02.924054+00:00,0,,,98.0,,0,,,,0,0,36,INDIRIZZO_ESTRATTO,"AGENZIA,LOCAZIONE"
4bddb0522a2b1abdd3aa,Grugliasco,"Via Severino Doppi, 10",Via Severino Doppi,appartamento,"Trilocale in vendita in Via Severino Doppi, 10, Grugliasco - idealista",Idealista,,https://www.idealista.it/immobile/36720206/,USCITO_MERCATO,False,False,2026-09-04T16:00:05.402099+00:00,2026-09-04T16:00:05.402100+00:00,0,107000.0,,96.0,1114.58,0,,,,0,0,76,INDIRIZZO_ESTRATTO,VENDITA
53d1694b6c87e7c021e9,Grugliasco,"Via Severino Doppi, 31",Via Severino Doppi,appartamento,"Quadrilocale in vendita in Via Severino Doppi, 31, Grugliasco ...",Idealista,,https://www.idealista.it/immobile/34468012/,USCITO_MERCATO,False,False,2026-09-04T16:00:05.402084+00:00,2026-09-05T19:08:06.334594+00:00,1,,,,,0,,,,0,0,69,INDIRIZZO_ESTRATTO,VENDITA
8fa9e568536fe7a9f3cf,Grugliasco,Via Severino Doppi 10,Via Severino Doppi,appartamento,Trilocale in Vendita in Via Severino Doppi 10 a Grugliasco - Casa.it,Casa.it,,https://www.casa.it/immobili/54662323/,NEW,True,False,2026-09-20T01:04:10.802506+00:00,2026-09-20T01:04:10.802508+00:00,0,107000.0,,96.0,1114.58,0,,,,0,0,2,INDIRIZZO_ESTRATTO,VENDITA
d1918b7bf0a706652657,Grugliasco,"Via Stampalia, 19",Via Stampalia,appartamento,"Bilocale in vendita in Via Stampalia, 19, Grugliasco - idealista",Idealista,,https://www.idealista.it/immobile/36719654/,USCITO_MERCATO,False,False,2026-09-04T16:00:05.402090+00:00,2026-09-05T19:08:06.334563+00:00,1,75000.0,,52.0,1442.31,0,,,,0,0,69,INDIRIZZO_ESTRATTO,VENDITA
6e6a47b7eec5e05ab25f,Grugliasco,Viale Gramsci 58,Viale Gramsci,altro,Compagnia Immobiliare Grugliasco Grugliasco (TO) - Viale Gramsci 58 ...,Mercato generale,,https://www.bancadellecase.it/torino/in-vendita/con-planimetrie_compagnia-immobiliare-grugliasco,USCITO_MERCATO,False,False,2026-08-21T12:20:59.475580+00:00,2026-08-23T17:16:38.786929+00:00,2,,,,,0,,,,0,3,91,INDIRIZZO_ESTRATTO,VENDITA
9fd4f6851ca8e8d0513a,Grugliasco,corso Adriatico. Buono,corso Adriatico. Buono,appartamento,Vendita Appartamento Grugliasco. Bilocale in corso Adriatico. Buono ...,Immobiliare.it,,https://www.immobiliare.it/annunci/128520118/,USCITO_MERCATO,False,False,2026-08-27T21:04:17.080241+00:00,2026-09-05T04:44:03.763978+00:00,8,,,,,0,,,,0,0,72,INDIRIZZO_ESTRATTO,VENDITA
fdaedc84581cf908bfe1,Grugliasco,corso Canonico Giuseppe Allamano 34,corso Canonico Giuseppe Allamano,commerciale,"Capannone corso Canonico Giuseppe Allamano 34, Grugliasco, Rif ...",Immobiliare.it,,https://www.immobiliare.it/annunci/131506522/,USCITO_MERCATO,False,False,2026-08-28T05:06:35.530753+00:00,2026-09-13T20:46:02.146962+00:00,16,,,,,0,,,,0,0,29,INDIRIZZO_ESTRATTO,VENDITA
87d19f2a0db3af4e891a,Grugliasco,corso Fratelli Cervi,corso Fratelli Cervi,appartamento,Vendita Appartamento Grugliasco. Quadrilocale in corso Fratelli Cervi ...,Immobiliare.it,,https://www.immobiliare.it/annunci/132115748/,TRACKED,True,False,2026-09-18T17:15:59.824303+00:00,2026-09-20T11:10:13.479767+00:00,1,,,100.0,,0,,,,0,0,0,INDIRIZZO_ESTRATTO,VENDITA
693189488b3a253678ba,Grugliasco,corso Gaetano Salvemini,corso Gaetano Salvemini,appartamento,Vendita Appartamento Grugliasco. Trilocale in corso Gaetano Salvemini ...,Immobiliare.it,,https://www.immobiliare.it/annunci/131620374/,TRACKED,True,False,2026-09-16T14:58:05.671783+00:00,2026-09-20T11:10:13.479794+00:00,3,,,85.0,,0,,,,0,0,0,INDIRIZZO_ESTRATTO,VENDITA
e4be67c425bb2cb06575,Grugliasco,"corso Gaetano Salvemini, 65",corso Gaetano Salvemini,appartamento,"Vendita Appartamento in corso Gaetano Salvemini, 65. Grugliasco. Ottimo ...",Immobiliare.it,,https://www.immobiliare.it/annunci/127521470/,USCITO_MERCATO,False,False,2026-09-06T19:19:39.865123+00:00,2026-09-06T19:19:39.865124+00:00,0,,,,,0,,,,0,0,61,INDIRIZZO_ESTRATTO,VENDITA
210cad9d1db5d5043c4c,Grugliasco,piazza 66 Martiri 22,piazza 66 Martiri,appartamento,Vendita Appartamento Grugliasco. Quadrilocale in piazza 66 Martiri 22 ...,Immobiliare.it,,https://www.immobiliare.it/annunci/130847120/,POSSIBILE_USCITA,False,False,2026-09-18T17:15:59.824316+00:00,2026-09-19T18:06:37.667192+00:00,1,,,,,0,,,,0,0,5,INDIRIZZO_ESTRATTO,VENDITA
442ee1631d7f1fb90ef4,Grugliasco,piazza Giacomo Matteotti,piazza Giacomo Matteotti,appartamento,Vendita Appartamento Grugliasco. Trilocale in piazza Giacomo Matteotti ...,Immobiliare.it,,https://www.immobiliare.it/annunci/132205278/,USCITO_MERCATO,False,False,2026-09-06T22:17:30.166327+00:00,2026-09-11T17:53:32.668208+00:00,4,,,82.0,,0,,,,0,0,39,INDIRIZZO_ESTRATTO,VENDITA
2e3cd7997e4c6b4182ae,Grugliasco,via 20 Settembre 10,via 20 Settembre,villa,Vendita Appartamento in villa in via 20 Settembre 10 Grugliasco. Ottimo ...,Immobiliare.it,,https://www.immobiliare.it/annunci/130848106/,USCITO_MERCATO,False,False,2026-09-11T23:19:47.990083+00:00,2026-09-16T22:13:22.798282+00:00,4,,,,,0,,,,0,0,17,INDIRIZZO_ESTRATTO,VENDITA
96b74b1b94a64d62a38c,Grugliasco,via Adria 9,via Adria,appartamento,Vendita Appartamento Grugliasco. Trilocale in via Adria 9. Buono stato ...,Immobiliare.it,,https://www.immobiliare.it/annunci/131205358/,USCITO_MERCATO,False,False,2026-09-10T21:45:03.419234+00:00,2026-09-15T18:17:59.372908+00:00,4,,,75.0,,0,,,,0,0,21,INDIRIZZO_ESTRATTO,VENDITA
ed0bbf7aa658cbeb18a3,Grugliasco,via Antonio Cotta 15,via Antonio Cotta,casa indipendente,Vendita Terratetto unifamiliare in via Antonio Cotta 15 Grugliasco ...,Immobiliare.it,,https://www.immobiliare.it/annunci/119818710/,USCITO_MERCATO,False,False,2026-09-03T18:47:06.318729+00:00,2026-09-09T17:56:58.703701+00:00,5,,,,,0,,,,0,0,50,INDIRIZZO_ESTRATTO,"ATTO_PUBBLICO_PDF,LOCAZIONE"
204a27855546f26c683d,Grugliasco,via Barberà Del Valles 25,via Barberà Del Valles,appartamento,Vendita Appartamento Grugliasco. Trilocale in via Barberà Del Valles 25 ...,Immobiliare.it,,https://www.immobiliare.it/annunci/112224107/,RELISTED,True,False,2026-09-04T19:20:00.004528+00:00,2026-09-20T01:04:10.802469+00:00,15,,,,,0,,,,0,0,2,INDIRIZZO_ESTRATTO,VENDITA
e76c0cf8edc828afa87b,Grugliasco,via Bongiovanni 23,via Bongiovanni,villa,Vendita Villa a schiera in via Bongiovanni 23 Grugliasco. Buono stato ...,Immobiliare.it,,https://www.immobiliare.it/annunci/129942744/,USCITO_MERCATO,False,False,2026-09-11T09:00:35.958215+00:00,2026-09-16T04:54:00.959692+00:00,4,,,131.0,,0,,,,0,0,20,INDIRIZZO_ESTRATTO,VENDITA
f133e3cd1d334f137c74,Grugliasco,via Cavalieri di Vittorio,via Cavalieri di Vittorio,appartamento,Vendita Appartamento Grugliasco. Trilocale in via Cavalieri di Vittorio ...,Immobiliare.it,,https://www.immobiliare.it/annunci/132417040/,TRACKED,True,False,2026-09-19T23:00:29.357979+00:00,2026-09-20T11:10:13.479781+00:00,0,,,,,0,,,,0,0,0,INDIRIZZO_ESTRATTO,VENDITA
34c2a5bbf2ac1d958c1c,Grugliasco,via Cavour 42,via Cavour,villa,Vendita Villa unifamiliare in via Cavour 42 Grugliasco. Da ...,Immobiliare.it,,https://www.immobiliare.it/annunci/132253040/,USCITO_MERCATO,False,False,2026-09-08T18:39:29.644887+00:00,2026-09-16T04:54:00.959703+00:00,7,,,,,0,,,,0,0,20,INDIRIZZO_ESTRATTO,VENDITA
70d3e11e2aa8d20c097f,Grugliasco,via Crea 43,via Crea,appartamento,Vendita Appartamento Grugliasco. Bilocale in via Crea 43. Da ...,Immobiliare.it,,https://www.immobiliare.it/annunci/131263920/,USCITO_MERCATO,False,False,2026-08-27T21:04:17.080247+00:00,2026-09-13T14:26:02.556192+00:00,16,,,,,0,,,,0,0,31,INDIRIZZO_ESTRATTO,VENDITA
c1a0707c33ffdce70332,Grugliasco,via Don Caustico 164,via Don Caustico,appartamento,Vendita Appartamento Grugliasco. Quadrilocale in via Don Caustico 164 ...,Immobiliare.it,,https://www.immobiliare.it/annunci/126668197/,TRACKED,True,False,2026-09-17T16:48:02.648056+00:00,2026-09-20T06:08:00.346955+00:00,2,,,,,0,,,,0,0,1,INDIRIZZO_ESTRATTO,VENDITA
8cc6dfe496f6e0a97363,Grugliasco,via Don Mario Caustico 77,via Don Mario Caustico,appartamento,Vendita Appartamento Grugliasco. Trilocale in via Don Mario Caustico 77 ...,Immobiliare.it,,https://www.immobiliare.it/annunci/132166724/,POSSIBILE_USCITA,False,False,2026-09-12T14:11:38.612189+00:00,2026-09-19T18:06:37.667199+00:00,7,,,,,0,,,,0,0,5,INDIRIZZO_ESTRATTO,VENDITA
aacbac2ded01e6c3c497,Grugliasco,via Don Mario Caustico,via Don Mario Caustico,appartamento,Vendita Appartamento Grugliasco. Quadrilocale in via Don Mario Caustico ...,Immobiliare.it,,https://www.immobiliare.it/annunci/132219150/,TRACKED,True,False,2026-09-17T16:48:02.648018+00:00,2026-09-20T11:10:13.479787+00:00,2,,,,,0,,,,0,0,0,INDIRIZZO_ESTRATTO,"PRIVATO,VENDITA"
119ecd03a6eaf7a6f997,Grugliasco,via E. Montanaro 17,via E. Montanaro,appartamento,Vendita Appartamento Grugliasco. Quadrilocale in via E. Montanaro 17 ...,Immobiliare.it,,https://www.immobiliare.it/annunci/128600174/,POSSIBILE_USCITA,False,False,2026-08-27T21:04:17.080283+00:00,2026-09-19T18:06:37.667157+00:00,22,,,,,0,,,,0,0,5,INDIRIZZO_ESTRATTO,VENDITA
765750fc0dd01ef69f04,Grugliasco,via Enrico Toti 10,via Enrico Toti,appartamento,Vendita Appartamento Grugliasco. Trilocale in via Enrico Toti 10 ...,Immobiliare.it,,https://www.immobiliare.it/annunci/128623470/,USCITO_MERCATO,False,False,2026-09-01T18:58:42.120365+00:00,2026-09-01T20:55:16.173094+00:00,0,,,,,0,,,,0,0,86,INDIRIZZO_ESTRATTO,VENDITA
cf0657d8a76c066ba42f,Grugliasco,via Francesco Baracca Grugliasco. Buono,via Francesco Baracca Grugliasco. Buono,villa,Vendita Villa bifamiliare in via Francesco Baracca Grugliasco. Buono ...,Immobiliare.it,,https://www.immobiliare.it/annunci/131466108/,USCITO_MERCATO,False,False,2026-08-28T05:06:35.530764+00:00,2026-09-16T04:54:00.959673+00:00,18,,,,,0,,,,0,0,20,INDIRIZZO_ESTRATTO,VENDITA
37324f5d1c3dbd76cc33,Grugliasco,via Giotto 14,via Giotto,villa,Vendita Villa unifamiliare in via Giotto 14 Grugliasco. Buono stato ...,Immobiliare.it,,https://www.immobiliare.it/annunci/102776536/,USCITO_MERCATO,False,False,2026-09-08T06:35:04.158129+00:00,2026-09-16T04:54:00.959635+00:00,7,342000.0,,300.0,1140.0,0,,,,0,0,20,INDIRIZZO_ESTRATTO,VENDITA
d472e521085f8b7acdb4,Grugliasco,via Giovanni Tobanelli,via Giovanni Tobanelli,appartamento,Vendita Appartamento Grugliasco. Quadrilocale in via Giovanni Tobanelli ...,Immobiliare.it,,https://www.immobiliare.it/annunci/130165320/,TRACKED,True,False,2026-08-27T21:04:17.080272+00:00,2026-09-20T11:10:13.479816+00:00,23,,,,,0,,,,0,0,0,INDIRIZZO_ESTRATTO,VENDITA
f72906e97a9d22dba50b,Grugliasco,via Giuseppe Di,via Giuseppe Di,appartamento,Vendita Appartamento Grugliasco. Quadrilocale in via Giuseppe Di ...,Immobiliare.it,,https://www.immobiliare.it/annunci/129611192/,USCITO_MERCATO,False,False,2026-09-11T13:39:24.924452+00:00,2026-09-16T04:54:00.959646+00:00,4,,,,,0,,,,0,0,20,INDIRIZZO_ESTRATTO,VENDITA
ecd89eabcb5fadcb173b,Grugliasco,via Giuseppe di,via Giuseppe di,appartamento,Vendita Appartamento Grugliasco. Quadrilocale in via Giuseppe di ...,Immobiliare.it,,https://www.immobiliare.it/annunci/132417094/,TRACKED,True,False,2026-09-19T23:00:29.358010+00:00,2026-09-20T06:08:00.346950+00:00,0,,,,,0,,,,0,0,1,INDIRIZZO_ESTRATTO,VENDITA
8f11a7ba192bd9af322e,Grugliasco,via Gorizia 6,via Gorizia,appartamento,Vendita Appartamento Grugliasco. Bilocale in via Gorizia 6. Buono stato ...,Immobiliare.it,,https://www.immobiliare.it/annunci/131135370/,USCITO_MERCATO,False,False,2026-09-01T23:36:27.691232+00:00,2026-09-08T06:35:04.158189+00:00,6,,,,,0,,,,0,0,56,INDIRIZZO_ESTRATTO,VENDITA
50d3a074f3448ef271e8,Grugliasco,via Guglielmo d'Amico 25,via Guglielmo d'Amico,appartamento,Vendita Appartamento Grugliasco. Bilocale in via Guglielmo d'Amico 25 ...,Immobiliare.it,,https://www.immobiliare.it/annunci/126704247/,USCITO_MERCATO,False,False,2026-09-04T07:52:28.839960+00:00,2026-09-15T18:17:59.372904+00:00,11,,,,,0,,,,0,0,21,INDIRIZZO_ESTRATTO,VENDITA
9ac2249337f629480631,Grugliasco,via Guglielmo d'Amico,via Guglielmo d'Amico,appartamento,Vendita Appartamento Grugliasco. Bilocale in via Guglielmo d'Amico ...,Immobiliare.it,,https://www.immobiliare.it/annunci/115311989/,USCITO_MERCATO,False,False,2026-09-02T16:09:34.324687+00:00,2026-09-17T11:30:50.190814+00:00,14,,,,,0,,,,0,0,15,INDIRIZZO_ESTRATTO,PRIVATO
b24bdbc3641e0fd347c4,Grugliasco,via Latina. Ottimo stato,via Latina. Ottimo stato,appartamento,Vendita Appartamento Grugliasco. Trilocale in via Latina. Ottimo stato ...,Immobiliare.it,,https://www.immobiliare.it/annunci/132053586/,TRACKED,True,False,2026-09-20T06:08:00.346962+00:00,2026-09-20T11:10:13.479823+00:00,0,,,,,0,,,,0,0,0,INDIRIZZO_ESTRATTO,VENDITA
053f68a08b1d1dd5e6f5,Grugliasco,via Leonardo da Vinci,via Leonardo da Vinci,appartamento,Vendita Appartamento Grugliasco. Quadrilocale in via Leonardo da Vinci ...,Immobiliare.it,,https://www.immobiliare.it/annunci/132250252/,TRACKED,True,False,2026-09-11T09:00:35.958205+00:00,2026-09-20T06:08:00.346943+00:00,9,,,,,0,,,,0,0,1,INDIRIZZO_ESTRATTO,VENDITA
8dc15e0988455beec8a8,Grugliasco,via Milano 78,via Milano,appartamento,Vendita Appartamento Grugliasco. Quadrilocale in via Milano 78. Ottimo ...,Immobiliare.it,,https://www.immobiliare.it/annunci/131339370/,POSSIBILE_USCITA,False,False,2026-08-28T05:06:35.530785+00:00,2026-09-19T18:06:37.667225+00:00,22,,,,,0,,,,0,0,5,INDIRIZZO_ESTRATTO,VENDITA
4c22c837ed9a61369f5c,Grugliasco,via Moncalieri 134,via Moncalieri,villa,Vendita Villa unifamiliare in via Moncalieri 134 Grugliasco. Ottimo ...,Immobiliare.it,,https://www.immobiliare.it/annunci/132092854/,USCITO_MERCATO,False,False,2026-09-02T12:02:41.370308+00:00,2026-09-03T18:47:06.318712+00:00,1,,,65.0,,0,,,,0,0,81,INDIRIZZO_ESTRATTO,VENDITA
b707f19755c2b4841ded,Grugliasco,via Moncalieri 136,via Moncalieri,villa,Vendita Villa unifamiliare in via Moncalieri 136 Grugliasco. Ottimo ...,Immobiliare.it,,https://www.immobiliare.it/annunci/132095186/,USCITO_MERCATO,False,False,2026-09-02T12:02:41.370323+00:00,2026-09-03T18:47:06.318748+00:00,1,,,180.0,,0,,,,0,0,81,INDIRIZZO_ESTRATTO,VENDITA
07bba3ec34de2ff9b13d,Grugliasco,via Nazario Sauro 73,via Nazario Sauro,villa,Vendita Villa unifamiliare in via Nazario Sauro 73 Grugliasco. Buono ...,Immobiliare.it,,https://www.immobiliare.it/annunci/132190244/,USCITO_MERCATO,False,False,2026-09-06T17:10:13.430558+00:00,2026-09-06T22:17:30.166363+00:00,0,460000.0,,,,0,,,,0,0,60,INDIRIZZO_ESTRATTO,VENDITA
ce19790f1db0370b2737,Grugliasco,via Odoardo Santorelli,via Odoardo Santorelli,appartamento,Vendita Appartamento Grugliasco. Bilocale in via Odoardo Santorelli ...,Immobiliare.it,,https://www.immobiliare.it/annunci/124659221/,USCITO_MERCATO,False,False,2026-09-02T12:02:41.370328+00:00,2026-09-17T11:30:50.190829+00:00,14,,,,,0,,,,0,0,15,INDIRIZZO_ESTRATTO,VENDITA
b9ae98d3cfcdcea88f4d,Grugliasco,via Panealbo 63,via Panealbo,appartamento,Vendita Appartamento Grugliasco. Bilocale in via Panealbo 63. Ottimo ...,Immobiliare.it,,https://www.immobiliare.it/annunci/131272958/,USCITO_MERCATO,False,False,2026-08-27T21:04:17.080277+00:00,2026-09-17T11:30:50.190799+00:00,20,,,,,0,,,,0,0,15,INDIRIZZO_ESTRATTO,VENDITA
fc1ea7d3438678fcc8bf,Grugliasco,via Rieti,via Rieti,commerciale,"Locale commerciale via Rieti, Grugliasco, Rif. 132055932 - Immobiliare.it",Immobiliare.it,,https://www.immobiliare.it/annunci/132055932/,RELISTED,True,False,2026-09-01T23:36:27.691155+00:00,2026-09-20T11:10:13.479722+00:00,18,,,98.0,,0,,,,0,0,0,INDIRIZZO_ESTRATTO,"AGENZIA,LOCAZIONE"
2d5ef1ba0f1404ce1ea5,Grugliasco,via Rovereto 4,via Rovereto,appartamento,Vendita Appartamento Grugliasco. Quadrilocale in via Rovereto 4. Ottimo ...,Immobiliare.it,,https://www.immobiliare.it/annunci/129840272/,USCITO_MERCATO,False,False,2026-09-17T16:48:02.648023+00:00,2026-09-18T01:22:44.226631+00:00,0,,,,,0,,,,0,0,11,INDIRIZZO_ESTRATTO,VENDITA
28f7a3a79ab026c9b357,Grugliasco,via Severino Doppi,via Severino Doppi,appartamento,Vendita Appartamento Grugliasco. Quadrilocale in via Severino Doppi ...,Immobiliare.it,,https://www.immobiliare.it/annunci/132081010/,USCITO_MERCATO,False,False,2026-09-02T07:11:25.326234+00:00,2026-09-02T16:09:34.324673+00:00,0,,,,,0,,,,0,0,82,INDIRIZZO_ESTRATTO,VENDITA
e6c7be47b42dcc8880b2,Grugliasco,via Severino Doppi 31,via Severino Doppi,appartamento,Vendita Appartamento Grugliasco. Quadrilocale in via Severino Doppi 31 ...,Immobiliare.it,,https://www.immobiliare.it/annunci/125581333/,USCITO_MERCATO,False,False,2026-08-27T21:04:17.080266+00:00,2026-09-15T01:31:48.170765+00:00,18,,,,,0,,,,0,0,23,INDIRIZZO_ESTRATTO,VENDITA
da907781b303c820b3dc,Grugliasco,via Silvio Allason 20/7,via Silvio Allason,appartamento,Vendita Appartamento Grugliasco. Trilocale in via Silvio Allason 20/7 ...,Immobiliare.it,,https://www.immobiliare.it/annunci/127997782/,USCITO_MERCATO,False,False,2026-08-27T21:04:17.080236+00:00,2026-09-06T00:53:48.287198+00:00,9,,,,,0,,,,0,0,66,INDIRIZZO_ESTRATTO,VENDITA
5f1ef644ffee939431c6,Grugliasco,via Stampalia. Da,via Stampalia. Da,appartamento,Vendita Appartamento Grugliasco. Bilocale in via Stampalia. Da ...,Immobiliare.it,,https://www.immobiliare.it/annunci/132086794/,TRACKED,True,False,2026-09-02T07:11:25.326202+00:00,2026-09-20T11:10:13.479800+00:00,18,,,,,0,,,,0,0,0,INDIRIZZO_ESTRATTO,VENDITA
d53cc00787b67cdf55a5,Grugliasco,via Tripoli 46,via Tripoli,appartamento,Vendita Appartamento Grugliasco. Trilocale in via Tripoli 46. Buono ...,Immobiliare.it,,https://www.immobiliare.it/annunci/132028096/,USCITO_MERCATO,False,False,2026-09-04T07:52:28.839904+00:00,2026-09-15T18:17:59.372894+00:00,11,117000.0,,,,0,,,,0,0,21,INDIRIZZO_ESTRATTO,VENDITA
eba29ff77d75fc303700,Grugliasco,via Tripoli 46,via Tripoli,appartamento,Vendita Appartamento Grugliasco. Trilocale in via Tripoli 46. Buono ...,Immobiliare.it,,https://www.immobiliare.it/annunci/126798329/,RELISTED,True,False,2026-08-27T21:04:17.080259+00:00,2026-09-20T01:04:10.802440+00:00,23,120000.0,,,,0,,,,0,0,2,INDIRIZZO_ESTRATTO,VENDITA
d1051526a27a161a4de8,Grugliasco,via alessandro la marmora,via alessandro la marmora,appartamento,Vendita Appartamento Grugliasco. Bilocale in via alessandro la marmora ...,Immobiliare.it,,https://www.immobiliare.it/annunci/131080622/,USCITO_MERCATO,False,False,2026-08-28T05:06:35.530795+00:00,2026-09-14T01:05:27.891938+00:00,16,,,,,0,,,,0,0,27,INDIRIZZO_ESTRATTO,VENDITA
6da0a3a599fecb9f4d3f,Grugliasco,via dell'Indipendenza 19,via dell'Indipendenza,casa indipendente,"Capannone via dell'Indipendenza 19, Grugliasco, Rif. 128417366 ...",Immobiliare.it,,https://www.immobiliare.it/annunci/128417366/,USCITO_MERCATO,False,False,2026-09-14T01:05:27.891844+00:00,2026-09-18T01:22:44.226616+00:00,4,,,300.0,,0,,,,0,0,11,INDIRIZZO_ESTRATTO,VENDITA
23da6d5260b4502fb747,Grugliasco,via enrico montanaro 17,via enrico montanaro,appartamento,Vendita Appartamento in via enrico montanaro 17. Grugliasco. Ottimo ...,Immobiliare.it,,https://www.immobiliare.it/annunci/130495342/,RELISTED,True,False,2026-09-04T00:12:37.946884+00:00,2026-09-20T11:10:13.479807+00:00,16,,,110.0,,0,,,,0,0,0,INDIRIZZO_ESTRATTO,VENDITA
619bcb1e6e6d66abe8e9,Grugliasco,via giacosa. Nuovo,via giacosa. Nuovo,appartamento,Vendita Appartamento Grugliasco. Quadrilocale in via giacosa. Nuovo ...,Immobiliare.it,,https://www.immobiliare.it/annunci/126926629/,USCITO_MERCATO,False,False,2026-09-16T14:58:05.671768+00:00,2026-09-18T01:22:44.226651+00:00,1,,,,,0,,,,0,0,11,INDIRIZZO_ESTRATTO,VENDITA
e79bce76188e4c088857,Grugliasco,via giotto 31,via giotto,appartamento,Vendita Appartamento Grugliasco. Quadrilocale in via giotto 31. Buono ...,Immobiliare.it,,https://www.immobiliare.it/annunci/132044336/,USCITO_MERCATO,False,False,2026-09-01T18:58:42.120396+00:00,2026-09-01T20:55:16.173109+00:00,0,,,98.0,,0,,,,0,0,86,INDIRIZZO_ESTRATTO,VENDITA
a80e1cef99d4fe880d3f,Grugliasco,via michelangelo,via michelangelo,appartamento,Vendita Appartamento Grugliasco. Trilocale in via michelangelo ...,Immobiliare.it,,https://www.immobiliare.it/annunci/131198256/,TRACKED,True,False,2026-09-02T16:09:34.324630+00:00,2026-09-20T11:10:13.479761+00:00,17,,,92.0,,0,,,,0,0,0,INDIRIZZO_ESTRATTO,VENDITA
bfe887e6b8d0447644d5,Grugliasco,via primo levi 13,via primo levi,commerciale,"Capannone via primo levi 13, Grugliasco, Rif. 131554842 - Immobiliare.it",Immobiliare.it,,https://www.immobiliare.it/annunci/131554842/,USCITO_MERCATO,False,False,2026-08-28T05:06:35.530740+00:00,2026-09-16T22:13:22.798269+00:00,19,,,600.0,,0,,,,0,0,17,INDIRIZZO_ESTRATTO,VENDITA
b92386a5e89e4e9befc9,Grugliasco,via ughetto. Ottimo stato,via ughetto. Ottimo stato,appartamento,Vendita Appartamento Grugliasco. Bilocale in via ughetto. Ottimo stato ...,Immobiliare.it,,https://www.immobiliare.it/annunci/132179188/,POSSIBILE_USCITA,False,False,2026-09-04T12:01:02.700331+00:00,2026-09-19T23:00:29.358034+00:00,15,,,61.0,,0,,,,0,0,3,INDIRIZZO_ESTRATTO,"VENDITA,AGENZIA"
94b50938663aaeef8764,Grugliasco,viale Fabrizio De Andrè,viale Fabrizio De Andrè,appartamento,Vendita Appartamento Grugliasco. Trilocale in viale Fabrizio De Andrè ...,Immobiliare.it,,https://www.immobiliare.it/annunci/127295393/,TRACKED,True,False,2026-08-27T21:04:17.080252+00:00,2026-09-20T11:10:13.479774+00:00,23,,,,,0,,,,0,0,0,INDIRIZZO_ESTRATTO,VENDITA
42e74499fd21eea121cd,La Cassa,,,appartamento,"Appartamento all'asta zona grange basolo, La Cassa",Immobiliare.it,,https://www.immobiliare.it/annunci/132228454/,USCITO_MERCATO,False,False,2026-09-09T17:56:58.703806+00:00,2026-09-13T23:15:39.650060+00:00,4,,,,,0,,,,0,0,28,URL_DETTAGLIO_PORTALE,ASTA
82b1d310aa8371ccaf1a,La Cassa,,,appartamento,"Appartamento all'asta zona grange basolo, La Cassa",Immobiliare.it,,https://www.immobiliare.it/annunci/132304808/,TRACKED,True,False,2026-09-11T23:19:47.990205+00:00,2026-09-20T11:10:13.479857+00:00,8,,,,,0,,,,0,0,0,URL_DETTAGLIO_PORTALE,ASTA
0997a69bddde0e57fba0,La Cassa,,,villa,"Vendita Villa unifamiliare La Cassa. Nuova, posto auto, con terrazza ...",Immobiliare.it,,https://www.immobiliare.it/annunci/124898669/,TRACKED,True,False,2026-09-17T23:05:00.276011+00:00,2026-09-20T06:08:00.347011+00:00,2,,,,,0,,,,0,0,1,URL_DETTAGLIO_PORTALE,VENDITA
3f80451b7b88afb223fb,La Cassa,,,villa,Vendita Villa unifamiliare in regione Mattodera 13 La Cassa. Ottimo ...,Immobiliare.it,,https://www.immobiliare.it/annunci/127743184/,USCITO_MERCATO,False,False,2026-09-08T06:35:04.158273+00:00,2026-09-14T22:36:38.494114+00:00,6,,,,,0,,,,0,0,24,URL_DETTAGLIO_PORTALE,VENDITA
355fd7cb26bff3729f63,La Cassa,"Via A. Diaz, 71",Via A. Diaz,appartamento,"Appartamento su due piani in vendita in Via A. Diaz, 71",Idealista,,https://www.idealista.it/immobile/35996042/,USCITO_MERCATO,False,False,2026-09-08T21:57:25.796109+00:00,2026-09-08T21:57:25.796110+00:00,0,,,,,0,,,,0,0,53,INDIRIZZO_ESTRATTO,PRIVATO
93d9cfc88b2d8a8f3a1c,La Cassa,"Via Cambarlèt, 3",Via Cambarlèt,villa,"Villa in vendita in Via Cambarlèt, 3, La Cassa - idealista",Idealista,,https://www.idealista.it/immobile/34338819/,USCITO_MERCATO,False,False,2026-09-17T16:48:02.648130+00:00,2026-09-17T16:48:02.648131+00:00,0,,,,,0,,,,0,0,14,INDIRIZZO_ESTRATTO,VENDITA
cc2b2570540e7b0ada80,La Cassa,Via Costabella s.n.c,Via Costabella s.n.c,villa,"Villa in vendita in Via Costabella s.n.c, La Cassa - idealista",Idealista,,https://www.idealista.it/immobile/36260167/,USCITO_MERCATO,False,False,2026-09-17T16:48:02.648125+00:00,2026-09-17T16:48:02.648126+00:00,0,,,,,0,,,,0,0,14,INDIRIZZO_ESTRATTO,AGENZIA
86851eafd3186ffe1017,La Cassa,"Via Edgardo Sogno, 12",Via Edgardo Sogno,appartamento,"Appartamento in vendita in Via Edgardo Sogno, 12, La Cassa - idealista",Idealista,,https://www.idealista.it/immobile/35024230/,USCITO_MERCATO,False,False,2026-09-17T16:48:02.648109+00:00,2026-09-17T16:48:02.648111+00:00,0,,,150.0,,0,,,,0,0,14,INDIRIZZO_ESTRATTO,VENDITA
d77a901012411e3d5a97,La Cassa,"Via Giuseppe Bonino, 4",Via Giuseppe Bonino,appartamento,"Quadrilocale in vendita in Via Giuseppe Bonino, 4, La Cassa — idealista ...",Idealista,,https://www.idealista.it/immobile/35130952/,USCITO_MERCATO,False,False,2026-09-08T21:57:25.796102+00:00,2026-09-17T20:20:41.891151+00:00,8,,,102.0,,0,,,,0,0,13,INDIRIZZO_ESTRATTO,VENDITA
587b5a8381af0b0affe6,La Cassa,Via Grange,Via Grange,appartamento,"Appartamento all'asta in Via Grange, La Cassa - idealista",Idealista,,https://www.idealista.it/immobile/36770780/,USCITO_MERCATO,False,False,2026-09-14T01:05:27.892034+00:00,2026-09-14T01:05:27.892035+00:00,0,,,,,0,,,,0,0,27,INDIRIZZO_ESTRATTO,ASTA
ab190b2224f929976702,La Cassa,"Via Lanzo, 19",Via Lanzo,appartamento,"Appartamento in vendita in Via Lanzo, 19, La Cassa - idealista",Idealista,,https://www.idealista.it/immobile/34170291/,USCITO_MERCATO,False,False,2026-09-17T16:48:02.648135+00:00,2026-09-17T16:48:02.648136+00:00,0,,,170.0,,0,,,,0,0,14,INDIRIZZO_ESTRATTO,"PRIVATO,AGENZIA"
e5d05734c82e08468dff,La Cassa,"Via Mattodera, 5",Via Mattodera,villa,"Villa in vendita in Via Mattodera, 5, La Cassa - idealista",Idealista,,https://www.idealista.it/immobile/35158502/,USCITO_MERCATO,False,False,2026-09-17T16:48:02.648120+00:00,2026-09-17T16:48:02.648121+00:00,0,,,,,0,,,,0,0,14,INDIRIZZO_ESTRATTO,VENDITA
76ebe02e502b6f206348,La Cassa,"Via Regione Mattodera, 5",Via Regione Mattodera,villa,"Villa in vendita in Via Regione Mattodera, 5, La Cassa - idealista",Idealista,,https://www.idealista.it/immobile/35440896/,USCITO_MERCATO,False,False,2026-09-08T21:57:25.796115+00:00,2026-09-14T01:05:27.892040+00:00,5,,,,,0,,,,0,0,27,INDIRIZZO_ESTRATTO,VENDITA
52ac3007ee9e3ad1fbfd,La Cassa,"Via delle Querce, 1",Via delle Querce,appartamento,"Monolocale all'asta in Via delle Querce, 1, La Cassa - idealista",Idealista,,https://www.idealista.it/immobile/36383219/,USCITO_MERCATO,False,False,2026-09-08T21:57:25.796121+00:00,2026-09-17T16:48:02.648147+00:00,8,,,,,0,,,,0,0,14,INDIRIZZO_ESTRATTO,ASTA
e8b3ee5c274255ab6aa1,La Cassa,piazza Michele Galetto 28,piazza Michele Galetto,appartamento,Vendita Appartamento La Cassa. Bilocale in piazza Michele Galetto 28 ...,Immobiliare.it,,https://www.immobiliare.it/annunci/122389116/,TRACKED,True,False,2026-09-08T06:35:04.158257+00:00,2026-09-20T11:10:13.479850+00:00,12,,,,,0,,,,0,0,0,INDIRIZZO_ESTRATTO,VENDITA
c441b839b77614e65ba0,La Cassa,via Armando Diaz 6,via Armando Diaz,appartamento,Vendita Appartamento La Cassa. Trilocale in via Armando Diaz 6. Ottimo ...,Immobiliare.it,,https://www.immobiliare.it/annunci/117952001/,USCITO_MERCATO,False,False,2026-09-08T21:57:25.796064+00:00,2026-09-19T06:11:00.696667+00:00,10,,,,,0,,,,0,0,8,INDIRIZZO_ESTRATTO,VENDITA
00299bfcff1939cb4cb9,La Cassa,via Armando Diaz 37,via Armando Diaz,villa,Vendita Villa unifamiliare in via Armando Diaz 37 La Cassa. Da ...,Immobiliare.it,,https://www.immobiliare.it/annunci/130067214/,NEW,True,False,2026-09-20T06:08:00.347006+00:00,2026-09-20T06:08:00.347008+00:00,0,,,134.0,,0,,,,0,0,1,INDIRIZZO_ESTRATTO,AGENZIA
95caf34568d25fed1f2c,La Cassa,via Avigliana,via Avigliana,appartamento,"Quadrilocale in vendita in via Avigliana, La Cassa - idealista",Idealista,,https://www.idealista.it/immobile/31167277/,USCITO_MERCATO,False,False,2026-09-17T16:48:02.648115+00:00,2026-09-17T16:48:02.648116+00:00,0,,,,,0,,,,0,0,14,INDIRIZZO_ESTRATTO,VENDITA
84f75832cd2911911a14,La Cassa,via Baratonia 13,via Baratonia,villa,Vendita Villa unifamiliare in via Baratonia 13 La Cassa. Ottimo stato ...,Immobiliare.it,,https://www.immobiliare.it/annunci/116317811/,RELISTED,True,False,2026-09-18T19:44:01.662724+00:00,2026-09-20T06:08:00.346999+00:00,1,,,,,0,,,,0,0,1,INDIRIZZO_ESTRATTO,VENDITA
ae50bd17d3b3723f2d54,La Cassa,via Giuseppe Bonino 16,via Giuseppe Bonino,appartamento,Vendita Appartamento La Cassa. Trilocale in via Giuseppe Bonino 16 ...,Immobiliare.it,,https://www.immobiliare.it/annunci/107719173/,USCITO_MERCATO,False,False,2026-09-08T11:07:58.868802+00:00,2026-09-18T19:44:01.662752+00:00,10,,,,,0,,,,0,0,9,INDIRIZZO_ESTRATTO,VENDITA
fb71d0107474e026ca93,La Cassa,via Giuseppe Bonino 4,via Giuseppe Bonino,appartamento,Vendita Appartamento La Cassa. Quadrilocale in via Giuseppe Bonino 4 ...,Immobiliare.it,,https://www.immobiliare.it/annunci/127427472/,TRACKED,True,False,2026-09-08T06:35:04.158228+00:00,2026-09-20T06:08:00.346992+00:00,12,,,,,0,,,,0,0,1,INDIRIZZO_ESTRATTO,VENDITA
a9975615dab119eddd02,La Cassa,via Giuseppe Bonino 13,via Giuseppe Bonino,villa,Vendita Villa bifamiliare in via Giuseppe Bonino 13 La Cassa. Buono ...,Immobiliare.it,,https://www.immobiliare.it/annunci/77930226/,NEW,True,False,2026-09-20T06:08:00.347018+00:00,2026-09-20T06:08:00.347019+00:00,0,,,,,0,,,,0,0,1,INDIRIZZO_ESTRATTO,VENDITA
64b83f411de927aa6a91,La Cassa,via Givoletto 1,via Givoletto,appartamento,Vendita Appartamento La Cassa. Quadrilocale in via Givoletto 1. Buono ...,Immobiliare.it,,https://www.immobiliare.it/annunci/94372042/,POSSIBILE_USCITA,False,False,2026-09-10T15:11:09.215389+00:00,2026-09-19T20:30:44.817572+00:00,9,109000.0,,105.0,1038.1,0,,,,0,0,4,INDIRIZZO_ESTRATTO,VENDITA
3460bed1d15fad27c59c,La Cassa,via Italia 30,via Italia,villa,"Vendita Villa a schiera in via Italia 30 La Cassa. Ottimo stato, posto ...",Immobiliare.it,,https://www.immobiliare.it/annunci/129483048/,USCITO_MERCATO,False,False,2026-09-19T06:11:00.696567+00:00,2026-09-19T06:11:00.696569+00:00,0,,,,,0,,,,0,0,8,INDIRIZZO_ESTRATTO,VENDITA
4a4735645c2874cab077,La Cassa,"via La Cassa , 62",via La Cassa,villa,"Vendita Villa bifamiliare in via La Cassa , 62 Givoletto. 400 m², rif ...",Immobiliare.it,,https://www.immobiliare.it/annunci/105916315/,USCITO_MERCATO,False,False,2026-09-13T18:14:54.120216+00:00,2026-09-13T18:14:54.120218+00:00,0,,,400.0,,0,,,,0,0,30,INDIRIZZO_ESTRATTO,VENDITA
4e0a25d42d7e9d275c26,La Cassa,via Torino 24,via Torino,appartamento,Vendita Appartamento La Cassa. Trilocale in via Torino 24. Buono stato ...,Immobiliare.it,,https://www.immobiliare.it/annunci/132417780/,TRACKED,True,False,2026-09-17T11:30:50.190892+00:00,2026-09-20T11:10:13.479838+00:00,2,,,,,0,,,,0,0,0,INDIRIZZO_ESTRATTO,VENDITA
989b1c7cce3d09981997,La Cassa,via Torino 24,via Torino,appartamento,Vendita Appartamento La Cassa. Trilocale in via Torino 24. Buono stato ...,Immobiliare.it,,https://www.immobiliare.it/annunci/121430116/,USCITO_MERCATO,False,False,2026-09-09T04:02:27.438397+00:00,2026-09-13T18:14:54.120169+00:00,4,,,85.0,,0,,,,0,0,30,INDIRIZZO_ESTRATTO,VENDITA
d5f968bab357fe0e61de,La Cassa,via Torino 24,via Torino,appartamento,Vendita Appartamento La Cassa. Trilocale in via Torino 24. Buono stato ...,Immobiliare.it,,https://www.immobiliare.it/annunci/129415210/,TRACKED,True,False,2026-09-08T06:35:04.158240+00:00,2026-09-20T11:10:13.479844+00:00,12,,,,,0,,,,0,0,0,INDIRIZZO_ESTRATTO,VENDITA
d70c4bbf8a6d92e56edb,La Cassa,"via Torino, 26",via Torino,appartamento,"Trilocale in vendita in via Torino, 26, La Cassa - idealista",Idealista,,https://www.idealista.it/immobile/31765328/,USCITO_MERCATO,False,False,2026-09-17T16:48:02.648155+00:00,2026-09-17T16:48:02.648156+00:00,0,,,85.0,,0,,,,0,0,14,INDIRIZZO_ESTRATTO,VENDITA
739fd313f03246ecc200,La Cassa,via Vittorio Veneto 24,via Vittorio Veneto,appartamento,Vendita Appartamento La Cassa. Trilocale in via Vittorio Veneto 24 ...,Immobiliare.it,,https://www.immobiliare.it/annunci/112078637/,USCITO_MERCATO,False,False,2026-09-08T06:35:04.158234+00:00,2026-09-19T06:11:00.696637+00:00,10,,,,,0,,,,0,0,8,INDIRIZZO_ESTRATTO,VENDITA
74a5c43a39f69bbbfc63,La Cassa,via Vittorio Veneto 24,via Vittorio Veneto,appartamento,Vendita Appartamento La Cassa. Trilocale in via Vittorio Veneto 24 ...,Immobiliare.it,,https://www.immobiliare.it/annunci/112078885/,USCITO_MERCATO,False,False,2026-09-08T06:35:04.158264+00:00,2026-09-19T06:11:00.696692+00:00,10,,,65.0,,0,,,,0,0,8,INDIRIZZO_ESTRATTO,VENDITA
83f68c48a23ea81458a5,La Cassa,"via delle Querce, 1",via delle Querce,appartamento,"Appartamento all'asta via delle Querce, 1, La Cassa",Immobiliare.it,,https://www.immobiliare.it/annunci/131576678/,USCITO_MERCATO,False,False,2026-09-08T06:35:04.158280+00:00,2026-09-12T05:52:24.477879+00:00,3,,,,,0,,,,0,0,37,INDIRIZZO_ESTRATTO,ASTA
a9274fa0a9c6fe61f080,La Cassa,"via delle Querce , 1",via delle Querce,appartamento,"Appartamento all'asta via delle Querce , 1, La Cassa",Immobiliare.it,,https://www.immobiliare.it/annunci/131522994/,USCITO_MERCATO,False,False,2026-09-08T06:35:04.158286+00:00,2026-09-12T05:52:24.477886+00:00,3,,,,,0,,,,0,0,37,INDIRIZZO_ESTRATTO,ASTA
2e16d961545850dc99c8,La Cassa,"via italia, 12",via italia,villa,"Vendita Villa unifamiliare in via italia, 12 La Cassa. Da ristrutturare ...",Immobiliare.it,,https://www.immobiliare.it/annunci/106955699/,USCITO_MERCATO,False,False,2026-09-08T06:35:04.158292+00:00,2026-09-15T18:17:59.372985+00:00,7,,,,,0,,,,0,0,21,INDIRIZZO_ESTRATTO,VENDITA
e13cbabd0a376eb6e05c,La Cassa,via la Cassa 21,via la Cassa,appartamento,"Vendita Appartamento in via la Cassa 21. San Gillio. Buono stato, primo ...",Immobiliare.it,,https://www.immobiliare.it/annunci/120606348/,POSSIBILE_USCITA,False,False,2026-09-17T23:05:00.276018+00:00,2026-09-19T20:30:44.817593+00:00,1,,,,,0,,,,0,0,4,INDIRIZZO_ESTRATTO,VENDITA
633e5356df66b2fcbedd,La Cassa,via tORINO 26,via tORINO,appartamento,Vendita Appartamento La Cassa. Trilocale in via tORINO 26. Buono stato ...,Immobiliare.it,,https://www.immobiliare.it/annunci/106292649/,USCITO_MERCATO,False,False,2026-09-08T21:57:25.796077+00:00,2026-09-15T01:31:48.170847+00:00,6,,,,,0,,,,0,0,23,INDIRIZZO_ESTRATTO,VENDITA
ce85ad9579fdf58a2a73,La Cassa,via tORINO 26,via tORINO,appartamento,Vendita Appartamento La Cassa. Bilocale in via tORINO 26. Ottimo stato ...,Immobiliare.it,,https://www.immobiliare.it/annunci/107026379/,USCITO_MERCATO,False,False,2026-09-08T21:57:25.796057+00:00,2026-09-18T19:44:01.662730+00:00,9,,,,,0,,,,0,0,9,INDIRIZZO_ESTRATTO,VENDITA
9389a3afa3aec870376e,La Cassa,via tORINO. Buono stato,via tORINO. Buono stato,villa,Vendita Appartamento La Cassa. Quadrilocale in via tORINO. Buono stato ...,Immobiliare.it,,https://www.immobiliare.it/annunci/91264574/,USCITO_MERCATO,False,False,2026-09-10T15:11:09.215344+00:00,2026-09-19T06:11:00.696654+00:00,8,,,,,0,,,,0,0,8,INDIRIZZO_ESTRATTO,VENDITA
5a7d4b9dae8efea97681,La Cassa,via via delle Querce,via via delle Querce,appartamento,"Appartamento all'asta via via delle Querce, La Cassa",Immobiliare.it,,https://www.immobiliare.it/annunci/131555470/,USCITO_MERCATO,False,False,2026-09-10T11:09:38.638513+00:00,2026-09-17T20:20:41.891067+00:00,7,,,,,0,,,,0,0,13,INDIRIZZO_ESTRATTO,ASTA
7408aadd22a298d1e1f2,La Cassa,via via delle Querce,via via delle Querce,appartamento,"Appartamento all'asta via via delle Querce, La Cassa",Immobiliare.it,,https://www.immobiliare.it/annunci/132308424/,POSSIBILE_USCITA,False,False,2026-09-11T23:19:47.990197+00:00,2026-09-19T23:00:29.358090+00:00,7,,,,,0,,,,0,0,3,INDIRIZZO_ESTRATTO,ASTA
f60053dfa9c1686b4b31,La Cassa,via via delle Querce,via via delle Querce,appartamento,"Appartamento all'asta via via delle Querce, La Cassa",Immobiliare.it,,https://www.immobiliare.it/annunci/132130844/,USCITO_MERCATO,False,False,2026-09-08T11:07:58.868818+00:00,2026-09-19T06:11:00.696606+00:00,10,,,,,0,,,,0,0,8,INDIRIZZO_ESTRATTO,ASTA
5dfc120563c743cfcb3c,Mattie,,,altro,pagamento a riscatto casa Mattie - Ville singole e a schiera In vendita ...,Subito privati,,https://www.subito.it/ville-singole-e-a-schiera/pagamento-a-riscatto-casa-mattie-torino-657112849.htm,TRACKED,True,False,2026-08-27T21:04:17.080300+00:00,2026-09-07T10:14:01.140563+00:00,23,40000.0,,,,0,,,,0,0,0,URL_DETTAGLIO,VENDITA
eeb84bfd2a0785eda224,Mattie,,,appartamento,Case e appartamenti a Via Mattie. Immobili in vendita a Via ... - Nestoria,Nestoria,,https://www.nestoria.it/immobiliare/vendita/via-mattie,RELISTED,True,False,2026-08-21T12:20:59.475603+00:00,2026-09-07T04:45:03.056643+00:00,29,,,,,0,,,,0,0,1,INDIRIZZO_NEL_TITOLO,VENDITA
7e51159dfcc9e207614a,Mattie,via Bellando 24,via Bellando,casa indipendente,Vendita Terratetto unifamiliare in via Bellando 24 Mattie. Buono stato ...,Immobiliare.it,,https://www.immobiliare.it/annunci/131552508/,TRACKED,True,False,2026-09-01T20:55:16.173195+00:00,2026-09-07T10:14:01.140540+00:00,18,,,,,0,,,,0,0,0,INDIRIZZO_ESTRATTO,VENDITA
97af4654b93d08aa31da,Mattie,via Grandi Tanze 39,via Grandi Tanze,appartamento,"Vendita Appartamento in via Grandi Tanze 39. Mattie. Buono stato, su ...",Immobiliare.it,,https://www.immobiliare.it/annunci/130635102/,TRACKED,True,False,2026-08-27T21:04:17.080315+00:00,2026-09-07T10:14:01.140571+00:00,23,,,,,0,,,,0,0,0,INDIRIZZO_ESTRATTO,VENDITA
5d112c05cd160e704c94,Mattie,via Mattie 21,via Mattie,appartamento,"Vendita Appartamento Torino. Bilocale in via Mattie 21. Nuovo, piano ...",Immobiliare.it,,https://www.immobiliare.it/annunci/132002754/,USCITO_MERCATO,False,False,2026-08-28T05:06:35.530838+00:00,2026-08-28T10:58:40.671058+00:00,0,,,,,0,,,,0,0,31,INDIRIZZO_ESTRATTO,VENDITA
b2177e0b60eb038d86c0,Mattie,via Mattie 21,via Mattie,appartamento,"Vendita Appartamento Torino. Bilocale in via Mattie 21. Nuovo, piano ...",Immobiliare.it,,https://www.immobiliare.it/annunci/130850322/,USCITO_MERCATO,False,False,2026-08-23T09:11:13.222571+00:00,2026-08-27T21:04:17.080320+00:00,4,,,,,0,,,,0,0,33,INDIRIZZO_ESTRATTO,VENDITA
763c1eaf0039df3c6121,Mattie,via Mattie. Da,via Mattie. Da,appartamento,Vendita Appartamento Meana di Susa. Trilocale in via Mattie. Da ...,Immobiliare.it,,https://www.immobiliare.it/annunci/132166626/,TRACKED,True,False,2026-09-03T18:47:06.318779+00:00,2026-09-07T10:14:01.140579+00:00,16,,,,,0,,,,0,0,0,INDIRIZZO_ESTRATTO,VENDITA
7e109fe0ed2cb0a85471,Mattie,via Torino 7,via Torino,appartamento,Vendita Terratetto plurifamiliare in via Torino 7 Mattie. Buono stato ...,Immobiliare.it,,https://www.immobiliare.it/annunci/127657942/,USCITO_MERCATO,False,False,2026-08-27T21:04:17.080310+00:00,2026-08-28T10:58:40.671066+00:00,0,,,,,0,,,,0,0,31,INDIRIZZO_ESTRATTO,VENDITA
5b91c89651162afbc2c9,Mattie,via giordani 3,via giordani,casa indipendente,"Casa Indipendente in vendita a Mattie via giordani, 3",TrovaCasa privati,,https://www.trovacasa.it/annunci/to-tc-64869-72779648,USCITO_MERCATO,False,False,2026-08-21T12:20:59.475598+00:00,2026-08-22T17:17:15.502660+00:00,1,,,,,0,,,,0,0,34,INDIRIZZO_ESTRATTO,VENDITA
ce6434310fd5b3372f57,Meana di Susa,,,altro,Casa bifamiliare in Vendita in zona Centro a Meana di Susa,Casa.it,,https://www.casa.it/immobili/54591476/,USCITO_MERCATO,False,False,2026-08-21T12:20:59.475619+00:00,2026-08-23T17:16:38.786955+00:00,2,,,,,0,,,,0,0,34,URL_DETTAGLIO_PORTALE,VENDITA
6216d8a963665dd5859f,Meana di Susa,,,casa indipendente,Casa indipendente in vendita a Meana di Susa - idealista,Idealista,,https://www.idealista.it/immobile/33496979/,USCITO_MERCATO,False,False,2026-09-05T04:44:03.764087+00:00,2026-09-05T04:44:03.764088+00:00,0,,,60.0,,0,,,,0,0,15,URL_DETTAGLIO_PORTALE,VENDITA
91ee7a90f224a80e0226,Meana di Susa,,,casa indipendente,"Casa indipendente in vendita a Meana di Susa, Valli Susa - Sangone ...",Idealista,,https://www.idealista.it/immobile/35025247/,TRACKED,True,False,2026-08-21T12:20:59.475608+00:00,2026-09-07T10:14:01.140595+00:00,29,45000.0,,141.0,319.15,0,,,,0,0,0,URL_DETTAGLIO_PORTALE,VENDITA
f33a76d224931de629f3,Meana di Susa,,,villa,Villetta bifamiliare in vendita a Meana di Susa - idealista,Idealista,,https://www.idealista.it/immobile/36435522/,USCITO_MERCATO,False,False,2026-09-05T04:44:03.764127+00:00,2026-09-06T09:36:38.463253+00:00,1,,,,,0,,,,0,0,7,URL_DETTAGLIO_PORTALE,VENDITA
57d7bde3ca9dfe9ab6bd,Meana di Susa,"Borgata Rodetti, 1",Borgata Rodetti,casa indipendente,"Casa indipendente in vendita in Borgata Rodetti, 1, Meana di Susa ...",Idealista,,https://www.idealista.it/immobile/33174979/,USCITO_MERCATO,False,False,2026-09-05T04:44:03.764140+00:00,2026-09-05T04:44:03.764141+00:00,0,,,,,0,,,,0,0,15,INDIRIZZO_ESTRATTO,VENDITA
68cb09b11eba0c12ccda,Meana di Susa,"Borgata Sarette, 5",Borgata Sarette,casa indipendente,"Casa indipendente in vendita in Borgata Sarette, 5, Meana di Susa ...",Idealista,,https://www.idealista.it/immobile/34738877/,USCITO_MERCATO,False,False,2026-09-05T04:44:03.764120+00:00,2026-09-06T09:36:38.463244+00:00,1,,,70.0,,0,,,,0,0,7,INDIRIZZO_ESTRATTO,VENDITA
5dc92498ceef0af097a5,Meana di Susa,"Frazione Corboley, 14",Frazione Corboley,casa indipendente,"Casa indipendente in vendita in Frazione Corboley, 14, Meana di Susa ...",Idealista,,https://www.idealista.it/immobile/28343331/,USCITO_MERCATO,False,False,2026-09-05T04:44:03.764133+00:00,2026-09-06T09:36:38.463234+00:00,1,,,,,0,,,,0,0,7,INDIRIZZO_ESTRATTO,VENDITA
66f769557d91ea598071,Meana di Susa,Via Cornalero s.n.c,Via Cornalero s.n.c,casa indipendente,"Casa indipendente in vendita in Via Cornalero s.n.c, Meana di Susa ...",Idealista,,https://www.idealista.it/immobile/36108433/,USCITO_MERCATO,False,False,2026-09-05T04:44:03.764114+00:00,2026-09-06T09:36:38.463214+00:00,1,,,,,0,,,,0,0,7,INDIRIZZO_ESTRATTO,VENDITA
f963cd7346d737f9e2bb,Meana di Susa,"Via Gran Borgata, 21",Via Gran Borgata,villa,"Villetta a schiera in vendita in Via Gran Borgata, 21, Meana di Susa ...",Idealista,,https://www.idealista.it/immobile/36711241/,USCITO_MERCATO,False,False,2026-09-06T09:36:38.463264+00:00,2026-09-06T09:36:38.463265+00:00,0,,,,,0,,,,0,0,7,INDIRIZZO_ESTRATTO,VENDITA
cd12ad55bd6ad8039eb8,Meana di Susa,"Via Gravere, 11",Via Gravere,casa indipendente,"Casa indipendente in vendita in Via Gravere, 11, Meana di Susa ...",Idealista,,https://www.idealista.it/immobile/36182625/,USCITO_MERCATO,False,False,2026-09-05T04:44:03.764107+00:00,2026-09-05T04:44:03.764109+00:00,0,,,1400.0,,0,,,,0,0,15,INDIRIZZO_ESTRATTO,VENDITA
9247b4ca56e0bfa36dcc,Meana di Susa,Via Gravere s.n.c,Via Gravere s.n.c,villa,"Villa in vendita in Via Gravere s.n.c, Meana di Susa - idealista",Idealista,,https://www.idealista.it/immobile/36228163/,USCITO_MERCATO,False,False,2026-09-05T04:44:03.764101+00:00,2026-09-06T09:36:38.463224+00:00,1,,,,,0,,,,0,0,7,INDIRIZZO_ESTRATTO,VENDITA
52332c01c6daefc61073,Meana di Susa,Via Mattie,Via Mattie,appartamento,"Trilocale in vendita in Via Mattie, Meana di Susa - idealista",Idealista,,https://www.idealista.it/immobile/34528448/,USCITO_MERCATO,False,False,2026-09-06T09:36:38.463271+00:00,2026-09-06T09:36:38.463272+00:00,0,,,,,0,,,,0,0,7,INDIRIZZO_ESTRATTO,VENDITA
a81bb7542e966f920fb3,Meana di Susa,"Vicolo del Portico, 10",Vicolo del Portico,casa indipendente,"Casa indipendente in vendita in Vicolo del Portico, 10, Meana di Susa ...",Idealista,,https://www.idealista.it/immobile/33939864/,USCITO_MERCATO,False,False,2026-09-05T04:44:03.764094+00:00,2026-09-05T04:44:03.764096+00:00,0,,,,,0,,,,0,0,15,INDIRIZZO_ESTRATTO,VENDITA
40421ac02a64e1bf99be,Meana di Susa,via Colle delle Finestre 16,via Colle delle Finestre,villa,Vendita Villa bifamiliare in via Colle delle Finestre 16 Meana di Susa ...,Immobiliare.it,,https://www.immobiliare.it/annunci/123924605/,USCITO_MERCATO,False,False,2026-08-28T05:06:35.530883+00:00,2026-09-02T12:02:41.370384+00:00,5,,,,,0,,,,0,0,26,INDIRIZZO_ESTRATTO,PRIVATO
9e80e40b0c5de7d6e15d,Meana di Susa,via Gravere Meana di Susa. Buono stato,via Gravere Meana di Susa. Buono stato,villa,Vendita Villa bifamiliare in via Gravere Meana di Susa. Buono stato ...,Immobiliare.it,,https://www.immobiliare.it/annunci/125433055/,USCITO_MERCATO,False,False,2026-08-27T21:04:17.080361+00:00,2026-08-27T21:04:17.080362+00:00,0,,,,,0,,,,0,0,33,INDIRIZZO_ESTRATTO,PRIVATO
2b15e62950756cd63e98,Meana di Susa,via Mattie 16,via Mattie,villa,Vendita Villa unifamiliare in via Mattie 16 Meana di Susa. Buono stato ...,Immobiliare.it,,https://www.immobiliare.it/annunci/129789220/,USCITO_MERCATO,False,False,2026-09-01T18:58:42.120500+00:00,2026-09-01T18:58:42.120502+00:00,0,,,,,0,,,,0,0,30,INDIRIZZO_ESTRATTO,PRIVATO
cbf2b622d8b78ca3d0e7,Meana di Susa,via armona. Da,via armona. Da,appartamento,Vendita Appartamento Meana di Susa. Quadrilocale in via armona. Da ...,Immobiliare.it,,https://www.immobiliare.it/annunci/131674966/,TRACKED,True,False,2026-08-27T21:04:17.080355+00:00,2026-09-07T10:14:01.140611+00:00,23,,,,,0,,,,0,0,0,INDIRIZZO_ESTRATTO,"VENDITA,LOCAZIONE"
ff923b9efd7062585065,Mompantero,,,altro,Vendita terreni e rustici a Torino da privati - Bakeca,Bakeca privati,,https://torino.bakeca.it/annunci/terreni-rustici/contrattotipo/vendita/inserzionistacase/privato/,USCITO_MERCATO,False,False,2026-08-23T09:11:13.222601+00:00,2026-08-23T09:11:13.222603+00:00,0,24000.0,,,,0,,,,0,0,34,URL_DETTAGLIO_PORTALE,VENDITA
1db080c74b4af8736a7d,Mompantero,,,appartamento,A Mompantero centro città: vendita case e affitto appartamento a ...,Bakeca privati,,https://torino.bakeca.it/annunci/case/luogo/Mompantero/annunci/offro-casa/,TRACKED,True,False,2026-09-04T07:52:28.840041+00:00,2026-09-07T10:14:01.140619+00:00,16,,,,,0,,,,0,0,0,URL_DETTAGLIO_PORTALE,LOCAZIONE
354ff33e0a8bd1eef0f1,Mompantero,,,rustico/casale,Rustico in Vendita a Mompantero | Euro 15.000 | Mq 130,Tempocasa,,https://tempocasa.it/it/vendita/torino/mompantero/rustico/15026729,USCITO_MERCATO,False,False,2026-08-21T12:20:59.475638+00:00,2026-08-21T12:20:59.475639+00:00,0,15000.0,,130.0,115.38,0,,,,0,0,34,URL_DETTAGLIO_PORTALE,VENDITA
879fb6b4dea799d15b01,Mompantero,,,rustico/casale,"Rustico - casale all'asta frazione Seghino, 2, Mompantero",Immobiliare.it,,https://www.immobiliare.it/annunci/130939356/,TRACKED,True,False,2026-09-02T07:11:25.326309+00:00,2026-09-07T10:14:01.140627+00:00,18,,,,,0,,,,0,0,0,URL_DETTAGLIO_PORTALE,ASTA
2b72cf4afccb9f9c7ab4,Mompantero,,,villa,Annunci di villa in vendita a Mompantero centro città Settembre 2026 su ...,Bakeca privati,,https://torino.bakeca.it/annunci/vendita-case/luogo/Mompantero/tipoimmobile/villa/,USCITO_MERCATO,False,False,2026-09-01T18:58:42.120516+00:00,2026-09-04T22:26:36.992524+00:00,3,,,,,0,,,,0,0,17,URL_DETTAGLIO_PORTALE,VENDITA
1daa8e373daef9d76013,Mompantero,Frazione San Giuseppe 21,Frazione San Giuseppe,villa,Villa in Vendita in Frazione San Giuseppe 21 a Mompantero - Casa.it,Casa.it,,https://www.casa.it/immobili/54595196/,USCITO_MERCATO,False,False,2026-08-21T12:20:59.475632+00:00,2026-08-23T17:16:38.786966+00:00,2,,,,,0,,,,0,0,34,INDIRIZZO_ESTRATTO,VENDITA
1658a98117b67d746510,Moncenisio,,,appartamento,Tempocasa Studio Immobiliare Nichelino di Abbate - Subito,Subito privati,,https://www.subito.it/appartamenti/bilocale-in-bilivello-in-piccolo-contesto-libero-s-torino-659434734.htm,USCITO_MERCATO,False,False,2026-09-04T12:01:02.700535+00:00,2026-09-04T12:01:02.700537+00:00,0,,,,,0,,,,0,0,20,URL_DETTAGLIO,AGENZIA
ab915ad86311dd3e7b7e,Moncenisio,,,appartamento,Astalegale.net - Asta giudiziaria Abitazione di tipo civile Via ...,Mercato residenziale,,https://www.astalegale.net/Aste/Detail/B2391737-Abitazione-di-tipo-civile-Via-Moncenisio-n-8--Cesano-Maderno,USCITO_MERCATO,False,False,2026-08-28T10:58:40.671128+00:00,2026-08-28T10:58:40.671129+00:00,0,,,30.8,,0,,,,0,0,31,URL_DETTAGLIO,ASTA
248c9c916657395c1b14,Moncenisio,"Via Moncenisio, 37",Via Moncenisio,appartamento,"Trilocale in vendita in Via Moncenisio, 37 - idealista",Idealista,,https://www.idealista.it/immobile/36670222/,USCITO_MERCATO,False,False,2026-09-04T02:03:54.138662+00:00,2026-09-05T21:13:34.334161+00:00,1,137000.0,,78.0,1756.41,0,,,,0,0,11,INDIRIZZO_ESTRATTO,VENDITA
32a21c9f69cc1656b617,Moncenisio,Via Moncenisio 75,Via Moncenisio,appartamento,Trilocale in Vendita in Via Moncenisio 75 a Sant'Antonino di Susa - Casa.it,Casa.it,,https://www.casa.it/immobili/54627017/,USCITO_MERCATO,False,False,2026-09-02T12:02:41.370427+00:00,2026-09-02T12:02:41.370428+00:00,0,,,77.0,,0,,,,0,0,26,INDIRIZZO_ESTRATTO,VENDITA
bb895b3cf781596dfee7,Moncenisio,Via Moncenisio,Via Moncenisio,appartamento,"Trilocale all'asta in Via Moncenisio, Gioia del Colle - idealista",Idealista,,https://www.idealista.it/immobile/36698933/,USCITO_MERCATO,False,False,2026-09-04T22:26:36.992614+00:00,2026-09-05T21:13:34.334171+00:00,0,51541.0,,81.0,636.31,0,,,,0,0,11,INDIRIZZO_ESTRATTO,ASTA
e144dfd2cdcc285a918e,Moncenisio,Via Moncenisio,Via Moncenisio,appartamento,"Appartamento su due piani in vendita in Via Moncenisio, Juvarra ...",Idealista,,https://www.idealista.it/immobile/36723779/,USCITO_MERCATO,False,False,2026-09-05T21:13:34.334152+00:00,2026-09-05T21:13:34.334153+00:00,0,129000.0,,60.0,2150.0,0,,,,0,0,11,INDIRIZZO_ESTRATTO,VENDITA
e1cf9f7a75de0f62d6b4,Moncenisio,"Via Moncenisio, 75",Via Moncenisio,appartamento,"Trilocale in vendita in Via Moncenisio, 75 - idealista",Idealista,,https://www.idealista.it/immobile/36664850/,USCITO_MERCATO,False,False,2026-09-01T18:58:42.120556+00:00,2026-09-04T22:26:36.992594+00:00,3,,,77.0,,0,,,,0,0,17,INDIRIZZO_ESTRATTO,VENDITA
11d9e28eb31c189165dc,Moncenisio,"Via Moncenisio, 12",Via Moncenisio,villa,"Villetta bifamiliare in vendita in Via Moncenisio, 12, Avigliana ...",Idealista,,https://www.idealista.it/immobile/36733558/,TRACKED,True,False,2026-09-05T09:19:10.296784+00:00,2026-09-07T04:45:03.056752+00:00,15,,,,,0,,,,0,0,1,INDIRIZZO_ESTRATTO,VENDITA
5ccb6bf7ab39358797ee,Moncenisio,"Via Passo del Moncenisio, 34",Via Passo del Moncenisio,altro,"Locale in vendita in Via Passo del Moncenisio, 34 - idealista",Idealista,,https://www.idealista.it/immobile/36709981/,USCITO_MERCATO,False,False,2026-09-04T00:12:37.947002+00:00,2026-09-05T21:13:34.334180+00:00,1,59000.0,,60.0,983.33,0,,,,0,0,11,INDIRIZZO_ESTRATTO,VENDITA
db6b7ab7990c2564d5a9,Moncenisio,Via Passo del Moncenisio 34,Via Passo del Moncenisio,commerciale,Locale commerciale in Vendita in Via Passo del Moncenisio 34 a Brescia ...,Casa.it,,https://www.casa.it/immobili/54655572/,TRACKED,True,False,2026-09-04T00:12:37.946992+00:00,2026-09-07T10:14:01.140671+00:00,16,,,,,0,,,,0,0,0,INDIRIZZO_ESTRATTO,VENDITA
98dff0554277a474c8b3,Moncenisio,via Moncenisio,via Moncenisio,appartamento,"Appartamento all'asta via Moncenisio, Gioia del Colle",Immobiliare.it,,https://www.immobiliare.it/annunci/131966836/,USCITO_MERCATO,False,False,2026-08-28T10:58:40.671146+00:00,2026-08-28T10:58:40.671148+00:00,0,,,,,0,,,,0,0,31,INDIRIZZO_ESTRATTO,ASTA
b2089bc905abfdc14eb7,Moncenisio,via Moncenisio,via Moncenisio,appartamento,"Appartamento all'asta via Moncenisio, Gioia del Colle",Immobiliare.it,,https://www.immobiliare.it/annunci/132130406/,TRACKED,True,False,2026-09-03T18:47:06.318856+00:00,2026-09-07T10:14:01.140711+00:00,16,,,,,0,,,,0,0,0,INDIRIZZO_ESTRATTO,ASTA
ec84264607066fb7accc,Moncenisio,via Moncenisio,via Moncenisio,appartamento,Vendita Appartamento Sant'Antonino di Susa. Trilocale in via Moncenisio ...,Immobiliare.it,,https://www.immobiliare.it/annunci/132031318/,TRACKED,True,False,2026-09-01T18:58:42.120571+00:00,2026-09-11T17:53:32.668879+00:00,18,,,77.0,,0,,,,0,0,0,INDIRIZZO_ESTRATTO,VENDITA
fcf5a67cea855d9f0105,Moncenisio,via Moncenisio 10,via Moncenisio,appartamento,Vendita Appartamento Monza. Quadrilocale in via Moncenisio 10. Ottimo ...,Immobiliare.it,,https://www.immobiliare.it/annunci/114155643/,TRACKED,True,False,2026-09-02T07:11:25.326370+00:00,2026-09-07T10:14:01.140686+00:00,18,,,160.0,,0,,,,0,0,0,INDIRIZZO_ESTRATTO,VENDITA
06c03c81f2b1b0d10724,Moncenisio,via Moncenisio 12,via Moncenisio,villa,Vendita Villa bifamiliare in via Moncenisio 12 Avigliana. Da ...,Immobiliare.it,,https://www.immobiliare.it/annunci/132188518/,TRACKED,True,False,2026-09-05T00:56:52.328225+00:00,2026-09-07T10:14:01.139069+00:00,15,,,,,0,,,,0,1,0,INDIRIZZO_ESTRATTO,VENDITA
35b4feca3f763b854f8b,Moncenisio,via Moncenisio 62,via Moncenisio,villa,Vendita Villa unifamiliare in via Moncenisio 62 Avigliana. Ottimo stato ...,Immobiliare.it,,https://www.immobiliare.it/annunci/57586138/,TRACKED,True,False,2026-08-28T10:58:40.671122+00:00,2026-09-07T10:14:01.140718+00:00,23,,,,,0,,,,0,0,0,INDIRIZZO_ESTRATTO,"STORICO_USCITA,VENDITA"
d5b17e6756c1304e1458,Moncenisio,via Moncenisio 6b,via Moncenisio,villa,Vendita Appartamento in via Moncenisio 6b. Montesilvano. Ottimo stato ...,Immobiliare.it,,https://www.immobiliare.it/annunci/131888184/,USCITO_MERCATO,False,False,2026-08-28T10:58:40.671140+00:00,2026-08-28T10:58:40.671142+00:00,0,,,,,0,,,,0,0,31,INDIRIZZO_ESTRATTO,VENDITA
038154a8e40ddb7271ae,Moncenisio,via moncenisio. Buono stato,via moncenisio. Buono stato,appartamento,Vendita Appartamento Nichelino. Bilocale in via moncenisio. Buono stato ...,Immobiliare.it,,https://www.immobiliare.it/annunci/132169952/,TRACKED,True,False,2026-09-04T07:52:28.840110+00:00,2026-09-07T10:14:01.140703+00:00,16,,,,,0,,,,0,0,0,INDIRIZZO_ESTRATTO,AGENZIA
034fd439d3254247a102,Novalesa,,,casa indipendente,"Vendita Terratetto unifamiliare Novalesa. Ottimo stato, con balcone ...",Immobiliare.it,,https://www.immobiliare.it/annunci/116964785/,TRACKED,True,False,2026-09-03T18:47:06.318867+00:00,2026-09-07T10:14:01.140727+00:00,16,,,,,0,,,,0,0,0,URL_DETTAGLIO_PORTALE,"VENDITA,AGENZIA"
2555eca2a843012e8329,Novalesa,Via Novalesa. Ville in vendita a Via Novalesa,Via Novalesa. Ville in vendita a Via Novalesa,villa,Case a Via Novalesa. Ville in vendita a Via Novalesa - Nestoria,Nestoria,,https://www.nestoria.it/case/vendita/via-novalesa,POSSIBILE_USCITA,False,False,2026-08-28T05:06:35.530888+00:00,2026-09-06T22:17:30.166582+00:00,9,250000.0,,,,0,,,,0,0,3,INDIRIZZO_ESTRATTO,"VENDITA,PRIVATO,AGENZIA"
7eb54791cab62e1041ef,Oulx,,,altro,Annunci di case in vendita a Oulx centro città - Bakeca,Bakeca privati,,https://torino.bakeca.it/annunci/vendita-case/luogo/oulx/,USCITO_MERCATO,False,False,2026-08-21T12:20:59.475655+00:00,2026-08-23T17:16:38.786978+00:00,2,,,,,0,,,,0,0,34,URL_DETTAGLIO_PORTALE,VENDITA
f4318badc9d57f9d6bd0,Oulx,"Borgata Amazas, 15",Borgata Amazas,rustico/casale,"Casale/cascina in vendita in Borgata Amazas, 15, San Marco, Oulx ...",Idealista,,https://www.idealista.it/immobile/28006397/,USCITO_MERCATO,False,False,2026-09-06T00:53:48.287534+00:00,2026-09-06T00:53:48.287535+00:00,0,,,,,0,,,,0,0,9,INDIRIZZO_ESTRATTO,VENDITA
08d3bd0bc05e6f715a65,Oulx,"Piazza Federico Mistral, 8",Piazza Federico Mistral,appartamento,"Bilocale in vendita in Piazza Federico Mistral, 8, Centro, Oulx ...",Idealista,,https://www.idealista.it/immobile/35598843/,USCITO_MERCATO,False,False,2026-09-06T00:53:48.287526+00:00,2026-09-06T00:53:48.287528+00:00,0,,,,,0,,,,0,0,9,INDIRIZZO_ESTRATTO,VENDITA
7463cdc9284cbb23e9cb,Oulx,Piazza Mistral 2,Piazza Mistral,appartamento,"Immobile Appartamento in Piazza Mistral 2, Oulx (TO) 158.000 €, 51.99 ...",Mercato residenziale,,https://www.gabetti.it/vendita/oulx/appartamento/3254485,RELISTED,True,False,2026-08-28T10:58:40.671172+00:00,2026-09-07T10:14:01.140751+00:00,23,158000.0,,,,0,,,,0,0,0,INDIRIZZO_ESTRATTO,VENDITA
7e45b5f8dba632b29843,Oulx,"Via Roma, 33",Via Roma,altro,"Locale all'asta in Via Roma, 33, Centro, Oulx - idealista",Idealista,,https://www.idealista.it/immobile/36694685/,USCITO_MERCATO,False,False,2026-09-06T00:53:48.287540+00:00,2026-09-06T00:53:48.287542+00:00,0,,,,,0,,,,0,0,9,INDIRIZZO_ESTRATTO,ASTA
1ae5e652f5a5eb7b87c0,Oulx,Via Roma 33,Via Roma,commerciale,"Negozio/locale commerciale all''asta Via Roma 33, Oulx. Fabbricato ...",Commerciale negozi/locali,,https://www.immobiliare-italia.it/negozio-locale-commerciale-all-asta-via-roma-33-oulx/1482168/,RELISTED,True,False,2026-09-05T23:10:34.871930+00:00,2026-09-07T10:14:01.140762+00:00,14,,,60.0,,0,,,,0,0,0,INDIRIZZO_ESTRATTO,ASTA
66cc5d770bc63e859f71,Oulx,corso Frejus 16,corso Frejus,appartamento,Vendita Appartamento Oulx. Quadrilocale in corso Frejus 16. Buono stato ...,Immobiliare.it,,https://www.immobiliare.it/annunci/122059736/,RELISTED,True,False,2026-09-04T22:26:36.992726+00:00,2026-09-07T00:44:29.376149+00:00,15,,,,,0,,,,0,0,2,INDIRIZZO_ESTRATTO,VENDITA
3b8515ef6a5210949491,Oulx,corso Ortigara 23,corso Ortigara,appartamento,Vendita Appartamento Oulx. Bilocale in corso Ortigara 23. Buono stato ...,Immobiliare.it,,https://www.immobiliare.it/annunci/123552441/,USCITO_MERCATO,False,False,2026-08-28T05:06:35.530941+00:00,2026-09-05T16:59:36.015580+00:00,8,,,,,0,,,,0,0,13,INDIRIZZO_ESTRATTO,VENDITA
b513db0a0abb8ed9cfd5,Oulx,"corso Torino, 32",corso Torino,villa,"Vendita Appartamento in corso Torino, 32. Oulx. Nuovo, primo piano ...",Immobiliare.it,,https://www.immobiliare.it/annunci/131529510/,TRACKED,True,False,2026-09-04T02:03:54.138797+00:00,2026-09-07T10:14:01.140845+00:00,16,,,,,0,,,,0,0,0,INDIRIZZO_ESTRATTO,VENDITA
8e8ec24a8142362f4cf4,Oulx,piazza Europa 4,piazza Europa,appartamento,Vendita Appartamento Oulx. Trilocale in piazza Europa 4. Buono stato ...,Immobiliare.it,,https://www.immobiliare.it/annunci/129566996/,TRACKED,True,False,2026-09-01T18:58:42.120609+00:00,2026-09-07T10:14:01.140780+00:00,18,,,,,0,,,,0,0,0,INDIRIZZO_ESTRATTO,VENDITA
9f4fa3035f28df9c302f,Oulx,piazza Federico Mistral 8,piazza Federico Mistral,appartamento,Vendita Appartamento Oulx. Bilocale in piazza Federico Mistral 8. Buono ...,Immobiliare.it,,https://www.immobiliare.it/annunci/128758850/,USCITO_MERCATO,False,False,2026-09-01T23:36:27.691399+00:00,2026-09-05T16:59:36.015592+00:00,3,,,,,0,,,,0,0,13,INDIRIZZO_ESTRATTO,VENDITA
c6d6c48e63eca9fb9405,Oulx,via 25 Aprile 1,via 25 Aprile,appartamento,Vendita Appartamento Oulx. Quadrilocale in via 25 Aprile 1. Ottimo ...,Immobiliare.it,,https://www.immobiliare.it/annunci/128184014/,NEW,True,False,2026-09-07T00:44:29.376118+00:00,2026-09-07T00:44:29.376120+00:00,13,,,,,0,,,,0,0,2,INDIRIZZO_ESTRATTO,VENDITA
6b18d47ac40182a13334,Oulx,via Bardonecchia 20,via Bardonecchia,appartamento,Vendita Appartamento Oulx. Bilocale in via Bardonecchia 20. Ottimo ...,Immobiliare.it,,https://www.immobiliare.it/annunci/127803216/,USCITO_MERCATO,False,False,2026-08-27T21:04:17.080408+00:00,2026-09-05T23:10:34.872002+00:00,9,,,,,0,,,,0,0,10,INDIRIZZO_ESTRATTO,VENDITA
024eb60840942b23cef9,Oulx,via Chateau 48,via Chateau,appartamento,Vendita Appartamento Oulx. Bilocale in via Chateau 48. Buono stato ...,Immobiliare.it,,https://www.immobiliare.it/annunci/126212759/,POSSIBILE_USCITA,False,False,2026-08-28T05:06:35.530946+00:00,2026-09-06T19:19:39.865437+00:00,9,,,,,0,,,,0,0,4,INDIRIZZO_ESTRATTO,VENDITA
b348d9e882f958fdc77b,Oulx,via Cotolivier 59,via Cotolivier,appartamento,Vendita Appartamento Oulx. Quadrilocale in via Cotolivier 59. Buono ...,Immobiliare.it,,https://www.immobiliare.it/annunci/128523994/,TRACKED,True,False,2026-08-27T21:04:17.080403+00:00,2026-09-07T10:14:01.140795+00:00,23,,,,,0,,,,0,0,0,INDIRIZZO_ESTRATTO,VENDITA
9d8b08ce5e4e811f63f9,Oulx,via Des Ambrois 23,via Des Ambrois,appartamento,Vendita Appartamento Oulx. Bilocale in via Des Ambrois 23. Ottimo stato ...,Immobiliare.it,,https://www.immobiliare.it/annunci/130839288/,TRACKED,True,False,2026-09-03T18:47:06.318910+00:00,2026-09-07T10:14:01.140822+00:00,16,,,,,0,,,,0,0,0,INDIRIZZO_ESTRATTO,VENDITA
1463c64821cf64550f71,Oulx,"via Frejus , 6",via Frejus,villa,"Vendita Appartamento Oulx. Trilocale in via Frejus , 6. Buono stato ...",Immobiliare.it,,https://www.immobiliare.it/annunci/132169900/,TRACKED,True,False,2026-09-05T00:56:52.328305+00:00,2026-09-07T10:14:01.140830+00:00,15,,,90.0,,0,,,,0,0,0,INDIRIZZO_ESTRATTO,VENDITA
3ecc925e9065f2a13fb8,Oulx,via Monginevro 58,via Monginevro,appartamento,Vendita Appartamento Oulx. Bilocale in via Monginevro 58. Ottimo stato ...,Immobiliare.it,,https://www.immobiliare.it/annunci/131783632/,USCITO_MERCATO,False,False,2026-08-27T21:04:17.080398+00:00,2026-08-28T10:58:40.671188+00:00,0,10000.0,,20.0,500.0,0,,,,0,0,31,INDIRIZZO_ESTRATTO,VENDITA
56fbc649708c798b594b,Oulx,via Papa Giovanni XXIII 21,via Papa Giovanni XXIII,appartamento,Vendita Appartamento Oulx. Trilocale in via Papa Giovanni XXIII 21 ...,Immobiliare.it,,https://www.immobiliare.it/annunci/130919890/,USCITO_MERCATO,False,False,2026-08-27T21:04:17.080437+00:00,2026-09-04T22:26:36.992670+00:00,8,,,,,0,,,,0,0,17,INDIRIZZO_ESTRATTO,VENDITA
c5da2725455da2101575,Oulx,via Riccardo Ghiotti 148,via Riccardo Ghiotti,appartamento,Vendita Appartamento Oulx. Trilocale in via Riccardo Ghiotti 148. Da ...,Immobiliare.it,,https://www.immobiliare.it/annunci/131821096/,TRACKED,True,False,2026-08-27T21:04:17.080426+00:00,2026-09-07T10:14:01.140788+00:00,23,,,,,0,,,,0,0,0,INDIRIZZO_ESTRATTO,VENDITA
2004958bfd1437540552,Oulx,"via Roma, 49",via Roma,appartamento,"Vendita Appartamento Oulx. Trilocale in via Roma, 49. Buono stato ...",Immobiliare.it,,https://www.immobiliare.it/annunci/127772530/,TRACKED,True,False,2026-08-27T21:04:17.080414+00:00,2026-09-07T10:14:01.140808+00:00,23,,,80.0,,0,,,,0,0,0,INDIRIZZO_ESTRATTO,VENDITA
5b2810e74d5ae99875e0,Oulx,via Vittorio Emanuele 49,via Vittorio Emanuele,appartamento,Vendita Appartamento Oulx. Bilocale in via Vittorio Emanuele 49. Buono ...,Immobiliare.it,,https://www.immobiliare.it/annunci/132032368/,USCITO_MERCATO,False,False,2026-09-02T12:02:41.370499+00:00,2026-09-02T12:02:41.370500+00:00,0,,,,,0,,,,0,0,26,INDIRIZZO_ESTRATTO,VENDITA
4444935bfd2e1f1c017a,Oulx,via dei Laghi 21,via dei Laghi,appartamento,Vendita Appartamento Oulx. Trilocale in via dei Laghi 21. Ottimo stato ...,Immobiliare.it,,https://www.immobiliare.it/annunci/130810436/,TRACKED,True,False,2026-08-27T21:04:17.080432+00:00,2026-09-07T10:14:01.140837+00:00,23,,,,,0,,,,0,0,0,INDIRIZZO_ESTRATTO,VENDITA
5f377ac4400d1dc35084,Oulx,via dei Laghi 9,via dei Laghi,appartamento,Vendita Appartamento Oulx. Bilocale in via dei Laghi 9. Ottimo stato ...,Immobiliare.it,,https://www.immobiliare.it/annunci/128701180/,NEW,True,False,2026-09-07T04:45:03.056888+00:00,2026-09-07T04:45:03.056890+00:00,13,,,,,0,,,,0,0,1,INDIRIZZO_ESTRATTO,VENDITA
bc367408402372c54700,Oulx,via dei Laghi 21,via dei Laghi,appartamento,Vendita Appartamento Oulx. Bilocale in via dei Laghi 21. Buono stato ...,Immobiliare.it,,https://www.immobiliare.it/annunci/127499684/,TRACKED,True,False,2026-08-27T21:04:17.080443+00:00,2026-09-07T10:14:01.140816+00:00,23,,,57.0,,0,,,,0,0,0,INDIRIZZO_ESTRATTO,VENDITA
dc0ae48bab033d557f7c,Oulx,via dei Laghi 15,via dei Laghi,appartamento,Vendita Appartamento Oulx. Trilocale in via dei Laghi 15. Buono stato ...,Immobiliare.it,,https://www.immobiliare.it/annunci/126409423/,TRACKED,True,False,2026-08-27T21:04:17.080448+00:00,2026-09-07T10:14:01.140801+00:00,23,,,,,0,,,,0,0,0,INDIRIZZO_ESTRATTO,VENDITA
5a80b4f791593e45b263,Oulx,viale Pineta 9,viale Pineta,appartamento,Vendita Appartamento Oulx. Bilocale in viale Pineta 9. Buono stato ...,Immobiliare.it,,https://www.immobiliare.it/annunci/128751698/,RELISTED,True,False,2026-09-05T04:44:03.764365+00:00,2026-09-07T00:44:29.376159+00:00,15,,,,,0,,,,0,0,2,INDIRIZZO_ESTRATTO,VENDITA
0b923c7493e1ebef4dfc,Oulx,vicolo Bouchard 6,vicolo Bouchard,altro,Immobili in vendita a Oulx | Gabetti,Mercato generale,,https://www.gabetti.it/vendita/oulx,USCITO_MERCATO,False,False,2026-08-21T12:20:59.475663+00:00,2026-08-27T21:04:17.080387+00:00,6,,,,,0,,,,0,0,33,INDIRIZZO_ESTRATTO,AGENZIA
b8e31e44b1085e67ab6d,Oulx,"vicolo Bouchard, 6",vicolo Bouchard,appartamento,"Vendita Appartamento Oulx. Bilocale in vicolo Bouchard, 6. Buono stato ...",Immobiliare.it,,https://www.immobiliare.it/annunci/130837728/,USCITO_MERCATO,False,False,2026-08-27T21:04:17.080420+00:00,2026-09-04T22:26:36.992688+00:00,8,,,40.0,,0,,,,0,0,17,INDIRIZZO_ESTRATTO,VENDITA
2b38f52ed8290ce3a7fe,Pianezza,,,altro,Immobile in asta di 54 m² a Pianezza | Subito,Subito privati,,https://www.subito.it/uffici-locali-commerciali/immobile-in-asta-di-54-m%C2%B2-a-pianezza-torino-659978673.htm,USCITO_MERCATO,False,False,2026-09-10T05:58:05.661640+00:00,2026-09-10T05:58:05.661642+00:00,0,,,54.0,,0,,,,0,0,46,URL_DETTAGLIO,ASTA
d910ceab27b21c14fb53,Pianezza,,,altro,Vendita magazzino a Pianezza centro città Settembre 2026 su Bakeca,Bakeca privati,,https://torino.bakeca.it/annunci/capannoni-magazzini/luogo/pianezza/contrattotipo/vendita/tipofiltrocapannoni/magazzino/,USCITO_MERCATO,False,False,2026-09-14T12:27:12.113858+00:00,2026-09-14T12:27:12.113860+00:00,0,,,,,0,,,,0,0,26,URL_DETTAGLIO_PORTALE,VENDITA
020722156842399a1f31,Pianezza,,,appartamento,"Vendita Appartamento Pianezza. Quadrilocale, Ottimo stato, con terrazza ...",Immobiliare.it,,https://www.immobiliare.it/annunci/132294464/,USCITO_MERCATO,False,False,2026-09-10T01:14:41.785902+00:00,2026-09-14T22:36:38.494285+00:00,4,,,,,0,,,,0,0,24,URL_DETTAGLIO_PORTALE,VENDITA
2145b6fb8ffc9afe462b,Pianezza,,,appartamento,"Vendita Terratetto unifamiliare Pianezza. Da ristrutturare, posto auto ...",Immobiliare.it,,https://www.immobiliare.it/annunci/130283278/,TRACKED,True,False,2026-08-21T12:20:59.475722+00:00,2026-09-20T11:10:13.479943+00:00,29,,,,,0,,,,0,0,0,URL_DETTAGLIO_PORTALE,PRIVATO
2149597d69a6540c5f78,Pianezza,,,appartamento,"Quadrilocale in vendita in Piazza 1º Maggio, 5, Pianezza - idealista",Idealista,,https://www.idealista.it/immobile/36760824/,USCITO_MERCATO,False,False,2026-09-11T13:39:24.924574+00:00,2026-09-11T13:39:24.924575+00:00,0,219000.0,,130.0,1684.62,0,,,,0,0,40,URL_DETTAGLIO_PORTALE,VENDITA
396563022659a28059c2,Pianezza,,,appartamento,"Vendita Appartamento Pianezza. Quadrilocale, Ottimo stato, primo piano ...",Immobiliare.it,,https://www.immobiliare.it/annunci/132163972/,USCITO_MERCATO,False,False,2026-09-03T18:47:06.318987+00:00,2026-09-08T11:07:58.868847+00:00,4,,,,,0,,,,0,0,55,URL_DETTAGLIO_PORTALE,VENDITA
414ee39eabd60e4b168f,Pianezza,,,appartamento,"Vendita Appartamento Pianezza. Quadrilocale, Buono stato, su più ...",Immobiliare.it,,https://www.immobiliare.it/annunci/130081882/,USCITO_MERCATO,False,False,2026-08-21T12:20:59.475691+00:00,2026-08-21T12:20:59.475693+00:00,0,,,,,0,,,,0,0,91,URL_DETTAGLIO_PORTALE,VENDITA
57f813ddc1dda89513e0,Pianezza,,,appartamento,"Vendita Appartamento Pianezza. Trilocale, Ottimo stato, primo piano ...",Immobiliare.it,,https://www.immobiliare.it/annunci/131046038/,USCITO_MERCATO,False,False,2026-08-21T12:20:59.475699+00:00,2026-09-15T18:17:59.373046+00:00,25,,,,,0,,,,0,0,21,URL_DETTAGLIO_PORTALE,VENDITA
63c809882e1b6cec46ac,Pianezza,,,appartamento,"Vendita Appartamento Pianezza. Quadrilocale in piazza 1º Maggio, 5 ...",Immobiliare.it,,https://www.immobiliare.it/annunci/132268680/,USCITO_MERCATO,False,False,2026-09-09T13:49:33.338572+00:00,2026-09-14T01:05:27.892170+00:00,4,,,,,0,,,,0,0,27,URL_DETTAGLIO_PORTALE,VENDITA
87b3f7e4c8fc044edd60,Pianezza,,,appartamento,Trilocale in Vendita a Pianezza | Euro 175.000 | Mq 90,Tempocasa,,https://tempocasa.it/it/vendita/torino/pianezza/trilocale/9698448,TRACKED,True,False,2026-09-12T10:35:02.924263+00:00,2026-09-20T11:10:13.479891+00:00,8,175000.0,,90.0,1944.44,0,,,,0,0,0,URL_DETTAGLIO_PORTALE,AGENZIA
b0eed8d7d334f60a5f49,Pianezza,,,appartamento,"Vendita Appartamento Pianezza. Quadrilocale, Ottimo stato, terzo piano ...",Immobiliare.it,,https://www.immobiliare.it/annunci/130874738/,USCITO_MERCATO,False,False,2026-08-21T12:20:59.475715+00:00,2026-08-21T12:20:59.475716+00:00,0,169000.0,,,,0,,,,0,0,91,URL_DETTAGLIO_PORTALE,VENDITA
4fc938e5cf4a24585042,Pianezza,,,casa indipendente,"Vendita Terratetto unifamiliare Pianezza. Ottimo stato, posto auto, con ...",Immobiliare.it,,https://www.immobiliare.it/annunci/115949989/,USCITO_MERCATO,False,False,2026-08-21T12:20:59.475732+00:00,2026-09-03T18:47:06.318991+00:00,13,449000.0,,,,0,,,,0,0,81,URL_DETTAGLIO_PORTALE,VENDITA
b36a2f2990077e9bcfe1,Pianezza,,,casa indipendente,"Capannone, Pianezza, Rif. 126069461 - Immobiliare.it",Immobiliare.it,,https://www.immobiliare.it/annunci/126069461/,USCITO_MERCATO,False,False,2026-09-01T18:58:42.120722+00:00,2026-09-16T19:00:37.439327+00:00,15,,,2800.0,,0,,,,0,0,18,URL_DETTAGLIO_PORTALE,VENDITA
b94e388b72003739fe20,Pianezza,,,casa indipendente,"Vendita Terratetto unifamiliare in pianezza, 14 Medesano. Buono stato ...",Immobiliare.it,,https://www.immobiliare.it/annunci/132204246/,USCITO_MERCATO,False,False,2026-09-06T04:45:18.783878+00:00,2026-09-07T10:14:01.140953+00:00,1,,,,,0,,,,0,0,57,URL_DETTAGLIO_PORTALE,VENDITA
1d3f09e87c1017207c6e,Pianezza,,,commerciale,Vendita capannoni e magazzini a Torino - Bakeca,Bakeca privati,,https://torino.bakeca.it/annunci/capannoni-magazzini/contrattotipo/vendita/,USCITO_MERCATO,False,False,2026-09-14T18:41:54.044283+00:00,2026-09-17T23:05:00.276070+00:00,3,1350000.0,,2750.0,490.91,0,,,,0,0,12,URL_DETTAGLIO_PORTALE,VENDITA
4d6b16e9604224f7f901,Pianezza,,,commerciale,Via Pianezza Torino - 384 case in vendita in Torino de Nuroa.it,Commerciale negozi/locali,,https://www.nuroa.it/vendita-immobili/via-pianezza-torino,USCITO_MERCATO,False,False,2026-09-01T20:55:16.173429+00:00,2026-09-10T11:09:38.638544+00:00,8,22000.0,,120.0,183.33,0,,,,0,0,45,INDIRIZZO_NEL_TITOLO,VENDITA
a74d0d9b9f602bcc6d36,Pianezza,,,commerciale,"Capannone, Pianezza, Rif. 132508260 - Immobiliare.it",Immobiliare.it,,https://www.immobiliare.it/annunci/132508260/,TRACKED,True,False,2026-09-18T17:15:59.824464+00:00,2026-09-20T11:10:13.479922+00:00,1,,,600.0,,0,,,,0,0,0,URL_DETTAGLIO_PORTALE,"AGENZIA,LOCAZIONE"
b376f8dc481a8f152b5d,Pianezza,,,commerciale,"Capannone, Pianezza, Rif. 130511714 - Immobiliare.it",Immobiliare.it,,https://www.immobiliare.it/annunci/130511714/,USCITO_MERCATO,False,False,2026-09-13T20:46:02.147399+00:00,2026-09-14T12:27:12.113847+00:00,0,,,500.0,,0,,,,0,0,26,URL_DETTAGLIO_PORTALE,LOCAZIONE
bef5fa3448e6a38ea0d9,Pianezza,,,commerciale,Affitto e vendita capannone in Italia Settembre 2026 su Bakeca,Bakeca privati,,https://www.bakeca.it/annunci/capannoni-magazzini/tipofiltrocapannoni/capannone/,USCITO_MERCATO,False,False,2026-09-14T22:36:38.494228+00:00,2026-09-14T22:36:38.494230+00:00,0,1350000.0,,2750.0,490.91,0,,,,0,0,24,URL_DETTAGLIO_PORTALE,LOCAZIONE
8907623c4941afd120ec,Pianezza,,,villa,Villa unifamiliare in Vendita a Pianezza | Euro 339.000 | Mq 151,Tempocasa,,https://tempocasa.it/it/vendita/torino/pianezza/villa-unifamiliare/17114622,USCITO_MERCATO,False,False,2026-08-21T12:20:59.475668+00:00,2026-08-23T09:11:13.222628+00:00,1,339000.0,,151.0,2245.03,0,,,,0,0,91,URL_DETTAGLIO_PORTALE,VENDITA
b56bf4a075345cdcbfec,Pianezza,,,villa,"Vendita Villa plurifamiliare Pianezza. Da ristrutturare, posto auto ...",Immobiliare.it,,https://www.immobiliare.it/annunci/125652297/,USCITO_MERCATO,False,False,2026-09-02T16:09:34.324978+00:00,2026-09-07T10:14:01.140900+00:00,4,,,430.0,,0,,,,0,0,57,URL_DETTAGLIO_PORTALE,VENDITA
b09d89d375d56dbb3dcf,Pianezza,"Corso Lucio Quinzio Cincinnato, 124",Corso Lucio Quinzio Cincinnato,appartamento,"Quadrilocale in vendita in Corso Lucio Quinzio Cincinnato, 124",Idealista,,https://www.idealista.it/immobile/36213156/,USCITO_MERCATO,False,False,2026-09-04T02:03:54.138915+00:00,2026-09-04T02:03:54.138917+00:00,0,,,,,0,,,,0,0,79,INDIRIZZO_ESTRATTO,VENDITA
39531d49f44b738dd405,Pianezza,Strada Pianezza 180,Strada Pianezza,appartamento,Vendita Appartamento in Strada Pianezza 180. Torino. Ottimo stato ...,Immobiliare.it,,https://www.immobiliare.it/annunci/128106210/,USCITO_MERCATO,False,False,2026-09-01T20:55:16.173493+00:00,2026-09-01T20:55:16.173494+00:00,0,,,127.0,,0,,,,0,0,86,INDIRIZZO_ESTRATTO,VENDITA
d853cf9c740d3fa09431,Pianezza,Via Alcide De Gasperi,Via Alcide De Gasperi,villa,"Quadrilocale in vendita in Via Alcide De Gasperi, Pianezza - idealista",Idealista,,https://www.idealista.it/immobile/36664450/,USCITO_MERCATO,False,False,2026-09-04T02:03:54.138901+00:00,2026-09-04T02:03:54.138902+00:00,0,,,,,0,,,,0,0,79,INDIRIZZO_ESTRATTO,VENDITA
90af6f0a79236a7d2c8e,Pianezza,"Via Caduti, 195",Via Caduti,appartamento,"Trilocale in vendita in Via Caduti, 195, Pianezza - idealista",Idealista,,https://www.idealista.it/immobile/36759116/,USCITO_MERCATO,False,False,2026-09-11T13:39:24.924569+00:00,2026-09-11T13:39:24.924570+00:00,0,,,,,0,,,,0,0,40,INDIRIZZO_ESTRATTO,VENDITA
798bc20d7bafed18cabb,Pianezza,Via Calvino 0,Via Calvino,altro,Immobili in vendita a Pianezza | Gabetti,Mercato generale,,https://www.gabetti.it/vendita/pianezza,USCITO_MERCATO,False,False,2026-08-21T12:20:59.475676+00:00,2026-08-23T17:16:38.786991+00:00,2,,,,,0,,,,0,0,91,INDIRIZZO_ESTRATTO,VENDITA
9ad00caf4ac869435bfb,Pianezza,Via Cassagna s.n.c,Via Cassagna s.n.c,appartamento,"Trilocale in vendita in Via Cassagna s.n.c, Pianezza - idealista",Idealista,,https://www.idealista.it/immobile/36683255/,USCITO_MERCATO,False,False,2026-09-04T02:03:54.138907+00:00,2026-09-04T02:03:54.138908+00:00,0,135000.0,,76.0,1776.32,0,,,,0,0,79,INDIRIZZO_ESTRATTO,VENDITA
12d81a23e07dd748e32a,Pianezza,Via Don Virginio Meloni s.n.c,Via Don Virginio Meloni s.n.c,appartamento,"Quadrilocale in vendita in Via Don Virginio Meloni s.n.c, Pianezza ...",Idealista,,https://www.idealista.it/immobile/36749068/,USCITO_MERCATO,False,False,2026-09-11T13:39:24.924581+00:00,2026-09-11T13:39:24.924583+00:00,0,310000.0,,115.0,2695.65,0,,,,0,0,40,INDIRIZZO_ESTRATTO,VENDITA
30d1ce061f1fa5454eb3,Pianezza,"Via Mollardi, 1",Via Mollardi,villa,"Villa in vendita in Via Mollardi, 1, Pianezza - idealista",Idealista,,https://www.idealista.it/immobile/35149846/,USCITO_MERCATO,False,False,2026-09-11T13:39:24.924561+00:00,2026-09-11T13:39:24.924562+00:00,0,880000.0,,540.0,1629.63,0,,,,0,0,40,INDIRIZZO_ESTRATTO,VENDITA
03c7659a0d9cf40fa43a,Pianezza,"Via Pianezza, 82",Via Pianezza,appartamento,"Quadrilocale in vendita in Via Pianezza, 82, Lucento, Torino ...",Idealista,,https://www.idealista.it/immobile/36142869/,USCITO_MERCATO,False,False,2026-09-11T13:39:24.924589+00:00,2026-09-11T13:39:24.924590+00:00,0,,,111.0,,0,,,,0,0,40,INDIRIZZO_ESTRATTO,VENDITA
27dd374f631f6b64816e,Pianezza,Via Pianezza 83,Via Pianezza,appartamento,"Trilocale in vendita in Via Pianezza, 83, Alpignano - idealista",Idealista,,https://www.idealista.it/immobile/36796591/,USCITO_MERCATO,False,False,2026-09-11T13:39:24.924594+00:00,2026-09-14T18:41:54.042363+00:00,3,110000.0,,,,0,,,,0,1,25,INDIRIZZO_ESTRATTO,VENDITA
b01b14f387399550b44c,Pianezza,Via Pianezza 21/7,Via Pianezza,commerciale,Locale commerciale in Vendita in Via Pianezza 21/7 a Collegno - Casa.it,Casa.it,,https://www.casa.it/immobili/54724592/,USCITO_MERCATO,False,False,2026-09-13T09:37:53.088972+00:00,2026-09-14T18:41:54.043467+00:00,1,,,,,0,,,,0,0,25,INDIRIZZO_ESTRATTO,VENDITA
f33c77903462d371f65e,Pianezza,Via Pianezza,Via Pianezza,commerciale,"Locale in vendita in Via Pianezza, Parco Dora, Torino - idealista",Idealista,,https://www.idealista.it/immobile/35701267/,USCITO_MERCATO,False,False,2026-09-11T09:00:35.958305+00:00,2026-09-11T13:39:24.924500+00:00,0,,,,,0,,,,0,0,40,INDIRIZZO_ESTRATTO,VENDITA
bff5ddcde1010410e09b,Pianezza,Via Vercelli 1,Via Vercelli,commerciale,Capannone in Vendita in Via Vercelli 1 a Pianezza - Casa.it,Casa.it,,https://www.casa.it/immobili/54470568/,USCITO_MERCATO,False,False,2026-09-16T19:00:37.439335+00:00,2026-09-16T19:00:37.439337+00:00,0,,,,,0,,,,0,0,18,INDIRIZZO_ESTRATTO,VENDITA
b337caf93fe567c9fd0b,Pianezza,piazza San Pancrazio Pianezza. Da,piazza San Pancrazio Pianezza. Da,villa,Vendita Villa bifamiliare in piazza San Pancrazio Pianezza. Da ...,Immobiliare.it,,https://www.immobiliare.it/annunci/119352521/,USCITO_MERCATO,False,False,2026-09-13T20:46:02.147431+00:00,2026-09-17T16:48:02.648196+00:00,3,,,,,0,,,,0,0,14,INDIRIZZO_ESTRATTO,VENDITA
edd5fcf149571eef3d36,Pianezza,via 25 Aprile 9,via 25 Aprile,commerciale,"Locale commerciale via 25 Aprile 9, Pianezza, Rif. 131327844 ...",Immobiliare.it,,https://www.immobiliare.it/annunci/131327844/,USCITO_MERCATO,False,False,2026-08-28T05:06:35.530961+00:00,2026-09-18T19:44:01.662811+00:00,21,,,,,0,,,,0,0,9,INDIRIZZO_ESTRATTO,LOCAZIONE
b3cc3f92560c821f5a9b,Pianezza,via Alcide De Gasperi,via Alcide De Gasperi,villa,Vendita Appartamento Pianezza. Quadrilocale in via Alcide De Gasperi ...,Immobiliare.it,,https://www.immobiliare.it/annunci/132011556/,USCITO_MERCATO,False,False,2026-09-01T18:58:42.120780+00:00,2026-09-02T12:02:41.370573+00:00,0,,,,,0,,,,0,0,83,INDIRIZZO_ESTRATTO,VENDITA
bedd327bc629ada95aea,Pianezza,via Aldo Moro Pianezza. Nuova,via Aldo Moro Pianezza. Nuova,villa,"Vendita Villa a schiera in via Aldo Moro Pianezza. Nuova, posto auto ...",Immobiliare.it,,https://www.immobiliare.it/annunci/127744706/,USCITO_MERCATO,False,False,2026-08-21T12:20:59.475737+00:00,2026-08-21T12:20:59.475739+00:00,0,,,,,0,,,,0,0,91,INDIRIZZO_ESTRATTO,VENDITA
1b26af1c28ed10d56940,Pianezza,via Bachelet 13,via Bachelet,appartamento,"Vendita Appartamento in via Bachelet 13. Pianezza. Ottimo stato, piano ...",Immobiliare.it,,https://www.immobiliare.it/annunci/128427944/,USCITO_MERCATO,False,False,2026-08-27T21:04:17.080550+00:00,2026-09-03T18:47:06.319001+00:00,6,,,150.0,,0,,,,0,0,81,INDIRIZZO_ESTRATTO,VENDITA
9ebc80a1f015a844cae0,Pianezza,via Biella 6,via Biella,terreno,"Capannone via Biella 6, Pianezza, Rif. 131457860 - Immobiliare.it",Immobiliare.it,,https://www.immobiliare.it/annunci/131457860/,USCITO_MERCATO,False,False,2026-09-12T14:11:38.612330+00:00,2026-09-16T14:58:05.671922+00:00,4,,,1200.0,,0,,,,0,0,19,INDIRIZZO_ESTRATTO,VENDITA
68ebe1992258aef71742,Pianezza,via Caduti per la Libertà,via Caduti per la Libertà,appartamento,Vendita Appartamento Pianezza. Trilocale in via Caduti per la Libertà ...,Immobiliare.it,,https://www.immobiliare.it/annunci/132264604/,USCITO_MERCATO,False,False,2026-09-10T01:14:41.785912+00:00,2026-09-18T19:44:01.662867+00:00,8,,,,,0,,,,0,0,9,INDIRIZZO_ESTRATTO,VENDITA
9588cb8b94b5a98cea58,Pianezza,via Caduti per la Libertà 3,via Caduti per la Libertà,appartamento,Vendita Appartamento Pianezza. Trilocale in via Caduti per la Libertà 3 ...,Immobiliare.it,,https://www.immobiliare.it/annunci/126623863/,USCITO_MERCATO,False,False,2026-09-01T18:58:42.120759+00:00,2026-09-17T23:05:00.276139+00:00,16,,,,,0,,,,0,0,12,INDIRIZZO_ESTRATTO,VENDITA
588769870709a5102a93,Pianezza,via Cassagna. Buono,via Cassagna. Buono,appartamento,Vendita Appartamento Pianezza. Quadrilocale in via Cassagna. Buono ...,Immobiliare.it,,https://www.immobiliare.it/annunci/126784813/,TRACKED,True,False,2026-09-16T19:00:37.439365+00:00,2026-09-20T11:10:13.480003+00:00,3,,,,,0,,,,0,0,0,INDIRIZZO_ESTRATTO,VENDITA
2e0240d85f171b637100,Pianezza,"via Cervino, 8",via Cervino,appartamento,"Appartamento all'asta via Cervino, 8, Pianezza - Immobiliare.it",Immobiliare.it,,https://www.immobiliare.it/annunci/132397366/,USCITO_MERCATO,False,False,2026-09-18T17:15:59.824543+00:00,2026-09-18T19:44:01.662924+00:00,0,,,,,0,,,,0,0,9,INDIRIZZO_ESTRATTO,ASTA
9ac298600948e64880af,Pianezza,via Cottolengo 16,via Cottolengo,appartamento,Vendita Appartamento Pianezza. Quadrilocale in via Cottolengo 16 ...,Immobiliare.it,,https://www.immobiliare.it/annunci/116733759/,USCITO_MERCATO,False,False,2026-09-12T19:18:03.778229+00:00,2026-09-12T19:18:03.778231+00:00,0,,,103.0,,0,,,,0,0,33,INDIRIZZO_ESTRATTO,PRIVATO
2b0b343cffa59272174a,Pianezza,via Don Virginio Meloni,via Don Virginio Meloni,appartamento,Vendita Appartamento Pianezza. Quadrilocale in via Don Virginio Meloni ...,Immobiliare.it,,https://www.immobiliare.it/annunci/132265020/,USCITO_MERCATO,False,False,2026-09-09T04:02:27.438481+00:00,2026-09-09T17:56:58.703894+00:00,0,,,,,0,,,,0,0,50,INDIRIZZO_ESTRATTO,VENDITA
2bb884fb17a52b3fa9ec,Pianezza,via Don Virginio Meloni,via Don Virginio Meloni,appartamento,Vendita Appartamento Pianezza. Quadrilocale in via Don Virginio Meloni ...,Immobiliare.it,,https://www.immobiliare.it/annunci/132264644/,USCITO_MERCATO,False,False,2026-09-09T13:49:33.338607+00:00,2026-09-09T23:18:34.768593+00:00,0,,,,,0,,,,0,0,48,INDIRIZZO_ESTRATTO,VENDITA
c03c848d80dd5a99baf6,Pianezza,via Don Virginio Meloni,via Don Virginio Meloni,appartamento,Vendita Appartamento Pianezza. Quadrilocale in via Don Virginio Meloni ...,Immobiliare.it,,https://www.immobiliare.it/annunci/132238622/,USCITO_MERCATO,False,False,2026-09-08T06:35:04.158367+00:00,2026-09-12T10:35:02.924358+00:00,4,,,115.0,,0,,,,0,0,36,INDIRIZZO_ESTRATTO,"PRIVATO,CANTIERE"
e9cac9b70195a9431c3b,Pianezza,via Don Virginio Meloni,via Don Virginio Meloni,appartamento,Vendita Appartamento Pianezza. Trilocale in via Don Virginio Meloni ...,Immobiliare.it,,https://www.immobiliare.it/annunci/132232004/,USCITO_MERCATO,False,False,2026-09-08T11:07:58.868863+00:00,2026-09-12T05:52:24.477958+00:00,3,,,145.0,,0,,,,0,0,37,INDIRIZZO_ESTRATTO,"PRIVATO,CANTIERE"
021519ad3692218978cd,Pianezza,via Giorgio La Pira. Ottimo,via Giorgio La Pira. Ottimo,appartamento,Vendita Appartamento Pianezza. Trilocale in via Giorgio La Pira. Ottimo ...,Immobiliare.it,,https://www.immobiliare.it/annunci/132081406/,USCITO_MERCATO,False,False,2026-09-02T07:11:25.326547+00:00,2026-09-02T07:11:25.326549+00:00,0,,,,,0,,,,0,0,84,INDIRIZZO_ESTRATTO,VENDITA
98b7939467772649808e,Pianezza,via La Cassa. Pianezza. Ottimo stato,via La Cassa. Pianezza. Ottimo stato,appartamento,"Vendita Appartamento in via La Cassa. Pianezza. Ottimo stato, su più ...",Immobiliare.it,,https://www.immobiliare.it/annunci/131155332/,TRACKED,True,False,2026-08-21T12:20:59.475710+00:00,2026-09-20T11:10:13.479864+00:00,29,,,120.0,,0,,,,0,0,0,INDIRIZZO_ESTRATTO,VENDITA
5976219562e7b74da788,Pianezza,via Magellano. Buono,via Magellano. Buono,appartamento,Vendita Appartamento Pianezza. Quadrilocale in via Magellano. Buono ...,Immobiliare.it,,https://www.immobiliare.it/annunci/129926542/,USCITO_MERCATO,False,False,2026-08-21T12:20:59.475764+00:00,2026-08-28T10:58:40.671290+00:00,6,,,,,0,,,,0,0,88,INDIRIZZO_ESTRATTO,VENDITA
b3bac7975fc0a43d481f,Pianezza,via Maria Bricca 20,via Maria Bricca,terreno,"Locale commerciale via Maria Bricca 20, Pianezza, Rif. 92649360 ...",Immobiliare.it,,https://www.immobiliare.it/annunci/92649360/,TRACKED,True,False,2026-09-11T13:39:24.924496+00:00,2026-09-20T11:10:13.479905+00:00,8,,,500.0,,0,,,,0,0,0,INDIRIZZO_ESTRATTO,VENDITA
b73ec2e01683d45992a6,Pianezza,via Mario Lisa 11,via Mario Lisa,appartamento,Vendita Appartamento Pianezza. Trilocale in via Mario Lisa 11. Ottimo ...,Immobiliare.it,,https://www.immobiliare.it/annunci/125936073/,USCITO_MERCATO,False,False,2026-08-21T12:20:59.475705+00:00,2026-09-18T19:44:01.662883+00:00,28,,,,,0,,,,0,0,9,INDIRIZZO_ESTRATTO,PRIVATO
1fabc378a01d2650d6e5,Pianezza,via Massimo D'Azeglio 4,via Massimo D'Azeglio,appartamento,Vendita Appartamento Pianezza. Trilocale in via Massimo D'Azeglio 4 ...,Immobiliare.it,,https://www.immobiliare.it/annunci/132432824/,TRACKED,True,False,2026-09-16T04:54:00.959854+00:00,2026-09-20T11:10:13.479956+00:00,4,169000.0,,110.0,1536.36,0,,,,0,0,0,INDIRIZZO_ESTRATTO,VENDITA
17ad847dca9a13b8a2c5,Pianezza,via Pianezza 8,via Pianezza,appartamento,Vendita Terratetto unifamiliare in via Pianezza 8 Stresa. Buono stato ...,Immobiliare.it,,https://www.immobiliare.it/annunci/132203582/,NEW,True,False,2026-09-20T01:04:10.802683+00:00,2026-09-20T01:04:10.802684+00:00,0,,,,,0,,,,0,0,2,INDIRIZZO_ESTRATTO,VENDITA
40fc40925a0303598ff9,Pianezza,via Pianezza 7,via Pianezza,villa,Vendita Villa unifamiliare in via Pianezza 7 Stresa. Ottimo stato ...,Immobiliare.it,,https://www.immobiliare.it/annunci/130067036/,USCITO_MERCATO,False,False,2026-09-08T11:07:58.868858+00:00,2026-09-08T11:07:58.868859+00:00,0,,,,,0,,,,0,0,55,INDIRIZZO_ESTRATTO,VENDITA
2226fd324eb39867916b,Pianezza,via Pianezza. Nuovo,via Pianezza. Nuovo,appartamento,"Vendita Appartamento Roma. Trilocale in via Pianezza. Nuovo, primo ...",Immobiliare.it,,https://www.immobiliare.it/annunci/132013556/,USCITO_MERCATO,False,False,2026-09-01T18:58:42.120736+00:00,2026-09-02T12:02:41.370543+00:00,0,,,,,0,,,,0,0,83,INDIRIZZO_ESTRATTO,VENDITA
6de275ac45c41d8aaf9a,Pianezza,via Rubiana 6,via Rubiana,appartamento,Vendita Appartamento Pianezza. Quadrilocale in via Rubiana 6. Buono ...,Immobiliare.it,,https://www.immobiliare.it/annunci/127804294/,TRACKED,True,False,2026-09-01T18:58:42.120765+00:00,2026-09-20T11:10:13.479950+00:00,18,,,110.0,,0,,,,0,0,0,INDIRIZZO_ESTRATTO,PRIVATO
dc26706860278611a6d7,Pianezza,via San Bernardo 60,via San Bernardo,appartamento,Vendita Appartamento Pianezza. Trilocale in via San Bernardo 60. Ottimo ...,Immobiliare.it,,https://www.immobiliare.it/annunci/132341104/,TRACKED,True,False,2026-09-11T09:00:35.958342+00:00,2026-09-20T11:10:13.479977+00:00,9,,,,,0,,,,0,0,0,INDIRIZZO_ESTRATTO,VENDITA
23ff25d0dcacffdb205a,Pianezza,via San Gabriele 9,via San Gabriele,appartamento,Vendita Appartamento Pianezza. Quadrilocale in via San Gabriele 9 ...,Immobiliare.it,,https://www.immobiliare.it/annunci/132516998/,USCITO_MERCATO,False,False,2026-09-17T23:05:00.276082+00:00,2026-09-19T06:11:00.696771+00:00,1,,,,,0,,,,0,0,8,INDIRIZZO_ESTRATTO,CANTIERE
9f7eb826cedc82ade854,Pianezza,via San Gabriele 9,via San Gabriele,appartamento,Vendita Appartamento Pianezza. Trilocale in via San Gabriele 9. Nuovo ...,Immobiliare.it,,https://www.immobiliare.it/annunci/116028333/,TRACKED,True,False,2026-09-19T10:47:39.485465+00:00,2026-09-20T11:10:13.479963+00:00,1,,,,,0,,,,0,0,0,INDIRIZZO_ESTRATTO,CANTIERE
cf9e4b81f9a1434111fd,Pianezza,via San Gillio 46,via San Gillio,villa,Vendita Terratetto plurifamiliare in via San Gillio 46 Pianezza. Buono ...,Immobiliare.it,,https://www.immobiliare.it/annunci/131472472/,TRACKED,True,False,2026-08-27T21:04:17.080507+00:00,2026-09-20T11:10:13.479983+00:00,23,,,416.0,,0,,,,0,0,0,INDIRIZZO_ESTRATTO,VENDITA
799bbf38c573921d8d2d,Pianezza,via San Pancrazio No Number,via San Pancrazio No Number,appartamento,Vendita Appartamento Pianezza. Trilocale in via San Pancrazio No Number ...,Immobiliare.it,,https://www.immobiliare.it/annunci/127558102/,TRACKED,True,False,2026-08-27T21:04:17.080545+00:00,2026-09-20T11:10:13.480011+00:00,23,,,,,0,,,,0,0,0,INDIRIZZO_ESTRATTO,VENDITA
206ea062589c10a3e54b,Pianezza,via Sandro Pertini 23,via Sandro Pertini,appartamento,Vendita Appartamento Pianezza. Quadrilocale in via Sandro Pertini 23 ...,Immobiliare.it,,https://www.immobiliare.it/annunci/130067120/,USCITO_MERCATO,False,False,2026-09-01T18:58:42.120729+00:00,2026-09-05T16:59:36.015648+00:00,3,,,,,0,,,,0,0,70,INDIRIZZO_ESTRATTO,VENDITA
06c1417289f99d5682c6,Pianezza,via Torino 7,via Torino,appartamento,Vendita Appartamento Pianezza. Quadrilocale in via Torino 7. Ottimo ...,Immobiliare.it,,https://www.immobiliare.it/annunci/132529404/,POSSIBILE_USCITA,False,False,2026-09-18T17:15:59.824523+00:00,2026-09-19T14:29:10.960620+00:00,0,,,,,0,,,,0,0,6,INDIRIZZO_ESTRATTO,AGENZIA
c8ef37c5843384149890,Pianezza,via Torino 18,via Torino,appartamento,Vendita Appartamento Pianezza. Trilocale in via Torino 18. Ottimo stato ...,Immobiliare.it,,https://www.immobiliare.it/annunci/129231432/,USCITO_MERCATO,False,False,2026-08-21T12:20:59.475727+00:00,2026-09-06T22:17:30.166660+00:00,16,,,,,0,,,,0,0,60,INDIRIZZO_ESTRATTO,VENDITA
62e3528aaba759863754,Pianezza,via Torino. Buono stato,via Torino. Buono stato,appartamento,Vendita Appartamento Pianezza. Trilocale in via Torino. Buono stato ...,Immobiliare.it,,https://www.immobiliare.it/annunci/132054974/,USCITO_MERCATO,False,False,2026-09-05T04:44:03.764472+00:00,2026-09-09T23:18:34.768541+00:00,4,,,88.0,,0,,,,0,0,48,INDIRIZZO_ESTRATTO,AGENZIA
fbbd80f8d17a55e811e0,Pianezza,via Vercelli 1,via Vercelli,commerciale,"Capannone via Vercelli 1, Pianezza, Rif. 131277798 - Immobiliare.it",Immobiliare.it,,https://www.immobiliare.it/annunci/131277798/,USCITO_MERCATO,False,False,2026-09-07T04:45:03.056951+00:00,2026-09-07T04:45:03.056952+00:00,0,,,,,0,,,,0,0,58,INDIRIZZO_ESTRATTO,VENDITA
3bcc59e9b4409791fd62,Pianezza,via dei Prati 7,via dei Prati,commerciale,"Capannone via dei Prati 7, Pianezza, Rif. 112623217 - Immobiliare.it",Immobiliare.it,,https://www.immobiliare.it/annunci/112623217/,USCITO_MERCATO,False,False,2026-09-06T09:36:38.463539+00:00,2026-09-16T14:58:05.671940+00:00,10,,,3920.0,,0,,,,0,0,19,INDIRIZZO_ESTRATTO,VENDITA
f19d463b97f43bebb649,Pianezza,via druento Pianezza. Buono stato,via druento Pianezza. Buono stato,villa,"Vendita Villa bifamiliare in via druento Pianezza. Buono stato, posto ...",Immobiliare.it,,https://www.immobiliare.it/annunci/121363772/,TRACKED,True,False,2026-08-27T21:04:17.080556+00:00,2026-09-20T11:10:13.479349+00:00,23,,,,,0,,,,0,0,0,INDIRIZZO_ESTRATTO,AGENZIA
52daa2a100e9153d6452,Pianezza,"via gentileschi, 0",via gentileschi,appartamento,"Vendita Appartamento Pianezza. Trilocale in via gentileschi, 0. Nuovo ...",Immobiliare.it,,https://www.immobiliare.it/annunci/102112746/,USCITO_MERCATO,False,False,2026-08-28T05:06:35.531000+00:00,2026-08-28T10:58:40.671323+00:00,0,,,,,0,,,,0,0,88,INDIRIZZO_ESTRATTO,VENDITA
efd0c63e973f62f2dda0,Pianezza,via rocciamelone Pianezza. Buono stato,via rocciamelone Pianezza. Buono stato,villa,Vendita Villa bifamiliare in via rocciamelone Pianezza. Buono stato ...,Immobiliare.it,,https://www.immobiliare.it/annunci/132357254/,USCITO_MERCATO,False,False,2026-09-16T04:54:00.959873+00:00,2026-09-19T06:11:00.696830+00:00,3,,,260.0,,0,,,,0,0,8,INDIRIZZO_ESTRATTO,VENDITA
412d22b8e4dd529aa1e8,Pianezza,viale Aldo Moro 35A,viale Aldo Moro,appartamento,Vendita Appartamento in viale Aldo Moro 35A. Pianezza. Ottimo stato ...,Immobiliare.it,,https://www.immobiliare.it/annunci/131544070/,TRACKED,True,False,2026-09-11T23:19:47.990266+00:00,2026-09-20T11:10:13.479970+00:00,8,341000.0,,700.0,487.14,0,,,,0,0,0,INDIRIZZO_ESTRATTO,PRIVATO
547bbd4225da4e04ac4f,Reano,,,casa indipendente,Terratetto - terracielo in Vendita a Reano | Euro 39.000 | Mq 70,Tempocasa,,https://tempocasa.it/it/vendita/torino/reano/terratetto-terracielo/16596665,USCITO_MERCATO,False,False,2026-09-13T20:46:02.147599+00:00,2026-09-13T20:46:02.147601+00:00,0,39000.0,,70.0,557.14,0,,,,0,0,29,URL_DETTAGLIO_PORTALE,AGENZIA
64981cab45775b3049e7,Reano,,,casa indipendente,Casa indipendente in Vendita a Reano | Euro 89.000 | Mq 130,Tempocasa,,https://tempocasa.it/it/vendita/torino/reano/casa-indipendente/2394155,USCITO_MERCATO,False,False,2026-09-13T20:46:02.147590+00:00,2026-09-13T20:46:02.147591+00:00,0,89000.0,,130.0,684.62,0,,,,0,0,29,URL_DETTAGLIO_PORTALE,AGENZIA
c3cd83f025ce8c6f954d,Reano,,,rustico/casale,"Vendita Rustico in via Sangano 5 Sangano. Buono stato, posto auto, 580 ...",Immobiliare.it,,https://www.immobiliare.it/annunci/108905523/,TRACKED,True,False,2026-09-19T06:11:00.696888+00:00,2026-09-20T11:10:13.480059+00:00,1,40000.0,,,,0,,,,0,0,0,URL_DETTAGLIO_PORTALE,VENDITA
57005822b47328f687a0,Reano,,,villa,"Vendita Villa bifamiliare in regione Garrone, 3 Reano. Buono stato ...",Immobiliare.it,,https://www.immobiliare.it/annunci/132005892/,USCITO_MERCATO,False,False,2026-08-28T10:58:40.671380+00:00,2026-09-12T19:18:03.778257+00:00,15,,,650.0,,0,,,,0,0,33,URL_DETTAGLIO_PORTALE,VENDITA
891e08d86c76e859f6a8,Reano,,,villa,"Vendita Villa bifamiliare in regione Garrone, 3 Reano. Buono stato ...",Immobiliare.it,,https://www.immobiliare.it/annunci/132453770/,TRACKED,True,False,2026-09-17T06:08:55.033077+00:00,2026-09-20T11:10:13.480052+00:00,3,,,650.0,,0,,,,0,0,0,URL_DETTAGLIO_PORTALE,VENDITA
15a2b8ecda530672c650,Reano,"Via Tetto, 15",Via Tetto,villa,"Villa in vendita in Via Tetto, 15, Reano — idealista, N.1 in Italia",Idealista,,https://www.idealista.it/immobile/36768922/,USCITO_MERCATO,False,False,2026-09-11T23:19:47.990398+00:00,2026-09-15T13:33:03.394621+00:00,3,,,,,0,,,,0,0,22,INDIRIZZO_ESTRATTO,VENDITA
b27a55375c71617f14df,Reano,Via Tetto 15,Via Tetto,villa,"Immobile Villa in Via Tetto 15, Reano (TO) 249.000 €, 390 m², 11 locali ...",Mercato residenziale,,https://www.gabetti.it/vendita/reano/villa-bifamiliare/3337942,USCITO_MERCATO,False,False,2026-09-12T14:11:38.612393+00:00,2026-09-14T01:05:27.892211+00:00,1,249000.0,,390.0,638.46,0,,,,0,0,27,INDIRIZZO_ESTRATTO,AGENZIA
c50ad27a4f3a3072e8ea,Reano,Via Valgrana,Via Valgrana,villa,"Villa all'asta in Via Valgrana, Reano — idealista, N.1 in Italia",Idealista,,https://www.idealista.it/immobile/36782143/,USCITO_MERCATO,False,False,2026-09-11T23:19:47.990410+00:00,2026-09-11T23:19:47.990412+00:00,0,340594.0,,365.0,933.13,0,,,,0,0,38,INDIRIZZO_ESTRATTO,ASTA
e9a750940d883cca46e7,Reano,"Via Valgrana, 9",Via Valgrana,villa,"Villa all'asta in Via Valgrana, 9, Reano — idealista, N.1 in Italia",Idealista,,https://www.idealista.it/immobile/36756857/,USCITO_MERCATO,False,False,2026-09-11T23:19:47.990420+00:00,2026-09-11T23:19:47.990421+00:00,0,,,,,0,,,,0,0,38,INDIRIZZO_ESTRATTO,ASTA
0591a84255f58f7d154f,Reano,via Maria Vittoria 11,via Maria Vittoria,appartamento,Vendita Appartamento Reano. Bilocale in via Maria Vittoria 11. Ottimo ...,Immobiliare.it,,https://www.immobiliare.it/annunci/119068555/,TRACKED,True,False,2026-09-02T07:11:25.326593+00:00,2026-09-20T11:10:13.480045+00:00,18,,,,,0,,,,0,0,0,INDIRIZZO_ESTRATTO,PRIVATO
c98c8f0b79d8304eab10,Reano,via Maria Vittoria 32,via Maria Vittoria,villa,Vendita Villa unifamiliare in via Maria Vittoria 32 Reano. Ottimo stato ...,Immobiliare.it,,https://www.immobiliare.it/annunci/132469104/,TRACKED,True,False,2026-09-17T16:48:02.648273+00:00,2026-09-20T11:10:13.480018+00:00,2,,,360.0,,0,,,,0,0,0,INDIRIZZO_ESTRATTO,VENDITA
839c23902ac10b135765,Reano,via Monginevro. Rivoli. Nuovo,via Monginevro. Rivoli. Nuovo,appartamento,"Vendita Appartamento in via Monginevro. Rivoli. Nuovo, su più livelli ...",Immobiliare.it,,https://www.immobiliare.it/annunci/129501390/,USCITO_MERCATO,False,False,2026-09-01T18:58:42.120828+00:00,2026-09-06T19:19:39.865590+00:00,5,395000.0,,,,0,,,,0,0,61,INDIRIZZO_ESTRATTO,CANTIERE
060aaceda5469d778f19,Reano,via Principe della Cisterna 63,via Principe della Cisterna,altro,"Casa colonica via Principe della Cisterna 63, Reano",Immobiliare.it,,https://www.immobiliare.it/annunci/122985494/,USCITO_MERCATO,False,False,2026-08-22T17:17:15.502718+00:00,2026-08-23T09:11:13.222637+00:00,0,,,,,0,,,,0,0,91,INDIRIZZO_ESTRATTO,VENDITA
a096e6920af2f223aef1,Reano,via Principe della Cisterna 42,via Principe della Cisterna,appartamento,Vendita Appartamento Reano. Trilocale in via Principe della Cisterna 42 ...,Immobiliare.it,,https://www.immobiliare.it/annunci/132120294/,USCITO_MERCATO,False,False,2026-09-08T06:35:04.158409+00:00,2026-09-12T14:11:38.612411+00:00,4,,,,,0,,,,0,0,35,INDIRIZZO_ESTRATTO,VENDITA
210b0d385d5d501f99a5,Reano,"via Valgrana, 9",via Valgrana,villa,"Villa all'asta via Valgrana, 9, Reano - Immobiliare.it",Immobiliare.it,,https://www.immobiliare.it/annunci/132267330/,USCITO_MERCATO,False,False,2026-09-09T13:49:33.338645+00:00,2026-09-14T01:05:27.892228+00:00,4,,,,,0,,,,0,0,27,INDIRIZZO_ESTRATTO,"ASTA,PRIVATO"
40067c4121ba7b59b0e9,Reano,"via Valgrana, 9",via Valgrana,villa,"Villa all'asta via Valgrana, 9, Reano - Immobiliare.it",Immobiliare.it,,https://www.immobiliare.it/annunci/132258120/,USCITO_MERCATO,False,False,2026-09-09T13:49:33.338640+00:00,2026-09-14T01:05:27.892221+00:00,4,,,322.0,,0,,,,0,0,27,INDIRIZZO_ESTRATTO,"ASTA,PRIVATO"
34d7791e6dbe9b2274ca,Reano,via valgrana Reano,via valgrana Reano,villa,"Asta per villa, via valgrana Reano, rif. 132144684 - Immobiliare.it",Immobiliare.it,,https://www.immobiliare.it/annunci/132144684/,USCITO_MERCATO,False,False,2026-09-03T18:47:06.319037+00:00,2026-09-08T06:35:04.158426+00:00,4,,,,,0,,,,0,0,56,INDIRIZZO_ESTRATTO,ASTA
6e5e4f30d2a29e0d4b69,Reano,via valgrana Reano,via valgrana Reano,villa,"Asta per villa, via valgrana Reano, rif. 132134628 - Immobiliare.it",Immobiliare.it,,https://www.immobiliare.it/annunci/132134628/,USCITO_MERCATO,False,False,2026-09-07T04:45:03.057020+00:00,2026-09-07T04:45:03.057021+00:00,0,,,,,0,,,,0,0,58,INDIRIZZO_ESTRATTO,ASTA
6fc9b3bfba17a95c0edb,Reano,via valgrana Reano,via valgrana Reano,villa,"Asta per villa, via valgrana Reano, rif. 132312124 - Immobiliare.it",Immobiliare.it,,https://www.immobiliare.it/annunci/132312124/,USCITO_MERCATO,False,False,2026-09-10T21:45:03.419425+00:00,2026-09-15T18:17:59.373085+00:00,4,,,,,0,,,,0,0,21,INDIRIZZO_ESTRATTO,ASTA
aabfef523bce128e3382,Reano,via valgrana Reano,via valgrana Reano,villa,"Asta per villa, via valgrana Reano, rif. 131981532 - Immobiliare.it",Immobiliare.it,,https://www.immobiliare.it/annunci/131981532/,USCITO_MERCATO,False,False,2026-08-27T21:04:17.080586+00:00,2026-08-28T10:58:40.671385+00:00,0,,,,,0,,,,0,0,88,INDIRIZZO_ESTRATTO,ASTA
e5788a01011add109f73,Rivalta di Torino,,,appartamento,Bilocale in Vendita a Rivalta di Torino | Euro 125.000 | Mq 57,Tempocasa,,https://tempocasa.it/it/vendita/torino/rivalta-di-torino/bilocale/10351280,USCITO_MERCATO,False,False,2026-09-12T05:52:24.478042+00:00,2026-09-12T05:52:24.478043+00:00,0,125000.0,,57.0,2192.98,0,,,,0,0,37,URL_DETTAGLIO_PORTALE,AGENZIA
0846770e35bcbf753d3a,Rivalta di Torino,,,commerciale,Attività Commerciale Rivalta di Torino | Subito,Subito privati,,https://www.subito.it/uffici-locali-commerciali/attivita-commerciale-rivalta-di-torino-torino-660387686.htm,USCITO_MERCATO,False,False,2026-09-16T14:58:05.672006+00:00,2026-09-16T14:58:05.672007+00:00,0,,,70.0,,0,,,,0,0,19,URL_DETTAGLIO,"AGENZIA,LOCAZIONE"
4113123bcfeb4eae8b08,Rivalta di Torino,Strada dei Foglienghi,Strada dei Foglienghi,appartamento,"Bilocale in vendita in Strada dei Foglienghi, Rivalta di Torino ...",Idealista,,https://www.idealista.it/immobile/36164094/,POSSIBILE_USCITA,False,False,2026-09-10T18:28:14.181663+00:00,2026-09-19T20:30:44.817805+00:00,9,,,,,0,,,,0,0,4,INDIRIZZO_ESTRATTO,VENDITA
ce0f32459b857428eb0b,Rivalta di Torino,"Via Balma, 63",Via Balma,casa indipendente,"Casa indipendente in vendita in Via Balma, 63, Rivalta di Torino ...",Idealista,,https://www.idealista.it/immobile/30915977/,USCITO_MERCATO,False,False,2026-09-17T20:20:41.891311+00:00,2026-09-17T20:20:41.891312+00:00,0,,,,,0,,,,0,0,13,INDIRIZZO_ESTRATTO,VENDITA
527098633d7e4ddc9211,Rivalta di Torino,"Via Bellini, 66",Via Bellini,villa,"Villa in vendita in Via Bellini, 66, Rivalta di Torino - idealista",Idealista,,https://www.idealista.it/immobile/35239046/,USCITO_MERCATO,False,False,2026-09-10T21:45:03.419442+00:00,2026-09-11T09:00:35.958412+00:00,0,,,,,0,,,,0,0,41,INDIRIZZO_ESTRATTO,VENDITA
a301e9eb5031a1547d12,Rivalta di Torino,Via Bellini,Via Bellini,villa,"Villetta a schiera in vendita in Via Bellini, Rivalta di Torino ...",Idealista,,https://www.idealista.it/immobile/34678407/,USCITO_MERCATO,False,False,2026-09-17T20:20:41.891332+00:00,2026-09-17T20:20:41.891333+00:00,0,,,200.0,,0,,,,0,0,13,INDIRIZZO_ESTRATTO,VENDITA
7f8f4ea2f488d6de9a62,Rivalta di Torino,"Via Carignano, 65",Via Carignano,villa,"Villa in vendita in Via Carignano, 65, Rivalta di Torino - idealista",Idealista,,https://www.idealista.it/immobile/34674636/,USCITO_MERCATO,False,False,2026-09-17T20:20:41.891297+00:00,2026-09-17T20:20:41.891298+00:00,0,,,,,0,,,,0,0,13,INDIRIZZO_ESTRATTO,CANTIERE
5a5f93f015d1001c539d,Rivalta di Torino,Via Enrico Mattei a Rivalta di,Via Enrico Mattei a Rivalta di,commerciale,Attività commerciale in Affitto in Via Enrico Mattei a Rivalta di ...,Casa.it,,https://www.casa.it/immobili/54720632/,USCITO_MERCATO,False,False,2026-09-12T10:35:02.924531+00:00,2026-09-12T10:35:02.924532+00:00,0,,,,,0,,,,0,0,36,INDIRIZZO_ESTRATTO,"AGENZIA,LOCAZIONE"
07733c533474b6325b91,Rivalta di Torino,"Via Giacomo Puccini, 16",Via Giacomo Puccini,appartamento,"Trilocale in vendita in Via Giacomo Puccini, 16, Rivalta di Torino ...",Idealista,,https://www.idealista.it/immobile/36007554/,USCITO_MERCATO,False,False,2026-09-08T06:35:04.158434+00:00,2026-09-10T15:11:09.215543+00:00,2,,,,,0,,,,0,0,44,INDIRIZZO_ESTRATTO,VENDITA
34121797c9e40108b272,Rivalta di Torino,"Via Giaveno, 110",Via Giaveno,appartamento,"Appartamento in vendita in Via Giaveno, 110, Rivalta di Torino ...",Idealista,,https://www.idealista.it/immobile/35344368/,TRACKED,True,False,2026-09-11T23:19:47.990427+00:00,2026-09-20T06:08:00.346769+00:00,8,,,,,0,,,,0,0,1,INDIRIZZO_ESTRATTO,VENDITA
25a19bb3b866ab7e0067,Rivalta di Torino,"Via Luigi Einaudi, 71",Via Luigi Einaudi,villa,"Villa in vendita in Via Luigi Einaudi, 71, Rivalta di Torino ...",Idealista,,https://www.idealista.it/immobile/31913391/,USCITO_MERCATO,False,False,2026-09-17T20:20:41.891283+00:00,2026-09-17T20:20:41.891285+00:00,0,,,,,0,,,,0,0,13,INDIRIZZO_ESTRATTO,VENDITA
179b1debc30ef12138a5,Rivalta di Torino,Via Mattei,Via Mattei,commerciale,"Attività in Via Mattei, Rivalta di Torino (TO)",Commerciale negozi/locali,,https://www.gabetti.it/affitto/rivalta-di-torino/attivita/3338364,USCITO_MERCATO,False,False,2026-09-13T23:15:39.650249+00:00,2026-09-16T14:58:05.672013+00:00,2,,,70.0,,0,,,,0,0,19,INDIRIZZO_ESTRATTO,"AGENZIA,LOCAZIONE"
fd358a9d9fd80c8df622,Rivalta di Torino,"Via Piossasco, 25",Via Piossasco,villa,"Villa in vendita in Via Piossasco, 25, Rivalta di Torino - idealista",Idealista,,https://www.idealista.it/immobile/31531054/,USCITO_MERCATO,False,False,2026-09-17T20:20:41.891303+00:00,2026-09-17T20:20:41.891305+00:00,0,,,,,0,,,,0,0,13,INDIRIZZO_ESTRATTO,VENDITA
88d1dbfebdab012dd716,Rivalta di Torino,Via San Vittore,Via San Vittore,villa,"Casa indipendente in vendita in Via San Vittore, Rivalta di Torino ...",Idealista,,https://www.idealista.it/immobile/36329789/,TRACKED,True,False,2026-09-19T23:00:29.358319+00:00,2026-09-20T11:10:13.480066+00:00,0,,,,,0,,,,0,0,0,INDIRIZZO_ESTRATTO,AGENZIA
acc0cd434ffc4860d6bb,Rivalta di Torino,Via Trieste 7,Via Trieste,commerciale,Locale commerciale in Vendita in Via Trieste 7 a Rivalta di Torino ...,Casa.it,,https://www.casa.it/immobili/54706612/,USCITO_MERCATO,False,False,2026-09-11T09:00:35.958428+00:00,2026-09-11T09:00:35.958429+00:00,0,,,75.0,,0,,,,0,0,41,INDIRIZZO_ESTRATTO,ASTA
e2601e3bd95a730739ca,Rivalta di Torino,"Via Trieste, 7",Via Trieste,commerciale,"Locale all'asta in Via Trieste, 7, Rivalta di Torino - idealista",Idealista,,https://www.idealista.it/immobile/36781066/,USCITO_MERCATO,False,False,2026-09-12T10:35:02.924516+00:00,2026-09-12T10:35:02.924517+00:00,0,,,75.0,,0,,,,0,0,36,INDIRIZZO_ESTRATTO,ASTA
352022d24befba74cc52,Rivalta di Torino,"Via della Vallá, 29",Via della Vallá,villa,"Villetta a schiera in vendita in Via della Vallá, 29, Rivalta di Torino ...",Idealista,,https://www.idealista.it/immobile/34847929/,USCITO_MERCATO,False,False,2026-09-17T20:20:41.891290+00:00,2026-09-17T20:20:41.891292+00:00,0,,,,,0,,,,0,0,13,INDIRIZZO_ESTRATTO,VENDITA
fe95ea167610ccb0f161,Rivalta di Torino,"Via gioberti, 34",Via gioberti,villa,"Villa in vendita in Via gioberti, 34, Rivalta di Torino - idealista",Idealista,,https://www.idealista.it/immobile/25568669/,USCITO_MERCATO,False,False,2026-09-17T20:20:41.891317+00:00,2026-09-17T20:20:41.891319+00:00,0,,,,,0,,,,0,0,13,INDIRIZZO_ESTRATTO,VENDITA
c692c5656fc0324ac04e,Rivalta di Torino,via Carignano 65,via Carignano,villa,"Casa indipendente in vendita in via Carignano 65, 65, Rivalta di Torino ...",Idealista,,https://www.idealista.it/immobile/30070287/,USCITO_MERCATO,False,False,2026-09-17T20:20:41.891325+00:00,2026-09-17T20:20:41.891326+00:00,0,,,56.0,,0,,,,0,0,13,INDIRIZZO_ESTRATTO,VENDITA
00a2c5106e9e7c530d7e,Rivalta di Torino,via Colle del,via Colle del,appartamento,Vendita Appartamento Rivalta di Torino. Quadrilocale in via Colle del ...,Immobiliare.it,,https://www.immobiliare.it/annunci/132218042/,POSSIBILE_USCITA,False,False,2026-09-12T05:52:24.478028+00:00,2026-09-19T14:29:10.960669+00:00,7,,,,,0,,,,0,0,6,INDIRIZZO_ESTRATTO,VENDITA
adbfa457b418758e31c3,Rivalta di Torino,via Giovanni da,via Giovanni da,villa,Vendita Appartamento Rivalta di Torino. Trilocale in via Giovanni da ...,Immobiliare.it,,https://www.immobiliare.it/annunci/119463693/,USCITO_MERCATO,False,False,2026-09-08T06:35:04.158465+00:00,2026-09-08T06:35:04.158467+00:00,0,,,,,0,,,,0,0,56,INDIRIZZO_ESTRATTO,AGENZIA
f76fabde7c1cd6870ba4,Rivalta di Torino,via Roma,via Roma,appartamento,Appartamento in vendita a Rivalta di Torino via Roma,TrovaCasa privati,,https://www.trovacasa.it/annunci/to-tc-60445-73026721,USCITO_MERCATO,False,False,2026-09-12T05:52:24.478048+00:00,2026-09-12T05:52:24.478050+00:00,0,,,,,0,,,,0,0,37,INDIRIZZO_ESTRATTO,AGENZIA
9b632062b3564ebb6fd0,Rivalta di Torino,via Umberto I Rivalta di Torino. Da,via Umberto I Rivalta di Torino. Da,villa,Vendita Appartamento in villa in via Umberto I Rivalta di Torino. Da ...,Immobiliare.it,,https://www.immobiliare.it/annunci/128131868/,USCITO_MERCATO,False,False,2026-09-08T06:35:04.158453+00:00,2026-09-08T06:35:04.158454+00:00,0,,,,,0,,,,0,0,56,INDIRIZZO_ESTRATTO,VENDITA
9ac215af0250e37db344,Rivalta di Torino,via della Vallà 29,via della Vallà,appartamento,Vendita Appartamento Rivalta di Torino. Trilocale in via della Vallà 29 ...,Immobiliare.it,,https://www.immobiliare.it/annunci/126673693/,USCITO_MERCATO,False,False,2026-09-08T06:35:04.158459+00:00,2026-09-08T06:35:04.158461+00:00,0,,,,,0,,,,0,0,56,INDIRIZZO_ESTRATTO,VENDITA
2c3ad6a4623bf46e7c6f,Rivoli,,,altro,Annunci case e appartamenti in vendita e in affitto - Tecnocasa.it,Tecnocasa,,https://www.tecnocasa.it/vendita/appartamenti/torino/rivoli/61175470.html,POSSIBILE_USCITA,False,False,2026-09-19T18:06:37.667774+00:00,2026-09-19T18:06:37.667776+00:00,0,,,,,0,,,,0,0,5,URL_DETTAGLIO_PORTALE,"AGENZIA,LOCAZIONE"
385aafb1bb0386188c39,Rivoli,,,altro,5+ locali in Vendita a Rivoli | Euro 350.000 | Mq 145 | Tempocasa,Tempocasa,,https://tempocasa.it/it/vendita/torino/rivoli/5-locali/1145530,POSSIBILE_USCITA,False,False,2026-09-19T18:06:37.667942+00:00,2026-09-19T18:06:37.667944+00:00,0,350000.0,,145.0,2413.79,0,,,,0,0,5,URL_DETTAGLIO_PORTALE,AGENZIA
4049f6232df3e60f24d1,Rivoli,,,altro,5+ locali in Vendita a Rivoli | Euro 519.000 | Mq 230 | Tempocasa,Tempocasa,,https://tempocasa.it/it/vendita/torino/rivoli/5-locali/1558079,POSSIBILE_USCITA,False,False,2026-09-19T18:06:37.667897+00:00,2026-09-19T18:06:37.667899+00:00,0,519000.0,,230.0,2256.52,0,,,,0,0,5,URL_DETTAGLIO_PORTALE,"AGENZIA,LOCAZIONE"
abdb0e0e62def383d7db,Rivoli,,,altro,"Bifamiliare in vendita a Rivoli - Torino. € 890.000, 527 Mq - Tecnocasa ...",Tecnocasa,,https://www.tecnocasa.it/vendita/ville/torino/rivoli/61012339.html,POSSIBILE_USCITA,False,False,2026-09-19T18:06:37.667824+00:00,2026-09-19T18:06:37.667825+00:00,0,890000.0,,527.0,1688.8,0,,,,0,0,5,URL_DETTAGLIO_PORTALE,AGENZIA
0c14fc131bc9bc7311d6,Rivoli,,,appartamento,Quadrilocale in Vendita a Rivoli | Euro 299.000 | Mq 135,Tempocasa,,https://tempocasa.it/it/vendita/torino/rivoli/quadrilocale/3780842,POSSIBILE_USCITA,False,False,2026-09-19T18:06:37.667960+00:00,2026-09-19T18:06:37.667962+00:00,0,299000.0,,135.0,2214.81,0,,,,0,0,5,URL_DETTAGLIO_PORTALE,"AGENZIA,LOCAZIONE"
2cf60e978bbbc5dd83ef,Rivoli,,,appartamento,Annunci case e appartamenti in vendita e in affitto - Tecnocasa.it,Tecnocasa,,https://www.tecnocasa.it/vendita/appartamenti/torino/rivoli/61255224.html,POSSIBILE_USCITA,False,False,2026-09-19T18:06:37.667801+00:00,2026-09-19T18:06:37.667802+00:00,0,,,,,0,,,,0,0,5,URL_DETTAGLIO_PORTALE,"AGENZIA,LOCAZIONE"
2f0d39d8b5dcd9c34e2b,Rivoli,,,appartamento,Annunci case e appartamenti in vendita e in affitto - Tecnocasa.it,Tecnocasa,,https://www.tecnocasa.it/vendita/appartamenti/torino/rivoli/61269839.html,POSSIBILE_USCITA,False,False,2026-09-19T18:06:37.667763+00:00,2026-09-19T18:06:37.667765+00:00,0,108000.0,,65.0,1661.54,0,,,,0,0,5,URL_DETTAGLIO_PORTALE,"AGENZIA,LOCAZIONE"
3b73d73093dbd87a0038,Rivoli,,,appartamento,Vendita Appartamento Rivoli. Quadrilocale in Soluzione Unica via ...,Immobiliare.it,,https://www.immobiliare.it/annunci/132044316/,TRACKED,True,False,2026-09-01T18:58:42.120936+00:00,2026-09-20T11:10:13.480211+00:00,18,,,,,0,,,,0,0,0,URL_DETTAGLIO_PORTALE,VENDITA
537a65f4934a40060aed,Rivoli,,,appartamento,"Appartamento su due piani in vendita in Via 1º Maggio, 32 bis",Idealista,,https://www.idealista.it/immobile/36821880/,POSSIBILE_USCITA,False,False,2026-09-19T20:30:44.818050+00:00,2026-09-19T20:30:44.818052+00:00,0,,,,,0,,,,0,0,4,URL_DETTAGLIO_PORTALE,VENDITA
54a2b46d98a7b953dc60,Rivoli,,,appartamento,"Rustico in vendita, Via Rombò, Rivoli con giardino condominiale, 75 mq ...",Wikicasa,,https://www.wikicasa.it/annuncio/30861630,NEW,True,False,2026-09-20T01:04:10.802991+00:00,2026-09-20T01:04:10.802992+00:00,0,,,75.0,,0,,,,0,0,2,INDIRIZZO_NEL_TITOLO,VENDITA
61092fc5a16d30d7203b,Rivoli,,,appartamento,5+ locali in Vendita a Rivoli | Euro 360.000 | Mq 170 | Tempocasa,Tempocasa,,https://tempocasa.it/it/vendita/torino/rivoli/5-locali/1144020,POSSIBILE_USCITA,False,False,2026-09-19T18:06:37.667925+00:00,2026-09-19T18:06:37.667926+00:00,0,360000.0,,170.0,2117.65,0,,,,0,0,5,URL_DETTAGLIO_PORTALE,AGENZIA
777c86656dca2e380229,Rivoli,,,appartamento,Appartamenti in vendita a Rivoli in zona Via Fratelli Piol,Mercato residenziale,,https://www.caasa.it/torino/rivoli-zona-v-f-lli-piol/appartamento/in-vendita.html,POSSIBILE_USCITA,False,False,2026-09-11T09:00:35.958453+00:00,2026-09-19T18:06:37.667597+00:00,8,,,,,0,,,,0,0,5,INDIRIZZO_NEL_TITOLO,VENDITA
8e3f7004992f0705514d,Rivoli,,,appartamento,"Quadrilocale in vendita a Rivoli Veronese, Baldo, Verona - idealista",Idealista,,https://www.idealista.it/immobile/36731020/,USCITO_MERCATO,False,False,2026-09-06T00:53:48.287875+00:00,2026-09-06T00:53:48.287877+00:00,0,,,,,0,,,,0,0,66,URL_DETTAGLIO_PORTALE,VENDITA
95daa95375c1beacaa41,Rivoli,,,appartamento,Vendita Rustico in via Giovanni Battista Rossano 24 Rivoli. Da ...,Immobiliare.it,,https://www.immobiliare.it/annunci/121791604/,USCITO_MERCATO,False,False,2026-08-27T21:04:17.080659+00:00,2026-09-14T22:36:38.494502+00:00,18,,,,,0,,,,0,0,24,URL_DETTAGLIO_PORTALE,VENDITA
972ec19875179b42df61,Rivoli,,,appartamento,5+ locali in Vendita a Rivoli | Euro 275.000 | Mq 125 | Tempocasa,Tempocasa,,https://tempocasa.it/it/vendita/torino/rivoli/5-locali/1135836,POSSIBILE_USCITA,False,False,2026-09-19T18:06:37.667906+00:00,2026-09-19T18:06:37.667908+00:00,0,275000.0,,125.0,2200.0,0,,,,0,0,5,URL_DETTAGLIO_PORTALE,AGENZIA
9859fe2f45d8103f86f0,Rivoli,,,appartamento,Bilocale in Vendita a Rivoli | Euro 115.000 | Mq 68 | Tempocasa,Tempocasa,,https://tempocasa.it/it/vendita/torino/rivoli/bilocale/1314349,POSSIBILE_USCITA,False,False,2026-09-19T18:06:37.667916+00:00,2026-09-19T18:06:37.667917+00:00,0,115000.0,,68.0,1691.18,0,,,,0,0,5,URL_DETTAGLIO_PORTALE,AGENZIA
a100fa6c6b7d74bd13d8,Rivoli,,,appartamento,Quadrilocale in vendita a Rivoli Veronese - idealista,Idealista,,https://www.idealista.it/immobile/36765391/,USCITO_MERCATO,False,False,2026-09-10T18:28:14.181863+00:00,2026-09-10T18:28:14.181864+00:00,0,420000.0,,102.0,4117.65,0,,,,0,0,43,URL_DETTAGLIO_PORTALE,VENDITA
a58912e0ae234117d502,Rivoli,,,appartamento,Annunci case e appartamenti in vendita e in affitto - Tecnocasa.it,Tecnocasa,,https://www.tecnocasa.it/vendita/appartamenti/torino/rivoli/61220076.html,POSSIBILE_USCITA,False,False,2026-09-19T18:06:37.667808+00:00,2026-09-19T18:06:37.667810+00:00,0,,,,,0,,,,0,0,5,URL_DETTAGLIO_PORTALE,"AGENZIA,LOCAZIONE"
afe5b5a45753440eaccb,Rivoli,,,appartamento,"Rustico, casale in Vendita in Via Rombò a Rivoli - 75mq - Casa.it",Casa.it,,https://www.casa.it/immobili/54765046/,NEW,True,False,2026-09-20T01:04:10.802968+00:00,2026-09-20T01:04:10.802970+00:00,0,,,75.0,,0,,,,0,0,2,URL_DETTAGLIO_PORTALE,VENDITA
d1cb0b3c3d7ffb72b64d,Rivoli,,,appartamento,"Trilocale in vendita a Rivoli, Centro - Torino. € 169.000, 81 Mq ...",Tecnocasa,,https://www.tecnocasa.it/vendita/appartamenti/torino/rivoli/61221788.html,POSSIBILE_USCITA,False,False,2026-09-19T18:06:37.667853+00:00,2026-09-19T18:06:37.667854+00:00,0,169000.0,,81.0,2086.42,0,,,,0,0,5,URL_DETTAGLIO_PORTALE,AGENZIA
f7be3a9b3e15e6ea1564,Rivoli,,,appartamento,Annunci case e appartamenti in vendita e in affitto - Tecnocasa.it,Tecnocasa,,https://www.tecnocasa.it/vendita/appartamenti/torino/rivoli/61269583.html,POSSIBILE_USCITA,False,False,2026-09-19T18:06:37.667790+00:00,2026-09-19T18:06:37.667792+00:00,0,239000.0,,95.0,2515.79,0,,,,0,0,5,URL_DETTAGLIO_PORTALE,"AGENZIA,LOCAZIONE"
4766dab030ea7ceb6a34,Rivoli,,,commerciale,46 locale commerciales piazza in affitto a Rivoli - Trovit,Trovit,,https://case.trovit.it/affitto-negozio-piazza-rivoli,USCITO_MERCATO,False,False,2026-09-11T17:53:32.668455+00:00,2026-09-17T23:05:00.276242+00:00,6,,,,,0,,,,0,0,12,INDIRIZZO_NEL_TITOLO,LOCAZIONE
6d9a7ae6ee976da8346c,Rivoli,,,commerciale,"Capannone Settima Strada, Rivoli, Rif. 118065471 - Immobiliare.it",Immobiliare.it,,https://www.immobiliare.it/annunci/118065471/,TRACKED,True,False,2026-09-17T23:05:00.276276+00:00,2026-09-20T01:04:10.802846+00:00,2,,,,,0,,,,0,0,2,URL_DETTAGLIO_PORTALE,LOCAZIONE
7dc41806d255522c5cd5,Rivoli,,,commerciale,Annunci case e appartamenti in vendita e in affitto - Tecnocasa.it,Tecnocasa,,https://www.tecnocasa.it/vendita/negozio/torino/rivoli/61270469.html,POSSIBILE_USCITA,False,False,2026-09-19T18:06:37.667842+00:00,2026-09-19T18:06:37.667845+00:00,0,,,254.0,,0,,,,0,0,5,URL_DETTAGLIO_PORTALE,"AGENZIA,LOCAZIONE"
8fee323f5f6efccbf48c,Rivoli,,,commerciale,Affitto e vendita locali commerciali a Rivoli centro città,Bakeca privati,,https://torino.bakeca.it/annunci/locali-attivita-commerciali/luogo/rivoli/,USCITO_MERCATO,False,False,2026-09-14T01:05:27.892312+00:00,2026-09-14T01:05:27.892313+00:00,0,,,97.0,,0,,,,0,0,27,URL_DETTAGLIO_PORTALE,LOCAZIONE
1625d3ef22d9d1039448,Rivoli,,,villa,"Villa in vendita a Rivoli Veronese, Baldo, Verona - idealista",Idealista,,https://www.idealista.it/immobile/36730969/,USCITO_MERCATO,False,False,2026-09-06T00:53:48.287859+00:00,2026-09-06T00:53:48.287860+00:00,0,,,,,0,,,,0,0,66,URL_DETTAGLIO_PORTALE,CANTIERE
7e1ddcc2afbf4e0a4101,Rivoli,,,villa,Villetta in Vendita a Rivoli | Euro 299.000 | Mq 125 | Tempocasa,Tempocasa,,https://tempocasa.it/it/vendita/torino/rivoli/villetta/13107941,POSSIBILE_USCITA,False,False,2026-09-19T18:06:37.667952+00:00,2026-09-19T18:06:37.667953+00:00,0,299000.0,,125.0,2392.0,0,,,,0,0,5,URL_DETTAGLIO_PORTALE,"AGENZIA,LOCAZIONE"
a3340022270a855701f6,Rivoli,,,villa,Villa unifamiliare in Vendita a Rivoli | Euro 219.000 | Mq 140,Tempocasa,,https://tempocasa.it/it/vendita/torino/rivoli/villa-unifamiliare/1135442,POSSIBILE_USCITA,False,False,2026-09-19T18:06:37.667933+00:00,2026-09-19T18:06:37.667934+00:00,0,219000.0,,140.0,1564.29,0,,,,0,0,5,URL_DETTAGLIO_PORTALE,"AGENZIA,LOCAZIONE"
b6ac836c63d4ebca4526,Rivoli,,,villa,"Villa a schiera in vendita a Rivoli - Torino. € 430.000, 177 Mq ...",Tecnocasa,,https://www.tecnocasa.it/vendita/ville/torino/rivoli/61016133.html,POSSIBILE_USCITA,False,False,2026-09-19T18:06:37.667833+00:00,2026-09-19T18:06:37.667834+00:00,0,430000.0,,177.0,2429.38,0,,,,0,0,5,URL_DETTAGLIO_PORTALE,"AGENZIA,CANTIERE"
c3fe52a9f68dbc39e13a,Rivoli,,,villa,Annunci di case in vendita a Rivoli centro città - Bakeca,Bakeca privati,,https://torino.bakeca.it/annunci/vendita-case/luogo/Rivoli/,USCITO_MERCATO,False,False,2026-08-22T17:17:15.502735+00:00,2026-09-12T05:52:24.478073+00:00,20,170240.0,,140.0,1216.0,0,,,,0,0,37,URL_DETTAGLIO_PORTALE,ASTA
f7e7dfda1c1851fc9a76,Rivoli,,,villa,"Villa singola in vendita a Rivoli - Torino. € 830.000, 161 Mq ...",Tecnocasa,,https://www.tecnocasa.it/vendita/ville/torino/rivoli/61095790.html,POSSIBILE_USCITA,False,False,2026-09-19T18:06:37.667815+00:00,2026-09-19T18:06:37.667816+00:00,0,830000.0,,161.0,5155.28,0,,,,0,0,5,URL_DETTAGLIO_PORTALE,AGENZIA
7d867f2f3ae31d5392bc,Rivoli,Corso Francia 121,Corso Francia,appartamento,Trilocale in Vendita in Corso Francia 121 a Rivoli - Casa.it,Casa.it,,https://www.casa.it/immobili/54734608/,NEW,True,False,2026-09-20T01:04:10.802928+00:00,2026-09-20T01:04:10.802929+00:00,0,,,,,0,,,,0,0,2,INDIRIZZO_ESTRATTO,VENDITA
509ef57482b8588f1c06,Rivoli,"Corso Susa, 115",Corso Susa,appartamento,"Trilocale in vendita in Corso Susa, 115, Posta Vecchia, Rivoli ...",Idealista,,https://www.idealista.it/immobile/36733651/,USCITO_MERCATO,False,False,2026-09-04T22:26:36.993036+00:00,2026-09-06T00:53:48.287892+00:00,1,,,,,0,,,,0,0,66,INDIRIZZO_ESTRATTO,VENDITA
c88ae376cab613fdd43a,Rivoli,"Corso Susa, 237",Corso Susa,appartamento,"Quadrilocale in vendita in Corso Susa, 237, Posta Vecchia, Rivoli ...",Idealista,,https://www.idealista.it/immobile/35165896/,POSSIBILE_USCITA,False,False,2026-09-19T20:30:44.818057+00:00,2026-09-19T20:30:44.818058+00:00,0,,,,,0,,,,0,0,4,INDIRIZZO_ESTRATTO,VENDITA
8cb5131a69b19cfebc39,Rivoli,Corso Susa 247,Corso Susa,commerciale,"Capannone, affitto, Corso Susa 247, Rivoli • Commerciali.it",Capannoni logistica,,https://www.commerciali.it/capannone-affitto-rivoli-zona-centro-storico-30724974,USCITO_MERCATO,False,False,2026-09-10T05:58:05.662144+00:00,2026-09-10T11:09:38.638749+00:00,0,,,1500.0,,0,,,,0,0,45,INDIRIZZO_ESTRATTO,LOCAZIONE
0dcc57baee7893717e80,Rivoli,Strada Bastone 10/4,Strada Bastone,villa,Vendita Villa bifamiliare in Strada Bastone 10/4 Rivoli. Posto auto ...,Immobiliare.it,,https://www.immobiliare.it/annunci/131899574/,USCITO_MERCATO,False,False,2026-09-01T20:55:16.173613+00:00,2026-09-19T06:11:00.697102+00:00,17,,,,,0,,,,0,0,8,INDIRIZZO_ESTRATTO,"PRIVATO,VENDITA"
46d57fc44b791f685e2b,Rivoli,Strada Moncalieri 33,Strada Moncalieri,appartamento,"Vendita Casale in Strada Moncalieri 33 Rivoli. Da ristrutturare, posto ...",Immobiliare.it,,https://www.immobiliare.it/annunci/124918645/,POSSIBILE_USCITA,False,False,2026-09-13T14:26:02.556612+00:00,2026-09-19T14:29:10.960816+00:00,6,,,,,0,,,,0,0,6,INDIRIZZO_ESTRATTO,VENDITA
072f080f7b737903a8f2,Rivoli,Strada Pozzetto 13,Strada Pozzetto,villa,Vendita Villa unifamiliare in Strada Pozzetto 13 Rivoli. Buono stato ...,Immobiliare.it,,https://www.immobiliare.it/annunci/126943393/,USCITO_MERCATO,False,False,2026-09-04T12:01:02.700984+00:00,2026-09-14T18:41:54.044505+00:00,10,,,,,0,,,,0,0,25,INDIRIZZO_ESTRATTO,VENDITA
2496edad72957d55f1aa,Rivoli,Strada Scaravaglio Rivoli. Buono stato,Strada Scaravaglio Rivoli. Buono stato,villa,Vendita Villa a schiera in Strada Scaravaglio Rivoli. Buono stato ...,Immobiliare.it,,https://www.immobiliare.it/annunci/127925672/,USCITO_MERCATO,False,False,2026-09-10T21:45:03.419559+00:00,2026-09-10T21:45:03.419560+00:00,0,,,,,0,,,,0,0,42,INDIRIZZO_ESTRATTO,VENDITA
816bcbe5959aac6a02fa,Rivoli,Strada della Torretta,Strada della Torretta,appartamento,Vendita Appartamento Rivoli. Quadrilocale in Strada della Torretta ...,Immobiliare.it,,https://www.immobiliare.it/annunci/130962584/,USCITO_MERCATO,False,False,2026-09-04T22:26:36.992966+00:00,2026-09-05T19:08:06.335195+00:00,0,,,,,0,,,,0,0,69,INDIRIZZO_ESTRATTO,VENDITA
c49b707ef4d5c50fbe93,Rivoli,Strada della Torretta,Strada della Torretta,appartamento,Vendita Appartamento Rivoli. Quadrilocale in Strada della Torretta ...,Immobiliare.it,,https://www.immobiliare.it/annunci/130962586/,USCITO_MERCATO,False,False,2026-09-15T13:33:03.394789+00:00,2026-09-15T13:33:03.394791+00:00,0,,,,,0,,,,0,0,22,INDIRIZZO_ESTRATTO,VENDITA
f119938ead435fc6173b,Rivoli,Via Alpignano,Via Alpignano,villa,"Villa in vendita in Via Alpignano, Posta Vecchia, Rivoli - idealista",Idealista,,https://www.idealista.it/immobile/36749576/,USCITO_MERCATO,False,False,2026-09-10T18:28:14.181871+00:00,2026-09-10T18:28:14.181873+00:00,0,,,,,0,,,,0,0,43,INDIRIZZO_ESTRATTO,PRIVATO
e589dc79c8f7509843d6,Rivoli,"Via Biella, 8",Via Biella,appartamento,"Trilocale in vendita in Via Biella, 8, Maiasco - Tetti Neirotti ...",Idealista,,https://www.idealista.it/immobile/36850607/,POSSIBILE_USCITA,False,False,2026-09-19T20:30:44.818097+00:00,2026-09-19T20:30:44.818098+00:00,0,,,80.0,,0,,,,0,0,4,INDIRIZZO_ESTRATTO,VENDITA
039a8362414ecc6fced2,Rivoli,"Via Capra, 21",Via Capra,casa indipendente,"Casale/cascina in vendita in Via Capra, 21, Centro Storico, Rivoli ...",Idealista,,https://www.idealista.it/immobile/36649329/,POSSIBILE_USCITA,False,False,2026-09-19T20:30:44.818043+00:00,2026-09-19T20:30:44.818045+00:00,0,,,,,0,,,,0,0,4,INDIRIZZO_ESTRATTO,VENDITA
d52d83eb9ff697a439b7,Rivoli,"Via Cristalliera, 7",Via Cristalliera,casa indipendente,"Casa indipendente in vendita in Via Cristalliera, 7, Rione Pozzo Strada ...",Idealista,,https://www.idealista.it/immobile/34186418/,USCITO_MERCATO,False,False,2026-09-06T00:53:48.287913+00:00,2026-09-06T00:53:48.287915+00:00,0,,,,,0,,,,0,0,66,INDIRIZZO_ESTRATTO,VENDITA
d85f8522891722b61aa3,Rivoli,Via Cuorgnè 28,Via Cuorgnè,appartamento,Appartamento in Vendita in Via Cuorgnè 28 a Rivoli - Casa.it,Casa.it,,https://www.casa.it/immobili/53572240/,NEW,True,False,2026-09-20T01:04:10.802955+00:00,2026-09-20T01:04:10.802957+00:00,0,25000.0,,,,0,,,,0,0,2,INDIRIZZO_ESTRATTO,VENDITA
83d1c747abb8eb820b1e,Rivoli,"Via Felisio, 14",Via Felisio,appartamento,"Quadrilocale in vendita in Via Felisio, 14, Centro Storico, Rivoli ...",Idealista,,https://www.idealista.it/immobile/36718876/,USCITO_MERCATO,False,False,2026-09-04T22:26:36.993060+00:00,2026-09-04T22:26:36.993061+00:00,0,,,,,0,,,,0,0,74,INDIRIZZO_ESTRATTO,VENDITA
79e8991202c37717194a,Rivoli,Via Fratelli Piol,Via Fratelli Piol,commerciale,"Negozio, affitto, Via Fratelli Piol, Rivoli • Commerciali.it",Commerciale negozi/locali,,https://www.commerciali.it/negozio-affitto-rivoli-zona-centro-storico-27720502,NEW,True,False,2026-09-20T11:10:13.480147+00:00,2026-09-20T11:10:13.480148+00:00,0,,,40.0,,0,,,,0,0,0,INDIRIZZO_ESTRATTO,LOCAZIONE
295ae3a8c31e99a990fd,Rivoli,"Via Frejus, 38",Via Frejus,appartamento,"Quadrilocale in vendita in Via Frejus, 38 - idealista",Idealista,,https://www.idealista.it/immobile/36776904/,USCITO_MERCATO,False,False,2026-09-10T18:28:14.181850+00:00,2026-09-10T18:28:14.181851+00:00,0,,,,,0,,,,0,0,43,INDIRIZZO_ESTRATTO,VENDITA
0d2dc47601870d72fd5b,Rivoli,Via Monte Grappa,Via Monte Grappa,rustico/casale,"Casale/cascina in vendita in Via Monte Grappa, Centro Storico, Rivoli ...",Idealista,,https://www.idealista.it/immobile/36850860/,POSSIBILE_USCITA,False,False,2026-09-19T20:30:44.818075+00:00,2026-09-19T20:30:44.818076+00:00,0,195000.0,,295.0,661.02,0,,,,0,0,4,INDIRIZZO_ESTRATTO,VENDITA
aa861b7e1ccb238a7ab6,Rivoli,Via Orbassano a Rivoli,Via Orbassano a Rivoli,villa,Villetta a schiera in Vendita in Via Orbassano a Rivoli - Casa.it,Casa.it,,https://www.casa.it/immobili/54764961/,NEW,True,False,2026-09-20T01:04:10.802939+00:00,2026-09-20T01:04:10.802940+00:00,0,460000.0,,250.0,1840.0,0,,,,0,0,2,INDIRIZZO_ESTRATTO,VENDITA
30d5d744c96d1d047a29,Rivoli,Via Orbassano s.n.c,Via Orbassano s.n.c,villa,Villetta a schiera in vendita in Via Orbassano s.n.c,Idealista,,https://www.idealista.it/immobile/36858185/,POSSIBILE_USCITA,False,False,2026-09-19T20:30:44.818084+00:00,2026-09-19T20:30:44.818086+00:00,0,,,,,0,,,,0,0,4,INDIRIZZO_ESTRATTO,VENDITA
160e95a2cfec0c715855,Rivoli,Via Pavia 26,Via Pavia,commerciale,"Stabile/Edificio 1199 m² in Via Pavia 26, Rivoli (TO)",Commerciale negozi/locali,,https://asteflorio.it/aste/proprieta-superficiaria-complesso-immobiliare-a-rivoli-to-rivoli,USCITO_MERCATO,False,False,2026-09-05T09:19:10.297136+00:00,2026-09-09T04:02:27.438703+00:00,3,472500.0,,1199.0,394.08,0,,,,0,0,52,INDIRIZZO_ESTRATTO,ASTA
8f75b97afe391d0dcda4,Rivoli,Via Pavia a Rivoli,Via Pavia a Rivoli,altro,Edificio in Vendita in Via Pavia a Rivoli - 175mq - Casa.it,Casa.it,,https://www.casa.it/immobili/54777580/,NEW,True,False,2026-09-20T01:04:10.802963+00:00,2026-09-20T01:04:10.802964+00:00,0,,,175.0,,0,,,,0,0,2,INDIRIZZO_ESTRATTO,VENDITA
53feaf721986eea4971e,Rivoli,"Via Pietrino Belli, 61",Via Pietrino Belli,appartamento,"Bilocale in vendita in Via Pietrino Belli, 61 - idealista",Idealista,,https://www.idealista.it/immobile/36403168/,USCITO_MERCATO,False,False,2026-09-04T22:26:36.993065+00:00,2026-09-10T18:28:14.181891+00:00,5,,,,,0,,,,0,0,43,INDIRIZZO_ESTRATTO,AGENZIA
27cde371f4ed999914c8,Rivoli,"Via Po, 32",Via Po,appartamento,"Bilocale in vendita in Via Po, 32, Cascine Vica - idealista",Idealista,,https://www.idealista.it/immobile/36781907/,USCITO_MERCATO,False,False,2026-09-10T18:28:14.181856+00:00,2026-09-10T18:28:14.181858+00:00,0,,,59.0,,0,,,,0,0,43,INDIRIZZO_ESTRATTO,VENDITA
83d2f90615a15e19f07d,Rivoli,Via Pullino 14,Via Pullino,appartamento,"Quadrilocale in vendita in Via Pullino, 14, Centro Storico, Rivoli ...",Idealista,,https://www.idealista.it/immobile/35768952/,USCITO_MERCATO,False,False,2026-08-23T09:11:13.222650+00:00,2026-09-10T18:28:14.181840+00:00,18,,,,,0,,,,0,0,43,INDIRIZZO_ESTRATTO,VENDITA
c496dfff763c9e4167e1,Rivoli,"Via Pusterla, 120",Via Pusterla,appartamento,"Quadrilocale in vendita in Via Pusterla, 120, Centro Storico, Rivoli ...",Idealista,,https://www.idealista.it/immobile/36689892/,USCITO_MERCATO,False,False,2026-09-04T22:26:36.993042+00:00,2026-09-06T00:53:48.287881+00:00,1,,,,,0,,,,0,0,66,INDIRIZZO_ESTRATTO,VENDITA
a5c75a784d7151b3aee2,Rivoli,"Via Rivoli, 236",Via Rivoli,appartamento,"Quadrilocale in vendita in Via Rivoli, 236 - idealista",Idealista,,https://www.idealista.it/immobile/36763501/,USCITO_MERCATO,False,False,2026-09-10T18:28:14.181884+00:00,2026-09-10T18:28:14.181885+00:00,0,280000.0,,120.0,2333.33,0,,,,0,0,43,INDIRIZZO_ESTRATTO,VENDITA
008de0b52375eff81854,Rivoli,"Via Rivoli, 238",Via Rivoli,casa indipendente,"Casa indipendente all'asta in Via Rivoli, 238 - idealista",Idealista,,https://www.idealista.it/immobile/36868889/,POSSIBILE_USCITA,False,False,2026-09-19T20:30:44.818113+00:00,2026-09-19T20:30:44.818114+00:00,0,,,139.0,,0,,,,0,0,4,INDIRIZZO_ESTRATTO,ASTA
3c32e1dad5e206cbb781,Rivoli,Via Rivoli 238,Via Rivoli,casa indipendente,"Casa indipendente 6 locali, 139 m² in Via Rivoli 238, Roma (RM)",Tipologie residenziali,,https://asteflorio.it/aste/casa-indipendente-6-locali-a-roma-rm-roma-1,USCITO_MERCATO,False,False,2026-09-02T16:09:34.325113+00:00,2026-09-02T16:09:34.325114+00:00,0,,,139.0,,0,,,,0,0,82,INDIRIZZO_ESTRATTO,ASTA
b7b329aae8afcf4d3468,Rivoli,"Via Roma, 123",Via Roma,appartamento,"Appartamento in vendita in Via Roma, 123, Centro Storico, Rivoli ...",Idealista,,https://www.idealista.it/immobile/35424218/,POSSIBILE_USCITA,False,False,2026-09-04T22:26:36.993030+00:00,2026-09-19T20:30:44.818063+00:00,14,,,,,0,,,,0,0,4,INDIRIZZO_ESTRATTO,VENDITA
6a4016180131491f012d,Rivoli,Via Rombò 29,Via Rombò,commerciale,"Locale commerciale, vendita, Via Rombò 29, Rivoli",Commerciale negozi/locali,,https://www.commerciali.it/locale-commerciale-vendita-rivoli-zona-centro-storico-30467334,TRACKED,True,False,2026-08-28T05:06:35.531033+00:00,2026-09-20T11:10:13.480161+00:00,23,,,,,0,,,,0,0,0,INDIRIZZO_ESTRATTO,VENDITA
f865e95894508b1c613f,Rivoli,Via Sestriere a Rivoli,Via Sestriere a Rivoli,appartamento,Trilocale in Vendita in Via Sestriere a Rivoli - 87mq - Casa.it,Casa.it,,https://www.casa.it/immobili/54755737/,NEW,True,False,2026-09-20T01:04:10.802947+00:00,2026-09-20T01:04:10.802948+00:00,0,63000.0,,87.0,724.14,0,,,,0,0,2,INDIRIZZO_ESTRATTO,VENDITA
43c16d6a8539199951aa,Rivoli,"Via U. Foscolo, 5",Via U. Foscolo,appartamento,"Quadrilocale in vendita in Via U. Foscolo, 5 - idealista",Idealista,,https://www.idealista.it/immobile/36769195/,USCITO_MERCATO,False,False,2026-09-10T18:28:14.181878+00:00,2026-09-10T18:28:14.181879+00:00,0,,,,,0,,,,0,0,43,INDIRIZZO_ESTRATTO,VENDITA
66cf70b2ffe3c127a996,Rivoli,Via Villarbasse 68,Via Villarbasse,villa,Villa in Vendita in Via Villarbasse 68 a Rivoli - Casa.it,Casa.it,,https://www.casa.it/immobili/54773971/,NEW,True,False,2026-09-20T01:04:10.802934+00:00,2026-09-20T01:04:10.802935+00:00,0,,,,,0,,,,0,0,2,INDIRIZZO_ESTRATTO,ASTA
be8250bccd33e43f53fb,Rivoli,"Via al Castello, 29",Via al Castello,casa indipendente,"Casa indipendente in vendita in Via al Castello, 29 - idealista",Idealista,,https://www.idealista.it/immobile/36695938/,USCITO_MERCATO,False,False,2026-09-04T22:26:36.993011+00:00,2026-09-06T00:53:48.287840+00:00,1,,,280.0,,0,,,,0,0,66,INDIRIZZO_ESTRATTO,VENDITA
afcea5b5dd97a99dc539,Rivoli,"Via al Castello, 29",Via al Castello,villa,"Villa in vendita in Via al Castello, 29, Centro Storico, Rivoli ...",Idealista,,https://www.idealista.it/immobile/36766755/,USCITO_MERCATO,False,False,2026-09-10T18:28:14.181825+00:00,2026-09-10T18:28:14.181826+00:00,0,,,,,0,,,,0,0,43,INDIRIZZO_ESTRATTO,VENDITA
9bcfaa131c0919d264d3,Rivoli,Viale Carrù 22,Viale Carrù,commerciale,"Negozio, affitto, Viale Carrù 22, Rivoli • Commerciali.it",Commerciale negozi/locali,,https://www.commerciali.it/negozio-affitto-rivoli-zona-maiasco-28354767,USCITO_MERCATO,False,False,2026-09-04T00:12:37.947222+00:00,2026-09-14T22:36:38.494427+00:00,10,,,250.0,,0,,,,0,0,24,INDIRIZZO_ESTRATTO,LOCAZIONE
12be4754971dededf07b,Rivoli,Viale Nuvoli 61,Viale Nuvoli,villa,"Villa a Schiera 6 locali, 140 m² in Viale Nuvoli 61, Rivoli (TO)",Mercato residenziale,,https://asteflorio.it/aste/villa-a-schiera-6-5-locali-a-rivoli-to-rivoli,USCITO_MERCATO,False,False,2026-09-09T23:18:34.768730+00:00,2026-09-09T23:18:34.768732+00:00,0,,,140.0,,0,,,,0,0,48,INDIRIZZO_ESTRATTO,ASTA
4ee6d2a6a3938a73c516,Rivoli,Viale Nuvoli 61,Viale Nuvoli,villa,Villetta a schiera in Vendita in Viale Nuvoli 61 a Rivoli - Casa.it,Casa.it,,https://www.casa.it/immobili/54743152/,NEW,True,False,2026-09-20T01:04:10.802920+00:00,2026-09-20T01:04:10.802921+00:00,0,170250.0,,140.0,1216.07,0,,,,0,0,2,INDIRIZZO_ESTRATTO,VENDITA
e3fff42caaa0874e7747,Rivoli,"Viale Nuvoli, 61",Viale Nuvoli,villa,"Villetta a schiera all'asta in Viale Nuvoli, 61, Posta Vecchia, Rivoli ...",Idealista,,https://www.idealista.it/immobile/36874354/,POSSIBILE_USCITA,False,False,2026-09-19T20:30:44.818091+00:00,2026-09-19T20:30:44.818092+00:00,0,,,,,0,,,,0,0,4,INDIRIZZO_ESTRATTO,ASTA
ef7302236e2986128f95,Rivoli,Viale Nuvoli 61,Viale Nuvoli,villa,Villetta a schiera in Vendita in Viale Nuvoli 61 a Rivoli - Casa.it,Casa.it,,https://www.casa.it/immobili/54698482/,RELISTED,True,False,2026-09-14T22:36:38.494409+00:00,2026-09-20T01:04:10.802910+00:00,5,,,,,0,,,,0,0,2,INDIRIZZO_ESTRATTO,VENDITA
d0c1f36362dd9779c879,Rivoli,corso Canonico Giuseppe Allamano 123,corso Canonico Giuseppe Allamano,commerciale,"Capannone corso Canonico Giuseppe Allamano 123, Rivoli, Rif. 130692472 ...",Immobiliare.it,,https://www.immobiliare.it/annunci/130692472/,USCITO_MERCATO,False,False,2026-08-28T05:06:35.531064+00:00,2026-09-06T13:51:47.105699+00:00,9,,,770.0,,0,,,,0,0,63,INDIRIZZO_ESTRATTO,LOCAZIONE
43b6ee3b287f96c5d842,Rivoli,corso Francia 217,corso Francia,appartamento,Vendita Appartamento Rivoli. Trilocale in corso Francia 217. Ottimo ...,Immobiliare.it,,https://www.immobiliare.it/annunci/131911816/,USCITO_MERCATO,False,False,2026-09-01T20:55:16.173661+00:00,2026-09-18T17:15:59.824810+00:00,16,,,82.0,,0,,,,0,0,10,INDIRIZZO_ESTRATTO,VENDITA
a5f7de9f13abae4f664d,Rivoli,corso Francia 1,corso Francia,appartamento,Vendita Appartamento Rivoli. Trilocale in corso Francia 1. Ottimo stato ...,Immobiliare.it,,https://www.immobiliare.it/annunci/122983782/,USCITO_MERCATO,False,False,2026-09-17T16:48:02.648361+00:00,2026-09-19T10:47:39.485803+00:00,1,,,,,0,,,,0,0,7,INDIRIZZO_ESTRATTO,VENDITA
b7578237bffaf9803636,Rivoli,corso Francia 200,corso Francia,appartamento,Vendita Appartamento Rivoli. Bilocale in corso Francia 200. Ottimo ...,Immobiliare.it,,https://www.immobiliare.it/annunci/131272748/,USCITO_MERCATO,False,False,2026-09-13T09:37:53.089270+00:00,2026-09-14T01:05:27.892410+00:00,0,,,,,0,,,,0,0,27,INDIRIZZO_ESTRATTO,VENDITA
0edc5b68dee49f8806e5,Rivoli,corso Susa 48,corso Susa,appartamento,"Vendita Appartamento in corso Susa 48. Rivoli. Buono stato, su più ...",Immobiliare.it,,https://www.immobiliare.it/annunci/126625679/,USCITO_MERCATO,False,False,2026-09-04T16:00:05.402646+00:00,2026-09-04T19:20:00.005079+00:00,0,,,,,0,,,,0,0,75,INDIRIZZO_ESTRATTO,VENDITA
ab5477351b353fbb3cda,Rivoli,corso Susa 115,corso Susa,appartamento,Vendita Appartamento Rivoli. Trilocale in corso Susa 115. Ottimo stato ...,Immobiliare.it,,https://www.immobiliare.it/annunci/132183098/,USCITO_MERCATO,False,False,2026-09-04T16:00:05.402625+00:00,2026-09-18T17:15:59.824763+00:00,14,,,,,0,,,,0,0,10,INDIRIZZO_ESTRATTO,VENDITA
d72f2f414bf63a336e6d,Rivoli,piazza Martiri della,piazza Martiri della,appartamento,Vendita Appartamento Rivoli. Quadrilocale in piazza Martiri della ...,Immobiliare.it,,https://www.immobiliare.it/annunci/132156048/,USCITO_MERCATO,False,False,2026-09-03T18:47:06.319114+00:00,2026-09-10T15:11:09.215660+00:00,6,,,110.0,,0,,,,0,0,44,INDIRIZZO_ESTRATTO,VENDITA
aae25d41a85da99f3f6e,Rivoli,piazza Martiri della libertà 5,piazza Martiri della libertà,commerciale,"Locale commerciale piazza Martiri della libertà 5, Rivoli, Rif ...",Immobiliare.it,,https://www.immobiliare.it/annunci/127065271/,USCITO_MERCATO,False,False,2026-08-28T10:58:40.671430+00:00,2026-09-12T17:06:03.936165+00:00,15,,,50.0,,0,,,,0,0,34,INDIRIZZO_ESTRATTO,VENDITA
f349f6692ea4c657303f,Rivoli,piazza fratelli cervi 3,piazza fratelli cervi,commerciale,"Locale commerciale locale commerciale piazza fratelli cervi 3, Rivoli ...",Immobiliare.it,,https://www.immobiliare.it/annunci/130186030/,USCITO_MERCATO,False,False,2026-09-06T13:51:47.105612+00:00,2026-09-13T09:37:53.089179+00:00,6,,,145.0,,0,,,,0,0,32,INDIRIZZO_ESTRATTO,VENDITA
092734a5037ec26097c8,Rivoli,via 1 Maggio 32,via 1 Maggio,appartamento,Vendita Appartamento Rivoli. Quadrilocale in via 1 Maggio 32. Su più ...,Immobiliare.it,,https://www.immobiliare.it/annunci/132427274/,TRACKED,True,False,2026-09-19T23:00:29.358534+00:00,2026-09-20T11:10:13.480261+00:00,0,,,,,0,,,,0,0,0,INDIRIZZO_ESTRATTO,VENDITA
bcf4893d2dcde6d48b89,Rivoli,via Albenga 124,via Albenga,commerciale,"Capannone via Albenga 124, Rivoli, Rif. 128364064 - Immobiliare.it",Immobiliare.it,,https://www.immobiliare.it/annunci/128364064/,USCITO_MERCATO,False,False,2026-08-28T10:58:40.671476+00:00,2026-09-11T13:39:24.924731+00:00,14,,,,,0,,,,0,0,40,INDIRIZZO_ESTRATTO,VENDITA
8b0bf3ad40d43f544609,Rivoli,via Alberto da Rivoli Rivoli. Buono stato,via Alberto da Rivoli Rivoli. Buono stato,villa,Vendita Villa unifamiliare in via Alberto da Rivoli Rivoli. Buono stato ...,Immobiliare.it,,https://www.immobiliare.it/annunci/129464606/,USCITO_MERCATO,False,False,2026-09-13T20:46:02.147736+00:00,2026-09-14T22:36:38.494522+00:00,1,,,,,0,,,,0,0,24,INDIRIZZO_ESTRATTO,VENDITA
60a5ecbbcbfd34fb83e2,Rivoli,via Alessandro Manzoni 3,via Alessandro Manzoni,altro,"Magazzino - Deposito via Alessandro Manzoni 3, Rivoli, Rif. 128102068 ...",Immobiliare.it,,https://www.immobiliare.it/annunci/128102068/,USCITO_MERCATO,False,False,2026-09-10T05:58:05.662174+00:00,2026-09-10T11:09:38.638758+00:00,0,149000.0,,,,0,,,,0,0,45,INDIRIZZO_ESTRATTO,VENDITA
39061bcac4e09ed7cfa3,Rivoli,via Alpi Carniche 8,via Alpi Carniche,appartamento,"Vendita Appartamento in via Alpi Carniche 8. Rivoli. Ottimo stato, su ...",Immobiliare.it,,https://www.immobiliare.it/annunci/131322842/,USCITO_MERCATO,False,False,2026-08-28T10:58:40.671526+00:00,2026-09-05T23:10:34.872319+00:00,8,,,160.0,,0,,,,0,0,67,INDIRIZZO_ESTRATTO,VENDITA
7756d3e2a2a8576ebb6a,Rivoli,"via Alpignano, 159/4",via Alpignano,appartamento,"Vendita Appartamento Rivoli. Trilocale in via Alpignano, 159/4. Buono ...",Immobiliare.it,,https://www.immobiliare.it/annunci/129199650/,USCITO_MERCATO,False,False,2026-09-01T23:36:27.691645+00:00,2026-09-01T23:36:27.691646+00:00,0,,,,,0,,,,0,0,85,INDIRIZZO_ESTRATTO,VENDITA
70e728b2689fba4722b3,Rivoli,via Aosta 19,via Aosta,appartamento,Vendita Appartamento Rivoli. Trilocale in via Aosta 19. Ottimo stato ...,Immobiliare.it,,https://www.immobiliare.it/annunci/126971709/,TRACKED,True,False,2026-08-27T21:04:17.080698+00:00,2026-09-20T01:04:10.802891+00:00,23,,,,,0,,,,0,0,2,INDIRIZZO_ESTRATTO,VENDITA
d8365ce73fb5b1982346,Rivoli,via Arona 74,via Arona,villa,Vendita Villa unifamiliare in VILLA SINGOLA via Arona 74 Rivoli. Buono ...,Immobiliare.it,,https://www.immobiliare.it/annunci/129909492/,USCITO_MERCATO,False,False,2026-09-17T16:48:02.648379+00:00,2026-09-17T16:48:02.648380+00:00,0,,,500.0,,0,,,,0,0,14,INDIRIZZO_ESTRATTO,PRIVATO
23562642063375182a76,Rivoli,via Assisi 8,via Assisi,appartamento,Vendita Appartamento Rivoli. Trilocale in via Assisi 8. Quinto piano ...,Immobiliare.it,,https://www.immobiliare.it/annunci/120995084/,USCITO_MERCATO,False,False,2026-09-08T11:07:58.869041+00:00,2026-09-15T01:31:48.171112+00:00,6,,,90.0,,0,,,,0,0,23,INDIRIZZO_ESTRATTO,VENDITA
929f658e28ef7ba0bfea,Rivoli,via Avigliana 18,via Avigliana,appartamento,Vendita Appartamento Rivoli. Trilocale in via Avigliana 18. Nuovo ...,Immobiliare.it,,https://www.immobiliare.it/annunci/124428575/,USCITO_MERCATO,False,False,2026-09-16T14:58:05.672129+00:00,2026-09-17T11:30:50.191249+00:00,0,,,,,0,,,,0,0,15,INDIRIZZO_ESTRATTO,VENDITA
5f8a84ee2342506c9f7f,Rivoli,via Bessaneisa 24,via Bessaneisa,villa,"Vendita Appartamento in via Bessaneisa 24. Rivoli. Buono stato, primo ...",Immobiliare.it,,https://www.immobiliare.it/annunci/127915598/,USCITO_MERCATO,False,False,2026-09-04T00:12:37.947295+00:00,2026-09-04T16:00:05.402651+00:00,0,,,180.0,,0,,,,0,0,76,INDIRIZZO_ESTRATTO,PRIVATO
728daa12d2079f3f5703,Rivoli,via Bessaneisa 24,via Bessaneisa,villa,"Vendita Appartamento in via Bessaneisa 24. Rivoli. Buono stato, piano ...",Immobiliare.it,,https://www.immobiliare.it/annunci/127915596/,USCITO_MERCATO,False,False,2026-09-03T18:47:06.319135+00:00,2026-09-03T18:47:06.319136+00:00,0,,,180.0,,0,,,,0,0,81,INDIRIZZO_ESTRATTO,PRIVATO
717d9809a1cd3f6deafa,Rivoli,via Biella 8,via Biella,appartamento,Vendita Appartamento Rivoli. Trilocale in via Biella 8. Buono stato ...,Immobiliare.it,,https://www.immobiliare.it/annunci/125031673/,USCITO_MERCATO,False,False,2026-09-18T17:15:59.824793+00:00,2026-09-18T17:15:59.824795+00:00,0,,,,,0,,,,0,0,10,INDIRIZZO_ESTRATTO,VENDITA
c7ec1c9219b6dc29cdc4,Rivoli,via Borgone,via Borgone,commerciale,"Capannone via Borgone, Rivoli, Rif. 99270458 - Immobiliare.it",Immobiliare.it,,https://www.immobiliare.it/annunci/99270458/,USCITO_MERCATO,False,False,2026-09-07T04:45:03.057102+00:00,2026-09-15T01:31:48.171067+00:00,7,,,275.0,,0,,,,0,0,23,INDIRIZZO_ESTRATTO,VENDITA
f9ec5678b7c830205489,Rivoli,via Cadore Rivoli. Buono stato,via Cadore Rivoli. Buono stato,villa,"Vendita Villa unifamiliare in via Cadore Rivoli. Buono stato, posto ...",Immobiliare.it,,https://www.immobiliare.it/annunci/132154894/,POSSIBILE_USCITA,False,False,2026-09-09T20:56:38.870133+00:00,2026-09-19T18:06:37.667723+00:00,9,,,,,0,,,,0,0,5,INDIRIZZO_ESTRATTO,VENDITA
b409a034f6e53d90645d,Rivoli,via Cagliari 11,via Cagliari,commerciale,"Capannone via Cagliari 11, Rivoli, Rif. 129183178 - Immobiliare.it",Immobiliare.it,,https://www.immobiliare.it/annunci/129183178/,USCITO_MERCATO,False,False,2026-08-28T05:06:35.531059+00:00,2026-09-15T18:17:59.373170+00:00,18,,,750.0,,0,,,,0,0,21,INDIRIZZO_ESTRATTO,LOCAZIONE
75056f8bfe5be9ab28dd,Rivoli,via Camillo Benso Cavour,via Camillo Benso Cavour,appartamento,Vendita Appartamento Rivoli. Bilocale in via Camillo Benso Cavour ...,Immobiliare.it,,https://www.immobiliare.it/annunci/132444194/,TRACKED,True,False,2026-09-19T18:06:37.667698+00:00,2026-09-20T11:10:13.480232+00:00,0,,,,,0,,,,0,0,0,INDIRIZZO_ESTRATTO,AGENZIA
4babd8a5973153ea5dda,Rivoli,via Caraglio 11,via Caraglio,villa,Vendita Villa unifamiliare in via Caraglio 11 Rivoli. Buono stato ...,Immobiliare.it,,https://www.immobiliare.it/annunci/132017882/,USCITO_MERCATO,False,False,2026-09-01T20:55:16.173642+00:00,2026-09-14T01:05:27.892416+00:00,12,,,,,0,,,,0,0,27,INDIRIZZO_ESTRATTO,"AGENZIA,VENDITA"
044b1f8cde8f482fe5fe,Rivoli,via Cavalieri di Vittorio Veneto 9,via Cavalieri di Vittorio Veneto,commerciale,"Locale commerciale via Cavalieri di Vittorio Veneto 9, Rivoli, Rif ...",Immobiliare.it,,https://www.immobiliare.it/annunci/123589897/,USCITO_MERCATO,False,False,2026-09-04T22:26:36.992912+00:00,2026-09-14T22:36:38.494439+00:00,10,,,50.0,,0,,,,0,0,24,INDIRIZZO_ESTRATTO,LOCAZIONE
6be14d0db82e2175a4d9,Rivoli,via Cervino 12,via Cervino,villa,"Vendita Villa bifamiliare in via Cervino 12 Rivoli. Buono stato, posto ...",Immobiliare.it,,https://www.immobiliare.it/annunci/132207026/,USCITO_MERCATO,False,False,2026-09-09T20:56:38.870094+00:00,2026-09-19T10:47:39.485811+00:00,9,,,,,0,,,,0,0,7,INDIRIZZO_ESTRATTO,VENDITA
d2e356e0ffa90a63c9e1,Rivoli,via Chisone 24,via Chisone,appartamento,Vendita Appartamento Rivoli. Trilocale in via Chisone 24. Buono stato ...,Immobiliare.it,,https://www.immobiliare.it/annunci/130843724/,USCITO_MERCATO,False,False,2026-09-15T18:17:59.373194+00:00,2026-09-18T01:22:44.226942+00:00,2,,,,,0,,,,0,0,11,INDIRIZZO_ESTRATTO,VENDITA
a4c33e9b1da138e63b25,Rivoli,via Chisone. Ottimo stato,via Chisone. Ottimo stato,appartamento,Vendita Appartamento Rivoli. Bilocale in via Chisone. Ottimo stato ...,Immobiliare.it,,https://www.immobiliare.it/annunci/132365536/,USCITO_MERCATO,False,False,2026-09-15T18:17:59.373219+00:00,2026-09-15T18:17:59.373220+00:00,0,,,,,0,,,,0,0,21,INDIRIZZO_ESTRATTO,VENDITA
1a0edab504db2db59b83,Rivoli,via Cuneo 3,via Cuneo,villa,"Vendita Villa unifamiliare in via Cuneo 3 Rivoli. Buono stato, posto ...",Immobiliare.it,,https://www.immobiliare.it/annunci/125615593/,USCITO_MERCATO,False,False,2026-09-13T09:37:53.089292+00:00,2026-09-13T09:37:53.089294+00:00,0,,,300.0,,0,,,,0,0,32,INDIRIZZO_ESTRATTO,VENDITA
8de50e3a7764769967ee,Rivoli,via Cuorgnè 24,via Cuorgnè,appartamento,Vendita Appartamento Rivoli. Quadrilocale in via Cuorgnè 24. Ottimo ...,Immobiliare.it,,https://www.immobiliare.it/annunci/127710282/,USCITO_MERCATO,False,False,2026-09-01T18:58:42.120957+00:00,2026-09-02T07:11:25.326717+00:00,0,,,,,0,,,,0,0,84,INDIRIZZO_ESTRATTO,VENDITA
f45b6f04e2f2cfff8367,Rivoli,via Felisio 14,via Felisio,appartamento,Vendita Appartamento Rivoli. Quadrilocale in via Felisio 14. Buono ...,Immobiliare.it,,https://www.immobiliare.it/annunci/132165680/,TRACKED,True,False,2026-09-03T18:47:06.319125+00:00,2026-09-20T01:04:10.802897+00:00,16,,,,,0,,,,0,0,2,INDIRIZZO_ESTRATTO,VENDITA
3c96e91bf37693a74472,Rivoli,via Fratelli Macario 64,via Fratelli Macario,appartamento,Vendita Appartamento Rivoli. Quadrilocale in via Fratelli Macario 64 ...,Immobiliare.it,,https://www.immobiliare.it/annunci/132362668/,USCITO_MERCATO,False,False,2026-09-15T18:17:59.373189+00:00,2026-09-15T18:17:59.373190+00:00,0,,,,,0,,,,0,0,21,INDIRIZZO_ESTRATTO,VENDITA
7cbcb92aa364c4b1156c,Rivoli,via Fratelli Macario 62/3,via Fratelli Macario,appartamento,Vendita Appartamento Rivoli. Trilocale in via Fratelli Macario 62/3 ...,Immobiliare.it,,https://www.immobiliare.it/annunci/123315001/,USCITO_MERCATO,False,False,2026-09-13T14:26:02.556598+00:00,2026-09-18T01:22:44.226932+00:00,4,,,,,0,,,,0,0,11,INDIRIZZO_ESTRATTO,PRIVATO
dcb35395a395acea7ae4,Rivoli,via Fratelli Macario 7,via Fratelli Macario,appartamento,Vendita Appartamento Rivoli. Bilocale in via Fratelli Macario 7. Ottimo ...,Immobiliare.it,,https://www.immobiliare.it/annunci/130233618/,USCITO_MERCATO,False,False,2026-08-27T21:04:17.080704+00:00,2026-09-11T17:53:32.668519+00:00,14,,,,,0,,,,0,0,39,INDIRIZZO_ESTRATTO,VENDITA
5b5ec7800aa83d7d2853,Rivoli,via Fratelli Piol 63,via Fratelli Piol,appartamento,Vendita Appartamento Rivoli. Trilocale in via Fratelli Piol 63. Nuovo ...,Immobiliare.it,,https://www.immobiliare.it/annunci/132459034/,USCITO_MERCATO,False,False,2026-09-17T11:30:50.191306+00:00,2026-09-17T11:30:50.191307+00:00,0,,,,,0,,,,0,0,15,INDIRIZZO_ESTRATTO,VENDITA
6464762bfed34c862b45,Rivoli,via Fratelli Piol 63,via Fratelli Piol,appartamento,Vendita Appartamento Rivoli. Trilocale in via Fratelli Piol 63. Nuovo ...,Immobiliare.it,,https://www.immobiliare.it/annunci/132446276/,TRACKED,True,False,2026-09-19T20:30:44.817979+00:00,2026-09-20T11:10:13.480218+00:00,0,,,,,0,,,,0,0,0,INDIRIZZO_ESTRATTO,VENDITA
fd4ac24ebea663fa6f5a,Rivoli,via Fratelli Rosselli 6,via Fratelli Rosselli,appartamento,Vendita Appartamento Rivoli. Quadrilocale in via Fratelli Rosselli 6 ...,Immobiliare.it,,https://www.immobiliare.it/annunci/132112390/,USCITO_MERCATO,False,False,2026-09-02T12:02:41.370683+00:00,2026-09-12T05:52:24.478125+00:00,9,,,,,0,,,,0,0,37,INDIRIZZO_ESTRATTO,VENDITA
73925e2389875ee0723c,Rivoli,via Garessio 9,via Garessio,appartamento,Vendita Appartamento Rivoli. Quadrilocale in via Garessio 9. Buono ...,Immobiliare.it,,https://www.immobiliare.it/annunci/131930534/,USCITO_MERCATO,False,False,2026-09-01T18:58:42.120942+00:00,2026-09-15T18:17:59.373199+00:00,13,,,,,0,,,,0,0,21,INDIRIZZO_ESTRATTO,VENDITA
928d236f4627ea6541db,Rivoli,via Giorgio Vecco 44,via Giorgio Vecco,appartamento,Vendita Appartamento Rivoli. Trilocale in via Giorgio Vecco 44. Buono ...,Immobiliare.it,,https://www.immobiliare.it/annunci/131593822/,USCITO_MERCATO,False,False,2026-08-27T21:04:17.080653+00:00,2026-09-14T01:05:27.892427+00:00,17,,,85.0,,0,,,,0,0,27,INDIRIZZO_ESTRATTO,VENDITA
3f4c42e2512d1dedf3cb,Rivoli,via Giovanni Battista,via Giovanni Battista,appartamento,Vendita Appartamento Rivoli. Quadrilocale in via Giovanni Battista ...,Immobiliare.it,,https://www.immobiliare.it/annunci/128675054/,USCITO_MERCATO,False,False,2026-09-15T13:33:03.394796+00:00,2026-09-15T13:33:03.394797+00:00,0,,,,,0,,,,0,0,22,INDIRIZZO_ESTRATTO,VENDITA
2c225e9c748eb6ac7cd4,Rivoli,via Giovanni Battista Rossano 48,via Giovanni Battista Rossano,casa indipendente,Vendita Terratetto unifamiliare in via Giovanni Battista Rossano 48 ...,Immobiliare.it,,https://www.immobiliare.it/annunci/117957393/,USCITO_MERCATO,False,False,2026-09-05T19:08:06.335175+00:00,2026-09-05T19:08:06.335177+00:00,0,,,,,0,,,,0,0,69,INDIRIZZO_ESTRATTO,VENDITA
eb4cb81693c54b01e552,Rivoli,via Grado 7,via Grado,appartamento,"Vendita Appartamento in via Grado 7. Rivoli. Nuovo, su più livelli ...",Immobiliare.it,,https://www.immobiliare.it/annunci/129711876/,USCITO_MERCATO,False,False,2026-09-11T09:00:35.958538+00:00,2026-09-12T19:18:03.778462+00:00,1,620000.0,,,,0,,,,0,0,33,INDIRIZZO_ESTRATTO,VENDITA
6ef652147ca259546b47,Rivoli,via L. Gatti 40,via L. Gatti,appartamento,Vendita Appartamento Rivoli. Quadrilocale in via L. Gatti 40. Ottimo ...,Immobiliare.it,,https://www.immobiliare.it/annunci/131546628/,USCITO_MERCATO,False,False,2026-09-01T23:36:27.691600+00:00,2026-09-15T18:17:59.373205+00:00,13,,,,,0,,,,0,0,21,INDIRIZZO_ESTRATTO,VENDITA
8a12932775a665205d97,Rivoli,via Leumann Napoleone. Rivoli. Ottimo stato,via Leumann Napoleone. Rivoli. Ottimo stato,appartamento,Vendita Appartamento in via Leumann Napoleone. Rivoli. Ottimo stato ...,Immobiliare.it,,https://www.immobiliare.it/annunci/128702022/,TRACKED,True,False,2026-09-02T12:02:41.370699+00:00,2026-09-20T11:10:13.480245+00:00,17,,,,,0,,,,0,0,0,INDIRIZZO_ESTRATTO,VENDITA
9c510a2af8575eb0a643,Rivoli,via Monte Rosa 35,via Monte Rosa,appartamento,Vendita Appartamento Rivoli. Quadrilocale in via Monte Rosa 35. Ottimo ...,Immobiliare.it,,https://www.immobiliare.it/annunci/131548616/,USCITO_MERCATO,False,False,2026-08-27T21:04:17.080678+00:00,2026-09-08T21:57:25.796427+00:00,12,,,400.0,,0,,,,0,0,53,INDIRIZZO_ESTRATTO,"VENDITA,PRIVATO"
a75c7e88dea1fba1957a,Rivoli,via Orbassano Rivoli. Buono stato,via Orbassano Rivoli. Buono stato,villa,"Vendita Villa a schiera in via Orbassano Rivoli. Buono stato, posto ...",Immobiliare.it,,https://www.immobiliare.it/annunci/132541202/,TRACKED,True,False,2026-09-18T19:44:01.663168+00:00,2026-09-20T11:10:13.480201+00:00,1,460000.0,,250.0,1840.0,0,,,,0,0,0,INDIRIZZO_ESTRATTO,VENDITA
27862e0d157cde41a2a3,Rivoli,via Pasubio. Nuovo,via Pasubio. Nuovo,appartamento,"Vendita Appartamento Rivoli. Quadrilocale in via Pasubio. Nuovo, primo ...",Immobiliare.it,,https://www.immobiliare.it/annunci/112437259/,USCITO_MERCATO,False,False,2026-09-17T20:20:41.891535+00:00,2026-09-17T20:20:41.891537+00:00,0,,,,,0,,,,0,0,13,INDIRIZZO_ESTRATTO,VENDITA
659f3dd0fc11cf4fd4d5,Rivoli,via Pasubio. Ottimo stato,via Pasubio. Ottimo stato,appartamento,Vendita Appartamento Rivoli. Trilocale in via Pasubio. Ottimo stato ...,Immobiliare.it,,https://www.immobiliare.it/annunci/128582184/,RELISTED,True,False,2026-09-01T23:36:27.691619+00:00,2026-09-20T01:04:10.802877+00:00,18,,,,,0,,,,0,0,2,INDIRIZZO_ESTRATTO,VENDITA
038876298e2583e03acf,Rivoli,via Piero Gobetti. Rivoli. Buono stato,via Piero Gobetti. Rivoli. Buono stato,appartamento,"Vendita Appartamento in via Piero Gobetti. Rivoli. Buono stato, su più ...",Immobiliare.it,,https://www.immobiliare.it/annunci/132085298/,USCITO_MERCATO,False,False,2026-09-04T00:12:37.947265+00:00,2026-09-07T10:14:01.141159+00:00,3,,,,,0,,,,0,0,57,INDIRIZZO_ESTRATTO,"PRIVATO,VENDITA"
4aad05f59f16e2bd4c50,Rivoli,via Piol 18,via Piol,appartamento,"Vendita Appartamento Rivoli. Trilocale in via Piol 18. Nuovo, terzo ...",Immobiliare.it,,https://www.immobiliare.it/annunci/128883726/,TRACKED,True,False,2026-08-28T10:58:40.671495+00:00,2026-09-20T11:10:13.480238+00:00,23,,,,,0,,,,0,0,0,INDIRIZZO_ESTRATTO,CANTIERE
cfa48a51519a2e1f9412,Rivoli,via Querro 68,via Querro,altro,"Vendita Loft in via Querro 68 Rivoli. Nuovo, posto auto, con terrazza ...",Immobiliare.it,,https://www.immobiliare.it/annunci/127679322/,USCITO_MERCATO,False,False,2026-09-17T16:48:02.648389+00:00,2026-09-17T16:48:02.648391+00:00,0,,,,,0,,,,0,0,14,INDIRIZZO_ESTRATTO,VENDITA
79ffcb0c44e6b7d0f0a6,Rivoli,via Rita Levi Montalcini,via Rita Levi Montalcini,appartamento,Vendita Appartamento Rivoli. Bilocale in via Rita Levi Montalcini ...,Immobiliare.it,,https://www.immobiliare.it/annunci/96526342/,USCITO_MERCATO,False,True,2026-08-28T10:58:40.671482+00:00,2026-09-17T11:30:50.191279+00:00,20,,,,,0,,,,0,0,15,INDIRIZZO_ESTRATTO,"STORICO_USCITA,CANTIERE"
d2bd08eddac26ed1a074,Rivoli,via Rita Levi Montalcini,via Rita Levi Montalcini,appartamento,Vendita Appartamento Rivoli. Trilocale in via Rita Levi Montalcini ...,Immobiliare.it,,https://www.immobiliare.it/annunci/129982044/,USCITO_MERCATO,False,False,2026-08-27T21:04:17.080665+00:00,2026-09-12T05:52:24.478175+00:00,15,,,,,0,,,,0,0,37,INDIRIZZO_ESTRATTO,"AGENZIA,VENDITA"
dd0720131e9b4a0bc3cf,Rivoli,via Rivoli. Genova. Ottimo stato,via Rivoli. Genova. Ottimo stato,appartamento,"Vendita Appartamento in via Rivoli. Genova. Ottimo stato, quinto piano ...",Immobiliare.it,,https://www.immobiliare.it/annunci/132413676/,USCITO_MERCATO,False,False,2026-09-15T18:17:59.373211+00:00,2026-09-17T16:48:02.648383+00:00,1,,,100.0,,0,,,,0,0,14,INDIRIZZO_ESTRATTO,VENDITA
85ed9c271d2fee4f2929,Rivoli,via Roma 66,via Roma,appartamento,Vendita Appartamento Rivoli. Bilocale in via Roma 66. Buono stato ...,Immobiliare.it,,https://www.immobiliare.it/annunci/123521721/,USCITO_MERCATO,False,False,2026-09-18T19:44:01.663229+00:00,2026-09-19T06:11:00.697094+00:00,0,,,,,0,,,,0,0,8,INDIRIZZO_ESTRATTO,VENDITA
d40c6e44351a1b33dff3,Rivoli,via Rombò 27,via Rombò,appartamento,Vendita Appartamento Rivoli. Bilocale in via Rombò 27. Buono stato ...,Immobiliare.it,,https://www.immobiliare.it/annunci/131405284/,USCITO_MERCATO,False,False,2026-09-01T18:58:42.120963+00:00,2026-09-02T16:09:34.325208+00:00,0,,,,,0,,,,0,0,82,INDIRIZZO_ESTRATTO,VENDITA
2ff1931d152ab7c05285,Rivoli,via Rossini 8,via Rossini,appartamento,Prestigioso appartamento con giardino - RIVOLI CENTRO,Mercato residenziale,,https://www.vemaimmobiliare.com/it/immobile/3139-prestigioso-appartamento-con-giardino---rivoli-centro.htm,USCITO_MERCATO,False,False,2026-08-23T09:11:13.222664+00:00,2026-09-14T22:36:38.494415+00:00,22,,,,,0,,,,0,0,24,INDIRIZZO_ESTRATTO,VENDITA
e1989dba065a830c2622,Rivoli,via Rovigo 11,via Rovigo,commerciale,"Capannone via Rovigo 11, Rivoli, Rif. 128694018 - Immobiliare.it",Immobiliare.it,,https://www.immobiliare.it/annunci/128694018/,TRACKED,True,False,2026-09-04T02:03:54.139039+00:00,2026-09-20T01:04:10.802840+00:00,16,,,1000.0,,0,,,,0,0,2,INDIRIZZO_ESTRATTO,VENDITA
dd28e9c092d3add3ae2e,Rivoli,via SanPaolo 17,via SanPaolo,appartamento,"Vendita Appartamento in via SanPaolo 17. Rivoli. Ottimo stato, su più ...",Immobiliare.it,,https://www.immobiliare.it/annunci/128524922/,POSSIBILE_USCITA,False,False,2026-09-19T14:29:10.960812+00:00,2026-09-19T20:30:44.818024+00:00,0,,,,,0,,,,0,0,4,INDIRIZZO_ESTRATTO,VENDITA
aa9fe4e7087a54a959b2,Rivoli,via Sondrio 3,via Sondrio,appartamento,Vendita Appartamento Rivoli. Trilocale in via Sondrio 3. Ottimo stato ...,Immobiliare.it,,https://www.immobiliare.it/annunci/132434462/,TRACKED,True,False,2026-09-19T18:06:37.667706+00:00,2026-09-20T11:10:13.480225+00:00,0,,,,,0,,,,0,0,0,INDIRIZZO_ESTRATTO,VENDITA
4b8fca3f27f24f40e9ad,Rivoli,via Stresa 20,via Stresa,appartamento,Vendita Terratetto unifamiliare in via Stresa 20 Rivoli. Ottimo stato ...,Immobiliare.it,,https://www.immobiliare.it/annunci/126235303/,POSSIBILE_USCITA,False,False,2026-09-04T19:20:00.005074+00:00,2026-09-19T23:00:29.358487+00:00,15,,,125.0,,0,,,,0,0,3,INDIRIZZO_ESTRATTO,VENDITA
d94cc520e91838ba2290,Rivoli,via Stresa 20,via Stresa,appartamento,Vendita Terratetto unifamiliare in via Stresa 20 Rivoli. Ottimo stato ...,Immobiliare.it,,https://www.immobiliare.it/annunci/132422916/,RELISTED,True,False,2026-09-19T14:29:10.960785+00:00,2026-09-20T11:10:13.480251+00:00,0,,,125.0,,0,,,,0,0,0,INDIRIZZO_ESTRATTO,VENDITA
3a30d65e2f2469a5c2b9,Rivoli,via Tevere 27,via Tevere,appartamento,"Vendita Appartamento in via Tevere 27. Rivoli. Ottimo stato, quarto ...",Immobiliare.it,,https://www.immobiliare.it/annunci/130905700/,USCITO_MERCATO,False,False,2026-09-04T12:01:02.701004+00:00,2026-09-18T17:15:59.824770+00:00,14,,,101.0,,0,,,,0,0,10,INDIRIZZO_ESTRATTO,VENDITA
5e8cefea3f3f013cd55a,Rivoli,via Unità d'Italia 1,via Unità d'Italia,appartamento,Vendita Appartamento Rivoli. Quadrilocale in via Unità d'Italia 1 ...,Immobiliare.it,,https://www.immobiliare.it/annunci/131345686/,USCITO_MERCATO,False,False,2026-08-27T21:04:17.080672+00:00,2026-09-02T16:09:34.325179+00:00,5,,,107.0,,0,,,,0,0,82,INDIRIZZO_ESTRATTO,VENDITA
143ebdf4742944807252,Rivoli,via al Castello 29,via al Castello,casa indipendente,"Palazzo - Edificio via al Castello 29, Rivoli, Rif. 132127194 ...",Immobiliare.it,,https://www.immobiliare.it/annunci/132127194/,USCITO_MERCATO,False,False,2026-09-07T10:14:01.141109+00:00,2026-09-07T10:14:01.141110+00:00,0,,,,,0,,,,0,0,57,INDIRIZZO_ESTRATTO,VENDITA
fee545f25d1677239a96,Rivoli,via alpi graie 8,via alpi graie,commerciale,"Capannone via alpi graie 8, Rivoli, Rif. 120062712 - Immobiliare.it",Immobiliare.it,,https://www.immobiliare.it/annunci/120062712/,POSSIBILE_USCITA,False,False,2026-09-13T23:15:39.650346+00:00,2026-09-19T20:30:44.817949+00:00,5,,,2300.0,,0,,,,0,0,4,INDIRIZZO_ESTRATTO,VENDITA
ec850d41b673f0b7d682,Rivoli,via capra 21,via capra,casa indipendente,Vendita Terratetto unifamiliare in via capra 21 Rivoli. Da ...,Immobiliare.it,,https://www.immobiliare.it/annunci/131988316/,USCITO_MERCATO,False,False,2026-08-27T21:04:17.080693+00:00,2026-08-28T05:06:35.531121+00:00,0,,,,,0,,,,0,0,89,INDIRIZZO_ESTRATTO,VENDITA
ca10455bc778733a8071,Rivoli,via della Vittoria Rivoli. Nuova,via della Vittoria Rivoli. Nuova,villa,"Vendita Villa unifamiliare in via della Vittoria Rivoli. Nuova, posto ...",Immobiliare.it,,https://www.immobiliare.it/annunci/129870476/,USCITO_MERCATO,False,False,2026-09-05T19:08:06.335168+00:00,2026-09-05T19:08:06.335170+00:00,0,,,,,0,,,,0,0,69,INDIRIZZO_ESTRATTO,"PRIVATO,CANTIERE"
7e7a0bffa74b17ffca51,Rivoli,via fenestrelle. Buono,via fenestrelle. Buono,appartamento,Vendita Appartamento Rivoli. Quadrilocale in via fenestrelle. Buono ...,Immobiliare.it,,https://www.immobiliare.it/annunci/132598140/,POSSIBILE_USCITA,False,False,2026-09-19T14:29:10.960790+00:00,2026-09-19T14:29:10.960790+00:00,0,,,95.0,,0,,,,0,0,6,INDIRIZZO_ESTRATTO,AGENZIA
fa8728dbb1cec82432ea,Rivoli,via fratelli piol. Buono,via fratelli piol. Buono,appartamento,Vendita Appartamento Rivoli. Quadrilocale in via fratelli piol. Buono ...,Immobiliare.it,,https://www.immobiliare.it/annunci/121251436/,USCITO_MERCATO,False,False,2026-09-05T09:19:10.297210+00:00,2026-09-10T05:58:05.662281+00:00,4,,,80.0,,0,,,,0,0,46,INDIRIZZO_ESTRATTO,AGENZIA
8d8ec426a42d2bcc0cd5,Rivoli,via ivrea 8,via ivrea,appartamento,Vendita Appartamento Rivoli. Trilocale in via ivrea 8. Ottimo stato ...,Immobiliare.it,,https://www.immobiliare.it/annunci/130344492/,USCITO_MERCATO,False,False,2026-08-27T21:04:17.080688+00:00,2026-09-02T16:09:34.325230+00:00,5,,,75.0,,0,,,,0,0,82,INDIRIZZO_ESTRATTO,VENDITA
7c601aaa08843570105c,Rivoli,via monte sabotino 20,via monte sabotino,appartamento,Vendita Appartamento Rivoli. Bilocale in via monte sabotino 20. Buono ...,Immobiliare.it,,https://www.immobiliare.it/annunci/131521662/,USCITO_MERCATO,False,False,2026-09-01T18:58:42.120970+00:00,2026-09-13T20:46:02.147799+00:00,12,,,,,0,,,,0,0,29,INDIRIZZO_ESTRATTO,VENDITA
cb076c4ce5757ffd7015,Rivoli,via omegna 5,via omegna,appartamento,Vendita Appartamento Rivoli. Trilocale in via omegna 5. Ottimo stato ...,Immobiliare.it,,https://www.immobiliare.it/annunci/128878218/,USCITO_MERCATO,False,False,2026-08-27T21:04:17.080683+00:00,2026-09-15T01:31:48.171127+00:00,18,,,85.0,,0,,,,0,0,23,INDIRIZZO_ESTRATTO,VENDITA
30cf65b9eca76d96bd5b,Rivoli,via roma 88,via roma,casa indipendente,"Vendita Terratetto plurifamiliare in via roma 88 Rivoli. Nuova, posto ...",Immobiliare.it,,https://www.immobiliare.it/annunci/128799552/,POSSIBILE_USCITA,False,False,2026-09-05T19:08:06.335217+00:00,2026-09-19T20:30:44.818032+00:00,14,,,,,0,,,,0,0,4,INDIRIZZO_ESTRATTO,VENDITA
52be83fee805c25312ee,Rivoli,via san rocco 7,via san rocco,casa indipendente,Vendita Terratetto unifamiliare in via san rocco 7 Rivoli. Da ...,Immobiliare.it,,https://www.immobiliare.it/annunci/128942386/,USCITO_MERCATO,False,False,2026-09-11T09:00:35.958507+00:00,2026-09-13T23:15:39.650444+00:00,2,,,,,0,,,,0,0,28,INDIRIZZO_ESTRATTO,VENDITA
9953720e0636d5863f1e,Rivoli,viale Carrù 22,viale Carrù,commerciale,"Locale commerciale viale Carrù 22, Rivoli, Rif. 124764219 - Immobiliare.it",Immobiliare.it,,https://www.immobiliare.it/annunci/124764219/,TRACKED,True,False,2026-08-28T05:06:35.531037+00:00,2026-09-20T11:10:13.480153+00:00,23,,,125.0,,0,,,,0,0,0,INDIRIZZO_ESTRATTO,LOCAZIONE
bd3d636c59114f4fca71,Rivoli,viale Luigi Nuvoli 61,viale Luigi Nuvoli,appartamento,"Appartamento all'asta viale Luigi Nuvoli 61, Rivoli",Immobiliare.it,,https://www.immobiliare.it/annunci/132371498/,USCITO_MERCATO,False,False,2026-09-17T16:48:02.648395+00:00,2026-09-17T16:48:02.648396+00:00,0,170250.0,,,,0,,,,0,0,14,INDIRIZZO_ESTRATTO,ASTA
efa136f929a304b253df,Rivoli,viale Roberto Simondetti 1,viale Roberto Simondetti,villa,Vendita Villa unifamiliare in viale Roberto Simondetti 1 Rivoli. Da ...,Immobiliare.it,,https://www.immobiliare.it/annunci/131918284/,USCITO_MERCATO,False,False,2026-09-13T18:14:54.120355+00:00,2026-09-14T22:36:38.494509+00:00,1,,,,,0,,,,0,0,24,INDIRIZZO_ESTRATTO,VENDITA
cb5d40862b5b6bfee3b3,Robassomero,,,appartamento,Vendita Appartamento Pessinetto. Bilocale in Sp30 29. Buono stato ...,Immobiliare.it,,https://www.immobiliare.it/annunci/129058672/,USCITO_MERCATO,False,False,2026-09-08T06:35:04.158721+00:00,2026-09-09T23:18:34.768942+00:00,1,,,,,0,,,,0,0,48,URL_DETTAGLIO_PORTALE,AGENZIA
d7f170e157f26ebc2f4a,Robassomero,,,appartamento,Quadrilocale in Vendita a Robassomero | Euro 175.000 | Mq 140,Tempocasa,,https://tempocasa.it/it/vendita/torino/robassomero/quadrilocale/17326747,USCITO_MERCATO,False,False,2026-09-13T20:46:02.147867+00:00,2026-09-13T20:46:02.147869+00:00,0,175000.0,,140.0,1250.0,0,,,,0,0,29,URL_DETTAGLIO_PORTALE,AGENZIA
14a988b48f89337941cc,Robassomero,,,casa indipendente,Terratetto - terracielo in Vendita a Robassomero | Euro 149.000 | Mq ...,Tempocasa,,https://tempocasa.it/it/vendita/torino/robassomero/terratetto-terracielo/16007879,USCITO_MERCATO,False,False,2026-09-13T20:46:02.147905+00:00,2026-09-13T20:46:02.147906+00:00,0,149000.0,,,,0,,,,0,0,29,URL_DETTAGLIO_PORTALE,AGENZIA
cb832e237b814def95ac,Robassomero,,,casa indipendente,Casa indipendente in Vendita a San Francesco al Campo,Tempocasa,,https://tempocasa.it/it/vendita/torino/san-francesco-al-campo/casa-indipendente/15187504,USCITO_MERCATO,False,False,2026-09-13T20:46:02.147914+00:00,2026-09-13T20:46:02.147915+00:00,0,,,,,0,,,,0,0,29,URL_DETTAGLIO_PORTALE,AGENZIA
a2dbdda612ff5a1d17ef,Robassomero,,,commerciale,"Asta per capannone, Robassomero, rif. 132549418 - Immobiliare.it",Immobiliare.it,,https://www.immobiliare.it/annunci/132549418/,NEW,True,False,2026-09-20T06:08:00.347218+00:00,2026-09-20T06:08:00.347220+00:00,0,,,,,0,,,,0,0,1,URL_DETTAGLIO_PORTALE,ASTA
27efd8b4b7bc691ffadc,Robassomero,,,villa,Villa bifamiliare in Vendita a Robassomero | Euro 309.000 | Mq 400,Tempocasa,,https://tempocasa.it/it/vendita/torino/robassomero/villa-bifamiliare/11734640,USCITO_MERCATO,False,False,2026-09-13T20:46:02.147876+00:00,2026-09-13T20:46:02.147878+00:00,0,309000.0,,400.0,772.5,0,,,,0,0,29,URL_DETTAGLIO_PORTALE,"AGENZIA,LOCAZIONE"
7209fed7b4d60005502f,Robassomero,,,villa,Villa quadrifamiliare in Vendita a Robassomero | Euro 849.000 | Mq 800,Tempocasa,,https://tempocasa.it/it/vendita/torino/robassomero/villa-quadrifamiliare/11745896,USCITO_MERCATO,False,False,2026-09-13T20:46:02.147895+00:00,2026-09-13T20:46:02.147896+00:00,0,849000.0,,800.0,1061.25,0,,,,0,0,29,URL_DETTAGLIO_PORTALE,"AGENZIA,LOCAZIONE"
a23f46267697360315bb,Robassomero,,,villa,Villa unifamiliare in Vendita a Robassomero | Euro 335.000 | Mq 300,Tempocasa,,https://tempocasa.it/it/vendita/torino/robassomero/villa-unifamiliare/11753137,USCITO_MERCATO,False,False,2026-09-13T20:46:02.147885+00:00,2026-09-13T20:46:02.147887+00:00,0,335000.0,,300.0,1116.67,0,,,,0,0,29,URL_DETTAGLIO_PORTALE,"AGENZIA,LOCAZIONE"
cb7750b7d4587a4fa973,Robassomero,Strada del bruco 5,Strada del bruco,villa,Vendita Villa bifamiliare in Strada del bruco 5 Robassomero. Buono ...,Immobiliare.it,,https://www.immobiliare.it/annunci/129042772/,USCITO_MERCATO,False,False,2026-09-08T06:35:04.158675+00:00,2026-09-14T22:36:38.494590+00:00,6,,,350.0,,0,,,,0,0,24,INDIRIZZO_ESTRATTO,PRIVATO
714e8e34d3d6565dcc65,Robassomero,"Via Anna Frank, 3",Via Anna Frank,appartamento,"Trilocale in vendita in Via Anna Frank, 3, Robassomero - idealista",Idealista,,https://www.idealista.it/immobile/36834418/,POSSIBILE_USCITA,False,False,2026-09-19T18:06:37.667990+00:00,2026-09-19T18:06:37.667991+00:00,0,,,,,0,,,,0,0,5,INDIRIZZO_ESTRATTO,AGENZIA
74799a5545f5d2f38ed0,Robassomero,Via Giovanni Giolitti 9,Via Giovanni Giolitti,commerciale,Capannone in Vendita in Via Giovanni Giolitti 9 a Robassomero,Casa.it,,https://www.casa.it/immobili/54773196/,TRACKED,True,False,2026-09-19T18:06:37.667997+00:00,2026-09-20T11:10:13.480283+00:00,0,,,,,0,,,,0,0,0,INDIRIZZO_ESTRATTO,VENDITA
624e2393bf236f732076,Robassomero,Via Giovanni Losa 13,Via Giovanni Losa,casa indipendente,Casa indipendente in Vendita in Via Giovanni Losa 13 a Robassomero,Casa.it,,https://www.casa.it/immobili/54020862/,TRACKED,True,False,2026-09-13T23:15:39.650502+00:00,2026-09-20T11:10:13.480270+00:00,6,,,,,0,,,,0,0,0,INDIRIZZO_ESTRATTO,VENDITA
6cc0356a5f4399bfc2c8,Robassomero,via Diani 9,via Diani,villa,Vendita Villa unifamiliare in via Diani 9 San Francesco al Campo. Buono ...,Immobiliare.it,,https://www.immobiliare.it/annunci/132178686/,USCITO_MERCATO,False,False,2026-09-08T06:35:04.158714+00:00,2026-09-08T21:57:25.796511+00:00,0,,,,,0,,,,0,0,53,INDIRIZZO_ESTRATTO,AGENZIA
9eedd0e00987b034e9f0,Robassomero,via Giovanni Giolitti 9,via Giovanni Giolitti,commerciale,"Capannone all'asta via Giovanni Giolitti 9, Robassomero",Immobiliare.it,,https://www.immobiliare.it/annunci/131080766/,USCITO_MERCATO,False,False,2026-09-08T06:35:04.158689+00:00,2026-09-12T17:06:03.936275+00:00,4,,,,,0,,,,0,0,34,INDIRIZZO_ESTRATTO,ASTA
c3ea24995998ad46ccbd,Robassomero,via Giuseppe Di,via Giuseppe Di,appartamento,Vendita Appartamento Robassomero. Quadrilocale in via Giuseppe Di ...,Immobiliare.it,,https://www.immobiliare.it/annunci/129638894/,TRACKED,True,False,2026-09-08T06:35:04.158701+00:00,2026-09-20T11:10:13.480309+00:00,12,,,,,0,,,,0,0,0,INDIRIZZO_ESTRATTO,VENDITA
2783e313621edb9a3f9a,Robassomero,via Robassomero 5,via Robassomero,appartamento,Vendita Appartamento Torino. Bilocale in via Robassomero 5. Buono stato ...,Immobiliare.it,,https://www.immobiliare.it/annunci/123662377/,TRACKED,True,False,2026-09-15T18:17:59.373248+00:00,2026-09-20T11:10:13.480322+00:00,4,,,50.0,,0,,,,0,0,0,INDIRIZZO_ESTRATTO,VENDITA
af8b3eefb251cc329b1f,Robassomero,via Robassomero 37/A,via Robassomero,villa,Vendita Villa a schiera in via Robassomero 37/A Ciriè. Ottimo stato ...,Immobiliare.it,,https://www.immobiliare.it/annunci/125960731/,TRACKED,True,False,2026-09-08T06:35:04.158708+00:00,2026-09-20T11:10:13.480316+00:00,12,,,,,0,,,,0,0,0,INDIRIZZO_ESTRATTO,VENDITA
2ed0f2e6c2c4b981d9d9,Robassomero,via San Pietro,via San Pietro,appartamento,Vendita Appartamento Coassolo Torinese. Quadrilocale in via San Pietro ...,Immobiliare.it,,https://www.immobiliare.it/annunci/132412328/,TRACKED,True,False,2026-09-16T22:13:22.798687+00:00,2026-09-20T11:10:13.480334+00:00,3,,,,,0,,,,0,0,0,INDIRIZZO_ESTRATTO,AGENZIA
8a8a4e19dd2f9e16023b,Robassomero,via San Pietro 26,via San Pietro,appartamento,Vendita Appartamento in via San Pietro 26. Coassolo Torinese. Buono ...,Immobiliare.it,,https://www.immobiliare.it/annunci/132411944/,USCITO_MERCATO,False,False,2026-09-16T04:54:00.959972+00:00,2026-09-16T19:00:37.439600+00:00,0,,,,,0,,,,0,0,18,INDIRIZZO_ESTRATTO,AGENZIA
eb7326a1e7bc3eb97a61,Robassomero,via San Pietro 26,via San Pietro,appartamento,Vendita Appartamento Coassolo Torinese. Bilocale in via San Pietro 26 ...,Immobiliare.it,,https://www.immobiliare.it/annunci/132412638/,TRACKED,True,False,2026-09-16T04:54:00.959996+00:00,2026-09-20T11:10:13.480347+00:00,4,,,,,0,,,,0,0,0,INDIRIZZO_ESTRATTO,AGENZIA
e7224e1758cf07c4e165,Robassomero,via anna frank 3,via anna frank,appartamento,Vendita Appartamento Robassomero. Trilocale in via anna frank 3. Ottimo ...,Immobiliare.it,,https://www.immobiliare.it/annunci/132462034/,TRACKED,True,False,2026-09-17T06:08:55.033356+00:00,2026-09-20T11:10:13.480303+00:00,3,,,,,0,,,,0,0,0,INDIRIZZO_ESTRATTO,VENDITA
ed563315425dace36c59,Robassomero,via canonico maffei 25,via canonico maffei,casa indipendente,Vendita Terratetto unifamiliare in via canonico maffei 25 San Maurizio ...,Immobiliare.it,,https://www.immobiliare.it/annunci/129118940/,TRACKED,True,False,2026-09-08T06:35:04.158727+00:00,2026-09-20T11:10:13.480328+00:00,12,,,,,0,,,,0,0,0,INDIRIZZO_ESTRATTO,AGENZIA
e9edda81100bddcdb836,Robassomero,via canonico maffei 40,via canonico maffei,villa,Vendita Villa unifamiliare in via canonico maffei 40 San Maurizio ...,Immobiliare.it,,https://www.immobiliare.it/annunci/125872961/,TRACKED,True,False,2026-09-17T16:48:02.648449+00:00,2026-09-20T11:10:13.480341+00:00,2,,,,,0,,,,0,0,0,INDIRIZZO_ESTRATTO,AGENZIA
610e060216a981e41a71,Robassomero,via fiano 99,via fiano,villa,Vendita Villa bifamiliare in via fiano 99 Robassomero. Da ristrutturare ...,Immobiliare.it,,https://www.immobiliare.it/annunci/132434236/,TRACKED,True,False,2026-09-16T04:54:00.960003+00:00,2026-09-20T11:10:13.480297+00:00,4,,,200.0,,0,,,,0,0,0,INDIRIZZO_ESTRATTO,VENDITA
bd05e95bca9a1c8fdb5d,Rosta,,,altro,Annunci di case in vendita a Rosta centro città - Bakeca,Bakeca privati,,https://torino.bakeca.it/annunci/vendita-case/luogo/rosta/,USCITO_MERCATO,False,False,2026-08-21T12:20:59.475811+00:00,2026-08-23T17:16:38.787034+00:00,2,150000.0,,,,0,,,,0,0,91,URL_DETTAGLIO_PORTALE,VENDITA
1820a55430080f8ff508,Rosta,,,appartamento,Vendita Appartamento in via Sant\'Antonio di Ranverso 2/c. Rosta ...,Immobiliare.it,,https://www.immobiliare.it/annunci/132055570/,USCITO_MERCATO,False,False,2026-09-01T18:58:42.121056+00:00,2026-09-06T00:53:48.287963+00:00,4,,,,,0,,,,0,0,66,URL_DETTAGLIO_PORTALE,VENDITA
1d7f47c84789fdd959f0,Rosta,,,appartamento,"Quadrilocale in vendita a Pappagnocca, Rosta Nuova ... - idealista",Idealista,,https://www.idealista.it/immobile/36726372/,USCITO_MERCATO,False,False,2026-09-04T16:00:05.402780+00:00,2026-09-04T16:00:05.402782+00:00,0,,,,,0,,,,0,0,76,URL_DETTAGLIO_PORTALE,VENDITA
2c0055e8da164ebfa0f2,Rosta,,,appartamento,"Trilocale in vendita a Buco del Signore, Rosta Nuova-Pappagnocca-Buco ...",Idealista,,https://www.idealista.it/immobile/36724497/,USCITO_MERCATO,False,False,2026-09-04T16:00:05.402761+00:00,2026-09-04T16:00:05.402762+00:00,0,259000.0,,82.0,3158.54,0,,,,0,0,76,URL_DETTAGLIO_PORTALE,VENDITA
6a1ddc9504a2224ea605,Rosta,,,appartamento,"Vendita Appartamento Reggio Emilia. Ottimo stato, piano rialzato, posto ...",Immobiliare.it,,https://www.immobiliare.it/annunci/124757033/,USCITO_MERCATO,False,False,2026-09-01T18:58:42.121107+00:00,2026-09-02T07:11:25.326839+00:00,0,,,,,0,,,,0,0,84,URL_DETTAGLIO_PORTALE,VENDITA
7489a9d13dca5f20bcc9,Rosta,,,appartamento,"Vendita Appartamento Reggio Emilia. Quadrilocale, Da ristrutturare ...",Immobiliare.it,,https://www.immobiliare.it/annunci/131542006/,USCITO_MERCATO,False,False,2026-08-27T21:04:17.080732+00:00,2026-08-28T10:58:40.671572+00:00,0,,,,,0,,,,0,0,88,URL_DETTAGLIO_PORTALE,VENDITA
7c957ddba61502a7abc9,Rosta,,,appartamento,"Vendita Appartamento Reggio Emilia. Trilocale, Ottimo stato, quarto ...",Immobiliare.it,,https://www.immobiliare.it/annunci/132444654/,TRACKED,True,False,2026-09-19T20:30:44.818316+00:00,2026-09-20T01:04:10.803136+00:00,0,,,,,0,,,,0,0,2,URL_DETTAGLIO_PORTALE,VENDITA
a5b9c86fe484136a7205,Rosta,,,appartamento,"Bilocale in vendita a Pappagnocca, Rosta Nuova-Pappagnocca-Buco del ...",Idealista,,https://www.idealista.it/immobile/36846094/,POSSIBILE_USCITA,False,False,2026-09-19T14:29:10.960987+00:00,2026-09-19T14:29:10.960988+00:00,0,,,50.0,,0,,,,0,0,6,URL_DETTAGLIO_PORTALE,VENDITA
b0ce0e96988871dc17b6,Rosta,,,appartamento,"Vendita Appartamento Reggio Emilia. Trilocale, Buono stato, con balcone ...",Immobiliare.it,,https://www.immobiliare.it/annunci/131121076/,USCITO_MERCATO,False,False,2026-09-01T18:58:42.121077+00:00,2026-09-02T12:02:41.370777+00:00,0,,,98.0,,0,,,,0,0,83,URL_DETTAGLIO_PORTALE,VENDITA
bff48ffc9e93489bdcbc,Rosta,,,appartamento,"Vendita Appartamento Reggio Emilia. Quadrilocale, Ottimo stato, primo ...",Immobiliare.it,,https://www.immobiliare.it/annunci/132173586/,USCITO_MERCATO,False,False,2026-09-04T16:00:05.402745+00:00,2026-09-09T04:02:27.438903+00:00,4,,,110.0,,0,,,,0,0,52,URL_DETTAGLIO_PORTALE,VENDITA
a00514b82be800245f9a,Rosta,,,commerciale,Aste Florio - Immobile in asta di 703 m² a Rosta - Subito,Subito privati,,https://www.subito.it/uffici-locali-commerciali/immobile-in-asta-di-703-m%C2%B2-a-rosta-torino-659975897.htm,USCITO_MERCATO,False,False,2026-09-08T18:39:29.645455+00:00,2026-09-12T14:11:38.612747+00:00,3,,,703.0,,0,,,,0,0,35,URL_DETTAGLIO,ASTA
ab5678f8fea13992c101,Rosta,,,commerciale,Tecnocasa - INDUSTRIALE PROVINCIA TORINO OVEST sas - Subito,Subito privati,,https://www.subito.it/uffici-locali-commerciali/capannone-a-rosta-torino-659200523.htm,USCITO_MERCATO,False,False,2026-09-06T00:53:48.287958+00:00,2026-09-06T13:51:47.105814+00:00,0,,,1200.0,,0,,,,0,0,63,URL_DETTAGLIO,AGENZIA
37cf2fedc31ebae448a3,Rosta,,,villa,"Vendita Villa a schiera Reggio Emilia. Ottimo stato, posto auto, con ...",Immobiliare.it,,https://www.immobiliare.it/annunci/132240610/,USCITO_MERCATO,False,False,2026-09-08T11:07:58.869162+00:00,2026-09-11T09:00:35.958648+00:00,2,437000.0,,,,0,,,,0,0,41,URL_DETTAGLIO_PORTALE,VENDITA
3c1c1b71281980cd14b9,Rosta,,,villa,Villa unifamiliare in Vendita a Rosta | Euro 315.000 | Mq 190,Tempocasa,,https://tempocasa.it/it/vendita/torino/rosta/villa-unifamiliare/1780932,RELISTED,True,False,2026-08-17T16:30:23.634210+00:00,2026-09-20T11:10:13.480387+00:00,33,315000.0,330000.0,190.0,1657.89,1,2026-09-11T09:00:35.958591+00:00,2026-09-11T09:00:35.958591+00:00,24,4.55,0,0,URL_DETTAGLIO_PORTALE,VENDITA
49b5bc2ec8b769354597,Rosta,,,villa,"Villetta bifamiliare in vendita a Buco del Signore, Rosta Nuova ...",Idealista,,https://www.idealista.it/immobile/36819167/,POSSIBILE_USCITA,False,False,2026-09-19T14:29:10.960982+00:00,2026-09-19T14:29:10.960982+00:00,0,570000.0,,270.0,2111.11,0,,,,0,0,6,URL_DETTAGLIO_PORTALE,VENDITA
b2c69c346e4c59edd826,Rosta,,,villa,"Villetta a schiera in vendita a Buco del Signore, Rosta Nuova ...",Idealista,,https://www.idealista.it/immobile/36745044/,USCITO_MERCATO,False,False,2026-09-10T15:11:09.215853+00:00,2026-09-10T15:11:09.215854+00:00,0,347000.0,,150.0,2313.33,0,,,,0,0,44,URL_DETTAGLIO_PORTALE,VENDITA
c19435040c5f5f70312d,Rosta,,,villa,"Vendita Villa unifamiliare Rosta. Ottimo stato, posto auto, con ...",Immobiliare.it,,https://www.immobiliare.it/annunci/132293184/,USCITO_MERCATO,False,False,2026-09-09T23:18:34.769062+00:00,2026-09-14T12:27:12.114156+00:00,4,,,600.0,,0,,,,0,0,26,URL_DETTAGLIO_PORTALE,PRIVATO
e8bcd3eaaa1ea2b6061f,Rosta,"Corso Moncenisio, 63",Corso Moncenisio,commerciale,"Ufficio in vendita in Corso Moncenisio, 63, Rosta - idealista",Idealista,,https://www.idealista.it/immobile/30535133/,USCITO_MERCATO,False,False,2026-09-09T13:49:33.338729+00:00,2026-09-13T20:46:02.147948+00:00,4,,,,,0,,,,0,0,29,INDIRIZZO_ESTRATTO,VENDITA
134f5884026818052907,Rosta,"Corso Susa, 241",Corso Susa,appartamento,"Quadrilocale in vendita in Corso Susa, 241, Posta Vecchia, Rivoli ...",Idealista,,https://www.idealista.it/immobile/36724417/,USCITO_MERCATO,False,False,2026-09-04T16:00:05.402795+00:00,2026-09-04T22:26:36.993047+00:00,0,135000.0,,95.0,1421.05,0,,,,0,0,74,INDIRIZZO_ESTRATTO,VENDITA
21ad257db32a369b15f0,Rosta,Strada Bucet 14,Strada Bucet,appartamento,"Vendita Mansarda in Strada Bucet 14 Rosta. Buono stato, con terrazza ...",Immobiliare.it,,https://www.immobiliare.it/annunci/132439082/,USCITO_MERCATO,False,False,2026-09-16T14:58:05.672465+00:00,2026-09-17T20:20:41.891789+00:00,1,,,,,0,,,,0,0,13,INDIRIZZO_ESTRATTO,VENDITA
92112cdcc6d105e2cf15,Rosta,Strada Bucet 42,Strada Bucet,appartamento,Vendita Appartamento Rosta. Quadrilocale in Strada Bucet 42. Ottimo ...,Immobiliare.it,,https://www.immobiliare.it/annunci/131598038/,TRACKED,True,False,2026-09-02T16:09:34.325295+00:00,2026-09-20T11:10:13.480433+00:00,17,,,,,0,,,,0,0,0,INDIRIZZO_ESTRATTO,VENDITA
bb4c8d59c39112a9498f,Rosta,"Strada Bucet, 14",Strada Bucet,appartamento,"Attico in vendita in Strada Bucet, 14, Rosta — idealista, N.1 in Italia",Idealista,,https://www.idealista.it/immobile/36827143/,POSSIBILE_USCITA,False,False,2026-09-19T14:29:10.960968+00:00,2026-09-19T14:29:10.960969+00:00,0,138000.0,,109.0,1266.06,0,,,,0,0,6,INDIRIZZO_ESTRATTO,VENDITA
352d2961134c45f90495,Rosta,"Strada Camporosso, 6",Strada Camporosso,casa indipendente,"Casa indipendente in vendita in Strada Camporosso, 6",Idealista,,https://www.idealista.it/immobile/36683533/,USCITO_MERCATO,False,False,2026-09-04T16:00:05.402801+00:00,2026-09-04T16:00:05.402803+00:00,0,,,,,0,,,,0,0,76,INDIRIZZO_ESTRATTO,AGENZIA
c16da8b0cc6092c803b9,Rosta,Strada Ponata 77,Strada Ponata,villa,"Vendita Appartamento in Strada Ponata 77. Rosta. Ottimo stato, su più ...",Immobiliare.it,,https://www.immobiliare.it/annunci/132357776/,USCITO_MERCATO,False,False,2026-09-11T13:39:24.924909+00:00,2026-09-16T04:54:00.960066+00:00,4,,,,,0,,,,0,0,20,INDIRIZZO_ESTRATTO,VENDITA
55378ac30e5f6156a77c,Rosta,Strada del closio 39,Strada del closio,villa,Vendita Villa unifamiliare in Strada del closio 39 Buttigliera Alta. Da ...,Immobiliare.it,,https://www.immobiliare.it/annunci/131253890/,USCITO_MERCATO,False,False,2026-09-08T06:35:04.158852+00:00,2026-09-15T01:31:48.171258+00:00,6,,,,,0,,,,0,0,23,INDIRIZZO_ESTRATTO,AGENZIA
9f7975ecedf785b55172,Rosta,Via Józef Wybicki,Via Józef Wybicki,appartamento,"Trilocale in vendita in Via Józef Wybicki, Rosta Nuova, Reggio Emilia ...",Idealista,,https://www.idealista.it/immobile/36758926/,USCITO_MERCATO,False,False,2026-09-10T15:11:09.215847+00:00,2026-09-10T15:11:09.215848+00:00,0,,,110.0,,0,,,,0,0,44,INDIRIZZO_ESTRATTO,VENDITA
9aed46c84173e14b3eb4,Rosta,Via Józef Wybicki s.n.c,Via Józef Wybicki s.n.c,appartamento,Quadrilocale in vendita in Via Józef Wybicki s.n.c,Idealista,,https://www.idealista.it/immobile/36752652/,USCITO_MERCATO,False,False,2026-09-10T15:11:09.215840+00:00,2026-09-10T15:11:09.215841+00:00,0,,,116.0,,0,,,,0,0,44,INDIRIZZO_ESTRATTO,VENDITA
e57ee0fc3d4861119e6b,Rosta,Via Margrot 21,Via Margrot,casa indipendente,Casa indipendente in Vendita in Via Margrot 21 a Rosta,Casa.it,,https://www.casa.it/immobili/52855390/,USCITO_MERCATO,False,True,2026-09-12T05:52:24.478202+00:00,2026-09-15T18:17:59.373273+00:00,3,,,,,0,,,,0,0,21,INDIRIZZO_ESTRATTO,"STORICO_USCITA,PRIVATO,LOCAZIONE"
10687f9dcb0e59a3c489,Rosta,Via Piave 53,Via Piave,altro,Casa bifamiliare in Vendita in Via Piave 53 a Rosta,Casa.it,,https://www.casa.it/immobili/54099496/,USCITO_MERCATO,False,False,2026-08-17T16:57:23.953038+00:00,2026-08-19T16:57:29.635024+00:00,2,,,,,0,,,,0,0,91,INDIRIZZO_ESTRATTO,VENDITA
bf60f35b150fb65b89e1,Rosta,Via Piave 53,Via Piave,villa,"Villetta bifamiliare in vendita in Via Piave, 53, Rosta - idealista",Idealista,,https://www.idealista.it/immobile/35863658/,USCITO_MERCATO,False,False,2026-08-17T16:30:23.634202+00:00,2026-09-05T09:19:10.297243+00:00,18,,,,,0,,,,0,0,71,INDIRIZZO_ESTRATTO,VENDITA
a123e574e62201bd3307,Rosta,Via Roberto Vittorangeli,Via Roberto Vittorangeli,appartamento,"Trilocale in vendita in Via Roberto Vittorangeli, Rosta Nuova, Reggio ...",Idealista,,https://www.idealista.it/immobile/36828711/,POSSIBILE_USCITA,False,False,2026-09-19T14:29:10.960975+00:00,2026-09-19T14:29:10.960976+00:00,0,219000.0,,104.0,2105.77,0,,,,0,0,6,INDIRIZZO_ESTRATTO,VENDITA
41bda0686f14bf42df22,Rosta,"Via Rosta, 652",Via Rosta,casa indipendente,"Casa indipendente in vendita in Via Rosta, 652 - idealista",Idealista,,https://www.idealista.it/immobile/36829296/,POSSIBILE_USCITA,False,False,2026-09-19T14:29:10.960991+00:00,2026-09-19T14:29:10.960992+00:00,0,,,222.0,,0,,,,0,0,6,INDIRIZZO_ESTRATTO,VENDITA
e94390376d264ebd2414,Rosta,"Viale Risorgimento, 72",Viale Risorgimento,appartamento,"Quadrilocale in vendita in Viale Risorgimento, 72, Rosta Nuova, Reggio ...",Idealista,,https://www.idealista.it/immobile/36679968/,USCITO_MERCATO,False,False,2026-09-04T16:00:05.402787+00:00,2026-09-04T16:00:05.402788+00:00,0,229000.0,,95.0,2410.53,0,,,,0,0,76,INDIRIZZO_ESTRATTO,VENDITA
74908421d2ea3e9d92ae,Rosta,Viale Risorgimento s.n.c,Viale Risorgimento s.n.c,appartamento,"Trilocale in vendita in Viale Risorgimento s.n.c, Rosta Nuova, Reggio ...",Idealista,,https://www.idealista.it/immobile/36690618/,USCITO_MERCATO,False,False,2026-09-04T16:00:05.402752+00:00,2026-09-04T16:00:05.402753+00:00,0,165000.0,,80.0,2062.5,0,,,,0,0,76,INDIRIZZO_ESTRATTO,VENDITA
e636fdf84c9d96586464,Rosta,corso Moncenisio,corso Moncenisio,casa indipendente,"Locale commerciale corso Moncenisio, Rosta, Rif. 121630696 - Immobiliare.it",Immobiliare.it,,https://www.immobiliare.it/annunci/121630696/,RELISTED,True,False,2026-08-28T05:06:35.531137+00:00,2026-09-20T06:08:00.347286+00:00,23,,,,,0,,,,0,0,1,INDIRIZZO_ESTRATTO,LOCAZIONE
d8650ac37ec07e545cc2,Rosta,corso Moncenisio 43,corso Moncenisio,commerciale,"Ufficio - Studio corso Moncenisio 43, Rosta, Rif. 112890539 ...",Immobiliare.it,,https://www.immobiliare.it/annunci/112890539/,USCITO_MERCATO,False,False,2026-09-01T18:58:42.121035+00:00,2026-09-07T00:44:29.376224+00:00,5,,,1700.0,,0,,,,0,0,59,INDIRIZZO_ESTRATTO,VENDITA
e253dbec6c0d187d281b,Rosta,corso Moncenisio 63,corso Moncenisio,commerciale,"Ufficio - Studio corso Moncenisio 63, Rosta, Rif. 130332372 ...",Immobiliare.it,,https://www.immobiliare.it/annunci/130332372/,USCITO_MERCATO,False,False,2026-08-28T05:06:35.531146+00:00,2026-08-28T05:06:35.531147+00:00,0,,,300.0,,0,,,,0,0,89,INDIRIZZO_ESTRATTO,VENDITA
e863e03c7fbad2d98a79,Rosta,corso Moncenisio 63,corso Moncenisio,commerciale,"Ufficio - Studio corso Moncenisio 63, Rosta, Rif. 128238490 ...",Immobiliare.it,,https://www.immobiliare.it/annunci/128238490/,USCITO_MERCATO,False,False,2026-08-28T05:06:35.531142+00:00,2026-09-06T22:17:30.166760+00:00,9,,,220.0,,0,,,,0,0,60,INDIRIZZO_ESTRATTO,LOCAZIONE
fb0c4fd7cd0cd52c28e5,Rosta,corso Moncenisio 34,corso Moncenisio,commerciale,"Ufficio - Studio corso Moncenisio 34, Rosta, Rif. 104298369 ...",Immobiliare.it,,https://www.immobiliare.it/annunci/104298369/,USCITO_MERCATO,False,False,2026-09-05T09:19:10.297281+00:00,2026-09-07T00:44:29.376214+00:00,1,,,360.0,,0,,,,0,0,59,INDIRIZZO_ESTRATTO,VENDITA
aec426651d0797a12430,Rosta,piazza san michele 1,piazza san michele,commerciale,"Locale commerciale piazza san michele 1, Rosta, Rif. 129761124 ...",Immobiliare.it,,https://www.immobiliare.it/annunci/129761124/,TRACKED,True,False,2026-08-27T21:04:17.080754+00:00,2026-09-20T11:10:13.480399+00:00,23,,,,,0,,,,0,0,0,INDIRIZZO_ESTRATTO,VENDITA
96849ca7cc5aaa775753,Rosta,via Buttigliera Alta 32,via Buttigliera Alta,villa,Vendita Villa unifamiliare in via Buttigliera Alta 32 Rosta. Buono ...,Immobiliare.it,,https://www.immobiliare.it/annunci/130705532/,TRACKED,True,False,2026-08-27T21:04:17.080719+00:00,2026-09-20T11:10:13.480453+00:00,23,339000.0,,,,0,,,,0,0,0,INDIRIZZO_ESTRATTO,VENDITA
1c1c06c6f5fb9da88507,Rosta,via Chiesa 15,via Chiesa,appartamento,Vendita Appartamento Rosta. Quadrilocale in via Chiesa 15. Da ...,Immobiliare.it,,https://www.immobiliare.it/annunci/132532168/,TRACKED,True,False,2026-09-18T17:15:59.824959+00:00,2026-09-20T11:10:13.480420+00:00,1,,,,,0,,,,0,0,0,INDIRIZZO_ESTRATTO,VENDITA
fe1b507c28f10d06d7dd,Rosta,via Chiesa 8,via Chiesa,appartamento,"Vendita Appartamento Rosta. Trilocale in via Chiesa 8. Nuovo, secondo ...",Immobiliare.it,,https://www.immobiliare.it/annunci/132546450/,USCITO_MERCATO,False,False,2026-09-19T06:11:00.697268+00:00,2026-09-19T06:11:00.697269+00:00,0,,,,,0,,,,0,0,8,INDIRIZZO_ESTRATTO,"AGENZIA,CANTIERE"
4cfaa992991c6e1b749d,Rosta,via Collodi 34,via Collodi,appartamento,Vendita Appartamento Rosta. Quadrilocale in via Collodi 34. Ottimo ...,Immobiliare.it,,https://www.immobiliare.it/annunci/129492544/,TRACKED,True,False,2026-09-05T04:44:03.764737+00:00,2026-09-20T11:10:13.480440+00:00,15,,,,,0,,,,0,0,0,INDIRIZZO_ESTRATTO,VENDITA
e7038519c2b2810df5b8,Rosta,via Faran 6,via Faran,villa,Vendita Appartamento Rosta. Trilocale in via Faran 6. Buono stato ...,Immobiliare.it,,https://www.immobiliare.it/annunci/132343658/,USCITO_MERCATO,False,False,2026-09-10T18:28:14.181997+00:00,2026-09-15T13:33:03.395014+00:00,4,,,,,0,,,,0,0,22,INDIRIZZO_ESTRATTO,VENDITA
ba5aca6bf10301536b1f,Rosta,via Faran Rosta. Nuovo,via Faran Rosta. Nuovo,altro,"Vendita Attico in via Faran Rosta. Nuovo, posto auto, con balcone, rif ...",Immobiliare.it,,https://www.immobiliare.it/annunci/130847992/,RELISTED,True,False,2026-09-03T18:47:06.319193+00:00,2026-09-20T11:10:13.480466+00:00,16,,,,,0,,,,0,0,0,INDIRIZZO_ESTRATTO,CANTIERE
13a76a59e33289cd2801,Rosta,via Faran. Nuovo,via Faran. Nuovo,appartamento,"Vendita Appartamento Rosta. Quadrilocale in via Faran. Nuovo, piano ...",Immobiliare.it,,https://www.immobiliare.it/annunci/81805810/,USCITO_MERCATO,False,False,2026-09-02T16:09:34.325308+00:00,2026-09-07T04:45:03.057223+00:00,4,,,,,0,,,,0,0,58,INDIRIZZO_ESTRATTO,VENDITA
8af8d0ba0ded1eec5ee7,Rosta,via Gabriele D'Annunzio 17,via Gabriele D'Annunzio,appartamento,Vendita Appartamento Rosta. Trilocale in via Gabriele D'Annunzio 17 ...,Immobiliare.it,,https://www.immobiliare.it/annunci/131469708/,USCITO_MERCATO,False,False,2026-09-01T18:58:42.121071+00:00,2026-09-02T12:02:41.370769+00:00,0,,,,,0,,,,0,0,83,INDIRIZZO_ESTRATTO,VENDITA
f2d312860866f60018b5,Rosta,via Józef Wybicki,via Józef Wybicki,appartamento,Vendita Appartamento Reggio Emilia. Quadrilocale in via Józef Wybicki ...,Immobiliare.it,,https://www.immobiliare.it/annunci/132249676/,USCITO_MERCATO,False,False,2026-09-08T18:39:29.645514+00:00,2026-09-10T15:11:09.215823+00:00,1,,,,,0,,,,0,0,44,INDIRIZZO_ESTRATTO,VENDITA
8f17d66da794b7bdd269,Rosta,via Luciano Manara 2,via Luciano Manara,appartamento,Vendita Appartamento in via Luciano Manara 2. Reggio Emilia. Da ...,Immobiliare.it,,https://www.immobiliare.it/annunci/130530220/,TRACKED,True,False,2026-09-11T13:39:24.924937+00:00,2026-09-20T06:08:00.347329+00:00,8,,,123.0,,0,,,,0,0,1,INDIRIZZO_ESTRATTO,VENDITA
dea5288ee1116f6a4b17,Rosta,via Martiri Di,via Martiri Di,appartamento,Vendita Appartamento Reggio Emilia. Quadrilocale in via Martiri Di ...,Immobiliare.it,,https://www.immobiliare.it/annunci/132403634/,USCITO_MERCATO,False,False,2026-09-14T22:36:38.494691+00:00,2026-09-14T22:36:38.494692+00:00,0,,,,,0,,,,0,0,24,INDIRIZZO_ESTRATTO,VENDITA
c18e4371651a928a21fa,Rosta,via Nino Costa 30,via Nino Costa,appartamento,"Vendita Appartamento in via Nino Costa 30. Rosta. Buono stato, primo ...",Immobiliare.it,,https://www.immobiliare.it/annunci/132219972/,USCITO_MERCATO,False,False,2026-09-08T06:35:04.158830+00:00,2026-09-12T14:11:38.612768+00:00,4,,,,,0,,,,0,0,35,INDIRIZZO_ESTRATTO,VENDITA
af68d6dac6e0d6761849,Rosta,via Ottorino Davoli,via Ottorino Davoli,appartamento,Vendita Appartamento Reggio Emilia. Quadrilocale in via Ottorino Davoli ...,Immobiliare.it,,https://www.immobiliare.it/annunci/128579468/,TRACKED,True,False,2026-09-16T14:58:05.672422+00:00,2026-09-20T11:10:13.480446+00:00,3,,,,,0,,,,0,0,0,INDIRIZZO_ESTRATTO,VENDITA
259b89bb69007a1f300c,Rosta,via Piave 53,via Piave,villa,"Vendita Villa bifamiliare in via Piave 53 Rosta. Buono stato, posto ...",Immobiliare.it,,https://www.immobiliare.it/annunci/129504650/,TRACKED,True,False,2026-08-27T21:04:17.080744+00:00,2026-09-20T11:10:13.480476+00:00,23,,,,,0,,,,0,0,0,INDIRIZZO_ESTRATTO,VENDITA
322a0544d228ca554e8e,Rosta,via Rivoli 118,via Rivoli,villa,"Vendita Villa bifamiliare in via Rivoli 118 Rosta. Ottimo stato, posto ...",Immobiliare.it,,https://www.immobiliare.it/annunci/118150377/,USCITO_MERCATO,False,False,2026-08-27T21:04:17.080760+00:00,2026-08-28T10:58:40.671602+00:00,0,,,446.0,,0,,,,0,0,88,INDIRIZZO_ESTRATTO,VENDITA
bdb621f5106a1e00b8f3,Rosta,via Rivoli. Nuovo,via Rivoli. Nuovo,appartamento,"Vendita Appartamento Rosta. Quadrilocale in via Rivoli. Nuovo, piano ...",Immobiliare.it,,https://www.immobiliare.it/annunci/131126214/,USCITO_MERCATO,False,False,2026-08-27T21:04:17.080714+00:00,2026-09-07T04:45:03.057229+00:00,10,,,,,0,,,,0,0,58,INDIRIZZO_ESTRATTO,"VENDITA,CANTIERE"
c3033aae370f41d3320c,Rosta,via Rivoli. Nuovo,via Rivoli. Nuovo,appartamento,"Vendita Appartamento Rosta. Quadrilocale in via Rivoli. Nuovo, piano ...",Immobiliare.it,,https://www.immobiliare.it/annunci/132415156/,POSSIBILE_USCITA,False,False,2026-09-14T18:41:54.044618+00:00,2026-09-19T14:29:10.960959+00:00,4,,,,,0,,,,0,0,6,INDIRIZZO_ESTRATTO,VENDITA
07d921a211aebcb3c390,Rosta,via Rosta 185,via Rosta,casa indipendente,"Vendita Casale in via Rosta 185 Rivoli. Da ristrutturare, 242 m², rif ...",Immobiliare.it,,https://www.immobiliare.it/annunci/125478555/,USCITO_MERCATO,False,False,2026-08-27T21:04:17.080739+00:00,2026-09-18T01:22:44.227111+00:00,21,,,242.0,,0,,,,0,0,11,INDIRIZZO_ESTRATTO,VENDITA
1391d445b312ed504a25,Rosta,via Rosta Quinto di Treviso. Ottimo stato,via Rosta Quinto di Treviso. Ottimo stato,villa,Vendita Villa bifamiliare in via Rosta Quinto di Treviso. Ottimo stato ...,Immobiliare.it,,https://www.immobiliare.it/annunci/132046648/,USCITO_MERCATO,False,False,2026-09-01T23:36:27.691733+00:00,2026-09-04T19:20:00.005177+00:00,2,,,350.0,,0,,,,0,0,75,INDIRIZZO_ESTRATTO,VENDITA
75c17719183ae486ded0,Rosta,via Sant'Antonio di Ranverso 4,via Sant'Antonio di Ranverso,commerciale,"Capannone via Sant'Antonio di Ranverso 4, Rosta, Rif. 60230588 ...",Immobiliare.it,,https://www.immobiliare.it/annunci/60230588/,POSSIBILE_USCITA,False,False,2026-09-16T22:13:22.798724+00:00,2026-09-19T20:30:44.818261+00:00,2,6000.0,,200.0,30.0,0,,,,0,0,4,INDIRIZZO_ESTRATTO,LOCAZIONE
d26bf30034074bf9d287,Rosta,via Sant'Antonio di Ranverso 4,via Sant'Antonio di Ranverso,commerciale,"Capannone via Sant'Antonio di Ranverso 4, Rosta, Rif. 60230292 ...",Immobiliare.it,,https://www.immobiliare.it/annunci/60230292/,USCITO_MERCATO,False,False,2026-09-16T19:00:37.439643+00:00,2026-09-16T19:00:37.439644+00:00,0,,,1000.0,,0,,,,0,0,18,INDIRIZZO_ESTRATTO,LOCAZIONE
b30de5508524b7f757a4,Rosta,via corbiglia 36,via corbiglia,villa,Vendita Villa unifamiliare in via corbiglia 36 Rosta. Buono stato ...,Immobiliare.it,,https://www.immobiliare.it/annunci/122421324/,TRACKED,True,False,2026-08-27T21:04:17.080727+00:00,2026-09-20T11:10:13.480460+00:00,23,,,500.0,,0,,,,0,0,0,INDIRIZZO_ESTRATTO,VENDITA
42bf0cfac621f2374bbb,Rosta,via rosta 12,via rosta,appartamento,Vendita Appartamento Torino. Trilocale in via rosta 12. Buono stato ...,Immobiliare.it,,https://www.immobiliare.it/annunci/130152860/,USCITO_MERCATO,False,False,2026-08-27T21:04:17.080749+00:00,2026-09-17T20:20:41.891776+00:00,20,,,,,0,,,,0,0,13,INDIRIZZO_ESTRATTO,AGENZIA
3cb0514b04738706a0ad,Rosta,via stazione 59,via stazione,villa,"Vendita Appartamento in via stazione 59. Rosta. Buono stato, primo ...",Immobiliare.it,,https://www.immobiliare.it/annunci/127769292/,USCITO_MERCATO,False,False,2026-09-02T16:09:34.325302+00:00,2026-09-07T04:45:03.057244+00:00,4,,,,,0,,,,0,0,58,INDIRIZZO_ESTRATTO,VENDITA
348d678fa5c613b989e9,Rosta,viale Parigi Riano. Buono stato,viale Parigi Riano. Buono stato,villa,"Vendita Villa bifamiliare in viale Parigi Riano. Buono stato, posto ...",Immobiliare.it,,https://www.immobiliare.it/annunci/123967779/,USCITO_MERCATO,False,False,2026-09-13T23:15:39.650584+00:00,2026-09-13T23:15:39.650585+00:00,0,,,250.0,,0,,,,0,0,28,INDIRIZZO_ESTRATTO,VENDITA
ffa727c249479f0f235f,Rubiana,,,altro,"Nuove Costruzioni in vendita a Torino, rif. 126433121 - Immobiliare.it",Immobiliare.it,,https://www.immobiliare.it/annunci/126433121/,POSSIBILE_USCITA,False,False,2026-09-16T14:58:05.672509+00:00,2026-09-19T14:29:10.961025+00:00,2,,,,,0,,,,0,0,6,URL_DETTAGLIO_PORTALE,VENDITA
8d7f6384000976d0654e,Rubiana,,,casa indipendente,Vendita Terratetto plurifamiliare in Ferro Raimondo 10 Rubiana. Buono ...,Immobiliare.it,,https://www.immobiliare.it/annunci/122249368/,USCITO_MERCATO,False,False,2026-08-27T21:04:17.080818+00:00,2026-09-14T22:36:38.494738+00:00,18,,,50.0,,0,,,,0,0,24,URL_DETTAGLIO_PORTALE,"PRIVATO,VENDITA"
4b42165414fc7f917f7c,Rubiana,,,terreno,"Terreno agricolo LOCALITà RUBIANA, Caprino Veronese, rif. 122530454 ...",Immobiliare.it,,https://www.immobiliare.it/annunci/122530454/,TRACKED,True,False,2026-09-04T00:12:37.947355+00:00,2026-09-20T11:10:13.480534+00:00,16,,,36.0,,0,,,,0,0,0,URL_DETTAGLIO_PORTALE,VENDITA
3c83cf548c2fdf5cf5ff,Rubiana,,,villa,Annunci di case in vendita a Rubiana centro città - Bakeca,Bakeca privati,,https://torino.bakeca.it/annunci/vendita-case/luogo/rubiana/,USCITO_MERCATO,False,False,2026-09-11T17:53:32.668662+00:00,2026-09-15T18:17:59.373353+00:00,4,,,22.0,,0,,,,0,0,21,URL_DETTAGLIO_PORTALE,ASTA
24684ed0769865bcf1c7,Rubiana,"Borgata Balma, 14",Borgata Balma,appartamento,"Appartamento all'asta Borgata Balma, 14, Rubiana",Immobiliare.it,,https://www.immobiliare.it/annunci/131773094/,USCITO_MERCATO,False,False,2026-08-27T21:04:17.080825+00:00,2026-08-27T21:04:17.080826+00:00,0,,,104.0,,0,,,,0,0,90,INDIRIZZO_ESTRATTO,ASTA
e637a934bf7c465f6af5,Rubiana,Borgata Balma 6,Borgata Balma,casa indipendente,Vendita Terratetto plurifamiliare in Borgata Balma 6 Rubiana. Da ...,Immobiliare.it,,https://www.immobiliare.it/annunci/99501634/,TRACKED,True,False,2026-09-19T18:06:37.668274+00:00,2026-09-20T11:10:13.480514+00:00,0,,,,,0,,,,0,0,0,INDIRIZZO_ESTRATTO,PRIVATO
8342f3d9856a3dea4820,Rubiana,Borgata Balma Rubiana,Borgata Balma Rubiana,appartamento,"Asta per appartamento, Borgata Balma Rubiana, rif. 131977024 ...",Immobiliare.it,,https://www.immobiliare.it/annunci/131977024/,USCITO_MERCATO,False,False,2026-08-28T05:06:35.531268+00:00,2026-09-01T20:55:16.173821+00:00,4,,,,,0,,,,0,0,86,INDIRIZZO_ESTRATTO,ASTA
ecc43760eb654490c3db,Rubiana,Borgata Balma Rubiana,Borgata Balma Rubiana,appartamento,"Asta per appartamento, Borgata Balma Rubiana, rif. 132494412 ...",Immobiliare.it,,https://www.immobiliare.it/annunci/132494412/,TRACKED,True,False,2026-09-17T06:08:55.033592+00:00,2026-09-20T11:10:13.480540+00:00,3,,,,,0,,,,0,0,0,INDIRIZZO_ESTRATTO,ASTA
595e2739298feb68174f,Rubiana,Borgata Favella 1,Borgata Favella,altro,"Vendita Casa colonica in Borgata Favella 1 Rubiana. Buono stato, posto ...",Immobiliare.it,,https://www.immobiliare.it/annunci/127662822/,TRACKED,True,False,2026-08-27T21:04:17.080813+00:00,2026-09-20T11:10:13.480520+00:00,23,,,,,0,,,,0,0,0,INDIRIZZO_ESTRATTO,PRIVATO
0c90c73a543ef5604f27,Rubiana,Borgata Favella 41,Borgata Favella,casa indipendente,Vendita Terratetto unifamiliare in Borgata Favella 41 Rubiana. Da ...,Immobiliare.it,,https://www.immobiliare.it/annunci/121858536/,USCITO_MERCATO,False,False,2026-09-03T18:47:06.319256+00:00,2026-09-08T11:07:58.869182+00:00,4,,,,,0,,,,0,0,55,INDIRIZZO_ESTRATTO,VENDITA
4de902805cb475f0e8d4,Rubiana,"Borgata Gabaira, 1",Borgata Gabaira,appartamento,"Appartamento in vendita in Borgata Gabaira, 1, Rubiana — idealista, N.1 ...",Idealista,,https://www.idealista.it/immobile/35411020/,USCITO_MERCATO,False,False,2026-09-03T18:47:06.319285+00:00,2026-09-03T18:47:06.319286+00:00,0,25000.0,,60.0,416.67,0,,,,0,0,81,INDIRIZZO_ESTRATTO,VENDITA
8e3e860ef1f0b9889378,Rubiana,"Borgata Grattasola, 14",Borgata Grattasola,villa,"Villa in vendita in Borgata Grattasola, 14, Rubiana - idealista",Idealista,,https://www.idealista.it/immobile/36620961/,USCITO_MERCATO,False,False,2026-08-27T21:04:17.080767+00:00,2026-09-02T16:09:34.325341+00:00,5,,,,,0,,,,0,0,82,INDIRIZZO_ESTRATTO,VENDITA
2fcee5109dbf94698339,Rubiana,Borgata Meinà 15,Borgata Meinà,appartamento,Vendita Appartamento Rubiana. Bilocale in Borgata Meinà 15. Buono stato ...,Immobiliare.it,,https://www.immobiliare.it/annunci/132068702/,USCITO_MERCATO,False,False,2026-09-02T07:11:25.326928+00:00,2026-09-02T16:09:34.325401+00:00,0,,,77.0,,0,,,,0,0,82,INDIRIZZO_ESTRATTO,VENDITA
c684f554507f5ebd307c,Rubiana,Borgata Ruatta 2,Borgata Ruatta,appartamento,Vendita Appartamento Rubiana. Bilocale in Borgata Ruatta 2. Ottimo ...,Immobiliare.it,,https://www.immobiliare.it/annunci/119974160/,USCITO_MERCATO,False,False,2026-08-27T21:04:17.080800+00:00,2026-08-28T10:58:40.671633+00:00,0,,,,,0,,,,0,0,88,INDIRIZZO_ESTRATTO,VENDITA
047094948d11807d5693,Rubiana,Borgata ferro raimondo 14,Borgata ferro raimondo,casa indipendente,Vendita Terratetto plurifamiliare in Borgata ferro raimondo 14 Rubiana ...,Immobiliare.it,,https://www.immobiliare.it/annunci/130498200/,USCITO_MERCATO,False,False,2026-09-03T18:47:06.319265+00:00,2026-09-10T05:58:05.662688+00:00,6,,,,,0,,,,0,0,46,INDIRIZZO_ESTRATTO,PRIVATO
592a6bde54ed448450a7,Rubiana,Borgata ferro raimondo 6,Borgata ferro raimondo,casa indipendente,Vendita Terratetto plurifamiliare in Borgata ferro raimondo 6 Rubiana ...,Immobiliare.it,,https://www.immobiliare.it/annunci/111654965/,TRACKED,True,False,2026-09-19T18:06:37.668265+00:00,2026-09-20T11:10:13.480508+00:00,0,,,,,0,,,,0,0,0,INDIRIZZO_ESTRATTO,PRIVATO
5810509f994da3d0e392,Rubiana,Via Roma,Via Roma,appartamento,"Quadrilocale all'asta in Via Roma, Rubiana - idealista",Idealista,,https://www.idealista.it/immobile/36779422/,USCITO_MERCATO,False,False,2026-09-14T01:05:27.892612+00:00,2026-09-14T01:05:27.892614+00:00,0,43126.0,,95.0,453.96,0,,,,0,0,27,INDIRIZZO_ESTRATTO,ASTA
d640c9cd5230ffd6100f,Rubiana,Via Roma,Via Roma,appartamento,"Quadrilocale all'asta in Via Roma, Rubiana - idealista",Idealista,,https://www.idealista.it/immobile/36714383/,USCITO_MERCATO,False,False,2026-09-03T18:47:06.319292+00:00,2026-09-03T18:47:06.319293+00:00,0,43125.0,,95.0,453.95,0,,,,0,0,81,INDIRIZZO_ESTRATTO,ASTA
ae56f70e3680f142adc8,Rubiana,"Via Rubiana, 700",Via Rubiana,villa,"Villetta bifamiliare in vendita in Via Rubiana, 700 - idealista",Idealista,,https://www.idealista.it/immobile/36683726/,USCITO_MERCATO,False,False,2026-09-03T18:47:06.319305+00:00,2026-09-03T18:47:06.319306+00:00,0,560000.0,,190.0,2947.37,0,,,,0,0,81,INDIRIZZO_ESTRATTO,VENDITA
7f7bff4f77af9e8d1bd5,Rubiana,borgata franchino 3,borgata franchino,casa indipendente,Vendita Terratetto unifamiliare in borgata franchino 3 Rubiana. Da ...,Immobiliare.it,,https://www.immobiliare.it/annunci/112604041/,USCITO_MERCATO,False,False,2026-09-01T18:58:42.121172+00:00,2026-09-05T23:10:34.872531+00:00,4,,,,,0,,,,0,0,67,INDIRIZZO_ESTRATTO,VENDITA
35eea3cb2153f3d774c5,Rubiana,"strada del Boschetto, 13",strada del Boschetto,villa,"Villa in vendita a Rubiana strada del Boschetto, 13",TrovaCasa privati,,https://www.trovacasa.it/annunci/to-tc-86710-70574054,USCITO_MERCATO,False,False,2026-09-14T18:41:54.044699+00:00,2026-09-17T16:48:02.648565+00:00,2,,,,,0,,,,0,0,14,INDIRIZZO_ESTRATTO,VENDITA
5b481d78f5d61412933f,Rubiana,via Dosso di Rubiana 100,via Dosso di Rubiana,villa,Vendita Villa bifamiliare in via Dosso di Rubiana 100 Caprino Veronese ...,Immobiliare.it,,https://www.immobiliare.it/annunci/132088000/,USCITO_MERCATO,False,False,2026-09-01T23:36:27.691771+00:00,2026-09-06T22:17:30.166890+00:00,4,,,190.0,,0,,,,0,0,60,INDIRIZZO_ESTRATTO,VENDITA
aef277a13cd59c10844d,Rubiana,via Europa 6,via Europa,appartamento,"Vendita Appartamento in via Europa 6. Rubiana. Ottimo stato, primo ...",Immobiliare.it,,https://www.immobiliare.it/annunci/127226565/,USCITO_MERCATO,False,False,2026-08-23T17:16:38.787047+00:00,2026-08-28T10:58:40.671639+00:00,4,,,,,0,,,,0,0,88,INDIRIZZO_ESTRATTO,VENDITA
005a37f7b1957d92acfd,Rubiana,via Roma 5,via Roma,appartamento,"Vendita Appartamento in via Roma 5. Rubiana. Da ristrutturare, primo ...",Immobiliare.it,,https://www.immobiliare.it/annunci/130589118/,TRACKED,True,False,2026-09-05T09:19:10.297403+00:00,2026-09-20T11:10:13.480501+00:00,15,,,,,0,,,,0,0,0,INDIRIZZO_ESTRATTO,VENDITA
19d9a8ed79ae3193ce01,Rubiana,via Roma,via Roma,appartamento,"Appartamento all'asta via Roma, Rubiana - Immobiliare.it",Immobiliare.it,,https://www.immobiliare.it/annunci/132140514/,USCITO_MERCATO,False,False,2026-09-07T00:44:29.376370+00:00,2026-09-07T10:14:01.141263+00:00,0,,,,,0,,,,0,0,57,INDIRIZZO_ESTRATTO,ASTA
4700226288e03fb5be20,Rubiana,via Roma,via Roma,appartamento,"Appartamento all'asta via Roma, Rubiana - Immobiliare.it",Immobiliare.it,,https://www.immobiliare.it/annunci/131983712/,USCITO_MERCATO,False,False,2026-08-28T05:06:35.531264+00:00,2026-09-01T20:55:16.173814+00:00,4,,,,,0,,,,0,0,86,INDIRIZZO_ESTRATTO,ASTA
706b086de1ea962be35b,Rubiana,via Roma,via Roma,appartamento,"Appartamento all'asta via Roma, Rubiana - Immobiliare.it",Immobiliare.it,,https://www.immobiliare.it/annunci/132147024/,USCITO_MERCATO,False,False,2026-09-03T18:47:06.319280+00:00,2026-09-03T18:47:06.319281+00:00,0,,,,,0,,,,0,0,81,INDIRIZZO_ESTRATTO,ASTA
92f4ef9bd851534c674c,Rubiana,via Roma,via Roma,appartamento,"Appartamento all'asta via Roma, Rubiana - Immobiliare.it",Immobiliare.it,,https://www.immobiliare.it/annunci/132492344/,TRACKED,True,False,2026-09-17T06:08:55.033585+00:00,2026-09-20T11:10:13.480527+00:00,3,,,,,0,,,,0,0,0,INDIRIZZO_ESTRATTO,ASTA
bac5cd3d25ab466c792b,Rubiana,"via Roma, 54",via Roma,appartamento,"Asta per appartamento, via Roma, 54 Rubiana, rif. 131772870 ...",Immobiliare.it,,https://www.immobiliare.it/annunci/131772870/,USCITO_MERCATO,False,False,2026-08-27T21:04:17.080830+00:00,2026-08-27T21:04:17.080832+00:00,0,,,95.0,,0,,,,0,0,90,INDIRIZZO_ESTRATTO,ASTA
215cfd37516544dc3c17,Rubiana,via Rubiana 37,via Rubiana,appartamento,"Vendita Attico in via Rubiana 37 Torino. Nuovo, con terrazza, rif ...",Immobiliare.it,,https://www.immobiliare.it/annunci/132409788/,POSSIBILE_USCITA,False,False,2026-09-14T18:41:54.044728+00:00,2026-09-19T18:06:37.668308+00:00,4,,,,,0,,,,0,0,5,INDIRIZZO_ESTRATTO,VENDITA
dcbd9097c68e71a7ba68,Salbertrand,,,altro,"Vendita Rifugio in alpe le selle Salbertrand. Buono stato, 570 m², rif ...",Immobiliare.it,,https://www.immobiliare.it/annunci/127361401/,TRACKED,True,False,2026-09-01T18:58:42.121222+00:00,2026-09-07T10:14:01.141312+00:00,18,,,570.0,,0,,,,0,0,0,URL_DETTAGLIO_PORTALE,VENDITA
d22d25ecc0f7acc2be66,Salbertrand,,,appartamento,Case e appartamenti a Via Salbertrand. Immobili in vendita a ... - Nestoria,Nestoria,,https://www.nestoria.it/immobiliare/vendita/via-salbertrand,RELISTED,True,False,2026-09-04T22:26:36.993253+00:00,2026-09-07T10:14:01.141301+00:00,15,,,53.0,,0,,,,0,0,0,INDIRIZZO_NEL_TITOLO,VENDITA
7d29156c1fb5215162ad,Salbertrand,Via Salbertrand 74,Via Salbertrand,altro,"Box in affitto, Via Salbertrand 74, Torino, 14 mq • Wikicasa",Wikicasa,,https://www.wikicasa.it/annuncio/30415035,TRACKED,True,False,2026-09-06T17:10:13.431351+00:00,2026-09-07T10:14:01.141328+00:00,13,,,,,0,,,,0,0,0,INDIRIZZO_ESTRATTO,LOCAZIONE
f61e26896c0de585efcc,Salbertrand,Via Salbertrand 74,Via Salbertrand,altro,Box/posto auto in Affitto in Via Salbertrand 74 a Torino,Casa.it,,https://www.casa.it/immobili/54380786/,TRACKED,True,False,2026-09-06T17:10:13.431358+00:00,2026-09-07T00:44:29.376427+00:00,13,,,,,0,,,,0,0,2,INDIRIZZO_ESTRATTO,LOCAZIONE
36ee9d083b73fab90fef,Salbertrand,frazione San Romano Salbertrand. Buono,frazione San Romano Salbertrand. Buono,villa,Vendita Villa unifamiliare in frazione San Romano Salbertrand. Buono ...,Immobiliare.it,,https://www.immobiliare.it/annunci/132039012/,USCITO_MERCATO,False,False,2026-09-01T18:58:42.121216+00:00,2026-09-04T22:26:36.993277+00:00,3,,,55.0,,0,,,,0,0,17,INDIRIZZO_ESTRATTO,VENDITA
c1bee6889390a26a969d,Salbertrand,via Ludovico Bellardi 15,via Ludovico Bellardi,appartamento,Vendita Appartamento Torino. Bilocale in via Ludovico Bellardi 15 ...,Immobiliare.it,,https://www.immobiliare.it/annunci/129273924/,TRACKED,True,False,2026-09-06T09:36:38.464006+00:00,2026-09-07T10:14:01.141352+00:00,14,,,,,0,,,,0,0,0,INDIRIZZO_ESTRATTO,VENDITA
fea074273f0f09c60c51,Salbertrand,via Millaures 16,via Millaures,appartamento,Vendita Appartamento Torino. Bilocale in via Millaures 16. Buono stato ...,Immobiliare.it,,https://www.immobiliare.it/annunci/130721316/,USCITO_MERCATO,False,False,2026-09-01T18:58:42.121243+00:00,2026-09-02T16:09:34.325449+00:00,0,,,,,0,,,,0,0,25,INDIRIZZO_ESTRATTO,VENDITA
9d9c33491e1a3e48d2e9,Salbertrand,"via SALBERTRAND, 81",via SALBERTRAND,appartamento,"Vendita Appartamento Torino. Bilocale in via SALBERTRAND, 81. Da ...",Immobiliare.it,,https://www.immobiliare.it/annunci/132122640/,TRACKED,True,False,2026-09-03T18:47:06.319338+00:00,2026-09-07T10:14:01.141336+00:00,16,,,,,0,,,,0,0,0,INDIRIZZO_ESTRATTO,VENDITA
cbbd2072341baf2f8c81,Salbertrand,via Salbertrand,via Salbertrand,commerciale,"Locale commerciale via Salbertrand, Torino, Rif. 131456602 - Immobiliare.it",Immobiliare.it,,https://www.immobiliare.it/annunci/131456602/,TRACKED,True,False,2026-09-01T18:58:42.121209+00:00,2026-09-07T10:14:01.141319+00:00,18,,,,,0,,,,0,0,0,INDIRIZZO_ESTRATTO,AGENZIA
8731a447e6014453f66b,Salbertrand,via Salbertrand. Buono,via Salbertrand. Buono,appartamento,Vendita Appartamento Torino. Quadrilocale in via Salbertrand. Buono ...,Immobiliare.it,,https://www.immobiliare.it/annunci/129398306/,TRACKED,True,False,2026-09-01T18:58:42.121228+00:00,2026-09-07T10:14:01.141343+00:00,18,,,90.0,,0,,,,0,0,0,INDIRIZZO_ESTRATTO,VENDITA
32868657be657c043100,San Didero,,,casa indipendente,Casa indipendente in vendita a San Didero - idealista,Idealista,,https://www.idealista.it/immobile/35678322/,USCITO_MERCATO,False,False,2026-09-07T00:44:29.376542+00:00,2026-09-18T17:15:59.825094+00:00,11,,,,,0,,,,0,0,10,URL_DETTAGLIO_PORTALE,VENDITA
680f8ea7327f95ec5b09,San Didero,,,casa indipendente,"Vendita Terratetto unifamiliare San Didero. Buono stato, posto auto ...",Immobiliare.it,,https://www.immobiliare.it/annunci/126137637/,USCITO_MERCATO,False,False,2026-08-27T21:04:17.080872+00:00,2026-09-06T04:45:18.784158+00:00,9,,,,,0,,,,0,0,65,URL_DETTAGLIO_PORTALE,VENDITA
714021c08f005b4a2710,San Didero,,,casa indipendente,Casa indipendente in vendita a San Didero - idealista,Idealista,,https://www.idealista.it/immobile/34652964/,USCITO_MERCATO,False,False,2026-09-07T00:44:29.376522+00:00,2026-09-18T17:15:59.825083+00:00,11,,,,,0,,,,0,0,10,URL_DETTAGLIO_PORTALE,VENDITA
bcdc0403be19ce63c39f,San Didero,,,casa indipendente,"Vendita Terratetto unifamiliare San Didero. Buono stato, con balcone ...",Immobiliare.it,,https://www.immobiliare.it/annunci/131282106/,USCITO_MERCATO,False,False,2026-09-05T21:13:34.334776+00:00,2026-09-07T00:44:29.376481+00:00,1,,,,,0,,,,0,0,59,URL_DETTAGLIO_PORTALE,VENDITA
11953ca244821a66670a,San Didero,,,rustico/casale,"Casa rustica in vendita in Strada Gaudietti, 2, San Didero - idealista",Idealista,,https://www.idealista.it/immobile/34109817/,USCITO_MERCATO,False,False,2026-09-07T00:44:29.376555+00:00,2026-09-18T17:15:59.825140+00:00,11,,,,,0,,,,0,0,10,URL_DETTAGLIO_PORTALE,VENDITA
d8c4764018532cc8b9cd,San Didero,,,rustico/casale,Rustico in val di susa - san didero - Terreni e rustici In vendita a Torino,Subito privati,,https://www.subito.it/terreni-e-rustici/rustico-in-val-di-susa-san-didero-torino-658557461.htm,USCITO_MERCATO,False,False,2026-08-28T10:58:40.671700+00:00,2026-09-01T18:58:42.121266+00:00,4,,,,,0,,,,0,0,87,URL_DETTAGLIO,VENDITA
10f448c52b0b0d4842df,San Didero,Strada Gaudietti 5,Strada Gaudietti,altro,Casa bifamiliare in Vendita in Strada Gaudietti 5 a San Didero,Casa.it,,https://www.casa.it/immobili/54513600/,USCITO_MERCATO,False,False,2026-08-21T12:20:59.475838+00:00,2026-08-22T17:17:15.502782+00:00,1,,,,,0,,,,0,0,91,INDIRIZZO_ESTRATTO,VENDITA
1faa47bf25b9e1120cda,San Didero,"Strada Gaudietti, 5",Strada Gaudietti,casa indipendente,"Casa indipendente in vendita in Strada Gaudietti, 5, San Didero ...",Idealista,,https://www.idealista.it/immobile/32474874/,USCITO_MERCATO,False,False,2026-09-07T00:44:29.376566+00:00,2026-09-18T17:15:59.825122+00:00,11,,,130.0,,0,,,,0,0,10,INDIRIZZO_ESTRATTO,PRIVATO
8cd4ac8e6e3fce89d0f6,San Didero,"Strada Gaudietti, 5",Strada Gaudietti,villa,"Villetta bifamiliare in vendita in Strada Gaudietti, 5, San Didero ...",Idealista,,https://www.idealista.it/immobile/36389281/,USCITO_MERCATO,False,False,2026-09-07T00:44:29.376549+00:00,2026-09-18T17:15:59.825113+00:00,11,,,,,0,,,,0,0,10,INDIRIZZO_ESTRATTO,VENDITA
ee029a1f01cea47e02f7,San Didero,Strada della Triglia 6,Strada della Triglia,villa,Villa in Vendita in Strada della Triglia 6 a San Didero - Casa.it,Casa.it,,https://www.casa.it/immobili/50869705/,USCITO_MERCATO,False,False,2026-09-16T14:58:05.672568+00:00,2026-09-16T14:58:05.672569+00:00,0,,,,,0,,,,0,0,19,INDIRIZZO_ESTRATTO,VENDITA
9664580af8c5fbbeaee4,San Didero,"Via A. Abegg, 1",Via A. Abegg,appartamento,"Appartamento in vendita in Via A. Abegg, 1, San Didero - idealista",Idealista,,https://www.idealista.it/immobile/32712877/,USCITO_MERCATO,False,False,2026-09-18T17:15:59.825166+00:00,2026-09-18T17:15:59.825167+00:00,0,,,120.0,,0,,,,0,0,10,INDIRIZZO_ESTRATTO,VENDITA
72c6fd2078a82af2fd6e,San Didero,"Via Braida, 9",Via Braida,villa,"Villetta bifamiliare in vendita in Via Braida, 9, San Didero ...",Idealista,,https://www.idealista.it/immobile/34233358/,USCITO_MERCATO,False,False,2026-09-07T00:44:29.376572+00:00,2026-09-18T17:15:59.825150+00:00,11,,,365.0,,0,,,,0,0,10,INDIRIZZO_ESTRATTO,PRIVATO
bd98af4ab43ee31d39d8,San Didero,"Via Frassinere, 45",Via Frassinere,casa indipendente,"Casa indipendente in vendita in Via Frassinere, 45, San Didero ...",Idealista,,https://www.idealista.it/immobile/34110757/,USCITO_MERCATO,False,False,2026-09-07T00:44:29.376535+00:00,2026-09-18T17:15:59.825103+00:00,11,,,,,0,,,,0,0,10,INDIRIZZO_ESTRATTO,VENDITA
5c177c274edc626343ed,San Didero,Via Roma 15,Via Roma,casa indipendente,Casa indipendente in Vendita in Via Roma 15 a San Didero,Casa.it,,https://www.casa.it/immobili/49179118/,USCITO_MERCATO,False,False,2026-09-16T14:58:05.672561+00:00,2026-09-16T14:58:05.672562+00:00,0,,,,,0,,,,0,0,19,INDIRIZZO_ESTRATTO,VENDITA
31343de624d175b5b4eb,San Didero,Via Roma 34,Via Roma,terreno,Magazzino All'asta In Via Roma 34 - 10050 San Didero (TO),Capannoni logistica,,https://www.immobiliallasta.it/immobili/torino/san-didero/ex8025918/magazzino-all-asta-in-via-roma-34-10050-san-didero-to,USCITO_MERCATO,False,False,2026-08-27T21:04:17.080836+00:00,2026-09-02T16:09:34.325468+00:00,5,10500.0,,,,0,,,,0,0,82,INDIRIZZO_ESTRATTO,ASTA
61015e85f6546f3ffb29,San Didero,"strada della Triglia, 6",strada della Triglia,appartamento,"Appartamento in vendita in strada della Triglia, 6, San Didero ...",Idealista,,https://www.idealista.it/immobile/32712329/,USCITO_MERCATO,False,False,2026-09-07T00:44:29.376560+00:00,2026-09-18T17:15:59.825131+00:00,11,,,330.0,,0,,,,0,0,10,INDIRIZZO_ESTRATTO,VENDITA
4a0f049ae0e10d276402,San Didero,via A. Abegg 38,via A. Abegg,appartamento,Vendita Appartamento San Didero. Bilocale in via A. Abegg 38. Buono ...,Immobiliare.it,,https://www.immobiliare.it/annunci/111808991/,POSSIBILE_USCITA,False,False,2026-08-27T21:04:17.080854+00:00,2026-09-19T20:30:44.818432+00:00,22,,,,,0,,,,0,0,4,INDIRIZZO_ESTRATTO,VENDITA
57344b5e3d3bac91b40a,San Didero,"via A. Abegg, 38",via A. Abegg,appartamento,"Monolocale in vendita in via A. Abegg, 38, San Didero - idealista",Idealista,,https://www.idealista.it/immobile/31486739/,USCITO_MERCATO,False,False,2026-09-07T00:44:29.376578+00:00,2026-09-07T00:44:29.376580+00:00,0,,,70.0,,0,,,,0,0,59,INDIRIZZO_ESTRATTO,VENDITA
28894274f36c5d7ffc13,San Didero,via A.Abegg 1,via A.Abegg,villa,"Vendita Villa bifamiliare in via A.Abegg 1 San Didero. Nuova, posto ...",Immobiliare.it,,https://www.immobiliare.it/annunci/124218381/,TRACKED,True,False,2026-08-27T21:04:17.080867+00:00,2026-09-20T06:08:00.347405+00:00,23,,,,,0,,,,0,0,1,INDIRIZZO_ESTRATTO,"PRIVATO,CANTIERE"
0be582af70680ad85327,San Didero,via Augusto Abegg 5b,via Augusto Abegg,villa,Vendita Villa bifamiliare in via Augusto Abegg 5b San Didero. Nuova ...,Immobiliare.it,,https://www.immobiliare.it/annunci/124448323/,TRACKED,True,False,2026-08-27T21:04:17.080849+00:00,2026-09-20T11:10:13.480559+00:00,23,,,,,0,,,,0,0,0,INDIRIZZO_ESTRATTO,VENDITA
6021e8ed9ebc0b9245ed,San Didero,via Braida 18,via Braida,villa,Vendita Villa bifamiliare in via Braida 18 San Didero. Buono stato ...,Immobiliare.it,,https://www.immobiliare.it/annunci/119867038/,TRACKED,True,False,2026-09-01T20:55:16.173909+00:00,2026-09-20T06:08:00.347421+00:00,18,,,,,0,,,,0,0,1,INDIRIZZO_ESTRATTO,VENDITA
689a865bcff9be6ed3a5,San Didero,via Braida 9,via Braida,villa,Vendita Villa bifamiliare in via Braida 9 San Didero. Buono stato ...,Immobiliare.it,,https://www.immobiliare.it/annunci/113302205/,TRACKED,True,False,2026-08-27T21:04:17.080877+00:00,2026-09-20T06:08:00.347416+00:00,23,,,,,0,,,,0,0,1,INDIRIZZO_ESTRATTO,VENDITA
a49e5dc15092bb5802db,San Didero,via Braida. Nuovo,via Braida. Nuovo,appartamento,Vendita Appartamento San Didero. Quadrilocale in via Braida. Nuovo ...,Immobiliare.it,,https://www.immobiliare.it/annunci/99607084/,USCITO_MERCATO,False,False,2026-09-02T12:02:41.370905+00:00,2026-09-18T01:22:44.227197+00:00,15,,,90.0,,0,,,,0,0,11,INDIRIZZO_ESTRATTO,VENDITA
26151d7caf1093a7351b,San Didero,"via Frassinere, 43",via Frassinere,villa,"Villetta bifamiliare in vendita in via Frassinere, 43, San Didero ...",Idealista,,https://www.idealista.it/immobile/31471148/,USCITO_MERCATO,False,False,2026-09-18T17:15:59.825160+00:00,2026-09-18T17:15:59.825161+00:00,0,,,,,0,,,,0,0,10,INDIRIZZO_ESTRATTO,VENDITA
6cf4476129bd7aa6f907,San Didero,via Maometto 6,via Maometto,appartamento,Vendita Appartamento San Didero. Quadrilocale in via Maometto 6. Ottimo ...,Immobiliare.it,,https://www.immobiliare.it/annunci/115306899/,USCITO_MERCATO,False,False,2026-09-06T09:36:38.464047+00:00,2026-09-10T21:45:03.419758+00:00,4,,,,,0,,,,0,0,42,INDIRIZZO_ESTRATTO,PRIVATO
64d4d39702480d35a056,San Gillio,,,appartamento,Annunci case e appartamenti in vendita e in affitto - Tecnocasa.it,Tecnocasa,,https://www.tecnocasa.it/vendita/appartamenti/torino/san-gillio/61266270.html,USCITO_MERCATO,False,False,2026-09-08T21:57:25.796729+00:00,2026-09-08T21:57:25.796731+00:00,0,,,,,0,,,,0,0,53,URL_DETTAGLIO_PORTALE,"AGENZIA,LOCAZIONE"
776e6971efd01e8f23b1,San Gillio,,,commerciale,CAPANNONE A SAN GILLIO - Subito,Subito privati,,https://www.subito.it/uffici-locali-commerciali/capannone-a-san-gillio-torino-639437685.htm,POSSIBILE_USCITA,False,False,2026-09-08T06:35:04.158983+00:00,2026-09-19T20:30:44.818476+00:00,11,,,500.0,,0,,,,0,0,4,URL_DETTAGLIO,VENDITA
071ef4485cb1085f954b,San Gillio,,,rustico/casale,Vendita Rustico in via Valdellatorre 91 San Gillio. Da ristrutturare ...,Immobiliare.it,,https://www.immobiliare.it/annunci/129143018/,USCITO_MERCATO,False,False,2026-09-14T22:36:38.494836+00:00,2026-09-14T22:36:38.494838+00:00,0,,,,,0,,,,0,0,24,URL_DETTAGLIO_PORTALE,VENDITA
dc5b36337bb666073312,San Gillio,"Via Alfieri, 35",Via Alfieri,appartamento,"Appartamento in vendita in Via Alfieri, 35, San Gillio - idealista",Idealista,,https://www.idealista.it/immobile/35499245/,USCITO_MERCATO,False,False,2026-09-18T01:22:44.227290+00:00,2026-09-18T01:22:44.227291+00:00,0,,,,,0,,,,0,0,11,INDIRIZZO_ESTRATTO,VENDITA
54a2358e43688e831220,San Gillio,"Via Alfieri, 49",Via Alfieri,villa,"Villa in vendita in Via Alfieri, 49, San Gillio - idealista",Idealista,,https://www.idealista.it/immobile/34281037/,USCITO_MERCATO,False,False,2026-09-13T14:26:02.556890+00:00,2026-09-18T01:22:44.227232+00:00,4,,,,,0,,,,0,0,11,INDIRIZZO_ESTRATTO,VENDITA
59878da3ecdfab1f365b,San Gillio,"Via Alfieri, 43",Via Alfieri,villa,"Villa in vendita in Via Alfieri, 43, San Gillio - idealista",Idealista,,https://www.idealista.it/immobile/34770217/,USCITO_MERCATO,False,False,2026-09-13T14:26:02.556902+00:00,2026-09-18T01:22:44.227267+00:00,4,,,300.0,,0,,,,0,0,11,INDIRIZZO_ESTRATTO,VENDITA
5f143d2a2821f03c75f7,San Gillio,Via Alfieri,Via Alfieri,villa,"Villa in vendita in Via Alfieri, San Gillio — idealista, N.1 in Italia",Idealista,,https://www.idealista.it/immobile/31977577/,USCITO_MERCATO,False,False,2026-09-13T14:26:02.556878+00:00,2026-09-18T01:22:44.227260+00:00,4,,,,,0,,,,0,0,11,INDIRIZZO_ESTRATTO,VENDITA
fc6f965598ba712e0d13,San Gillio,"Via Alfieri, 49",Via Alfieri,villa,"Villa in vendita in Via Alfieri, 49, San Gillio - idealista",Idealista,,https://www.idealista.it/immobile/32270837/,USCITO_MERCATO,False,False,2026-09-13T14:26:02.556896+00:00,2026-09-18T01:22:44.227252+00:00,4,,,,,0,,,,0,0,11,INDIRIZZO_ESTRATTO,VENDITA
fdbebb80d0cc4b15cfb3,San Gillio,Via Alfieri,Via Alfieri,villa,"Villa in vendita in Via Alfieri, San Gillio — idealista, N.1 in Italia",Idealista,,https://www.idealista.it/immobile/34232214/,USCITO_MERCATO,False,False,2026-09-13T14:26:02.556871+00:00,2026-09-18T01:22:44.227240+00:00,4,,,,,0,,,,0,0,11,INDIRIZZO_ESTRATTO,VENDITA
dc61e6496c276a32bf06,San Gillio,"Via Petrarca, 6",Via Petrarca,villa,"Villetta bifamiliare in vendita in Via Petrarca, 6, San Gillio ...",Idealista,,https://www.idealista.it/immobile/36209427/,USCITO_MERCATO,False,False,2026-09-13T14:26:02.556914+00:00,2026-09-18T01:22:44.227282+00:00,4,,,250.0,,0,,,,0,0,11,INDIRIZZO_ESTRATTO,VENDITA
95354e985ef1a698401b,San Gillio,"Via Silvio Pellico, 5",Via Silvio Pellico,villa,"Villa in vendita in Via Silvio Pellico, 5, San Gillio - idealista",Idealista,,https://www.idealista.it/immobile/33913262/,POSSIBILE_USCITA,False,False,2026-09-08T18:39:29.645600+00:00,2026-09-19T20:30:44.818442+00:00,11,,,,,0,,,,0,0,4,INDIRIZZO_ESTRATTO,VENDITA
a7c42a318c717018c85c,San Gillio,"Via Silvio Pellico, 17",Via Silvio Pellico,villa,"Villa in vendita in Via Silvio Pellico, 17, San Gillio - idealista",Idealista,,https://www.idealista.it/immobile/35755605/,USCITO_MERCATO,False,False,2026-09-08T06:35:04.158957+00:00,2026-09-18T01:22:44.227225+00:00,9,,,,,0,,,,0,0,11,INDIRIZZO_ESTRATTO,VENDITA
fa3b0cf47358b4885699,San Gillio,"Via Val della Torre, 27",Via Val della Torre,villa,"Villa in vendita in Via Val della Torre, 27, San Gillio - idealista",Idealista,,https://www.idealista.it/immobile/35951262/,USCITO_MERCATO,False,False,2026-09-13T14:26:02.556884+00:00,2026-09-18T01:22:44.227274+00:00,4,,,,,0,,,,0,0,11,INDIRIZZO_ESTRATTO,VENDITA
fedf10e038a30d0005fc,San Gillio,strada pianezza,strada pianezza,villa,"Immobile Villa in strada pianezza, San Gillio (TO) 360.000 €, 270 m², 3 ...",Mercato residenziale,,https://www.gabetti.it/vendita/san-gillio/villa/3337285,USCITO_MERCATO,False,False,2026-09-12T19:18:03.778633+00:00,2026-09-12T19:18:03.778634+00:00,0,360000.0,,270.0,1333.33,0,,,,0,0,33,INDIRIZZO_ESTRATTO,AGENZIA
8b946239a70a0b525d00,San Gillio,via Pietro Micca. San Gillio. Buono stato,via Pietro Micca. San Gillio. Buono stato,villa,Vendita Appartamento in via Pietro Micca. San Gillio. Buono stato ...,Immobiliare.it,,https://www.immobiliare.it/annunci/130605034/,USCITO_MERCATO,False,False,2026-09-14T22:36:38.494813+00:00,2026-09-14T22:36:38.494814+00:00,0,,,120.0,,0,,,,0,0,24,INDIRIZZO_ESTRATTO,VENDITA
ed504ff11e87e6434dcf,San Gillio,"via Silvio Pellico, 17",via Silvio Pellico,villa,"Vendita Villa bifamiliare in via Silvio Pellico, 17 San Gillio. Buono ...",Immobiliare.it,,https://www.immobiliare.it/annunci/129198718/,USCITO_MERCATO,False,False,2026-09-14T22:36:38.494806+00:00,2026-09-14T22:36:38.494808+00:00,0,,,,,0,,,,0,0,24,INDIRIZZO_ESTRATTO,VENDITA
bb594e1fbc2e5d1bc550,San Gillio,"via Val della Torre, 74",via Val della Torre,villa,"Villa in vendita in via Val della Torre, 74, San Gillio - idealista",Idealista,,https://www.idealista.it/immobile/32219583/,USCITO_MERCATO,False,False,2026-09-13T14:26:02.556908+00:00,2026-09-13T14:26:02.556910+00:00,0,,,,,0,,,,0,0,31,INDIRIZZO_ESTRATTO,VENDITA
c63f80b6ecb5b5581d3e,San Gillio,via vignati 14,via vignati,appartamento,Vendita Appartamento San Gillio. Quadrilocale in via vignati 14. Ottimo ...,Immobiliare.it,,https://www.immobiliare.it/annunci/132190986/,USCITO_MERCATO,False,False,2026-09-10T18:28:14.182102+00:00,2026-09-11T09:00:35.958736+00:00,0,,,,,0,,,,0,0,41,INDIRIZZO_ESTRATTO,VENDITA
917eabe8753380f22db1,San Giorio,,,villa,Villetta bifamiliare in vendita a San Giorio di Susa,Idealista,,https://www.idealista.it/immobile/36448252/,TRACKED,True,False,2026-08-22T17:17:15.502787+00:00,2026-08-23T17:16:38.787052+00:00,28,34500.0,,,,0,,,,0,0,2,URL_DETTAGLIO_PORTALE,VENDITA
4e14a2943fc7ce9aa98e,San Giorio,borgata Malpasso,borgata Malpasso,commerciale,"Capannone borgata Malpasso, San Giorio di Susa, Rif. 129015964 ...",Immobiliare.it,,https://www.immobiliare.it/annunci/129015964/,TRACKED,True,False,2026-08-28T05:06:35.531295+00:00,2026-09-02T16:09:34.325539+00:00,23,,,,,0,,,,0,0,0,INDIRIZZO_ESTRATTO,VENDITA
2c678b2fc302d26fbddc,San Giorio di Susa,,,altro,"30 appartamentos genova corso in vendita a Martinetti, San ... - Trovit",Trovit,,https://case.trovit.it/appartamento-genova-corso-martinetti,USCITO_MERCATO,False,False,2026-09-11T17:53:32.668836+00:00,2026-09-11T17:53:32.668837+00:00,0,49000.0,,,,0,,,,0,0,39,INDIRIZZO_NEL_TITOLO,VENDITA
4982563453e9ec17cd34,San Giorio di Susa,,,altro,"8 appartamentos genova corso giardino in vendita a Martinetti, San ...",Trovit,,https://case.trovit.it/appartamento-genova-corso-martinetti-giardino,USCITO_MERCATO,False,False,2026-09-11T17:53:32.668843+00:00,2026-09-11T17:53:32.668845+00:00,0,99000.0,,,,0,,,,0,0,39,INDIRIZZO_NEL_TITOLO,VENDITA
756c81ec588efbd29e0a,San Giorio di Susa,,,appartamento,Annunci case e appartamenti in vendita e in affitto - Tecnocasa.it,Tecnocasa,,https://www.tecnocasa.it/vendita/appartamenti/torino/san-giorio-di-susa/61265033.html,USCITO_MERCATO,False,False,2026-09-05T09:19:10.297557+00:00,2026-09-08T06:35:04.159032+00:00,2,,,,,0,,,,0,0,56,URL_DETTAGLIO_PORTALE,"AGENZIA,LOCAZIONE"
9d1eedea4c0235db2884,San Giorio di Susa,,,appartamento,Via Susa Torino - 984 case in vendita in Torino de Nuroa.it,Mercato residenziale,,https://www.nuroa.it/vendita-immobili/via-susa-torino,USCITO_MERCATO,False,False,2026-09-10T11:09:38.639111+00:00,2026-09-10T11:09:38.639113+00:00,0,22000.0,,,,0,,,,0,0,45,INDIRIZZO_NEL_TITOLO,VENDITA
8592979faded0397bf93,San Giorio di Susa,,,rustico/casale,Vendita Rustico in via Carlo Carli 77 San Giorio di Susa. Da ...,Immobiliare.it,,https://www.immobiliare.it/annunci/123612265/,POSSIBILE_USCITA,False,False,2026-09-01T20:55:16.174036+00:00,2026-09-19T23:00:29.358872+00:00,18,,,,,0,,,,0,0,3,URL_DETTAGLIO_PORTALE,VENDITA
45c7ebde349c55003496,San Giorio di Susa,"Via Carlo Carli, 39",Via Carlo Carli,casa indipendente,"Casa indipendente in vendita in Via Carlo Carli, 39, San ... - idealista",Idealista,,https://www.idealista.it/immobile/25577570/,RELISTED,True,False,2026-09-02T12:02:41.371007+00:00,2026-09-20T01:04:10.803311+00:00,17,,,,,0,,,,0,0,2,INDIRIZZO_ESTRATTO,VENDITA
cb25817dc261161b4fe5,San Giorio di Susa,Via Carlo Carli s.n.c,Via Carlo Carli s.n.c,villa,"Villa in vendita in Via Carlo Carli s.n.c, San Giorio di Susa ...",Idealista,,https://www.idealista.it/immobile/33166617/,RELISTED,True,False,2026-09-17T20:20:41.892138+00:00,2026-09-20T01:04:10.803319+00:00,2,,,,,0,,,,0,0,2,INDIRIZZO_ESTRATTO,VENDITA
ea02c00dc18cb56051a2,San Giorio di Susa,"Via Combattenti, 17",Via Combattenti,villa,"Villa in vendita in Via Combattenti, 17 - idealista",Idealista,,https://www.idealista.it/immobile/35924204/,USCITO_MERCATO,False,False,2026-09-02T12:02:41.370999+00:00,2026-09-17T20:20:41.892115+00:00,15,,,,,0,,,,0,0,13,INDIRIZZO_ESTRATTO,VENDITA
202583f2751a362b047a,San Giorio di Susa,Via Susa 2,Via Susa,appartamento,"Appartamento in vendita Via Susa 2, San Giorio di Susa",Mercato residenziale,,https://www.attico.it/immobile-appartamento-piemonte-san-giorio-di-susa-54636207/,USCITO_MERCATO,False,False,2026-09-02T12:02:41.370938+00:00,2026-09-05T00:56:52.328649+00:00,2,,,110.0,,0,,,,0,0,73,INDIRIZZO_ESTRATTO,VENDITA
6ba1c9743bce9f652630,San Giorio di Susa,"Via Susa, 2",Via Susa,appartamento,"Quadrilocale in vendita in Via Susa, 2 - idealista",Idealista,,https://www.idealista.it/immobile/35043964/,RELISTED,True,False,2026-09-02T12:02:41.371003+00:00,2026-09-20T01:04:10.803304+00:00,17,,,110.0,,0,,,,0,0,2,INDIRIZZO_ESTRATTO,VENDITA
bf5f5ed534bd43fd4505,San Giorio di Susa,"Via Susa, 2",Via Susa,appartamento,"Quadrilocale in vendita in Via Susa, 2, San Giorio di Susa — idealista ...",Idealista,,https://www.idealista.it/immobile/36679117/,USCITO_MERCATO,False,False,2026-09-03T18:47:06.319396+00:00,2026-09-06T22:17:30.167017+00:00,3,,,110.0,,0,,,,0,0,60,INDIRIZZO_ESTRATTO,VENDITA
d1f5d542c35be47ccf11,San Giorio di Susa,"Via Susa, 2",Via Susa,appartamento,"Trilocale in vendita in Via Susa, 2, San Giorio di Susa — idealista, N ...",Idealista,,https://www.idealista.it/immobile/36693249/,USCITO_MERCATO,False,False,2026-09-04T00:12:37.947430+00:00,2026-09-07T10:14:01.141412+00:00,3,42000.0,,66.0,636.36,0,,,,0,0,57,INDIRIZZO_ESTRATTO,VENDITA
a214ac4f87406cf811a4,San Giorio di Susa,frazione Città San Giorio di Susa. Buono,frazione Città San Giorio di Susa. Buono,villa,Vendita Villa unifamiliare in frazione Città San Giorio di Susa. Buono ...,Immobiliare.it,,https://www.immobiliare.it/annunci/64042064/,RELISTED,True,False,2026-08-28T10:58:40.671829+00:00,2026-09-20T01:04:10.803257+00:00,23,,,,,0,,,,0,0,2,INDIRIZZO_ESTRATTO,PRIVATO
31af8d624d0601932f18,San Giorio di Susa,frazione Martinetti 57,frazione Martinetti,casa indipendente,Vendita Terratetto unifamiliare in frazione Martinetti 57 San Giorio di ...,Immobiliare.it,,https://www.immobiliare.it/annunci/109968905/,POSSIBILE_USCITA,False,False,2026-09-05T23:10:34.872723+00:00,2026-09-19T23:00:29.358883+00:00,13,,,,,0,,,,0,0,3,INDIRIZZO_ESTRATTO,VENDITA
80b9032310a2cc435397,San Giorio di Susa,frazione Martinetti 58,frazione Martinetti,casa indipendente,Vendita Terratetto unifamiliare in frazione Martinetti 58 San Giorio di ...,Immobiliare.it,,https://www.immobiliare.it/annunci/126930999/,POSSIBILE_USCITA,False,False,2026-09-19T06:11:00.697480+00:00,2026-09-19T23:00:29.358861+00:00,0,,,,,0,,,,0,0,3,INDIRIZZO_ESTRATTO,VENDITA
7247bba4fd486549b186,San Giorio di Susa,via Carlo,via Carlo,appartamento,Vendita Appartamento San Giorio di Susa. Quadrilocale in via Carlo ...,Immobiliare.it,,https://www.immobiliare.it/annunci/87541358/,USCITO_MERCATO,False,False,2026-09-05T23:10:34.872700+00:00,2026-09-05T23:10:34.872701+00:00,0,,,,,0,,,,0,0,67,INDIRIZZO_ESTRATTO,VENDITA
a48bf4655041467311e4,San Giorio di Susa,via Carlo,via Carlo,appartamento,Vendita Appartamento San Giorio di Susa. Quadrilocale in via Carlo ...,Immobiliare.it,,https://www.immobiliare.it/annunci/119275725/,TRACKED,True,False,2026-08-28T10:58:40.671835+00:00,2026-09-20T11:10:13.480630+00:00,23,,,,,0,,,,0,0,0,INDIRIZZO_ESTRATTO,VENDITA
483b5776340786bdc3e9,San Giorio di Susa,via Carlo Carli,via Carlo Carli,appartamento,Vendita Appartamento San Giorio di Susa. Trilocale in via Carlo Carli ...,Immobiliare.it,,https://www.immobiliare.it/annunci/87529370/,TRACKED,True,False,2026-08-28T10:58:40.671823+00:00,2026-09-20T11:10:13.480605+00:00,23,,,,,0,,,,0,0,0,INDIRIZZO_ESTRATTO,VENDITA
9b34067e8c377363dcc0,San Giorio di Susa,via Carlo Carli,via Carlo Carli,appartamento,Vendita Appartamento San Giorio di Susa. Trilocale in via Carlo Carli ...,Immobiliare.it,,https://www.immobiliare.it/annunci/123436821/,USCITO_MERCATO,False,False,2026-09-01T18:58:42.121356+00:00,2026-09-15T18:17:59.373456+00:00,13,,,,,0,,,,0,0,21,INDIRIZZO_ESTRATTO,VENDITA
c094a757e9aaa42d8f3c,San Giorio di Susa,via Carlo Carli 166,via Carlo Carli,appartamento,Vendita Appartamento in via Carlo Carli 166. San Giorio di Susa. Buono ...,Immobiliare.it,,https://www.immobiliare.it/annunci/106409325/,RELISTED,True,False,2026-09-01T23:36:27.691950+00:00,2026-09-20T01:04:10.803290+00:00,18,,,,,0,,,,0,0,2,INDIRIZZO_ESTRATTO,VENDITA
dd2a4977257d6afd70f4,San Giorio di Susa,via Carlo Carli,via Carlo Carli,appartamento,Vendita Appartamento San Giorio di Susa. Trilocale in via Carlo Carli ...,Immobiliare.it,,https://www.immobiliare.it/annunci/123308807/,TRACKED,True,False,2026-09-01T18:58:42.121433+00:00,2026-09-20T01:04:10.803298+00:00,18,,,,,0,,,,0,0,2,INDIRIZZO_ESTRATTO,VENDITA
46419d5a68abe765e187,San Giorio di Susa,via Carlo Carli 39,via Carlo Carli,casa indipendente,Vendita Casale in via Carlo Carli 39 San Giorio di Susa. Buono stato ...,Immobiliare.it,,https://www.immobiliare.it/annunci/98371432/,USCITO_MERCATO,False,False,2026-09-05T23:10:34.872716+00:00,2026-09-18T19:44:01.663704+00:00,12,,,,,0,,,,0,0,9,INDIRIZZO_ESTRATTO,VENDITA
c472fd46f0c43982154c,San Giorio di Susa,"via Carlo Carli, 44",via Carlo Carli,villa,"Villetta bifamiliare in vendita in via Carlo Carli, 44 - idealista",Idealista,,https://www.idealista.it/immobile/31602163/,RELISTED,True,False,2026-09-02T12:02:41.371011+00:00,2026-09-20T01:04:10.803327+00:00,17,,,,,0,,,,0,0,2,INDIRIZZO_ESTRATTO,VENDITA
6739c7ff38dec5292836,San Giorio di Susa,via Carlo Carli San Giorio di Susa,via Carlo Carli San Giorio di Susa,villa,Vendita Villa unifamiliare in via Carlo Carli San Giorio di Susa ...,Immobiliare.it,,https://www.immobiliare.it/annunci/121674246/,TRACKED,True,False,2026-08-28T10:58:40.671776+00:00,2026-09-20T11:10:13.480586+00:00,23,,,,,0,,,,0,0,0,INDIRIZZO_ESTRATTO,VENDITA
cd34f667671a335deae4,San Giorio di Susa,via Combattenti,via Combattenti,appartamento,Vendita Appartamento San Giorio di Susa. Trilocale in via Combattenti ...,Immobiliare.it,,https://www.immobiliare.it/annunci/127949974/,TRACKED,True,False,2026-08-28T10:58:40.671801+00:00,2026-09-20T11:10:13.480611+00:00,23,,,,,0,,,,0,0,0,INDIRIZZO_ESTRATTO,VENDITA
3fcac1f4b3ad38bb19a2,San Giorio di Susa,via Don Cesare,via Don Cesare,appartamento,Vendita Appartamento San Giorio di Susa. Trilocale in via Don Cesare ...,Immobiliare.it,,https://www.immobiliare.it/annunci/131920534/,USCITO_MERCATO,False,False,2026-09-04T00:12:37.947462+00:00,2026-09-05T23:10:34.872706+00:00,1,,,94.0,,0,,,,0,0,67,INDIRIZZO_ESTRATTO,VENDITA
d05dc4dec4d2979a4496,San Giorio di Susa,via Don Cesare,via Don Cesare,appartamento,Vendita Appartamento San Giorio di Susa. Trilocale in via Don Cesare ...,Immobiliare.it,,https://www.immobiliare.it/annunci/103299940/,TRACKED,True,False,2026-08-28T10:58:40.671817+00:00,2026-09-20T11:10:13.480636+00:00,23,,,,,0,,,,0,0,0,INDIRIZZO_ESTRATTO,VENDITA
01d41e4047eedb4e38c4,San Giorio di Susa,via Don Cesare Martinetti,via Don Cesare Martinetti,appartamento,Appartamento in vendita a San Giorio di Susa via Don Cesare Martinetti ...,TrovaCasa privati,,https://www.trovacasa.it/annunci/to-tc-75697-72872337,USCITO_MERCATO,False,False,2026-09-01T20:55:16.173949+00:00,2026-09-02T07:11:25.327041+00:00,0,,,94.0,,0,,,,0,0,84,INDIRIZZO_ESTRATTO,VENDITA
e7527703789aa88df27d,San Giorio di Susa,via Don Cesare Martinetti 20,via Don Cesare Martinetti,villa,Vendita Villa bifamiliare in via Don Cesare Martinetti 20 San Giorio di ...,Immobiliare.it,,https://www.immobiliare.it/annunci/118363055/,TRACKED,True,False,2026-08-28T10:58:40.671807+00:00,2026-09-20T11:10:13.480617+00:00,23,,,,,0,,,,0,0,0,INDIRIZZO_ESTRATTO,PRIVATO
c01d881a671875099a80,San Giorio di Susa,via Francesco,via Francesco,appartamento,Vendita Appartamento San Giorio di Susa. Quadrilocale in via Francesco ...,Immobiliare.it,,https://www.immobiliare.it/annunci/74792238/,POSSIBILE_USCITA,False,False,2026-09-05T00:56:52.328717+00:00,2026-09-19T23:00:29.358895+00:00,14,38000.0,,75.0,506.67,0,,,,0,0,3,INDIRIZZO_ESTRATTO,VENDITA
38616ec4eea71d8d7d3a,San Giorio di Susa,via Susa 2,via Susa,appartamento,Vendita Appartamento San Giorio di Susa. Trilocale in via Susa 2. Buono ...,Immobiliare.it,,https://www.immobiliare.it/annunci/132120648/,TRACKED,True,False,2026-09-07T10:14:01.141470+00:00,2026-09-20T11:10:13.480598+00:00,13,,,,,0,,,,0,0,0,INDIRIZZO_ESTRATTO,VENDITA
a01e658059ac91bc7996,San Giorio di Susa,via Susa 2,via Susa,appartamento,Vendita Appartamento San Giorio di Susa. Quadrilocale in via Susa 2 ...,Immobiliare.it,,https://www.immobiliare.it/annunci/127240045/,TRACKED,True,False,2026-08-28T10:58:40.671783+00:00,2026-09-20T11:10:13.480592+00:00,23,,,,,0,,,,0,0,0,INDIRIZZO_ESTRATTO,VENDITA
d49613cfdccd2ba0a7e6,San Giorio di Susa,via Susa 4,via Susa,appartamento,Vendita Appartamento San Giorio di Susa. Trilocale in via Susa 4. Buono ...,Immobiliare.it,,https://www.immobiliare.it/annunci/109984677/,USCITO_MERCATO,False,False,2026-09-10T05:58:05.662982+00:00,2026-09-10T05:58:05.662983+00:00,0,,,,,0,,,,0,0,46,INDIRIZZO_ESTRATTO,VENDITA
a3d320635aa514cc4f7a,San Giorio di Susa,via Susa 5,via Susa,villa,Vendita Villa unifamiliare in via Susa 5 San Giorio di Susa. Ottimo ...,Immobiliare.it,,https://www.immobiliare.it/annunci/85451518/,RELISTED,True,False,2026-09-01T23:36:27.691931+00:00,2026-09-20T01:04:10.803277+00:00,18,,,,,0,,,,0,0,2,INDIRIZZO_ESTRATTO,PRIVATO
a9d142bb3b922faec580,San Giorio di Susa,via Walter Fontan,via Walter Fontan,appartamento,Vendita Appartamento San Giorio di Susa. Trilocale in via Walter Fontan ...,Immobiliare.it,,https://www.immobiliare.it/annunci/100790439/,TRACKED,True,False,2026-09-01T23:36:27.691962+00:00,2026-09-20T11:10:13.480642+00:00,18,,,,,0,,,,0,0,0,INDIRIZZO_ESTRATTO,VENDITA
da7a61ba50b029a1cefb,San Giorio di Susa,via carlo carli 156,via carlo carli,villa,Vendita Villa unifamiliare in via carlo carli 156 San Giorio di Susa ...,Immobiliare.it,,https://www.immobiliare.it/annunci/112138893/,POSSIBILE_USCITA,False,False,2026-08-28T10:58:40.671789+00:00,2026-09-19T18:06:37.668433+00:00,22,,,,,0,,,,0,0,5,INDIRIZZO_ESTRATTO,VENDITA
43aafa4389aecbbffc38,San Giorio di Susa,via susa 2,via susa,appartamento,Vendita Appartamento San Giorio di Susa. Quadrilocale in via susa 2 ...,Immobiliare.it,,https://www.immobiliare.it/annunci/128602518/,TRACKED,True,False,2026-08-28T10:58:40.671795+00:00,2026-09-20T11:10:13.480624+00:00,23,,,,,0,,,,0,0,0,INDIRIZZO_ESTRATTO,VENDITA
c8565929e6671f76d656,San Valeriano,,,appartamento,"Asta per appartamento, San Valeriano Robbio - Immobiliare.it",Immobiliare.it,,https://www.immobiliare.it/annunci/98818816/,TRACKED,True,False,2026-09-02T07:11:25.327192+00:00,2026-09-07T10:14:01.141555+00:00,18,,,,,0,,,,0,0,0,URL_DETTAGLIO_PORTALE,ASTA
cba65d17ed07e2d30431,San Valeriano,,,appartamento,Subito - TECNOCASA - STUDIO SVILUPPO SAS - 3 LOCALI A BORGONE SUSA ...,Subito privati,,https://www.subito.it/appartamenti/3-locali-a-borgone-susa-torino-659201345.htm,TRACKED,True,False,2026-09-02T07:11:25.327135+00:00,2026-09-07T04:45:03.057440+00:00,18,,,,,0,,,,0,0,1,URL_DETTAGLIO,"PRIVATO,AGENZIA,LOCAZIONE"
21f7a066ba16c992b228,San Valeriano,,,casa indipendente,Case e appartamenti a Via San Valeriano. Immobili in vendita ... - Nestoria,Nestoria,,https://www.nestoria.it/immobiliare/vendita/via-san-valeriano,USCITO_MERCATO,False,False,2026-09-05T00:56:52.328732+00:00,2026-09-06T00:53:48.288324+00:00,0,,,147.0,,0,,,,0,0,9,INDIRIZZO_NEL_TITOLO,VENDITA
ffb408f2dd47ca1a330c,San Valeriano,via Montenero 13,via Montenero,terreno,"Terreno edificabile via Montenero 13, Borgone Susa, rif. 106364919 ...",Immobiliare.it,,https://www.immobiliare.it/annunci/106364919/,USCITO_MERCATO,False,False,2026-08-27T21:04:17.080925+00:00,2026-08-27T21:04:17.080926+00:00,0,,,,,0,,,,0,0,33,INDIRIZZO_ESTRATTO,PRIVATO
207906de7ca36bb68b7b,San Valeriano,via Ponte Dora 7,via Ponte Dora,appartamento,Vendita Appartamento Borgone Susa. Bilocale in via Ponte Dora 7. Nuovo ...,Immobiliare.it,,https://www.immobiliare.it/annunci/109382193/,USCITO_MERCATO,False,False,2026-09-02T16:09:34.325620+00:00,2026-09-02T16:09:34.325621+00:00,0,,,,,0,,,,0,0,25,INDIRIZZO_ESTRATTO,CANTIERE
50ef1f3c09dc9236594a,San Valeriano,via San Valeriano 20,via San Valeriano,appartamento,"Appartamento all'asta via San Valeriano 20, Robbio",Immobiliare.it,,https://www.immobiliare.it/annunci/105830053/,USCITO_MERCATO,False,False,2026-09-02T07:11:25.327199+00:00,2026-09-06T04:45:18.784308+00:00,3,17297.0,,,,0,,,,0,0,8,INDIRIZZO_ESTRATTO,ASTA
9af2821f9a8356492686,San Valeriano,"via San Valeriano, 20",via San Valeriano,appartamento,"Appartamento all'asta via San Valeriano, 20, Robbio",Immobiliare.it,,https://www.immobiliare.it/annunci/105614909/,TRACKED,True,False,2026-08-27T21:04:17.080909+00:00,2026-09-07T10:14:01.141548+00:00,23,,,,,0,,,,0,0,0,INDIRIZZO_ESTRATTO,ASTA
9d688a5e5187bd47a639,San Valeriano,via San Valeriano 20,via San Valeriano,appartamento,"Appartamento all'asta via San Valeriano 20, Robbio",Immobiliare.it,,https://www.immobiliare.it/annunci/110410465/,USCITO_MERCATO,False,False,2026-09-02T12:02:41.371039+00:00,2026-09-06T04:45:18.784292+00:00,3,,,,,0,,,,0,0,8,INDIRIZZO_ESTRATTO,ASTA
a76fe9053d4fbebf192b,San Valeriano,"via San Valeriano, 20",via San Valeriano,appartamento,"Appartamento all'asta via San Valeriano, 20, Robbio",Immobiliare.it,,https://www.immobiliare.it/annunci/109640477/,USCITO_MERCATO,False,False,2026-09-03T18:47:06.319518+00:00,2026-09-06T04:45:18.784314+00:00,2,,,,,0,,,,0,0,8,INDIRIZZO_ESTRATTO,ASTA
adbc635b662827c103ce,San Valeriano,"via San Valeriano, 20",via San Valeriano,appartamento,"Appartamento all'asta via San Valeriano, 20, Robbio",Immobiliare.it,,https://www.immobiliare.it/annunci/104816493/,TRACKED,True,False,2026-08-27T21:04:17.080914+00:00,2026-09-07T10:14:01.141564+00:00,23,,,,,0,,,,0,0,0,INDIRIZZO_ESTRATTO,ASTA
b6aac835ec5a168f5611,San Valeriano,via San Valeriano 20,via San Valeriano,appartamento,"Appartamento all'asta via San Valeriano 20, Robbio",Immobiliare.it,,https://www.immobiliare.it/annunci/104565399/,TRACKED,True,True,2026-08-27T21:04:17.080919+00:00,2026-09-07T10:14:01.141571+00:00,23,,,,,0,,,,0,0,0,INDIRIZZO_ESTRATTO,"ASTA,STORICO_USCITA"
fb3af95c362426cbd9b3,San Valeriano,"via San Valeriano, 20",via San Valeriano,appartamento,"Appartamento all'asta via San Valeriano, 20, Robbio",Immobiliare.it,,https://www.immobiliare.it/annunci/130353692/,TRACKED,True,False,2026-08-27T21:04:17.080904+00:00,2026-09-07T10:14:01.141542+00:00,23,,,,,0,,,,0,0,0,INDIRIZZO_ESTRATTO,ASTA
ffe4e2adda98fa3480d0,San Valeriano,via San Valeriano 20,via San Valeriano,appartamento,"Appartamento all'asta via San Valeriano 20, Robbio",Immobiliare.it,,https://www.immobiliare.it/annunci/105133149/,USCITO_MERCATO,False,False,2026-09-02T16:09:34.325638+00:00,2026-09-05T09:19:10.297674+00:00,2,,,,,0,,,,0,0,14,INDIRIZZO_ESTRATTO,ASTA
733b1781291638c126b8,San Valeriano,"via San Valeriano ,20","via San Valeriano ,20",appartamento,"Appartamento all'asta via San Valeriano ,20, Robbio",Immobiliare.it,,https://www.immobiliare.it/annunci/105946175/,USCITO_MERCATO,False,False,2026-09-02T12:02:41.371047+00:00,2026-09-03T18:47:06.319508+00:00,1,,,,,0,,,,0,0,24,INDIRIZZO_ESTRATTO,ASTA
de30263087b34b3d505d,San Valeriano,"via San Valeriano ,20","via San Valeriano ,20",appartamento,"Appartamento all'asta via San Valeriano ,20, Robbio",Immobiliare.it,,https://www.immobiliare.it/annunci/110372645/,RELISTED,True,False,2026-09-02T07:11:25.327160+00:00,2026-09-07T00:44:29.376748+00:00,18,,,,,0,,,,0,0,2,INDIRIZZO_ESTRATTO,ASTA
1adb0f67add8046d62af,San Valeriano,via San Valeriano. Buono,via San Valeriano. Buono,appartamento,Vendita Appartamento Robbio. Trilocale in via San Valeriano. Buono ...,Immobiliare.it,,https://www.immobiliare.it/annunci/114133523/,TRACKED,True,False,2026-09-02T07:11:25.327141+00:00,2026-09-07T10:14:01.141533+00:00,18,,,,,0,,,,0,0,0,INDIRIZZO_ESTRATTO,VENDITA
70566c00f59b862721a9,San Valeriano,via ponte dora 7,via ponte dora,appartamento,Vendita Appartamento Borgone Susa. Bilocale in via ponte dora 7. Nuovo ...,Immobiliare.it,,https://www.immobiliare.it/annunci/109382155/,USCITO_MERCATO,False,False,2026-09-02T07:11:25.327154+00:00,2026-09-02T07:11:25.327155+00:00,0,,,,,0,,,,0,0,27,INDIRIZZO_ESTRATTO,CANTIERE
d6373297aedc07de7664,San Valeriano,"via principale del paese e vicina al centro, appartamento al piano terra di 98","via principale del paese e vicina al centro, appartamento al piano terra di",appartamento,Appartamento Borgone Susa - 28 appartamenti in vendita in Borgone Susa ...,Mercato residenziale,,https://www.nuroa.it/vendita-immobili/appartamento-borgone-susa,TRACKED,True,False,2026-09-02T07:11:25.327128+00:00,2026-09-07T10:14:01.141524+00:00,18,87000.0,,,,0,,,,0,0,0,INDIRIZZO_ESTRATTO,VENDITA
67f2efe5c41735fb5e8e,Sangano,,,appartamento,Annunci case e appartamenti in vendita e in affitto - Tecnocasa.it,Tecnocasa,,https://www.tecnocasa.it/vendita/appartamenti/torino/sangano/61263257.html,USCITO_MERCATO,False,False,2026-09-01T18:58:42.121525+00:00,2026-09-01T18:58:42.121527+00:00,0,,,,,0,,,,0,0,30,URL_DETTAGLIO_PORTALE,"AGENZIA,LOCAZIONE"
b643faa708359b9e5248,Sangano,,,appartamento,Subito - Tecnorete - STUDIO SANGANO sas - 4 LOCALI A SANGANO ...,Subito privati,,https://www.subito.it/appartamenti/4-locali-a-sangano-torino-658728639.htm,USCITO_MERCATO,False,False,2026-09-01T20:55:16.174091+00:00,2026-09-02T07:11:25.327236+00:00,0,,,,,0,,,,0,0,27,URL_DETTAGLIO,AGENZIA
6ad47d9b12d36eb1088b,Sangano,,,villa,Villa a schiera in Vendita a Sangano | Euro 429.000 | Mq 182,Tempocasa,,https://tempocasa.it/it/vendita/torino/sangano/villa-a-schiera/16520116,NEW,True,False,2026-09-07T10:14:01.141589+00:00,2026-09-07T10:14:01.141591+00:00,13,429000.0,,182.0,2357.14,0,,,,0,0,0,URL_DETTAGLIO_PORTALE,VENDITA
820b1f16bc4a8723a3aa,Sangano,Via Gino,Via Gino,appartamento,"Immobile Appartamento in Via Gino, Sangano (TO) 210.000 €, 92 m², 3 ...",Mercato residenziale,,https://www.gabetti.it/vendita/sangano/appartamento/3260260,USCITO_MERCATO,False,False,2026-09-01T18:58:42.121499+00:00,2026-09-02T12:02:41.371077+00:00,0,210000.0,,92.0,2282.61,0,,,,0,0,26,INDIRIZZO_ESTRATTO,AGENZIA
36c5c748494170761851,Sangano,piazza Marco Matta 1,piazza Marco Matta,appartamento,Vendita Appartamento Sangano. Quadrilocale in piazza Marco Matta 1 ...,Immobiliare.it,,https://www.immobiliare.it/annunci/132011910/,USCITO_MERCATO,False,False,2026-09-01T18:58:42.121553+00:00,2026-09-02T16:09:34.325695+00:00,0,,,,,0,,,,0,0,25,INDIRIZZO_ESTRATTO,VENDITA
4bca4293a458de89d503,Sangano,via Cuminalunga 13,via Cuminalunga,villa,Vendita Villa unifamiliare in via Cuminalunga 13 Sangano. Buono stato ...,Immobiliare.it,,https://www.immobiliare.it/annunci/132189560/,TRACKED,True,False,2026-09-05T00:56:52.328829+00:00,2026-09-07T10:14:01.141623+00:00,15,,,,,0,,,,0,0,0,INDIRIZZO_ESTRATTO,VENDITA
3c437562488510448a13,Sangano,via Merlino 46,via Merlino,villa,Vendita Villa unifamiliare in via Merlino 46 Sangano. Buono stato ...,Immobiliare.it,,https://www.immobiliare.it/annunci/132202602/,TRACKED,True,False,2026-09-06T09:36:38.464237+00:00,2026-09-07T10:14:01.141630+00:00,14,,,,,0,,,,0,0,0,INDIRIZZO_ESTRATTO,AGENZIA
7edd3132419f6378a85c,Sangano,via Venezia 20A,via Venezia,villa,Vendita Villa bifamiliare in via Venezia 20A Sangano. Buono stato ...,Immobiliare.it,,https://www.immobiliare.it/annunci/102247182/,USCITO_MERCATO,False,False,2026-09-01T18:58:42.121560+00:00,2026-09-06T09:36:38.464242+00:00,4,,,120.0,,0,,,,0,0,7,INDIRIZZO_ESTRATTO,PRIVATO
651308daba8cea9afdfb,Sant'Ambrogio di Torino,,,appartamento,Vendita Appartamento Sant'Ambrogio di Torino. Quadrilocale in via ...,Immobiliare.it,,https://www.immobiliare.it/annunci/121580984/,TRACKED,True,False,2026-09-01T18:58:42.121605+00:00,2026-09-07T10:14:01.141673+00:00,18,,,,,0,,,,0,0,0,URL_DETTAGLIO_PORTALE,VENDITA
695c8b5471b98ca38b52,Sant'Ambrogio di Torino,,,appartamento,Vendita Appartamento Sant'Ambrogio di Torino. Quadrilocale in via ...,Immobiliare.it,,https://www.immobiliare.it/annunci/130183772/,NEW,True,False,2026-09-07T04:45:03.057550+00:00,2026-09-07T04:45:03.057551+00:00,13,,,,,0,,,,0,0,1,URL_DETTAGLIO_PORTALE,PRIVATO
b05b784976c463309ef3,Sant'Ambrogio di Torino,,,appartamento,Vendita Appartamento Sant'Ambrogio di Torino. Trilocale in corso ...,Immobiliare.it,,https://www.immobiliare.it/annunci/126812571/,POSSIBILE_USCITA,False,False,2026-09-01T18:58:42.121596+00:00,2026-09-06T22:17:30.167172+00:00,5,75000.0,,75.0,1000.0,0,,,,0,0,3,URL_DETTAGLIO_PORTALE,VENDITA
c5e2afa8d56c04e7dd0f,Sant'Ambrogio di Torino,,,appartamento,Vendita Appartamento Sant'Ambrogio di Torino. Quadrilocale in via 1 ...,Immobiliare.it,,https://www.immobiliare.it/annunci/125746217/,RELISTED,True,False,2026-09-01T23:36:27.692069+00:00,2026-09-07T04:45:03.057556+00:00,18,,,110.0,,0,,,,0,0,1,URL_DETTAGLIO_PORTALE,VENDITA
ac5562252e9c350a09a8,Sant'Ambrogio di Torino,,,villa,Annunci di case in vendita a Sant'Ambrogio di Torino centro città ...,Bakeca privati,,https://torino.bakeca.it/annunci/vendita-case/luogo/sant%27ambrogio+di+torino/,TRACKED,True,False,2026-09-06T04:45:18.784353+00:00,2026-09-07T04:45:03.057526+00:00,14,134990.0,,166.0,813.19,0,,,,0,0,1,URL_DETTAGLIO_PORTALE,ASTA
af900abb41d227e0bfd8,Sant'Ambrogio di Torino,,,villa,"Vendita Villa a schiera Sant'Ambrogio di Torino. Buono stato, posto ...",Immobiliare.it,,https://www.immobiliare.it/annunci/84072604/,RELISTED,True,False,2026-09-01T18:58:42.121612+00:00,2026-09-07T10:14:01.141679+00:00,18,225000.0,,200.0,1125.0,0,,,,0,0,0,URL_DETTAGLIO_PORTALE,VENDITA
e8a0a8b58c8bcc18046d,Sant'Ambrogio di Torino,Strada Antica di Francia 22,Strada Antica di Francia,villa,Vendita Villa a schiera in Strada Antica di Francia 22 Sant'Ambrogio di ...,Immobiliare.it,,https://www.immobiliare.it/annunci/114664521/,TRACKED,True,False,2026-09-01T18:58:42.121587+00:00,2026-09-07T10:14:01.141666+00:00,18,225000.0,,144.0,1562.5,0,,,,0,0,0,INDIRIZZO_ESTRATTO,VENDITA
d7f5812dc4349e722740,Sant'Ambrogio di Torino,"Via Falconero, 7",Via Falconero,appartamento,"Quadrilocale in vendita in Via Falconero, 7, Sant'Ambrogio di Torino ...",Idealista,,https://www.idealista.it/immobile/34191216/,POSSIBILE_USCITA,False,False,2026-09-05T04:44:03.765213+00:00,2026-09-06T22:17:30.167218+00:00,1,,,,,0,,,,0,0,3,INDIRIZZO_ESTRATTO,VENDITA
8a709837c684350bfdaf,Sant'Ambrogio di Torino,"Via Umberto I, 85",Via Umberto I,altro,"Casa di paese in vendita in Via Umberto I, 85, Sant'Ambrogio di Torino ...",Idealista,,https://www.idealista.it/immobile/32102354/,POSSIBILE_USCITA,False,False,2026-09-05T04:44:03.765193+00:00,2026-09-06T22:17:30.167192+00:00,1,,,,,0,,,,0,0,3,INDIRIZZO_ESTRATTO,VENDITA
293d981fc332ec4485a6,Sant'Ambrogio di Torino,"Via Umberto I, 119/b",Via Umberto I,appartamento,"Trilocale in vendita in Via Umberto I, 119 /b, Sant'Ambrogio di Torino ...",Idealista,,https://www.idealista.it/immobile/34233384/,POSSIBILE_USCITA,False,False,2026-09-05T04:44:03.765206+00:00,2026-09-06T22:17:30.167208+00:00,1,,,93.0,,0,,,,0,0,3,INDIRIZZO_ESTRATTO,VENDITA
56865c41309e1c46399e,Sant'Ambrogio di Torino,"Via Umberto I, 25",Via Umberto I,casa indipendente,"Casa indipendente in vendita in Via Umberto I, 25 - idealista",Idealista,,https://www.idealista.it/immobile/31520883/,POSSIBILE_USCITA,False,False,2026-09-06T22:17:30.167203+00:00,2026-09-06T22:17:30.167204+00:00,0,,,80.0,,0,,,,0,0,3,INDIRIZZO_ESTRATTO,VENDITA
f14dc42ff6d04f32e772,Sant'Ambrogio di Torino,Via Umberto I s.n.c,Via Umberto I s.n.c,appartamento,"Appartamento in vendita in Via Umberto I s.n.c, Sant'Ambrogio di Torino ...",Idealista,,https://www.idealista.it/immobile/34106180/,USCITO_MERCATO,False,False,2026-09-05T04:44:03.765200+00:00,2026-09-05T04:44:03.765201+00:00,0,,,116.0,,0,,,,0,0,15,INDIRIZZO_ESTRATTO,VENDITA
301c63f33655f9ddcb3b,Sant'Ambrogio di Torino,via Giaveno Sant'Ambrogio di Torino. Da,via Giaveno Sant'Ambrogio di Torino. Da,villa,Vendita Villa unifamiliare in via Giaveno Sant'Ambrogio di Torino. Da ...,Immobiliare.it,,https://www.immobiliare.it/annunci/125740567/,RELISTED,True,False,2026-09-01T23:36:27.692063+00:00,2026-09-07T04:45:03.057539+00:00,18,,,,,0,,,,0,0,1,INDIRIZZO_ESTRATTO,PRIVATO
54c29aee00ffd5953ec2,Sant'Ambrogio di Torino,via Giaveno Sant'Ambrogio di Torino. Da,via Giaveno Sant'Ambrogio di Torino. Da,villa,Vendita Villa unifamiliare in via Giaveno Sant'Ambrogio di Torino. Da ...,Immobiliare.it,,https://www.immobiliare.it/annunci/101457227/,RELISTED,True,False,2026-09-04T12:01:02.701531+00:00,2026-09-07T04:45:03.057565+00:00,15,,,,,0,,,,0,0,1,INDIRIZZO_ESTRATTO,PRIVATO
a29c637e51e6343c3d21,Sant'Ambrogio di Torino,via Pautassi Sant'Ambrogio di Torino,via Pautassi Sant'Ambrogio di Torino,villa,Vendita Villa unifamiliare in via Pautassi Sant'Ambrogio di Torino ...,Immobiliare.it,,https://www.immobiliare.it/annunci/125753009/,TRACKED,True,False,2026-09-01T18:58:42.121581+00:00,2026-09-07T10:14:01.141660+00:00,18,,,,,0,,,,0,0,0,INDIRIZZO_ESTRATTO,VENDITA
a72ca8ef492a657b1541,Sant'Ambrogio di Torino,via Umberto I,via Umberto I,appartamento,Vendita Appartamento Sant'Ambrogio di Torino. Bilocale in via Umberto I ...,Immobiliare.it,,https://www.immobiliare.it/annunci/105213851/,USCITO_MERCATO,False,False,2026-09-03T18:47:06.319575+00:00,2026-09-03T18:47:06.319576+00:00,0,,,,,0,,,,0,0,24,INDIRIZZO_ESTRATTO,PRIVATO
5a8d570a6adcd97472ae,Sant'Ambrogio di Torino,via ex internati 1,via ex internati,villa,Vendita Appartamento in villa in via ex internati 1 Sant'Ambrogio di ...,Immobiliare.it,,https://www.immobiliare.it/annunci/124345991/,TRACKED,True,False,2026-09-01T18:58:42.121574+00:00,2026-09-07T10:14:01.141653+00:00,18,,,,,0,,,,0,0,0,INDIRIZZO_ESTRATTO,VENDITA
67b48377a487a1c6ceb4,Sant'Antonino di Susa,,,appartamento,Vendita Appartamento Sant'Antonino di Susa. Quadrilocale in via ...,Immobiliare.it,,https://www.immobiliare.it/annunci/122250646/,TRACKED,True,False,2026-08-27T21:04:17.081021+00:00,2026-09-20T06:08:00.347579+00:00,23,,,,,0,,,,0,0,1,URL_DETTAGLIO_PORTALE,VENDITA
c4fe16bf99665286b05f,Sant'Antonino di Susa,,,appartamento,Vendita Appartamento Sant'Antonino di Susa. Quadrilocale in via ...,Immobiliare.it,,https://www.immobiliare.it/annunci/128885698/,TRACKED,True,False,2026-09-02T07:11:25.327378+00:00,2026-09-20T11:10:13.480688+00:00,18,,,,,0,,,,0,0,0,URL_DETTAGLIO_PORTALE,VENDITA
5eed15e6ab77314adf3a,Sant'Antonino di Susa,"Piazza Libertà, 26",Piazza Libertà,villa,"Villa in vendita in Piazza Libertà, 26, Sant'Antonino di Susa ...",Idealista,,https://www.idealista.it/immobile/30787120/,USCITO_MERCATO,False,False,2026-09-04T16:00:05.403338+00:00,2026-09-04T16:00:05.403339+00:00,0,,,,,0,,,,0,0,76,INDIRIZZO_ESTRATTO,VENDITA
98978f31ecbc15ed007b,Sant'Antonino di Susa,Strada Pianpalmero s.n.c,Strada Pianpalmero s.n.c,villa,Villetta bifamiliare in vendita in Strada Pianpalmero s.n.c,Idealista,,https://www.idealista.it/immobile/36286405/,RELISTED,True,False,2026-08-23T09:11:13.222702+00:00,2026-09-20T01:04:10.803415+00:00,28,,,,,0,,,,0,0,2,INDIRIZZO_ESTRATTO,VENDITA
4c9dbc950e73425efce4,Sant'Antonino di Susa,"Via Augusto Abegg, 5",Via Augusto Abegg,appartamento,"Trilocale in vendita in Via Augusto Abegg, 5, Sant'Antonino di Susa ...",Idealista,,https://www.idealista.it/immobile/34233443/,NEW,True,False,2026-09-20T01:04:10.803456+00:00,2026-09-20T01:04:10.803457+00:00,0,,,89.0,,0,,,,0,0,2,INDIRIZZO_ESTRATTO,VENDITA
dddec514b99693cd950a,Sant'Antonino di Susa,"Via Giuseppe Verdi, 12",Via Giuseppe Verdi,appartamento,"Appartamento in vendita in Via Giuseppe Verdi, 12 - idealista",Idealista,,https://www.idealista.it/immobile/34233442/,USCITO_MERCATO,False,False,2026-09-04T16:00:05.403364+00:00,2026-09-04T16:00:05.403366+00:00,0,,,,,0,,,,0,0,76,INDIRIZZO_ESTRATTO,VENDITA
6c4fcf28fe3aa277c0a4,Sant'Antonino di Susa,"Via Maisonetta, 74",Via Maisonetta,appartamento,"Trilocale in vendita in Via Maisonetta, 74 f, Sant'Antonino di Susa ...",Idealista,,https://www.idealista.it/immobile/34341390/,RELISTED,True,False,2026-09-17T23:05:00.276961+00:00,2026-09-20T01:04:10.803439+00:00,2,,,75.0,,0,,,,0,0,2,INDIRIZZO_ESTRATTO,VENDITA
7bc788e1e92d851a24a9,Sant'Antonino di Susa,"Via Maisonetta, 128",Via Maisonetta,villa,"Villa in vendita in Via Maisonetta, 128, Sant'Antonino di Susa ...",Idealista,,https://www.idealista.it/immobile/32789156/,USCITO_MERCATO,False,False,2026-09-04T16:00:05.403352+00:00,2026-09-04T16:00:05.403353+00:00,0,,,350.0,,0,,,,0,0,76,INDIRIZZO_ESTRATTO,VENDITA
301b4e9c3ad38de116f8,Sant'Antonino di Susa,"Via Medagli, 55",Via Medagli,villa,"Villa in vendita in Via Medagli, 55, Sant'Antonino di Susa - idealista",Idealista,,https://www.idealista.it/immobile/36438468/,USCITO_MERCATO,False,False,2026-09-04T16:00:05.403345+00:00,2026-09-04T16:00:05.403346+00:00,0,,,,,0,,,,0,0,76,INDIRIZZO_ESTRATTO,PRIVATO
cd19fd435a5663e36f88,Sant'Antonino di Susa,Via Moncenisio,Via Moncenisio,villa,"Villa in vendita in Via Moncenisio, Sant'Antonino di Susa — idealista ...",Idealista,,https://www.idealista.it/immobile/35978072/,USCITO_MERCATO,False,False,2026-09-04T16:00:05.403358+00:00,2026-09-04T16:00:05.403359+00:00,0,,,,,0,,,,0,0,76,INDIRIZZO_ESTRATTO,VENDITA
1b4586a383afecbf1b86,Sant'Antonino di Susa,"Via Superga, 43",Via Superga,appartamento,"Trilocale in vendita in Via Superga, 43, Sant'Antonino di Susa ...",Idealista,,https://www.idealista.it/immobile/33719615/,RELISTED,True,False,2026-09-17T23:05:00.276967+00:00,2026-09-20T01:04:10.803447+00:00,2,,,,,0,,,,0,0,2,INDIRIZZO_ESTRATTO,VENDITA
00147d614d725539632a,Sant'Antonino di Susa,Via Torino 181,Via Torino,commerciale,Locale commerciale in Vendita in Via Torino 181 a Sant'Antonino di Susa ...,Casa.it,,https://www.casa.it/immobili/54778580/,NEW,True,False,2026-09-20T01:04:10.803354+00:00,2026-09-20T01:04:10.803355+00:00,0,,,,,0,,,,0,0,2,INDIRIZZO_ESTRATTO,VENDITA
9c301f4de6dc43b4841f,Sant'Antonino di Susa,Via Torino 181,Via Torino,commerciale,"Locale commerciale 83 m² in Via Torino 181, Sant'Antonino di Susa (TO)",Capannoni logistica,,https://asteflorio.it/aste/locale-commerciale-a-sant-antonino-di-susa-to-sant-antonino-di-susa,USCITO_MERCATO,False,False,2026-09-16T04:54:00.960331+00:00,2026-09-18T19:44:01.663732+00:00,2,35625.0,,83.0,429.22,0,,,,0,0,9,INDIRIZZO_ESTRATTO,ASTA
65bf92f92d6b464ebf2b,Sant'Antonino di Susa,"Via Vaie, 64",Via Vaie,appartamento,"Appartamento in vendita in Via Vaie, 64, Sant'Antonino di Susa ...",Idealista,,https://www.idealista.it/immobile/32731358/,RELISTED,True,False,2026-09-17T23:05:00.276954+00:00,2026-09-20T01:04:10.803431+00:00,2,,,,,0,,,,0,0,2,INDIRIZZO_ESTRATTO,VENDITA
cc46faeb0dbc32675661,Sant'Antonino di Susa,"Viale IV Novembre, 11",Viale IV Novembre,appartamento,"Appartamento in vendita in Viale IV Novembre, 11, Sant'Antonino di Susa ...",Idealista,,https://www.idealista.it/immobile/22255211/,RELISTED,True,False,2026-09-04T16:00:05.403370+00:00,2026-09-20T01:04:10.803423+00:00,15,,,,,0,,,,0,0,2,INDIRIZZO_ESTRATTO,VENDITA
9d4533d10ba2cadaa3c1,Sant'Antonino di Susa,corso Stati Uniti,corso Stati Uniti,commerciale,"Locale commerciale corso Stati Uniti, Susa, Rif. 132110820 - Immobiliare.it",Immobiliare.it,,https://www.immobiliare.it/annunci/132110820/,USCITO_MERCATO,False,False,2026-09-07T10:14:01.141734+00:00,2026-09-11T23:19:47.991050+00:00,4,,,250.0,,0,,,,0,0,38,INDIRIZZO_ESTRATTO,VENDITA
261e84f8e505e2db85f6,Sant'Antonino di Susa,via Assietta 1,via Assietta,appartamento,Vendita Appartamento Sant'Antonino di Susa. Trilocale in via Assietta 1 ...,Immobiliare.it,,https://www.immobiliare.it/annunci/130983230/,RELISTED,True,False,2026-08-27T21:04:17.081010+00:00,2026-09-20T01:04:10.803381+00:00,23,,,80.0,,0,,,,0,0,2,INDIRIZZO_ESTRATTO,VENDITA
452ab522e3327b6c7430,Sant'Antonino di Susa,via Augusto Abegg 36,via Augusto Abegg,commerciale,"Capannone via Augusto Abegg 36, Sant'Antonino di Susa, Rif. 119731860 ...",Immobiliare.it,,https://www.immobiliare.it/annunci/119731860/,USCITO_MERCATO,False,False,2026-09-13T09:37:53.089668+00:00,2026-09-17T06:08:55.033819+00:00,3,,,,,0,,,,0,0,16,INDIRIZZO_ESTRATTO,VENDITA
a22ebb4b00db3f54b63a,Sant'Antonino di Susa,via Celso 2,via Celso,appartamento,Vendita Appartamento Sant'Antonino di Susa. Quadrilocale in via Celso 2 ...,Immobiliare.it,,https://www.immobiliare.it/annunci/104472781/,POSSIBILE_USCITA,False,False,2026-09-11T23:19:47.991139+00:00,2026-09-19T18:06:37.668602+00:00,7,,,,,0,,,,0,0,5,INDIRIZZO_ESTRATTO,VENDITA
8d11719409d6f9ec894b,Sant'Antonino di Susa,via Giuseppe,via Giuseppe,appartamento,Vendita Appartamento Sant'Antonino di Susa. Trilocale in via Giuseppe ...,Immobiliare.it,,https://www.immobiliare.it/annunci/126297931/,TRACKED,True,False,2026-08-27T21:04:17.080986+00:00,2026-09-20T01:04:10.803389+00:00,23,34832.0,,56.0,622.0,0,,,,0,0,2,INDIRIZZO_ESTRATTO,VENDITA
850fc8fd5612685266ea,Sant'Antonino di Susa,via Maisonetta,via Maisonetta,appartamento,Affitto Appartamento Sant'Antonino di Susa. Trilocale in via Maisonetta ...,Immobiliare.it,,https://www.immobiliare.it/annunci/132291074/,USCITO_MERCATO,False,False,2026-09-11T17:53:32.668874+00:00,2026-09-14T01:05:27.892791+00:00,2,,,,,0,,,,0,0,27,INDIRIZZO_ESTRATTO,LOCAZIONE
bbdcbd31788f0047adfb,Sant'Antonino di Susa,via Maisonetta,via Maisonetta,appartamento,Vendita Appartamento Sant'Antonino di Susa. Bilocale in via Maisonetta ...,Immobiliare.it,,https://www.immobiliare.it/annunci/129275710/,TRACKED,True,False,2026-08-28T05:06:35.531405+00:00,2026-09-20T11:10:13.480732+00:00,23,,,,,0,,,,0,0,0,INDIRIZZO_ESTRATTO,VENDITA
a4137f64f2e1287792f5,Sant'Antonino di Susa,via Maisonetta. Sant'Antonino di Susa,via Maisonetta. Sant'Antonino di Susa,appartamento,"Vendita Appartamento in via Maisonetta. Sant'Antonino di Susa, rif ...",Immobiliare.it,,https://www.immobiliare.it/annunci/103925971/,USCITO_MERCATO,False,False,2026-09-17T23:05:00.276925+00:00,2026-09-17T23:05:00.276927+00:00,0,,,,,0,,,,0,0,12,INDIRIZZO_ESTRATTO,VENDITA
c90b39cbdcf72eb5ce76,Sant'Antonino di Susa,via Mario,via Mario,appartamento,Vendita Appartamento Sant'Antonino di Susa. Trilocale in via Mario ...,Immobiliare.it,,https://www.immobiliare.it/annunci/129972694/,TRACKED,True,False,2026-08-27T21:04:17.080994+00:00,2026-09-20T11:10:13.480703+00:00,23,,,86.0,,0,,,,0,0,0,INDIRIZZO_ESTRATTO,PRIVATO
faebf15b67a7cbae771f,Sant'Antonino di Susa,via Mario,via Mario,appartamento,Vendita Appartamento Sant'Antonino di Susa. Quadrilocale in via Mario ...,Immobiliare.it,,https://www.immobiliare.it/annunci/124107479/,TRACKED,True,False,2026-09-02T07:11:25.327357+00:00,2026-09-20T11:10:13.480723+00:00,18,,,,,0,,,,0,0,0,INDIRIZZO_ESTRATTO,VENDITA
806cb507b19db3d95ed3,Sant'Antonino di Susa,"via Mario Celso, 2",via Mario Celso,appartamento,"Attico in vendita in via Mario Celso, 2, Sant'Antonino di Susa ...",Idealista,,https://www.idealista.it/immobile/32377508/,RELISTED,True,False,2026-09-17T23:05:00.276973+00:00,2026-09-20T01:04:10.803461+00:00,2,,,,,0,,,,0,0,2,INDIRIZZO_ESTRATTO,VENDITA
bcc84f29fc7e0ca28c37,Sant'Antonino di Susa,via Medagli 62,via Medagli,appartamento,Vendita Appartamento Sant'Antonino di Susa. Trilocale in via Medagli 62 ...,Immobiliare.it,,https://www.immobiliare.it/annunci/125935117/,TRACKED,True,False,2026-09-02T07:11:25.327331+00:00,2026-09-20T11:10:13.480717+00:00,18,,,,,0,,,,0,0,0,INDIRIZZO_ESTRATTO,VENDITA
c7555aa6f31c59e58d6e,Sant'Antonino di Susa,via Medagli 57,via Medagli,appartamento,Vendita Appartamento Sant'Antonino di Susa. Bilocale in via Medagli 57 ...,Immobiliare.it,,https://www.immobiliare.it/annunci/114026933/,TRACKED,True,False,2026-09-03T18:47:06.319642+00:00,2026-09-20T11:10:13.480744+00:00,16,,,62.0,,0,,,,0,0,0,INDIRIZZO_ESTRATTO,VENDITA
de4fa82af3d6d9f2cbbe,Sant'Antonino di Susa,via Medagli 38,via Medagli,appartamento,Vendita Appartamento Sant'Antonino di Susa. Trilocale in via Medagli 38 ...,Immobiliare.it,,https://www.immobiliare.it/annunci/127496748/,TRACKED,True,False,2026-08-27T21:04:17.080980+00:00,2026-09-20T11:10:13.480711+00:00,23,,,73.0,,0,,,,0,0,0,INDIRIZZO_ESTRATTO,VENDITA
f4efbaa98222f75120e4,Sant'Antonino di Susa,via Medagli 62,via Medagli,appartamento,Vendita Appartamento Sant'Antonino di Susa. Trilocale in via Medagli 62 ...,Immobiliare.it,,https://www.immobiliare.it/annunci/125536695/,POSSIBILE_USCITA,False,False,2026-09-10T11:09:38.639256+00:00,2026-09-19T18:06:37.668556+00:00,9,,,,,0,,,,0,0,5,INDIRIZZO_ESTRATTO,VENDITA
07dbbaf94a4528802364,Sant'Antonino di Susa,via Medagli 55,via Medagli,villa,Vendita Villa unifamiliare in via Medagli 55 Sant'Antonino di Susa ...,Immobiliare.it,,https://www.immobiliare.it/annunci/131644636/,USCITO_MERCATO,False,False,2026-08-17T16:30:23.634216+00:00,2026-09-07T00:44:29.376974+00:00,20,,,,,0,,,,0,0,59,INDIRIZZO_ESTRATTO,PRIVATO
6cb56e64a91f08169a0f,Sant'Antonino di Susa,via Medagli 20,via Medagli,villa,Vendita Villa unifamiliare in via Medagli 20 Sant'Antonino di Susa ...,Immobiliare.it,,https://www.immobiliare.it/annunci/121338016/,USCITO_MERCATO,False,False,2026-09-03T18:47:06.319630+00:00,2026-09-10T15:11:09.216163+00:00,6,,,,,0,,,,0,0,44,INDIRIZZO_ESTRATTO,VENDITA
2046204ba3af2c007ec8,Sant'Antonino di Susa,via Moncenisio,via Moncenisio,appartamento,Vendita Appartamento Sant'Antonino di Susa. Trilocale in via Moncenisio ...,Immobiliare.it,,https://www.immobiliare.it/annunci/126480489/,TRACKED,True,False,2026-08-27T21:04:17.081005+00:00,2026-09-20T01:04:10.803399+00:00,23,,,,,0,,,,0,0,2,INDIRIZZO_ESTRATTO,VENDITA
9d6cea8a5fd9b36adac1,Sant'Antonino di Susa,via Moncenisio,via Moncenisio,appartamento,Vendita Appartamento Sant'Antonino di Susa. Trilocale in via Moncenisio ...,Immobiliare.it,,https://www.immobiliare.it/annunci/107823685/,USCITO_MERCATO,False,False,2026-08-28T10:58:40.671981+00:00,2026-09-04T00:12:37.947635+00:00,6,,,,,0,,,,0,0,80,INDIRIZZO_ESTRATTO,VENDITA
ab6e964ef80ea76b9716,Sant'Antonino di Susa,via Moncenisio,via Moncenisio,appartamento,Vendita Appartamento Sant'Antonino di Susa. Trilocale in via Moncenisio ...,Immobiliare.it,,https://www.immobiliare.it/annunci/122876656/,USCITO_MERCATO,False,False,2026-09-10T01:14:41.786468+00:00,2026-09-13T14:26:02.557066+00:00,3,,,75.0,,0,,,,0,0,31,INDIRIZZO_ESTRATTO,VENDITA
b69fd59022ddb3dce918,Sant'Antonino di Susa,via Rocciamelone 2,via Rocciamelone,appartamento,Vendita Appartamento in via Rocciamelone 2. Sant'Antonino di Susa ...,Immobiliare.it,,https://www.immobiliare.it/annunci/126558007/,USCITO_MERCATO,False,False,2026-09-11T13:39:24.925227+00:00,2026-09-13T09:37:53.089739+00:00,1,,,,,0,,,,0,0,32,INDIRIZZO_ESTRATTO,VENDITA
b6967e740dca5a7e492c,Sant'Antonino di Susa,via Roma 11,via Roma,villa,Vendita Appartamento in via Roma 11. Sant'Antonino di Susa. Ottimo ...,Immobiliare.it,,https://www.immobiliare.it/annunci/119002149/,USCITO_MERCATO,False,False,2026-09-15T18:17:59.373538+00:00,2026-09-15T18:17:59.373539+00:00,0,,,,,0,,,,0,0,21,INDIRIZZO_ESTRATTO,VENDITA
eeca5d6d4dae056b4496,Sant'Antonino di Susa,via Roma 11,via Roma,villa,Vendita Appartamento in via Roma 11. Sant'Antonino di Susa. Ottimo ...,Immobiliare.it,,https://www.immobiliare.it/annunci/110299157/,USCITO_MERCATO,False,False,2026-08-27T21:04:17.081027+00:00,2026-09-13T20:46:02.148390+00:00,16,,,,,0,,,,0,0,29,INDIRIZZO_ESTRATTO,VENDITA
1f3dc385d7385c449f3e,Sant'Antonino di Susa,via Superga,via Superga,appartamento,Vendita Appartamento Sant'Antonino di Susa. Quadrilocale in via Superga ...,Immobiliare.it,,https://www.immobiliare.it/annunci/129885150/,TRACKED,True,False,2026-08-27T21:04:17.080975+00:00,2026-09-20T11:10:13.480682+00:00,23,,,,,0,,,,0,0,0,INDIRIZZO_ESTRATTO,VENDITA
aae9be4c9d9b1a793fb1,Sant'Antonino di Susa,via Superga,via Superga,appartamento,Vendita Appartamento Sant'Antonino di Susa. Quadrilocale in via Superga ...,Immobiliare.it,,https://www.immobiliare.it/annunci/110710937/,POSSIBILE_USCITA,False,False,2026-09-17T23:05:00.276914+00:00,2026-09-19T18:06:37.668622+00:00,1,,,,,0,,,,0,0,5,INDIRIZZO_ESTRATTO,VENDITA
814ca4b15c552322e43c,Sant'Antonino di Susa,via Torino. Sant'Antonino di Susa,via Torino. Sant'Antonino di Susa,appartamento,"Vendita Appartamento in via Torino. Sant'Antonino di Susa, rif. 91444494",Immobiliare.it,,https://www.immobiliare.it/annunci/91444494/,POSSIBILE_USCITA,False,False,2026-09-19T18:06:37.668633+00:00,2026-09-19T18:06:37.668635+00:00,0,,,,,0,,,,0,0,5,INDIRIZZO_ESTRATTO,VENDITA
abc6d62ef6db46099edd,Sant'Antonino di Susa,via Torino. Sant'Antonino di Susa. Ottimo stato,via Torino. Sant'Antonino di Susa. Ottimo stato,appartamento,Vendita Appartamento in via Torino. Sant'Antonino di Susa. Ottimo stato ...,Immobiliare.it,,https://www.immobiliare.it/annunci/125755035/,POSSIBILE_USCITA,False,False,2026-08-27T21:04:17.081015+00:00,2026-09-19T23:00:29.358972+00:00,23,,,,,0,,,,0,0,3,INDIRIZZO_ESTRATTO,VENDITA
2cb1759161e36f1d39dd,Sant'Antonino di Susa,via Vaie 34,via Vaie,appartamento,Vendita Appartamento Sant'Antonino di Susa. Quadrilocale in via Vaie 34 ...,Immobiliare.it,,https://www.immobiliare.it/annunci/121672876/,POSSIBILE_USCITA,False,False,2026-09-03T18:47:06.319625+00:00,2026-09-19T20:30:44.818679+00:00,16,,,114.0,,0,,,,0,0,4,INDIRIZZO_ESTRATTO,VENDITA
0997a8eebc0bdd8bccce,Sant'Antonino di Susa,via Vignassa,via Vignassa,appartamento,Vendita Appartamento Sant'Antonino di Susa. Trilocale in via Vignassa ...,Immobiliare.it,,https://www.immobiliare.it/annunci/126232995/,TRACKED,True,False,2026-08-28T05:06:35.531420+00:00,2026-09-20T11:10:13.480738+00:00,23,,,78.0,,0,,,,0,0,0,INDIRIZZO_ESTRATTO,VENDITA
67c045cab42f2df72743,Sant'Antonino di Susa,via Vignassa,via Vignassa,appartamento,Vendita Appartamento Sant'Antonino di Susa. Trilocale in via Vignassa ...,Immobiliare.it,,https://www.immobiliare.it/annunci/122653954/,USCITO_MERCATO,False,False,2026-09-09T13:49:33.338994+00:00,2026-09-10T05:58:05.663146+00:00,0,,,,,0,,,,0,0,46,INDIRIZZO_ESTRATTO,VENDITA
25e62f4282e717350d3e,Sant'Antonino di Susa,via abegg 5,via abegg,appartamento,Vendita Appartamento Sant'Antonino di Susa. Quadrilocale in via abegg 5 ...,Immobiliare.it,,https://www.immobiliare.it/annunci/119455467/,USCITO_MERCATO,False,False,2026-09-05T00:56:52.328916+00:00,2026-09-15T18:17:59.373527+00:00,10,,,,,0,,,,0,0,21,INDIRIZZO_ESTRATTO,VENDITA
8761bf3199b9006397d6,Sant'Antonino di Susa,via aurelia 22,via aurelia,appartamento,Vendita Appartamento Sant'Antonino di Susa. Bilocale in via aurelia 22 ...,Immobiliare.it,,https://www.immobiliare.it/annunci/129047602/,USCITO_MERCATO,False,False,2026-08-28T05:06:35.531410+00:00,2026-09-19T06:11:00.697621+00:00,22,,,,,0,,,,0,0,8,INDIRIZZO_ESTRATTO,VENDITA
684904173c24e695d695,Sant'Antonino di Susa,via medagli,via medagli,appartamento,Vendita Appartamento Sant'Antonino di Susa. Quadrilocale in via medagli ...,Immobiliare.it,,https://www.immobiliare.it/annunci/127522378/,TRACKED,True,False,2026-08-27T21:04:17.080999+00:00,2026-09-20T11:10:13.480697+00:00,23,,,,,0,,,,0,0,0,INDIRIZZO_ESTRATTO,VENDITA
5525b865b2cf9631b6aa,Sant'Antonino di Susa,via moncenisio Sant'Antonino di Susa,via moncenisio Sant'Antonino di Susa,villa,Vendita Villa plurifamiliare in via moncenisio Sant'Antonino di Susa ...,Immobiliare.it,,https://www.immobiliare.it/annunci/129792496/,USCITO_MERCATO,False,False,2026-09-09T17:56:58.704568+00:00,2026-09-11T17:53:32.668910+00:00,1,,,,,0,,,,0,0,39,INDIRIZZO_ESTRATTO,VENDITA
637fc2f379cf1f121422,Susa,,,appartamento,Vendita Appartamento Milano. Bilocale in piazzale Susa 7. Ottimo stato ...,Immobiliare.it,,https://www.immobiliare.it/annunci/131901380/,USCITO_MERCATO,False,False,2026-08-27T21:04:17.081067+00:00,2026-09-04T22:26:36.993767+00:00,8,,,,,0,,,,0,0,17,URL_DETTAGLIO_PORTALE,VENDITA
9a1d7caed0afd4d7f9a9,Susa,,,appartamento,"Vendita Appartamento Milano. Bilocale in sidoli, 22. Buono stato, con ...",Immobiliare.it,,https://www.immobiliare.it/annunci/125791585/,USCITO_MERCATO,False,False,2026-09-04T19:20:00.005668+00:00,2026-09-04T19:20:00.005670+00:00,0,,,,,0,,,,0,0,18,URL_DETTAGLIO_PORTALE,VENDITA
cc0583a2faa40aefded7,Susa,,,appartamento,"Trilocale in vendita a Gravere, Valli Susa - Sangone, Torino ...",Idealista,,https://www.idealista.it/immobile/36672800/,USCITO_MERCATO,False,False,2026-09-01T18:58:42.121838+00:00,2026-09-05T16:59:36.015252+00:00,3,75000.0,,87.0,862.07,0,,,,0,0,13,URL_DETTAGLIO_PORTALE,VENDITA
4dc7382480b5d3f233a6,Susa,,,rustico/casale,Vendita Rustico in vicolo del Portico Meana di Susa. Da ristrutturare ...,Immobiliare.it,,https://www.immobiliare.it/annunci/121771516/,POSSIBILE_USCITA,False,False,2026-09-05T00:56:52.329010+00:00,2026-09-06T19:19:39.866274+00:00,1,,,,,0,,,,0,0,4,URL_DETTAGLIO_PORTALE,VENDITA
011f57fe5c89240c8b7a,Susa,,,villa,"Vendita Villa unifamiliare Meana di Susa. Buono stato, con terrazza ...",Immobiliare.it,,https://www.immobiliare.it/annunci/132052080/,TRACKED,True,False,2026-09-02T07:11:25.327432+00:00,2026-09-07T04:45:03.056702+00:00,18,45000.0,,294.0,153.06,0,,,,0,0,1,URL_DETTAGLIO_PORTALE,"VENDITA,PRIVATO"
3dda2026e24c4ef4dd5c,Susa,,,villa,"Vendita Villa unifamiliare Meana di Susa. Da ristrutturare, 135 m², rif ...",Immobiliare.it,,https://www.immobiliare.it/annunci/132052054/,USCITO_MERCATO,False,False,2026-09-01T18:58:42.121809+00:00,2026-09-02T16:09:34.325874+00:00,0,,,135.0,,0,,,,0,0,25,URL_DETTAGLIO_PORTALE,VENDITA
6e7281282d16fbd20c61,Susa,,,villa,Vendita Villa unifamiliare in Località Traduerivi 9/3 Susa. Ottimo ...,Immobiliare.it,,https://www.immobiliare.it/annunci/132181316/,TRACKED,True,False,2026-09-04T22:26:36.993722+00:00,2026-09-07T10:14:01.141856+00:00,15,90000.0,,,,0,,,,0,0,0,URL_DETTAGLIO_PORTALE,VENDITA
9c279a19cc3e515f2444,Susa,,,villa,"Vendita Villa unifamiliare Susa. Da ristrutturare, con balcone, 190 m² ...",Immobiliare.it,,https://www.immobiliare.it/annunci/132052052/,USCITO_MERCATO,False,False,2026-09-01T18:58:42.121763+00:00,2026-09-01T23:36:27.692197+00:00,0,,,190.0,,0,,,,0,0,28,URL_DETTAGLIO_PORTALE,VENDITA
8698d611be5e14a53d4c,Susa,"Corso Susa, 1",Corso Susa,appartamento,"Appartamento in vendita in Corso Susa, 1 - idealista",Idealista,,https://www.idealista.it/immobile/36368236/,USCITO_MERCATO,False,False,2026-09-01T18:58:42.121850+00:00,2026-09-01T18:58:42.121852+00:00,0,,,,,0,,,,0,0,30,INDIRIZZO_ESTRATTO,AGENZIA
00d114e4d9ca5229b8ed,Susa,"Via Antica di Susa, 14",Via Antica di Susa,villa,"Villetta a schiera in vendita in Via Antica di Susa, 14",Idealista,,https://www.idealista.it/immobile/36661306/,USCITO_MERCATO,False,False,2026-09-01T18:58:42.121832+00:00,2026-09-01T18:58:42.121833+00:00,0,,,,,0,,,,0,0,30,INDIRIZZO_ESTRATTO,VENDITA
81b83584171c63854a70,Susa,"Via Martiri della Libertà, 14",Via Martiri della Libertà,appartamento,"Appartamento all'asta in Via Martiri della Libertà, 14, Susa ...",Idealista,,https://www.idealista.it/immobile/35959937/,USCITO_MERCATO,False,False,2026-08-27T21:04:17.081043+00:00,2026-09-01T18:58:42.121857+00:00,4,,,,,0,,,,0,0,30,INDIRIZZO_ESTRATTO,ASTA
de7328f000cc0a680537,Susa,"Via Susa, 8",Via Susa,appartamento,"Appartamento in vendita in Via Susa, 8 - idealista",Idealista,,https://www.idealista.it/immobile/36664312/,USCITO_MERCATO,False,False,2026-09-01T18:58:42.121866+00:00,2026-09-01T18:58:42.121867+00:00,0,,,215.0,,0,,,,0,0,30,INDIRIZZO_ESTRATTO,VENDITA
7b71adbac092ae1856ea,Susa,corso Luciano Couvert 18,corso Luciano Couvert,appartamento,Vendita Appartamento Susa. Bilocale in corso Luciano Couvert 18. Buono ...,Immobiliare.it,,https://www.immobiliare.it/annunci/125818695/,TRACKED,True,False,2026-08-27T21:04:17.081084+00:00,2026-09-07T10:14:01.141873+00:00,23,,,,,0,,,,0,0,0,INDIRIZZO_ESTRATTO,VENDITA
282aab03f721cc747256,Susa,corso Susa 241,corso Susa,appartamento,Vendita Appartamento Rivoli. Trilocale in corso Susa 241. Buono stato ...,Immobiliare.it,,https://www.immobiliare.it/annunci/132177960/,USCITO_MERCATO,False,False,2026-09-04T12:01:02.701681+00:00,2026-09-04T19:20:00.005655+00:00,0,,,,,0,,,,0,0,18,INDIRIZZO_ESTRATTO,VENDITA
94bb0b52773fa4ffc2b2,Susa,corso Susa 34,corso Susa,appartamento,Vendita Appartamento Rivoli. Trilocale in corso Susa 34. Ottimo stato ...,Immobiliare.it,,https://www.immobiliare.it/annunci/132051768/,TRACKED,True,False,2026-09-04T12:01:02.701687+00:00,2026-09-09T04:02:27.438791+00:00,15,,,,,0,,,,0,0,0,INDIRIZZO_ESTRATTO,VENDITA
b3451186b7a911accd02,Susa,corso Susa 237,corso Susa,appartamento,Vendita Appartamento Rivoli. Quadrilocale in corso Susa 237. Ottimo ...,Immobiliare.it,,https://www.immobiliare.it/annunci/125195475/,USCITO_MERCATO,False,False,2026-09-01T18:58:42.121802+00:00,2026-09-01T18:58:42.121803+00:00,0,,,110.0,,0,,,,0,0,30,INDIRIZZO_ESTRATTO,VENDITA
e51b0347ab6df686c7cf,Susa,corso Susa 155,corso Susa,appartamento,Vendita Appartamento Rivoli. Quadrilocale in corso Susa 155. Buono ...,Immobiliare.it,,https://www.immobiliare.it/annunci/125599711/,USCITO_MERCATO,False,False,2026-09-04T12:01:02.701700+00:00,2026-09-04T19:20:00.005674+00:00,0,,,125.0,,0,,,,0,0,18,INDIRIZZO_ESTRATTO,VENDITA
6e77305dc2f3f4dfb5f0,Susa,corso stati uniti. Susa. Buono stato,corso stati uniti. Susa. Buono stato,appartamento,"Vendita Appartamento in corso stati uniti. Susa. Buono stato, secondo ...",Immobiliare.it,,https://www.immobiliare.it/annunci/126437697/,USCITO_MERCATO,False,False,2026-08-27T21:04:17.081072+00:00,2026-08-28T10:58:40.672018+00:00,0,,,,,0,,,,0,0,31,INDIRIZZO_ESTRATTO,VENDITA
f1709941eed0f87f0bec,Susa,via Antica di Susa 14,via Antica di Susa,villa,Vendita Villa a schiera in via Antica di Susa 14 Pinerolo. Buono stato ...,Immobiliare.it,,https://www.immobiliare.it/annunci/132019300/,RELISTED,True,False,2026-09-01T18:58:42.121778+00:00,2026-09-07T04:45:03.057662+00:00,18,,,,,0,,,,0,0,1,INDIRIZZO_ESTRATTO,VENDITA
c2a27ec740f5a3a07808,Susa,via Suffis Meana di Susa. Da,via Suffis Meana di Susa. Da,casa indipendente,Vendita Terratetto plurifamiliare in via Suffis Meana di Susa. Da ...,Immobiliare.it,,https://www.immobiliare.it/annunci/120740486/,TRACKED,True,False,2026-08-28T05:06:35.531481+00:00,2026-09-07T10:14:01.141865+00:00,23,,,350.0,,0,,,,0,0,0,INDIRIZZO_ESTRATTO,PRIVATO
39754a2e99a55c635568,Susa,via Susa 13,via Susa,appartamento,Vendita Appartamento Bardonecchia. Bilocale in via Susa 13. Ottimo ...,Immobiliare.it,,https://www.immobiliare.it/annunci/125737541/,RELISTED,True,False,2026-08-27T21:04:17.081090+00:00,2026-09-07T04:45:03.057677+00:00,23,,,,,0,,,,0,1,1,INDIRIZZO_ESTRATTO,VENDITA
df1a994d8db5403fc8c4,Susa,via Susa 40,via Susa,appartamento,Vendita Appartamento Torino. Quadrilocale in via Susa 40. Ottimo stato ...,Immobiliare.it,,https://www.immobiliare.it/annunci/131174330/,USCITO_MERCATO,False,False,2026-08-28T05:06:35.531476+00:00,2026-08-28T10:58:40.672043+00:00,0,,,125.0,,0,,,,0,0,31,INDIRIZZO_ESTRATTO,VENDITA
8decfc15725a098ae7bf,Susa,via Traverse Meana di Susa. Buono,via Traverse Meana di Susa. Buono,casa indipendente,Vendita Terratetto unifamiliare in via Traverse Meana di Susa. Buono ...,Immobiliare.it,,https://www.immobiliare.it/annunci/120783370/,POSSIBILE_USCITA,False,False,2026-09-02T07:11:25.327444+00:00,2026-09-06T13:51:47.106318+00:00,4,,,,,0,,,,0,0,6,INDIRIZZO_ESTRATTO,VENDITA
a1bc55ae98cabdfbedde,Susa,via Traverse. Buono,via Traverse. Buono,appartamento,Vendita Appartamento Meana di Susa. Trilocale in via Traverse. Buono ...,Immobiliare.it,,https://www.immobiliare.it/annunci/120783960/,RELISTED,True,False,2026-09-02T07:11:25.327456+00:00,2026-09-07T10:14:01.141888+00:00,18,,,,,0,,,,0,0,0,INDIRIZZO_ESTRATTO,VENDITA
b0a7d0abcd8651ee1e80,Susa,via dei Sei Martiri 2,via dei Sei Martiri,appartamento,Vendita Appartamento Susa. Quadrilocale in via dei Sei Martiri 2 ...,Immobiliare.it,,https://www.immobiliare.it/annunci/120695008/,TRACKED,True,False,2026-08-27T21:04:17.081095+00:00,2026-09-07T04:45:03.057650+00:00,23,,,,,0,,,,0,0,1,INDIRIZZO_ESTRATTO,VENDITA
f5c5a1f14fa244eba2a3,Susa,via dei sei martiri. Buono,via dei sei martiri. Buono,appartamento,Vendita Appartamento Susa. Quadrilocale in via dei sei martiri. Buono ...,Immobiliare.it,,https://www.immobiliare.it/annunci/109230925/,USCITO_MERCATO,False,False,2026-08-27T21:04:17.081078+00:00,2026-08-28T10:58:40.672024+00:00,0,,,,,0,,,,0,0,31,INDIRIZZO_ESTRATTO,VENDITA
fdd5bc9cdb3ce5ff7b3b,Trana,,,appartamento,Casa indipendente in vendita - Kitchen Islands - Trana - Facebook,Facebook Marketplace,,https://www.facebook.com/marketplace/item/963750773021188/,USCITO_MERCATO,False,False,2026-09-06T13:51:47.106351+00:00,2026-09-15T18:17:59.373557+00:00,9,130000.0,,,,0,,,,0,0,21,URL_DETTAGLIO_PORTALE,VENDITA
281b064ff8a77d9995df,Trana,,,casa indipendente,Casa indipendente in Vendita a Trana | Euro 100.000 | Mq 260,Tempocasa,,https://tempocasa.it/it/vendita/torino/trana/casa-indipendente/12067708,TRACKED,True,False,2026-09-16T04:54:00.960427+00:00,2026-09-20T11:10:13.480757+00:00,4,100000.0,,260.0,384.62,0,,,,0,0,0,URL_DETTAGLIO_PORTALE,"AGENZIA,VENDITA"
4019f03abc45bdc03197,Trana,,,rustico/casale,"Vendita Rustico in via 20 Settembre Trana. Ottimo stato, posto auto ...",Immobiliare.it,,https://www.immobiliare.it/annunci/128140996/,USCITO_MERCATO,False,False,2026-08-22T17:17:15.502896+00:00,2026-08-23T09:11:13.222758+00:00,0,,,,,0,,,,0,0,91,URL_DETTAGLIO_PORTALE,VENDITA
15e91159df8520360860,Trana,,,villa,"Villa in vendita a Trana, Torino Ovest, Torino - idealista",Idealista,,https://www.idealista.it/immobile/36828674/,USCITO_MERCATO,False,False,2026-09-17T06:08:55.034055+00:00,2026-09-18T17:15:59.825510+00:00,1,,,,,0,,,,0,0,10,URL_DETTAGLIO_PORTALE,VENDITA
688f510a13e64f142e89,Trana,,,villa,"Vendita Villa unifamiliare Trana. Ottimo stato, posto auto, con ...",Immobiliare.it,,https://www.immobiliare.it/annunci/132444952/,TRACKED,True,False,2026-09-16T04:54:00.960549+00:00,2026-09-20T11:10:13.480797+00:00,4,,,300.0,,0,,,,0,0,0,URL_DETTAGLIO_PORTALE,VENDITA
6537f8391b5d8c5686fc,Trana,Borgata Colombè Inferiore,Borgata Colombè Inferiore,appartamento,Vendita Appartamento Trana. Bilocale in Borgata Colombè Inferiore ...,Immobiliare.it,,https://www.immobiliare.it/annunci/132097634/,USCITO_MERCATO,False,False,2026-09-03T18:47:06.319742+00:00,2026-09-07T10:14:01.141960+00:00,3,,,,,0,,,,0,0,57,INDIRIZZO_ESTRATTO,VENDITA
6c2a4117c3f401dbbc62,Trana,Borgata Colombè Inferiore,Borgata Colombè Inferiore,appartamento,"Bilocale in vendita in Borgata Colombè Inferiore, Trana - idealista",Idealista,,https://www.idealista.it/immobile/36693370/,USCITO_MERCATO,False,False,2026-09-05T09:19:10.298038+00:00,2026-09-05T09:19:10.298039+00:00,0,,,,,0,,,,0,0,71,INDIRIZZO_ESTRATTO,VENDITA
e778ef9cb7bfa1d9f735,Trana,Borgata Cordero 34,Borgata Cordero,casa indipendente,Vendita Terratetto unifamiliare in Borgata Cordero 34 Trana. Posto auto ...,Immobiliare.it,,https://www.immobiliare.it/annunci/123141747/,TRACKED,True,False,2026-08-22T17:17:15.502887+00:00,2026-09-20T11:10:13.480816+00:00,28,,,,,0,,,,0,0,0,INDIRIZZO_ESTRATTO,"PRIVATO,VENDITA"
69494dae9793442ae2ef,Trana,Borgata Udritto 38,Borgata Udritto,appartamento,Vendita Terratetto unifamiliare in Borgata Udritto 38 Trana. Ottimo ...,Immobiliare.it,,https://www.immobiliare.it/annunci/125751817/,TRACKED,True,False,2026-08-22T17:17:15.502901+00:00,2026-09-20T11:10:13.480804+00:00,28,120000.0,,,,0,,,,0,0,0,INDIRIZZO_ESTRATTO,VENDITA
21d2cb8ee2a95a223336,Trana,Piazza della libertà s.n.c,Piazza della libertà s.n.c,appartamento,"Trilocale in vendita in Piazza della libertà s.n.c, Trana - idealista",Idealista,,https://www.idealista.it/immobile/36689914/,USCITO_MERCATO,False,False,2026-09-05T09:19:10.298029+00:00,2026-09-05T09:19:10.298030+00:00,0,129000.0,,96.0,1343.75,0,,,,0,0,71,INDIRIZZO_ESTRATTO,VENDITA
9932b5747ea5664c71cd,Trana,"Strada Avigliana, 16",Strada Avigliana,appartamento,"Trilocale in vendita in Strada Avigliana, 16, Trana - idealista",Idealista,,https://www.idealista.it/immobile/36330718/,USCITO_MERCATO,False,False,2026-08-27T21:04:17.081100+00:00,2026-09-06T00:53:48.288612+00:00,9,,,,,0,,,,0,0,66,INDIRIZZO_ESTRATTO,"VENDITA,AGENZIA"
300aa43f23d471f77658,Trana,Strada Avigliana 016,Strada Avigliana,mansarda,"Vendita Mansarda in Strada Avigliana 016 Trana. Buono stato, posto auto ...",Immobiliare.it,,https://www.immobiliare.it/annunci/131255564/,TRACKED,True,False,2026-08-22T17:17:15.502892+00:00,2026-09-20T11:10:13.480823+00:00,28,,,,,0,,,,0,0,0,INDIRIZZO_ESTRATTO,VENDITA
8a43b5e19454345d0442,Trana,Via Giuseppe Mazzini,Via Giuseppe Mazzini,villa,"Casa indipendente in vendita in Via Giuseppe Mazzini, Trana — idealista ...",Idealista,,https://www.idealista.it/immobile/36832503/,USCITO_MERCATO,False,False,2026-09-18T17:15:59.825491+00:00,2026-09-18T17:15:59.825493+00:00,0,199000.0,,150.0,1326.67,0,,,,0,0,10,INDIRIZZO_ESTRATTO,VENDITA
438770d27efbe3c42533,Trana,"Via Raffaello, 18",Via Raffaello,villa,"Villetta bifamiliare in vendita in Via Raffaello, 18, Trana - idealista",Idealista,,https://www.idealista.it/immobile/36838360/,USCITO_MERCATO,False,False,2026-09-17T06:08:55.034048+00:00,2026-09-18T17:15:59.825500+00:00,1,,,,,0,,,,0,0,10,INDIRIZZO_ESTRATTO,VENDITA
68ec7571ec7ac011fbec,Trana,Via Santuario 20,Via Santuario,villa,"Villetta a schiera in vendita in Via Santuario, 20, Trana - idealista",Idealista,,https://www.idealista.it/immobile/35321145/,USCITO_MERCATO,False,False,2026-08-23T17:16:38.787095+00:00,2026-09-12T17:06:03.936720+00:00,19,,,,,0,,,,0,0,34,INDIRIZZO_ESTRATTO,VENDITA
2cb24402a386ebfd57e7,Trana,Via Vercelli 5,Via Vercelli,villa,"Gruppo Immobiliare Progedimm | Trana, Via Vercelli 5 ... - Instagram",Mercato residenziale,,https://www.instagram.com/p/C4oYimmIgLl/,USCITO_MERCATO,False,False,2026-08-27T21:04:17.081123+00:00,2026-08-28T10:58:40.672064+00:00,0,,,,,0,,,,0,0,88,INDIRIZZO_ESTRATTO,AGENZIA
c988e16db88e1e78bfef,Trana,Via Zona Industriale a Trana,Via Zona Industriale a Trana,commerciale,Capannone in Vendita in Via Zona Industriale a Trana - Casa.it,Casa.it,,https://www.casa.it/immobili/54703870/,USCITO_MERCATO,False,False,2026-09-11T09:00:35.958888+00:00,2026-09-15T18:17:59.373567+00:00,4,204080.0,,,,0,,,,0,0,21,INDIRIZZO_ESTRATTO,VENDITA
2c607bad2ecf5fe4aaa9,Trana,piazza Libertà. Ottimo stato,piazza Libertà. Ottimo stato,appartamento,Vendita Appartamento Trana. Trilocale in piazza Libertà. Ottimo stato ...,Immobiliare.it,,https://www.immobiliare.it/annunci/132099946/,USCITO_MERCATO,False,False,2026-09-03T18:47:06.319728+00:00,2026-09-07T10:14:01.141938+00:00,3,,,,,0,,,,0,0,57,INDIRIZZO_ESTRATTO,VENDITA
3f543dd49044a7999488,Trana,via Dante Alighieri 31,via Dante Alighieri,appartamento,"Vendita Mansarda in via Dante Alighieri 31 Trana. Con terrazza, rif ...",Immobiliare.it,,https://www.immobiliare.it/annunci/124206771/,TRACKED,True,False,2026-08-22T17:17:15.502907+00:00,2026-09-20T11:10:13.480836+00:00,28,,,,,0,,,,0,0,0,INDIRIZZO_ESTRATTO,VENDITA
f1f192e424147f4d1944,Trana,via Giordano Bruno 8,via Giordano Bruno,rustico/casale,"Vendita Rustico in via Giordano Bruno 8 Trana. Da ristrutturare, 50 m² ...",Immobiliare.it,e si,https://www.immobiliare.it/annunci/131553914/,USCITO_MERCATO,False,False,2026-09-12T10:35:02.925256+00:00,2026-09-17T11:30:50.191997+00:00,5,9000.0,,50.0,180.0,0,,,,0,0,15,INDIRIZZO_ESTRATTO,AGENZIA
72dee83c3dfd701790ce,Trana,via Lunga 47,via Lunga,villa,"Vendita Appartamento in via Lunga 47. San Mauro Torinese. Nuovo, piano ...",Immobiliare.it,,https://www.immobiliare.it/annunci/123857501/,USCITO_MERCATO,False,False,2026-08-27T21:04:17.081164+00:00,2026-09-12T05:52:24.478552+00:00,15,,,3000.0,,0,,,,0,0,37,INDIRIZZO_ESTRATTO,PRIVATO
5d0bfef01432bf4855c2,Trana,via Piave 5,via Piave,villa,"Vendita Villa unifamiliare in via Piave 5 Trana. Buono stato, 83 m² ...",Immobiliare.it,,https://www.immobiliare.it/annunci/128419586/,USCITO_MERCATO,False,False,2026-08-22T17:17:15.502912+00:00,2026-09-18T01:22:44.227478+00:00,26,,,83.0,,0,,,,0,0,11,INDIRIZZO_ESTRATTO,"PRIVATO,VENDITA"
8437d73353b37a7e1d7b,Trana,via Raffaello 18,via Raffaello,villa,"Vendita Villa bifamiliare in via Raffaello 18 Trana. Buono stato, posto ...",Immobiliare.it,,https://www.immobiliare.it/annunci/132507462/,TRACKED,True,False,2026-09-19T10:47:39.486476+00:00,2026-09-20T11:10:13.480829+00:00,1,,,,,0,,,,0,0,0,INDIRIZZO_ESTRATTO,PRIVATO
abbdc16c95bb0bff148c,Trana,via Raffaello Sanzio 9,via Raffaello Sanzio,appartamento,Vendita Appartamento in via Raffaello Sanzio 9. Trana. Buono stato ...,Immobiliare.it,,https://www.immobiliare.it/annunci/129944460/,TRACKED,True,False,2026-08-22T17:17:15.502871+00:00,2026-09-20T11:10:13.480791+00:00,28,185000.0,,137.0,1350.36,0,,,,0,1,0,INDIRIZZO_ESTRATTO,VENDITA
c9fdab520b9b52d9e763,Trana,via Roma 5,via Roma,appartamento,"Vendita Appartamento in via Roma 5. Trana. Buono stato, primo piano ...",Immobiliare.it,,https://www.immobiliare.it/annunci/123083505/,USCITO_MERCATO,False,False,2026-09-12T10:35:02.925249+00:00,2026-09-17T11:30:50.191922+00:00,5,,,,,0,,,,0,0,15,INDIRIZZO_ESTRATTO,VENDITA
f89f1d65a10514261b7d,Trana,via Roma 38,via Roma,appartamento,Vendita Appartamento Trana. Trilocale in via Roma 38. Ottimo stato ...,Immobiliare.it,,https://www.immobiliare.it/annunci/130836570/,TRACKED,True,False,2026-08-22T17:17:15.502881+00:00,2026-09-20T11:10:13.480785+00:00,28,,,,,0,,,,0,0,0,INDIRIZZO_ESTRATTO,AGENZIA
ec45eaa54bfd0340e975,Trana,via Ugo Foscolo 12,via Ugo Foscolo,appartamento,Vendita Appartamento Trana. Quadrilocale in via Ugo Foscolo 12. Buono ...,Immobiliare.it,,https://www.immobiliare.it/annunci/126757945/,USCITO_MERCATO,False,False,2026-09-14T12:27:12.114595+00:00,2026-09-19T06:11:00.697678+00:00,4,,,,,0,,,,0,0,8,INDIRIZZO_ESTRATTO,VENDITA
2943863c590b7a04aafa,Trana,"via Vercelli, 3",via Vercelli,villa,"Vendita Villa unifamiliare in via Vercelli, 3 Trana. Buono stato, posto ...",Immobiliare.it,,https://www.immobiliare.it/annunci/125972107/,TRACKED,True,False,2026-08-22T17:17:15.502867+00:00,2026-09-20T11:10:13.480810+00:00,28,,,300.0,,0,,,,0,0,0,INDIRIZZO_ESTRATTO,VENDITA
5bd181ac626990e7c0fd,Trana,via alessandria 32,via alessandria,villa,Vendita Villa bifamiliare in via alessandria 32 Trana. Ottimo stato ...,Immobiliare.it,,https://www.immobiliare.it/annunci/130956906/,USCITO_MERCATO,False,False,2026-08-22T17:17:15.502876+00:00,2026-08-23T09:11:13.222766+00:00,0,,,,,0,,,,0,0,91,INDIRIZZO_ESTRATTO,VENDITA
261be05efdf5c3e20736,Trana,via raffaello 18,via raffaello,casa indipendente,Casa indipendente in vendita con giardino a Trana in via raffaello 18,Tipologie residenziali,,https://www.pcase.it/annuncio_villa-bifamiliare-in-vendita-a-trana-san-bernardino_sc9711069/,USCITO_MERCATO,False,False,2026-09-19T06:11:00.697654+00:00,2026-09-19T06:11:00.697655+00:00,0,18269000.0,,260.0,70265.38,0,,,,0,0,8,INDIRIZZO_ESTRATTO,PRIVATO
669915e3e4feb493348f,Vaie,,,casa indipendente,Aste Florio - Immobile in asta di 106 m² a Vaie - Subito,Subito privati,,https://www.subito.it/ville-singole-e-a-schiera/immobile-in-asta-di-106-m%C2%B2-a-vaie-torino-659966127.htm,USCITO_MERCATO,False,False,2026-09-08T18:39:29.646013+00:00,2026-09-13T18:14:54.120947+00:00,4,,,106.0,,0,,,,0,0,30,URL_DETTAGLIO,ASTA
14e172d2c96512dfa79e,Vaie,Via Peirolero 28,Via Peirolero,villa,Villa in Vendita in Via Peirolero 28 a Vaie - 250mq - Casa.it,Casa.it,,https://www.casa.it/immobili/50035067/,TRACKED,True,False,2026-08-17T16:30:23.634223+00:00,2026-09-20T11:10:13.480849+00:00,33,,,250.0,,0,,,,0,0,0,INDIRIZZO_ESTRATTO,"PRIVATO,VENDITA"
cfe0f9f5e18999f2fcf3,Vaie,"Via Roma, 23",Via Roma,villa,"Villetta bifamiliare in vendita in Via Roma, 23, Vaie - idealista",Idealista,,https://www.idealista.it/immobile/33453126/,TRACKED,True,False,2026-09-01T20:55:16.174434+00:00,2026-09-20T11:10:13.480855+00:00,18,,,,,0,,,,0,0,0,INDIRIZZO_ESTRATTO,VENDITA
7907ca91e2689613c6a8,Vaie,Vicolo Superiore 19,Vicolo Superiore,appartamento,"Trilocale in vendita in Vicolo Superiore, 19, Vaie - idealista",Idealista,,https://www.idealista.it/immobile/34422440/,USCITO_MERCATO,False,False,2026-08-17T16:30:23.634228+00:00,2026-09-06T22:17:30.167315+00:00,20,,,,,0,,,,0,0,60,INDIRIZZO_ESTRATTO,VENDITA
8c0c42af989f2372ce92,Vaie,piazza del Priore 2,piazza del Priore,appartamento,Vendita Appartamento Vaie. Bilocale in piazza del Priore 2. Ottimo ...,Immobiliare.it,,https://www.immobiliare.it/annunci/130665830/,USCITO_MERCATO,False,False,2026-08-27T21:04:17.081204+00:00,2026-08-28T10:58:40.672133+00:00,0,,,,,0,,,,0,0,88,INDIRIZZO_ESTRATTO,VENDITA
e0270b6526356c4e7928,Vaie,via 1 Maggio 9/B,via 1 Maggio,appartamento,Vendita Appartamento Vaie. Bilocale in via 1 Maggio 9/B. Buono stato ...,Immobiliare.it,,https://www.immobiliare.it/annunci/132273932/,USCITO_MERCATO,False,False,2026-09-10T05:58:05.663218+00:00,2026-09-15T01:31:48.171643+00:00,4,,,,,0,,,,0,0,23,INDIRIZZO_ESTRATTO,VENDITA
9860452396184262727d,Vaie,via I Maggio 53,via I Maggio,appartamento,Vendita Appartamento Vaie. Monolocale in via I Maggio 53. Ottimo stato ...,Immobiliare.it,,https://www.immobiliare.it/annunci/112430743/,TRACKED,True,False,2026-08-27T21:04:17.081209+00:00,2026-09-20T11:10:13.480888+00:00,23,,,,,0,,,,0,0,0,INDIRIZZO_ESTRATTO,VENDITA
6a6b833d7e063211380a,Vaie,via Peirolero 28,via Peirolero,villa,"Vendita Villa unifamiliare in via Peirolero 28 Vaie. Buono stato, posto ...",Immobiliare.it,,https://www.immobiliare.it/annunci/115206585/,TRACKED,True,False,2026-08-27T21:04:17.081186+00:00,2026-09-20T11:10:13.480875+00:00,23,,,,,0,,,,0,0,0,INDIRIZZO_ESTRATTO,"PRIVATO,VENDITA"
ce43c59b350e07e17735,Vaie,via Peirolero 5,via Peirolero,villa,"Vendita Villa bifamiliare in via Peirolero 5 Vaie. Posto auto, con ...",Immobiliare.it,,https://www.immobiliare.it/annunci/132516300/,TRACKED,True,False,2026-09-18T17:15:59.825562+00:00,2026-09-20T11:10:13.480894+00:00,1,,,250.0,,0,,,,0,0,0,INDIRIZZO_ESTRATTO,"VENDITA,AGENZIA"
01a532bfa8c74362f458,Vaie,via Roma Vaie. Da ristrutturare,via Roma Vaie. Da ristrutturare,casa indipendente,Vendita Terratetto plurifamiliare in via Roma Vaie. Da ristrutturare ...,Immobiliare.it,,https://www.immobiliare.it/annunci/122550802/,USCITO_MERCATO,False,False,2026-09-10T11:09:38.639445+00:00,2026-09-15T01:31:48.171628+00:00,4,,,,,0,,,,0,0,23,INDIRIZZO_ESTRATTO,VENDITA
9d6e92e24340b60454ff,Vaie,via Torino 23,via Torino,appartamento,"Vendita Appartamento Vaie. Trilocale in via Torino 23. Ottimo stato, su ...",Immobiliare.it,,https://www.immobiliare.it/annunci/106396335/,TRACKED,True,False,2026-08-27T21:04:17.081199+00:00,2026-09-20T11:10:13.480868+00:00,23,,,,,0,,,,0,0,0,INDIRIZZO_ESTRATTO,VENDITA
2a8b352e2b6783234c2d,Vaie,via Vaie 14,via Vaie,appartamento,Vendita Appartamento Sant'Antonino di Susa. Trilocale in via Vaie 14 ...,Immobiliare.it,,https://www.immobiliare.it/annunci/132205890/,USCITO_MERCATO,False,False,2026-09-05T16:59:36.016407+00:00,2026-09-10T11:09:38.639474+00:00,4,95000.0,,,,0,,,,0,0,45,INDIRIZZO_ESTRATTO,VENDITA
05b847262b0740ad00da,Val della Torre,,,casa indipendente,"Casa indipendente in vendita in via Brusả, 30, Val della Torre ...",Idealista,,https://www.idealista.it/immobile/31911248/,POSSIBILE_USCITA,False,False,2026-09-08T18:39:29.646172+00:00,2026-09-19T14:29:10.961370+00:00,10,160000.0,,500.0,320.0,0,,,,0,0,6,URL_DETTAGLIO_PORTALE,VENDITA
a33309cbda090576acfe,Val della Torre,,,casa indipendente,Vendita Rustico in via Castello 71 Val della Torre. Da ristrutturare ...,Immobiliare.it,,https://www.immobiliare.it/annunci/130837718/,USCITO_MERCATO,False,False,2026-08-27T21:04:17.081221+00:00,2026-09-06T19:19:39.866437+00:00,9,,,,,0,,,,0,0,61,URL_DETTAGLIO_PORTALE,VENDITA
c667fd68ec37204c4498,Val della Torre,,,commerciale,Locale commerciale Vendita a Torino - Via Val Della Torre27 |…,Capannoni logistica,,https://www.bilocale.it/torino-via-val-della-torre27-locale-commerciale-vendita-2519521.html,USCITO_MERCATO,False,False,2026-09-11T09:00:35.958993+00:00,2026-09-14T22:36:38.495240+00:00,3,,,,,0,,,,0,0,24,INDIRIZZO_NEL_TITOLO,VENDITA
db9083892c481e242c3d,Val della Torre,,,rustico/casale,"Vendita Rustico in via Ciaine, 53 Val della Torre. Da ristrutturare ...",Immobiliare.it,,https://www.immobiliare.it/annunci/131531490/,USCITO_MERCATO,False,False,2026-08-28T10:58:40.672165+00:00,2026-08-28T10:58:40.672167+00:00,0,,,,,0,,,,0,0,88,URL_DETTAGLIO_PORTALE,VENDITA
ff404749d74483689b8b,Val della Torre,,,rustico/casale,Rustico in Vendita a Val della Torre | Euro 89.000 | Mq 150,Tempocasa,,https://tempocasa.it/it/vendita/torino/val-della-torre/rustico/13807432,USCITO_MERCATO,False,False,2026-08-27T21:04:17.081227+00:00,2026-08-28T10:58:40.672171+00:00,0,89000.0,,150.0,593.33,0,,,,0,0,88,URL_DETTAGLIO_PORTALE,VENDITA
58324867d15f72bd852e,Val della Torre,,,villa,"Vendita Villa unifamiliare Val della Torre. Buono stato, posto auto ...",Immobiliare.it,,https://www.immobiliare.it/annunci/126465625/,USCITO_MERCATO,False,False,2026-08-22T17:17:15.502924+00:00,2026-08-23T17:16:38.787114+00:00,0,389000.0,,,,0,,,,0,1,91,URL_DETTAGLIO_PORTALE,VENDITA
14a5468f81bcc17f60db,Val della Torre,"Via Bertolotto, 8",Via Bertolotto,villa,"Quadrilocale in vendita in Via Bertolotto, 8, Val della Torre ...",Idealista,,https://www.idealista.it/immobile/32410328/,POSSIBILE_USCITA,False,False,2026-09-04T07:52:28.841276+00:00,2026-09-19T14:29:10.961344+00:00,15,,,180.0,,0,,,,0,0,6,INDIRIZZO_ESTRATTO,VENDITA
c7d1a6408738c1c6b3bc,Val della Torre,"Via Bertolotto, 43",Via Bertolotto,villa,"Villetta bifamiliare in vendita in Via Bertolotto, 43, Val della Torre ...",Idealista,,https://www.idealista.it/immobile/33237042/,RELISTED,True,False,2026-09-04T07:52:28.841299+00:00,2026-09-20T11:10:13.480977+00:00,16,,,,,0,,,,0,0,0,INDIRIZZO_ESTRATTO,VENDITA
d485ab475bec33eee5e9,Val della Torre,"Via Borgonuovo, 18",Via Borgonuovo,villa,"Appartamento in vendita in Via Borgonuovo, 18, Val della Torre ...",Idealista,,https://www.idealista.it/immobile/34799403/,RELISTED,True,False,2026-09-04T07:52:28.841317+00:00,2026-09-20T11:10:13.480930+00:00,16,,,,,0,,,,0,0,0,INDIRIZZO_ESTRATTO,VENDITA
d3b7523e43a97d9825e1,Val della Torre,"Via Chiaberge, 73",Via Chiaberge,villa,"Villa in vendita in Via Chiaberge, 73, Val della Torre - idealista",Idealista,,https://www.idealista.it/immobile/33618479/,RELISTED,True,False,2026-09-04T07:52:28.841288+00:00,2026-09-20T11:10:13.480957+00:00,16,,,,,0,,,,0,0,0,INDIRIZZO_ESTRATTO,VENDITA
e21b5f6ccc79664af54e,Val della Torre,Via Gibbione s.n.c,Via Gibbione s.n.c,casa indipendente,"Casa indipendente in vendita in Via Gibbione s.n.c, Val della Torre ...",Idealista,,https://www.idealista.it/immobile/30820538/,NEW,True,False,2026-09-20T11:10:13.480968+00:00,2026-09-20T11:10:13.480970+00:00,0,449000.0,,,,0,,,,0,0,0,INDIRIZZO_ESTRATTO,VENDITA
564c814d1f4968c041e7,Val della Torre,"Via Montelera, 63",Via Montelera,villa,"Villa in vendita in Via Montelera, 63, Val della Torre - idealista",Idealista,,https://www.idealista.it/immobile/34503292/,NEW,True,False,2026-09-20T11:10:13.480951+00:00,2026-09-20T11:10:13.480953+00:00,0,,,,,0,,,,0,0,0,INDIRIZZO_ESTRATTO,VENDITA
4a7dd69ffaf83673298b,Val della Torre,"Via San Lucia, 9",Via San Lucia,casa indipendente,"Casa indipendente in vendita in Via San Lucia, 9, Val della Torre ...",Idealista,,https://www.idealista.it/immobile/35386479/,RELISTED,True,False,2026-09-04T07:52:28.841270+00:00,2026-09-20T11:10:13.480940+00:00,16,,,,,0,,,,0,0,0,INDIRIZZO_ESTRATTO,VENDITA
22cb67e2fb0eb4397a36,Val della Torre,"Via Sis, 54",Via Sis,villa,"Villa in vendita in Via Sis, 54, Val della Torre - idealista",Idealista,,https://www.idealista.it/immobile/31495739/,POSSIBILE_USCITA,False,False,2026-09-19T14:29:10.961340+00:00,2026-09-19T14:29:10.961341+00:00,0,,,,,0,,,,0,0,6,INDIRIZZO_ESTRATTO,VENDITA
919781976d1f06fabaa1,Val della Torre,Via Sis 15,Via Sis,villa,Villa in Vendita in Via Sis 15 a Val della Torre - Casa.it,Casa.it,,https://www.casa.it/immobili/51362083/,USCITO_MERCATO,False,False,2026-09-06T22:17:30.167370+00:00,2026-09-06T22:17:30.167371+00:00,0,,,,,0,,,,0,0,60,INDIRIZZO_ESTRATTO,VENDITA
cf74397bf65b633dc48c,Val della Torre,Via Sis a Val della Torre,Via Sis a Val della Torre,villa,Villa in Vendita in Via Sis a Val della Torre - 170mq - Casa.it,Casa.it,,https://www.casa.it/immobili/51977858/,USCITO_MERCATO,False,False,2026-09-06T22:17:30.167376+00:00,2026-09-06T22:17:30.167378+00:00,0,,,170.0,,0,,,,0,0,60,INDIRIZZO_ESTRATTO,VENDITA
0e239485c77d43a05959,Val della Torre,"Via Val della Torre, 41",Via Val della Torre,appartamento,"Quadrilocale in vendita in Via Val della Torre, 41 - idealista",Idealista,,https://www.idealista.it/immobile/26690804/,RELISTED,True,False,2026-09-04T07:52:28.841294+00:00,2026-09-20T11:10:13.481000+00:00,16,,,,,0,,,,0,0,0,INDIRIZZO_ESTRATTO,VENDITA
591688d983da64165805,Val della Torre,"Via Val della Torre, 115",Via Val della Torre,appartamento,"Quadrilocale in vendita in Via Val della Torre, 115",Idealista,,https://www.idealista.it/immobile/33313315/,RELISTED,True,False,2026-09-13T14:26:02.557375+00:00,2026-09-20T11:10:13.481022+00:00,6,,,,,0,,,,0,0,0,INDIRIZZO_ESTRATTO,VENDITA
79f7a539a63ef059383d,Val della Torre,Via Val della Torre 92,Via Val della Torre,appartamento,Bilocale in Vendita in Via Val della Torre 92 a Torino - Casa.it,Casa.it,per chi cerca una soluzione pronta da abitare o un ottimo investimento immobiliare,https://www.casa.it/immobili/53921348/,USCITO_MERCATO,False,False,2026-08-21T12:20:59.475947+00:00,2026-08-21T12:20:59.475948+00:00,0,,,,,0,,,,0,0,91,INDIRIZZO_ESTRATTO,VENDITA
8d969f5303498e6f80bd,Val della Torre,"Via Val della Torre, 23",Via Val della Torre,appartamento,"Appartamento su due piani in vendita in Via Val della Torre, 23",Idealista,,https://www.idealista.it/immobile/35246181/,USCITO_MERCATO,False,False,2026-09-04T07:52:28.841264+00:00,2026-09-13T14:26:02.557297+00:00,9,,,,,0,,,,0,0,31,INDIRIZZO_ESTRATTO,VENDITA
909e0be85022cf390b71,Val della Torre,"Via Val della Torre, 62",Via Val della Torre,appartamento,"Bilocale all'asta in Via Val della Torre, 62 - idealista",Idealista,,https://www.idealista.it/immobile/36090544/,USCITO_MERCATO,False,False,2026-08-28T05:06:35.531589+00:00,2026-09-06T19:19:39.866447+00:00,9,,,,,0,,,,0,0,61,INDIRIZZO_ESTRATTO,ASTA
94498f6a167f4d4e0853,Val della Torre,"Via Val della Torre, 39",Via Val della Torre,appartamento,"Quadrilocale in vendita in Via Val della Torre, 39 - idealista",Idealista,,https://www.idealista.it/immobile/35710297/,USCITO_MERCATO,False,False,2026-09-04T07:52:28.841311+00:00,2026-09-08T18:39:29.646152+00:00,4,,,,,0,,,,0,0,54,INDIRIZZO_ESTRATTO,VENDITA
cf0722384936151f895a,Val della Torre,"Via Val della Torre, 18",Via Val della Torre,appartamento,"Quadrilocale in vendita in Via Val della Torre, 18 - idealista",Idealista,,https://www.idealista.it/immobile/34898332/,RELISTED,True,False,2026-09-04T07:52:28.841305+00:00,2026-09-20T11:10:13.481032+00:00,16,,,,,0,,,,0,0,0,INDIRIZZO_ESTRATTO,VENDITA
fc1c83c73d91bac9881e,Val della Torre,"Via Val della Torre, 123",Via Val della Torre,appartamento,"Appartamento in vendita in Via Val della Torre, 123",Idealista,,https://www.idealista.it/immobile/35316866/,RELISTED,True,False,2026-09-13T14:26:02.557319+00:00,2026-09-20T11:10:13.481011+00:00,6,,,,,0,,,,0,0,0,INDIRIZZO_ESTRATTO,VENDITA
42b068dcab9e07eafaab,Val della Torre,Via Val della Torre 49/11,Via Val della Torre,commerciale,"Negozio, affitto, Via Val della Torre 49/11, Torino",Capannoni logistica,,https://www.commerciali.it/negozio-affitto-torino-zona-madonna-di-campagna-barriera-di-lanzo-30788055,USCITO_MERCATO,False,False,2026-09-09T17:56:58.704733+00:00,2026-09-11T23:19:47.991352+00:00,2,,,,,0,,,,0,0,38,INDIRIZZO_ESTRATTO,LOCAZIONE
d1045db4a482a9a7a1c8,Val della Torre,"Via Val della Torre, 3",Via Val della Torre,villa,"Villetta bifamiliare in vendita in Via Val della Torre, 3",Idealista,,https://www.idealista.it/immobile/34108736/,POSSIBILE_USCITA,False,False,2026-09-19T14:29:10.961378+00:00,2026-09-19T14:29:10.961379+00:00,0,,,183.0,,0,,,,0,0,6,INDIRIZZO_ESTRATTO,VENDITA
fefd88639f00cbf0c5a0,Val della Torre,via Borgo Nuovo 18,via Borgo Nuovo,villa,Vendita Appartamento in villa in via Borgo Nuovo 18 Val della Torre ...,Immobiliare.it,,https://www.immobiliare.it/annunci/126543177/,USCITO_MERCATO,False,False,2026-08-27T21:04:17.081234+00:00,2026-09-16T22:13:22.799143+00:00,20,,,,,0,,,,0,0,17,INDIRIZZO_ESTRATTO,PRIVATO
8edc347afa620abfcba6,Val della Torre,via Bussoneis 50,via Bussoneis,casa indipendente,"Terratetto plurifamiliare via Bussoneis 50, Val della Torre",Immobiliare.it,,https://www.immobiliare.it/annunci/132332672/,USCITO_MERCATO,False,False,2026-09-14T18:41:54.045184+00:00,2026-09-19T10:47:39.486600+00:00,4,,,,,0,,,,0,0,7,INDIRIZZO_ESTRATTO,PRIVATO
f0e343ce296432132e42,Val della Torre,via Ciaine 51/A,via Ciaine,casa indipendente,Vendita Terratetto unifamiliare in via Ciaine 51/A Val della Torre ...,Immobiliare.it,,https://www.immobiliare.it/annunci/128805482/,TRACKED,True,False,2026-09-14T12:27:12.114741+00:00,2026-09-20T11:10:13.480916+00:00,5,,,,,0,,,,0,0,0,INDIRIZZO_ESTRATTO,"AGENZIA,CANTIERE,VENDITA"
23363a9badb6422e3f45,Val della Torre,via Fornace 27,via Fornace,villa,Vendita Villa unifamiliare in via Fornace 27 Val della Torre. Buono ...,Immobiliare.it,,https://www.immobiliare.it/annunci/124454501/,USCITO_MERCATO,False,False,2026-09-07T00:44:29.377187+00:00,2026-09-07T00:44:29.377189+00:00,0,,,,,0,,,,0,0,59,INDIRIZZO_ESTRATTO,VENDITA
4c7008a4b050241e5455,Val della Torre,via Fornace 11,via Fornace,villa,Vendita Villa bifamiliare in via Fornace 11 Val della Torre. Ottimo ...,Immobiliare.it,,https://www.immobiliare.it/annunci/118065063/,USCITO_MERCATO,False,False,2026-09-05T19:08:06.335967+00:00,2026-09-19T06:11:00.697844+00:00,13,,,800.0,,0,,,,0,0,8,INDIRIZZO_ESTRATTO,VENDITA
bb31f5d02555fc0d50c3,Val della Torre,via Gibbione 13,via Gibbione,villa,Vendita Villa unifamiliare in via Gibbione 13 Val della Torre. Ottimo ...,Immobiliare.it,,https://www.immobiliare.it/annunci/121728158/,USCITO_MERCATO,False,False,2026-09-05T19:08:06.335973+00:00,2026-09-08T18:39:29.646058+00:00,2,449000.0,,,,0,,,,0,0,54,INDIRIZZO_ESTRATTO,VENDITA
91701bedd53b2d192064,Val della Torre,"via Montelera, 69",via Montelera,villa,"Casa indipendente in vendita in via Montelera, 69, Val della Torre ...",Idealista,,https://www.idealista.it/immobile/31142635/,POSSIBILE_USCITA,False,False,2026-09-04T07:52:28.841282+00:00,2026-09-19T14:29:10.961357+00:00,15,,,,,0,,,,0,0,6,INDIRIZZO_ESTRATTO,VENDITA
48a7381596d02ea3918e,Val della Torre,via Sis 76,via Sis,villa,Vendita Villa unifamiliare in via Sis 76 Val della Torre. Posto auto ...,Immobiliare.it,,https://www.immobiliare.it/annunci/121617958/,USCITO_MERCATO,False,False,2026-09-05T19:08:06.335982+00:00,2026-09-15T18:17:59.373652+00:00,9,219000.0,,,,0,,,,0,0,21,INDIRIZZO_ESTRATTO,VENDITA
3b9a42abd14a93c21d39,Val della Torre,"via Val Della Torre, 79",via Val Della Torre,commerciale,"Capannone via Val Della Torre, 79, Torino, Rif. 128558548 - Immobiliare.it",Immobiliare.it,,https://www.immobiliare.it/annunci/128558548/,USCITO_MERCATO,False,False,2026-09-17T06:08:55.034133+00:00,2026-09-17T06:08:55.034135+00:00,0,,,200.0,,0,,,,0,0,16,INDIRIZZO_ESTRATTO,VENDITA
ebbed22710342f5c340c,Val della Torre,via Val della Torre 78,via Val della Torre,appartamento,Vendita Appartamento Torino. Bilocale in via Val della Torre 78. Buono ...,Immobiliare.it,,https://www.immobiliare.it/annunci/131509024/,USCITO_MERCATO,False,False,2026-08-28T10:58:40.672159+00:00,2026-08-28T10:58:40.672160+00:00,0,,,,,0,,,,0,0,88,INDIRIZZO_ESTRATTO,VENDITA
3f2eea7300803c86c355,Val della Torre,via Val della Torre 184,via Val della Torre,commerciale,"Capannone via Val della Torre 184, Alpignano, Rif. 127148161 ...",Immobiliare.it,,https://www.immobiliare.it/annunci/127148161/,USCITO_MERCATO,False,False,2026-09-01T18:58:42.122044+00:00,2026-09-06T13:51:47.103627+00:00,4,1800000.0,,,,0,,,,0,0,63,INDIRIZZO_ESTRATTO,VENDITA
21f4a0b9eb8b074f9293,Val della Torre,via mulino 5/a,via mulino,casa indipendente,Vendita Terratetto unifamiliare in via mulino 5/a Val della Torre. Da ...,Immobiliare.it,,https://www.immobiliare.it/annunci/120847134/,USCITO_MERCATO,False,False,2026-09-06T17:10:13.431802+00:00,2026-09-06T17:10:13.431803+00:00,0,,,,,0,,,,0,0,62,INDIRIZZO_ESTRATTO,VENDITA
c9f94affa32cbe41ce51,Valgioie,,,villa,Vendita Villa unifamiliare in Colle Braida 40 Valgioie. Ottimo stato ...,Immobiliare.it,,https://www.immobiliare.it/annunci/126433467/,TRACKED,True,False,2026-08-27T21:04:17.081267+00:00,2026-09-20T11:10:13.481098+00:00,23,,,,,0,,,,0,0,0,URL_DETTAGLIO_PORTALE,"VENDITA,PRIVATO"
5b4decbf9990e8b86338,Valgioie,Borgata Chiapero 44,Borgata Chiapero,casa indipendente,Vendita Terratetto plurifamiliare in Borgata Chiapero 44 Valgioie ...,Immobiliare.it,,https://www.immobiliare.it/annunci/128293754/,TRACKED,True,False,2026-08-27T21:04:17.081272+00:00,2026-09-20T11:10:13.481081+00:00,23,,,,,0,,,,0,0,0,INDIRIZZO_ESTRATTO,VENDITA
0034b83033396e02fc69,Valgioie,Borgata Chiapero 6,Borgata Chiapero,villa,Vendita Villa bifamiliare in Borgata Chiapero 6 Valgioie. Da ...,Immobiliare.it,,https://www.immobiliare.it/annunci/113536897/,TRACKED,True,False,2026-08-27T21:04:17.081278+00:00,2026-09-20T11:10:13.481075+00:00,23,,,,,0,,,,0,0,0,INDIRIZZO_ESTRATTO,VENDITA
4741658ffc88337a2f7d,Valgioie,Borgata Chiappero 6,Borgata Chiappero,altro,Casa bifamiliare in Vendita in Borgata Chiappero 6 a Valgioie,Casa.it,,https://www.casa.it/immobili/51384296/,USCITO_MERCATO,False,False,2026-08-22T17:17:15.502936+00:00,2026-08-23T17:16:38.787129+00:00,0,,,,,0,,,,0,0,91,INDIRIZZO_ESTRATTO,VENDITA
86b90c759acbef02a9a9,Valgioie,Borgata Chiappero 58,Borgata Chiappero,casa indipendente,Casa indipendente in Vendita in Borgata Chiappero 58 a Valgioie,Casa.it,,https://www.casa.it/immobili/52705642/,USCITO_MERCATO,False,False,2026-09-04T00:12:37.947817+00:00,2026-09-12T05:52:24.478650+00:00,8,,,,,0,,,,0,0,37,INDIRIZZO_ESTRATTO,VENDITA
f3e983564de3c51fdbeb,Valgioie,Borgata Chiappero 58,Borgata Chiappero,casa indipendente,Vendita Terratetto unifamiliare in Borgata Chiappero 58 Valgioie. Buono ...,Immobiliare.it,,https://www.immobiliare.it/annunci/124514105/,TRACKED,True,False,2026-09-01T18:58:42.122075+00:00,2026-09-20T11:10:13.481088+00:00,18,,,,,0,,,,0,0,0,INDIRIZZO_ESTRATTO,VENDITA
9991ce9bf7524a0616e7,Valgioie,Borgata Combravino 25,Borgata Combravino,casa indipendente,Vendita Terratetto unifamiliare in Borgata Combravino 25 Valgioie. Da ...,Immobiliare.it,,https://www.immobiliare.it/annunci/129640622/,TRACKED,True,False,2026-09-19T06:11:00.697918+00:00,2026-09-20T11:10:13.481108+00:00,1,,,,,0,,,,0,0,0,INDIRIZZO_ESTRATTO,VENDITA
a5ca23790d7c36929926,Valgioie,"Via Valgioie, 82",Via Valgioie,appartamento,"Quadrilocale in vendita in Via Valgioie, 82, Parella, Torino ...",Idealista,,https://www.idealista.it/immobile/36751902/,USCITO_MERCATO,False,False,2026-09-12T17:06:03.936985+00:00,2026-09-12T17:06:03.936987+00:00,0,225000.0,,100.0,2250.0,0,,,,0,0,34,INDIRIZZO_ESTRATTO,VENDITA
0887ebd4685fa236a3fe,Valgioie,via Valgioie 88,via Valgioie,appartamento,Vendita Appartamento Torino. Trilocale in via Valgioie 88. Ottimo stato ...,Immobiliare.it,,https://www.immobiliare.it/annunci/130920012/,USCITO_MERCATO,False,False,2026-08-27T21:04:17.081262+00:00,2026-09-10T21:45:03.420097+00:00,14,,,,,0,,,,0,0,42,INDIRIZZO_ESTRATTO,"AGENZIA,VENDITA"
95f85f9017563fde396e,Valgioie,via Valgioie 88,via Valgioie,appartamento,Vendita Appartamento Torino. Trilocale in via Valgioie 88. Ottimo stato ...,Immobiliare.it,,https://www.immobiliare.it/annunci/132447014/,TRACKED,True,False,2026-09-16T19:00:37.440087+00:00,2026-09-20T11:10:13.481068+00:00,3,,,,,0,,,,0,0,0,INDIRIZZO_ESTRATTO,AGENZIA
ca0684c655b37a793693,Valgioie,via Valgioie 60,via Valgioie,appartamento,Vendita Appartamento Torino. Quadrilocale in via Valgioie 60. Buono ...,Immobiliare.it,,https://www.immobiliare.it/annunci/131854878/,USCITO_MERCATO,False,False,2026-08-27T21:04:17.081256+00:00,2026-09-15T13:33:03.395475+00:00,18,,,,,0,,,,0,0,22,INDIRIZZO_ESTRATTO,VENDITA
90daefb3f28e5f339d5f,Varisella,,,villa,Case e appartamenti a Via Varisella. Immobili in vendita a ... - Nestoria,Nestoria,,https://www.nestoria.it/immobiliare/vendita/via-varisella,TRACKED,True,False,2026-09-08T06:35:04.159457+00:00,2026-09-20T11:10:13.481121+00:00,12,,,,,0,,,,0,0,0,INDIRIZZO_NEL_TITOLO,VENDITA
0b9f381338178d19ae3a,Venaus,,,appartamento,"Asta per appartamento, sv, Centro Venaus, rif. 132132158 - Immobiliare.it",Immobiliare.it,,https://www.immobiliare.it/annunci/132132158/,TRACKED,True,False,2026-09-03T18:47:06.319854+00:00,2026-09-07T10:14:01.142125+00:00,16,,,,,0,,,,0,0,0,URL_DETTAGLIO_PORTALE,ASTA
31925213c0bced97d627,Venaus,,,appartamento,Appartamento in Vendita in mOLINO 20 a Venaus - Casa.it,Casa.it,,https://www.casa.it/immobili/54583364/,USCITO_MERCATO,False,False,2026-08-21T12:20:59.475963+00:00,2026-08-22T17:17:15.502949+00:00,1,,,,,0,,,,0,0,34,URL_DETTAGLIO_PORTALE,VENDITA
7462493ec679876bb32b,Venaus,,,appartamento,"Asta per appartamento, sv, Centro Venaus, rif. 132131936 - Immobiliare.it",Immobiliare.it,,https://www.immobiliare.it/annunci/132131936/,USCITO_MERCATO,False,False,2026-09-04T12:01:02.701937+00:00,2026-09-05T23:10:34.873198+00:00,1,,,,,0,,,,0,0,10,URL_DETTAGLIO_PORTALE,ASTA
acdd9e046488717546ca,Venaus,,,appartamento,"Asta per appartamento, sv, Centro Venaus, rif. 131968464 - Immobiliare.it",Immobiliare.it,,https://www.immobiliare.it/annunci/131968464/,POSSIBILE_USCITA,False,False,2026-09-04T02:03:54.139986+00:00,2026-09-06T19:19:39.866505+00:00,2,,,,,0,,,,0,0,4,URL_DETTAGLIO_PORTALE,ASTA
88b4e0ca1713e792a6bb,Venaus,"Frazione Bar Cenisio, 24",Frazione Bar Cenisio,casa indipendente,"Casa indipendente in vendita in Frazione Bar Cenisio, 24, Venaus ...",Idealista,,https://www.idealista.it/immobile/36425442/,USCITO_MERCATO,False,False,2026-08-23T17:16:38.787136+00:00,2026-08-28T05:06:35.531642+00:00,4,89000.0,,100.0,890.0,0,,,,0,0,32,INDIRIZZO_ESTRATTO,VENDITA
0dfabc0b971628c81560,Venaus,Frazione Bar Cenisio 24,Frazione Bar Cenisio,villa,Casa indipendente in Vendita in Frazione Bar Cenisio 24 a Venaus,Casa.it,,https://www.casa.it/immobili/54545291/,USCITO_MERCATO,False,False,2026-08-27T21:04:17.081303+00:00,2026-08-28T10:58:40.672241+00:00,0,,,,,0,,,,0,0,31,INDIRIZZO_ESTRATTO,VENDITA
beb51370b272418f2a71,Venaus,Via Antica Reale,Via Antica Reale,appartamento,"Appartamento all'asta in Via Antica Reale, Venaus - idealista",Idealista,,https://www.idealista.it/immobile/36699666/,POSSIBILE_USCITA,False,False,2026-09-04T19:20:00.005850+00:00,2026-09-06T17:10:13.431861+00:00,1,,,,,0,,,,0,0,5,INDIRIZZO_ESTRATTO,ASTA
f26a9eba218967f16f18,Venaus,"frazione Molino, 20",frazione Molino,casa indipendente,"Asta per casa indipendente, frazione Molino, 20, Centro Venaus, rif ...",Immobiliare.it,,https://www.immobiliare.it/annunci/131149772/,TRACKED,True,False,2026-09-04T02:03:54.139992+00:00,2026-09-07T10:14:01.142133+00:00,16,44043.0,,,,0,,,,0,0,0,INDIRIZZO_ESTRATTO,ASTA
8306b5e094f34be8fe61,Villar Dora,,,altro,5+ locali in Vendita a Villar Dora | Euro 59.000 | Mq 188,Tempocasa,,https://tempocasa.it/it/vendita/torino/villar-dora/5-locali/14999319,USCITO_MERCATO,False,False,2026-09-13T14:26:02.557505+00:00,2026-09-13T14:26:02.557506+00:00,0,59000.0,,188.0,313.83,0,,,,0,0,31,URL_DETTAGLIO_PORTALE,AGENZIA
8397d5849079c3bbbba8,Villar Dora,,,altro,Porzione di casa in Vendita a Villar Dora | Euro 38.000 | Mq 70,Tempocasa,,https://tempocasa.it/it/vendita/torino/villar-dora/porzione-di-casa/16436598,USCITO_MERCATO,False,False,2026-09-13T14:26:02.557537+00:00,2026-09-13T14:26:02.557539+00:00,0,38000.0,,70.0,542.86,0,,,,0,0,31,URL_DETTAGLIO_PORTALE,AGENZIA
bab728051d630c5e066a,Villar Dora,,,altro,Annunci di case in vendita a Villar Dora centro città,Bakeca privati,,https://torino.bakeca.it/annunci/vendita-case/luogo/villar+dora/,TRACKED,True,False,2026-08-28T10:58:40.672276+00:00,2026-09-20T11:10:13.481141+00:00,23,,,,,0,,,,0,0,0,URL_DETTAGLIO_PORTALE,VENDITA
cf1eede18b6d430741df,Villar Dora,,,appartamento,Subito - TECNOCASA - STUDIO ALMESE SRL - 3 LOCALI A VILLAR DORA ...,Subito privati,,https://www.subito.it/appartamenti/3-locali-a-villar-dora-torino-661023958.htm,RELISTED,True,False,2026-09-19T10:47:39.486772+00:00,2026-09-20T11:10:13.481155+00:00,1,,,,,0,,,,0,0,0,URL_DETTAGLIO,AGENZIA
e290a625b425ceffa276,Villar Dora,,,casa indipendente,Casa indipendente in Vendita a Villar Dora | Euro 109.000 | Mq 300,Tempocasa,,https://tempocasa.it/it/vendita/torino/villar-dora/casa-indipendente/17090205,USCITO_MERCATO,False,False,2026-09-13T14:26:02.557513+00:00,2026-09-13T14:26:02.557514+00:00,0,109000.0,,300.0,363.33,0,,,,0,0,31,URL_DETTAGLIO_PORTALE,AGENZIA
f3acda44f19797186c24,Villar Dora,,,casa indipendente,Terratetto - terracielo in Vendita a Villar Dora,Tempocasa,,https://tempocasa.it/it/vendita/torino/villar-dora/terratetto-terracielo/16952355,USCITO_MERCATO,False,False,2026-09-13T14:26:02.557529+00:00,2026-09-13T14:26:02.557530+00:00,0,48000.0,,,,0,,,,0,0,31,URL_DETTAGLIO_PORTALE,AGENZIA
98fa93b52834ec0d5308,Villar Dora,,,villa,Villa in Vendita a Villar Dora | Euro 425.000 | Mq 400,Tempocasa,,https://tempocasa.it/it/vendita/torino/villar-dora/villa/12679289,USCITO_MERCATO,False,False,2026-09-13T14:26:02.557496+00:00,2026-09-13T14:26:02.557497+00:00,0,425000.0,,400.0,1062.5,0,,,,0,0,31,URL_DETTAGLIO_PORTALE,AGENZIA
cbd3fe65cfae87631b70,Villar Dora,,,villa,Villa unifamiliare in Vendita a Villar Dora | Euro 290.000 | Mq 410,Tempocasa,,https://tempocasa.it/it/vendita/torino/villar-dora/villa-unifamiliare/16752307,USCITO_MERCATO,False,False,2026-09-13T14:26:02.557521+00:00,2026-09-13T14:26:02.557522+00:00,0,290000.0,,410.0,707.32,0,,,,0,0,31,URL_DETTAGLIO_PORTALE,AGENZIA
3bdf78447b81a59337d2,Villar Dora,"Borgata Bert, 38",Borgata Bert,villa,"Villetta bifamiliare in vendita in Borgata Bert, 38, Villar Dora ...",Idealista,,https://www.idealista.it/immobile/34134970/,USCITO_MERCATO,False,False,2026-09-16T04:54:00.960801+00:00,2026-09-16T04:54:00.960803+00:00,0,,,,,0,,,,0,0,20,INDIRIZZO_ESTRATTO,PRIVATO
af363c831e6b9ccc3887,Villar Dora,Borgata Cordonatto 2,Borgata Cordonatto,casa indipendente,Vendita Terratetto unifamiliare in Borgata Cordonatto 2 Villar Dora. Da ...,Immobiliare.it,,https://www.immobiliare.it/annunci/111886863/,USCITO_MERCATO,False,False,2026-09-13T20:46:02.148697+00:00,2026-09-17T16:48:02.649039+00:00,3,,,700.0,,0,,,,0,0,14,INDIRIZZO_ESTRATTO,PRIVATO
bbb4e1054ec4c70a74fa,Villar Dora,"Borgata Molino, 11",Borgata Molino,villa,"Villa in vendita in Borgata Molino, 11, Villar Dora - idealista",Idealista,,https://www.idealista.it/immobile/34961160/,USCITO_MERCATO,False,False,2026-09-16T04:54:00.960788+00:00,2026-09-16T04:54:00.960790+00:00,0,,,,,0,,,,0,0,20,INDIRIZZO_ESTRATTO,VENDITA
a3c7327b01551adff01e,Villar Dora,"Borgata Richetto, 11",Borgata Richetto,casa indipendente,"Casa indipendente in vendita in Borgata Richetto, 11, Villar Dora ...",Idealista,,https://www.idealista.it/immobile/36106618/,USCITO_MERCATO,False,False,2026-09-16T04:54:00.960795+00:00,2026-09-16T04:54:00.960797+00:00,0,,,,,0,,,,0,0,20,INDIRIZZO_ESTRATTO,AGENZIA
3de19193d82ae13fda65,Villar Dora,"Via Al Cerrone, 55",Via Al Cerrone,villa,"Villa in vendita in Via Al Cerrone, 55, Villar Dora - idealista",Idealista,,https://www.idealista.it/immobile/35976057/,USCITO_MERCATO,False,False,2026-09-16T04:54:00.960782+00:00,2026-09-16T04:54:00.960784+00:00,0,,,,,0,,,,0,0,20,INDIRIZZO_ESTRATTO,VENDITA
a056b95f33b4d1d608fd,Villar Dora,"Via Al Cerrone, 9",Via Al Cerrone,villa,"Villetta bifamiliare in vendita in Via Al Cerrone, 9, Villar Dora ...",Idealista,,https://www.idealista.it/immobile/34456869/,USCITO_MERCATO,False,False,2026-09-16T04:54:00.960776+00:00,2026-09-16T04:54:00.960777+00:00,0,,,,,0,,,,0,0,20,INDIRIZZO_ESTRATTO,VENDITA
fe5085369239a2fb21cf,Villar Dora,"Via Avigliana, 21",Via Avigliana,villa,"Casa indipendente in vendita in Via Avigliana, 21, Villar Dora ...",Idealista,,https://www.idealista.it/immobile/35750593/,USCITO_MERCATO,False,False,2026-09-16T04:54:00.960807+00:00,2026-09-16T04:54:00.960809+00:00,0,,,300.0,,0,,,,0,0,20,INDIRIZZO_ESTRATTO,AGENZIA
d48aa39affeee332a566,Villar Dora,Via Celle 64,Via Celle,appartamento,"Trilocale in vendita in Via Celle, 64, Villar Dora - idealista",Idealista,,https://www.idealista.it/immobile/34771243/,USCITO_MERCATO,False,False,2026-08-17T16:30:23.634233+00:00,2026-08-28T10:58:40.672255+00:00,10,,,,,0,,,,0,0,88,INDIRIZZO_ESTRATTO,VENDITA
ebfbea7bb064c1a7657c,Villar Dora,"Via Sant'Ambrogio, 61",Via Sant'Ambrogio,appartamento,"Appartamento in vendita in Via Sant'Ambrogio, 61, Villar Dora ...",Idealista,,https://www.idealista.it/immobile/34089792/,USCITO_MERCATO,False,False,2026-09-16T04:54:00.960814+00:00,2026-09-16T04:54:00.960815+00:00,0,,,,,0,,,,0,0,20,INDIRIZZO_ESTRATTO,VENDITA
0c1aa729938693fc9447,Villar Dora,"Via Sant'Ambrogio, 61",Via Sant'Ambrogio,villa,"Villa in vendita in Via Sant'Ambrogio, 61, Villar Dora - idealista",Idealista,,https://www.idealista.it/immobile/34113830/,USCITO_MERCATO,False,False,2026-09-16T04:54:00.960763+00:00,2026-09-16T04:54:00.960764+00:00,0,,,,,0,,,,0,0,20,INDIRIZZO_ESTRATTO,VENDITA
c6e0e346889359d26fd1,Villar Dora,"Via Sant'Ambrogio, 102",Via Sant'Ambrogio,villa,"Villa in vendita in Via Sant'Ambrogio, 102, Villar Dora - idealista",Idealista,,https://www.idealista.it/immobile/35236048/,USCITO_MERCATO,False,False,2026-09-16T04:54:00.960769+00:00,2026-09-16T04:54:00.960771+00:00,0,,,,,0,,,,0,0,20,INDIRIZZO_ESTRATTO,VENDITA
d2c0711deafdf3ebfa57,Villar Dora,via Al Cerrone 9,via Al Cerrone,villa,Vendita Villa bifamiliare in via Al Cerrone 9 Villar Dora. Ottimo stato ...,Immobiliare.it,,https://www.immobiliare.it/annunci/125554379/,USCITO_MERCATO,False,False,2026-08-28T05:06:35.531695+00:00,2026-09-11T09:00:35.959071+00:00,14,,,,,0,,,,0,0,41,INDIRIZZO_ESTRATTO,VENDITA
638ecb973cd468a12511,Villar Dora,via Borgionera 6,via Borgionera,villa,Vendita Villa unifamiliare in via Borgionera 6 Villar Dora. Da ...,Immobiliare.it,,https://www.immobiliare.it/annunci/127214869/,USCITO_MERCATO,False,False,2026-08-27T21:04:17.081337+00:00,2026-09-06T22:17:30.167481+00:00,10,,,44.0,,0,,,,0,0,60,INDIRIZZO_ESTRATTO,VENDITA
5b80115cab5c68f26825,Villar Dora,via Borgionera Villar Dora. Ottimo stato,via Borgionera Villar Dora. Ottimo stato,villa,Vendita Villa unifamiliare in via Borgionera Villar Dora. Ottimo stato ...,Immobiliare.it,,https://www.immobiliare.it/annunci/111453871/,USCITO_MERCATO,False,False,2026-09-18T17:15:59.825702+00:00,2026-09-18T17:15:59.825704+00:00,0,,,1200.0,,0,,,,0,0,10,INDIRIZZO_ESTRATTO,VENDITA
4a5ded2f3fe8ffa9be52,Villar Dora,via Celle 67,via Celle,appartamento,Vendita Appartamento Villar Dora. Bilocale in via Celle 67. Buono stato ...,Immobiliare.it,,https://www.immobiliare.it/annunci/130667066/,POSSIBILE_USCITA,False,False,2026-09-01T20:55:16.174597+00:00,2026-09-19T23:00:29.359310+00:00,18,,,,,0,,,,0,0,3,INDIRIZZO_ESTRATTO,VENDITA
51d94c7cf4f82242a9d2,Villar Dora,via Celle 64,via Celle,appartamento,Vendita Appartamento Villar Dora. Trilocale in via Celle 64. Ottimo ...,Immobiliare.it,,https://www.immobiliare.it/annunci/126460417/,USCITO_MERCATO,False,False,2026-09-01T18:58:42.122113+00:00,2026-09-13T09:37:53.090038+00:00,11,,,,,0,,,,0,0,32,INDIRIZZO_ESTRATTO,VENDITA
7c83e6bd8836089a8f24,Villar Dora,via Celle s.n.c,via Celle s.n.c,villa,"Villa in vendita in via Celle s.n.c, Villar Dora - idealista",Idealista,,https://www.idealista.it/immobile/31639686/,USCITO_MERCATO,False,False,2026-09-16T04:54:00.960820+00:00,2026-09-16T04:54:00.960821+00:00,0,,,,,0,,,,0,0,20,INDIRIZZO_ESTRATTO,VENDITA
cb6a48516ffe893dc1f9,Villar Dora,"via Cuminie, 71",via Cuminie,villa,"Vendita Villa unifamiliare in via Cuminie, 71 Villar Dora. Da ...",Immobiliare.it,,https://www.immobiliare.it/annunci/117444441/,POSSIBILE_USCITA,False,False,2026-09-06T17:10:13.431920+00:00,2026-09-19T18:06:37.669020+00:00,13,,,,,0,,,,0,0,5,INDIRIZZO_ESTRATTO,VENDITA
eb4e62a2322eae4a100c,Villar Dora,via San Vincenzo 10,via San Vincenzo,appartamento,Vendita Appartamento Villar Dora. Bilocale in via San Vincenzo 10 ...,Immobiliare.it,,https://www.immobiliare.it/annunci/129950144/,TRACKED,True,False,2026-09-09T13:49:33.339185+00:00,2026-09-20T11:10:13.481165+00:00,10,,,,,0,,,,0,0,0,INDIRIZZO_ESTRATTO,VENDITA
9e359edf6bbd22d7f203,Villar Dora,"via Sant'Anastasio, 6",via Sant'Anastasio,appartamento,"Appartamento in vendita a Villar Dora via Sant'Anastasio, 6",TrovaCasa privati,,https://www.trovacasa.it/annunci/to-tc-95641-72867715,USCITO_MERCATO,False,False,2026-09-03T18:47:06.319873+00:00,2026-09-08T11:07:58.869585+00:00,4,136000.0,,,,0,,,,0,0,55,INDIRIZZO_ESTRATTO,VENDITA
9ff84e3d36e0abe10751,Villar Dora,via Sotto Castello,via Sotto Castello,appartamento,Vendita Appartamento Villar Dora. Trilocale in via Sotto Castello ...,Immobiliare.it,,https://www.immobiliare.it/annunci/125804909/,USCITO_MERCATO,False,False,2026-09-04T12:01:02.701992+00:00,2026-09-16T04:54:00.960751+00:00,11,,,,,0,,,,0,0,20,INDIRIZZO_ESTRATTO,VENDITA
5cd823b4cd6127468183,Villar Dora,vicolo Genta 10,vicolo Genta,appartamento,Vendita Appartamento Villar Dora. Bilocale in vicolo Genta 10. Buono ...,Immobiliare.it,,https://www.immobiliare.it/annunci/118957947/,USCITO_MERCATO,False,False,2026-09-01T18:58:42.122140+00:00,2026-09-12T19:18:03.779118+00:00,11,,,,,0,,,,0,0,33,INDIRIZZO_ESTRATTO,VENDITA
0666e25e1360b7e71d7f,Villar Focchiardo,,,altro,Attrezzature e arredamento per locali ristorante pizzeria,Facebook Marketplace,,https://www.facebook.com/marketplace/item/1333679955440191/,USCITO_MERCATO,False,False,2026-09-06T17:10:13.431927+00:00,2026-09-06T17:10:13.431928+00:00,0,,,,,0,,,,0,0,62,URL_DETTAGLIO_PORTALE,VENDITA
7acebfa5f82ae753b43b,Villar Focchiardo,,,altro,"Proprietà rustica all'asta in Via Preinera, 10050, Villar Focchiardo ...",Idealista,,https://www.idealista.it/immobile/36647671/,USCITO_MERCATO,False,False,2026-08-27T21:04:17.081370+00:00,2026-08-28T05:06:35.531723+00:00,0,12000.0,,100.0,120.0,0,,,,0,0,89,URL_DETTAGLIO_PORTALE,ASTA
c746ca66c993c138b3d2,Villar Focchiardo,,,altro,2015 Fiat 500L - Commercial Vehicles - Villar Focchiardo - Facebook,Facebook Marketplace,,https://www.facebook.com/marketplace/item/1131976089100435/,USCITO_MERCATO,False,False,2026-09-06T17:10:13.431933+00:00,2026-09-06T17:10:13.431934+00:00,0,,,,,0,,,,0,0,62,URL_DETTAGLIO_PORTALE,VENDITA
cc0ab525db4b73474064,Villar Focchiardo,,,altro,Astalegale.net - Asta giudiziaria Abitazione di tipo civile Via ...,Mercato residenziale,,https://www.astalegale.net/Aste/Detail/B2427970,USCITO_MERCATO,False,False,2026-09-15T18:17:59.373781+00:00,2026-09-15T18:17:59.373782+00:00,0,,,,,0,,,,0,0,21,URL_DETTAGLIO,ASTA
fc03aa19b0453d186ef2,Villar Focchiardo,,,appartamento,Subito - TECNOCASA - STUDIO SVILUPPO SAS - 4 LOCALI A VILLAR FOCCHIARDO ...,Subito privati,,https://www.subito.it/appartamenti/4-locali-a-villar-focchiardo-torino-659433693.htm,USCITO_MERCATO,False,False,2026-09-04T07:52:28.841441+00:00,2026-09-08T21:57:25.797274+00:00,4,,,,,0,,,,0,0,53,URL_DETTAGLIO,"AGENZIA,LOCAZIONE"
6408277431777f48d665,Villar Focchiardo,,,rustico/casale,"Rustico 5 locali, 122 m² in Via Preinera 38 e 38/A, Villar Focchiardo ...",Mercato residenziale,,https://asteflorio.it/aste/rustico-5-5-locali-a-villar-focchiardo-to-villar-focchiardo,USCITO_MERCATO,False,False,2026-08-28T05:06:35.531714+00:00,2026-08-28T05:06:35.531715+00:00,0,,,122.0,,0,,,,0,0,89,INDIRIZZO_NEL_TITOLO,ASTA
7f0cc3d32456d276154e,Villar Focchiardo,,,rustico/casale,"Rustico, casale in Vendita in Via Preinera a Villar Focchiardo",Casa.it,,https://www.casa.it/immobili/54620897/,USCITO_MERCATO,False,False,2026-08-28T10:58:40.672321+00:00,2026-09-06T19:19:39.866597+00:00,9,,,,,0,,,,0,0,61,URL_DETTAGLIO_PORTALE,ASTA
e9cd9f2cd1664d6bd4a9,Villar Focchiardo,,,rustico/casale,"Asta per rustico - casale, , Baratte Villar Focchiardo, rif. 131963176 ...",Immobiliare.it,,https://www.immobiliare.it/annunci/131963176/,USCITO_MERCATO,False,False,2026-08-27T21:04:17.081375+00:00,2026-08-27T21:04:17.081377+00:00,0,,,,,0,,,,0,0,90,URL_DETTAGLIO_PORTALE,ASTA
f1b24648481c203daa1d,Villar Focchiardo,,,rustico/casale,"Rustico, casale in Vendita in Via Preinera 10050 a Villar Focchiardo",Casa.it,,https://www.casa.it/immobili/54614855/,USCITO_MERCATO,False,False,2026-08-27T21:04:17.081364+00:00,2026-08-27T21:04:17.081366+00:00,0,,,,,0,,,,0,0,90,URL_DETTAGLIO_PORTALE,VENDITA
d1b794cebf2baa0e5180,Villar Focchiardo,,,terreno,Terreno residenziale in Vendita a Villar Focchiardo,Tempocasa,,https://tempocasa.it/it/vendita/torino/villar-focchiardo/terreno-residenziale/17127722,USCITO_MERCATO,False,False,2026-09-13T23:15:39.651094+00:00,2026-09-13T23:15:39.651095+00:00,0,,,552.0,,0,,,,0,0,28,URL_DETTAGLIO_PORTALE,"AGENZIA,SVILUPPO"
189041c5cf412db3c6a8,Villar Focchiardo,,,villa,"Villa in vendita a Villar Focchiardo, Valli Susa - Sangone, Torino ...",Idealista,,https://www.idealista.it/immobile/35413547/,USCITO_MERCATO,False,False,2026-09-09T23:18:34.769810+00:00,2026-09-12T17:06:03.937064+00:00,2,,,,,0,,,,0,0,34,URL_DETTAGLIO_PORTALE,VENDITA
e93aa2f85a04f89c0958,Villar Focchiardo,,,villa,Villetta bifamiliare in vendita a Villar Focchiardo - idealista,Idealista,,https://www.idealista.it/immobile/36238160/,USCITO_MERCATO,False,False,2026-09-09T23:18:34.769823+00:00,2026-09-12T17:06:03.937073+00:00,2,,,,,0,,,,0,0,34,URL_DETTAGLIO_PORTALE,VENDITA
3dad3609a752f3fdb420,Villar Focchiardo,Borgata Castellaro 8,Borgata Castellaro,casa indipendente,"Casa indipendente in vendita, Borgata Castellaro 8, Villar Focchiardo ...",Wikicasa,,https://www.wikicasa.it/annuncio/30416841,TRACKED,True,False,2026-09-10T21:45:03.420171+00:00,2026-09-20T11:10:13.481191+00:00,9,,,,,0,,,,0,0,0,INDIRIZZO_ESTRATTO,PRIVATO
ee1e23d44d9795bc578a,Villar Focchiardo,"Borgata Lanzore, 16",Borgata Lanzore,casa indipendente,"Casa indipendente in vendita in Borgata Lanzore, 16, Villar Focchiardo ...",Idealista,,https://www.idealista.it/immobile/35763445/,USCITO_MERCATO,False,False,2026-09-09T23:18:34.769842+00:00,2026-09-12T17:06:03.937102+00:00,2,,,,,0,,,,0,0,34,INDIRIZZO_ESTRATTO,VENDITA
7badb350b136bb6e974a,Villar Focchiardo,"Via Chiesali, 28",Via Chiesali,appartamento,"Quadrilocale in vendita in Via Chiesali, 28, Villar Focchiardo ...",Idealista,,https://www.idealista.it/immobile/36820838/,USCITO_MERCATO,False,False,2026-09-16T22:13:22.799271+00:00,2026-09-16T22:13:22.799272+00:00,0,115000.0,,114.0,1008.77,0,,,,0,0,17,INDIRIZZO_ESTRATTO,VENDITA
9cc1b4f8e2b90970dc17,Villar Focchiardo,"Via Chiesali, 28",Via Chiesali,appartamento,"Quadrilocale in vendita in Via Chiesali, 28, Villar Focchiardo ...",Idealista,,https://www.idealista.it/immobile/36138212/,NEW,True,False,2026-09-20T06:08:00.347828+00:00,2026-09-20T06:08:00.347829+00:00,0,,,,,0,,,,0,0,1,INDIRIZZO_ESTRATTO,VENDITA
bb36f00cf1a307c7973e,Villar Focchiardo,Via Chiesali 28,Via Chiesali,appartamento,Quadrilocale in Vendita in Via Chiesali 28 a Villar Focchiardo,Casa.it,,https://www.casa.it/immobili/54733723/,USCITO_MERCATO,False,False,2026-09-16T14:58:05.673124+00:00,2026-09-16T14:58:05.673125+00:00,0,,,,,0,,,,0,0,19,INDIRIZZO_ESTRATTO,VENDITA
ea1945e63b68c89a787b,Villar Focchiardo,Via Chiesali a Villar Focchiardo,Via Chiesali a Villar Focchiardo,villa,Villa in Vendita in Via Chiesali a Villar Focchiardo - Casa.it,Casa.it,,https://www.casa.it/immobili/54578481/,USCITO_MERCATO,False,False,2026-08-17T16:30:23.634242+00:00,2026-08-19T16:57:29.635046+00:00,2,,,,,0,,,,0,0,91,INDIRIZZO_ESTRATTO,VENDITA
dbef35302110ff49fa5f,Villar Focchiardo,Via Chiesali s.n.c,Via Chiesali s.n.c,villa,"Villa in vendita in Via Chiesali s.n.c, Villar Focchiardo - idealista",Idealista,,https://www.idealista.it/immobile/36499500/,USCITO_MERCATO,False,False,2026-08-17T16:30:23.634238+00:00,2026-08-19T16:57:29.635043+00:00,2,,,,,0,,,,0,0,91,INDIRIZZO_ESTRATTO,VENDITA
c3cbd01dbfc578cb76db,Villar Focchiardo,Via Conte Carroccio,Via Conte Carroccio,altro,"Casa di paese in vendita in Via Conte Carroccio, Villar Focchiardo ...",Idealista,,https://www.idealista.it/immobile/30457603/,NEW,True,False,2026-09-20T06:08:00.347823+00:00,2026-09-20T06:08:00.347824+00:00,0,,,,,0,,,,0,0,1,INDIRIZZO_ESTRATTO,PRIVATO
3d97c90b91b73b9f2037,Villar Focchiardo,"Via Dante Alighieri, 33",Via Dante Alighieri,appartamento,"Bilocale in vendita in Via Dante Alighieri, 33, Villar Focchiardo ...",Idealista,,https://www.idealista.it/immobile/36005999/,USCITO_MERCATO,False,False,2026-09-09T23:18:34.769859+00:00,2026-09-12T17:06:03.937111+00:00,2,,,,,0,,,,0,0,34,INDIRIZZO_ESTRATTO,VENDITA
b474cbac3e4112bccc77,Villar Focchiardo,"Via Fratelli Rumiano, 14",Via Fratelli Rumiano,casa indipendente,"Casa indipendente in vendita in Via Fratelli Rumiano, 14",Idealista,,https://www.idealista.it/immobile/32623270/,NEW,True,False,2026-09-20T06:08:00.347794+00:00,2026-09-20T06:08:00.347795+00:00,0,,,130.0,,0,,,,0,0,1,INDIRIZZO_ESTRATTO,VENDITA
a3199b0d73342cdae694,Villar Focchiardo,"Via Giaconera, 36",Via Giaconera,villa,"Villa in vendita in Via Giaconera, 36, Villar Focchiardo - idealista",Idealista,,https://www.idealista.it/immobile/35196990/,RELISTED,True,False,2026-09-09T23:18:34.769829+00:00,2026-09-20T06:08:00.347804+00:00,10,,,,,0,,,,0,0,1,INDIRIZZO_ESTRATTO,VENDITA
75946b388c18ab2fcddd,Villar Focchiardo,"Via Pelissero, 49",Via Pelissero,casa indipendente,"Casa indipendente in vendita in Via Pelissero, 49, Villar Focchiardo ...",Idealista,,https://www.idealista.it/immobile/35932512/,USCITO_MERCATO,False,False,2026-09-09T23:18:34.769835+00:00,2026-09-12T17:06:03.937093+00:00,2,,,,,0,,,,0,0,34,INDIRIZZO_ESTRATTO,VENDITA
a91e6505ceea4953a34d,Villar Focchiardo,Via Preinera a Villar Focchiardo,Via Preinera a Villar Focchiardo,commerciale,Capannone in Vendita in Via Preinera a Villar Focchiardo,Casa.it,,https://www.casa.it/immobili/54638886/,USCITO_MERCATO,False,False,2026-09-01T20:55:16.174627+00:00,2026-09-07T10:14:01.142210+00:00,5,,,,,0,,,,0,0,57,INDIRIZZO_ESTRATTO,VENDITA
0ebdd8907bb89dcce47d,Villar Focchiardo,Via Roma,Via Roma,casa indipendente,"Casa indipendente in vendita in Via Roma, Villar Focchiardo — idealista ...",Idealista,,https://www.idealista.it/immobile/35966324/,NEW,True,False,2026-09-20T06:08:00.347789+00:00,2026-09-20T06:08:00.347790+00:00,0,,,,,0,,,,0,0,1,INDIRIZZO_ESTRATTO,AGENZIA
29d4c1e0105c2fb9d3af,Villar Focchiardo,Via Roma,Via Roma,casa indipendente,"Casa indipendente in vendita in Via Roma, Villar Focchiardo — idealista ...",Idealista,,https://www.idealista.it/immobile/36414411/,USCITO_MERCATO,False,False,2026-09-09T23:18:34.769816+00:00,2026-09-12T17:06:03.937054+00:00,2,,,,,0,,,,0,0,34,INDIRIZZO_ESTRATTO,AGENZIA
c4c68b58af47c0a9f1e6,Villar Focchiardo,Via Roma s.n.c,Via Roma s.n.c,casa indipendente,"Casa indipendente in vendita in Via Roma s.n.c, Villar Focchiardo ...",Idealista,,https://www.idealista.it/immobile/34170882/,NEW,True,False,2026-09-20T06:08:00.347813+00:00,2026-09-20T06:08:00.347815+00:00,0,,,,,0,,,,0,0,1,INDIRIZZO_ESTRATTO,AGENZIA
d7af1e54d42f2e4b3455,Villar Focchiardo,"via Chiapinetto, 22",via Chiapinetto,casa indipendente,"Casa indipendente in vendita in via Chiapinetto, 22, Villar Focchiardo ...",Idealista,,https://www.idealista.it/immobile/32066654/,NEW,True,False,2026-09-20T06:08:00.347818+00:00,2026-09-20T06:08:00.347819+00:00,0,,,,,0,,,,0,0,1,INDIRIZZO_ESTRATTO,VENDITA
0814c95d84bb0489bb03,Villar Focchiardo,via Chiesali,via Chiesali,appartamento,Vendita Appartamento Villar Focchiardo. Quadrilocale in via Chiesali ...,Immobiliare.it,,https://www.immobiliare.it/annunci/121481264/,USCITO_MERCATO,False,False,2026-09-09T04:02:27.439606+00:00,2026-09-09T04:02:27.439608+00:00,0,,,,,0,,,,0,0,52,INDIRIZZO_ESTRATTO,PRIVATO
18ed0b627c3c397687b4,Villar Focchiardo,"via Chiesali, 18",via Chiesali,appartamento,"Appartamento in vendita in via Chiesali, 18, Villar Focchiardo ...",Idealista,,https://www.idealista.it/immobile/31465959/,NEW,True,False,2026-09-20T06:08:00.347833+00:00,2026-09-20T06:08:00.347834+00:00,0,,,,,0,,,,0,0,1,INDIRIZZO_ESTRATTO,VENDITA
39404184b48b557e1016,Villar Focchiardo,via Chiesali,via Chiesali,appartamento,Vendita Appartamento Villar Focchiardo. Quadrilocale in via Chiesali ...,Immobiliare.it,,https://www.immobiliare.it/annunci/128976558/,USCITO_MERCATO,False,False,2026-09-06T13:51:47.106675+00:00,2026-09-19T06:11:00.698030+00:00,12,,,,,0,,,,0,0,8,INDIRIZZO_ESTRATTO,VENDITA
980279532f9578789344,Villar Focchiardo,via Chiesali,via Chiesali,appartamento,Vendita Appartamento Villar Focchiardo. Quadrilocale in via Chiesali ...,Immobiliare.it,,https://www.immobiliare.it/annunci/131370234/,POSSIBILE_USCITA,False,False,2026-08-28T10:58:40.672328+00:00,2026-09-19T18:06:37.669065+00:00,22,,,,,0,,,,0,0,5,INDIRIZZO_ESTRATTO,VENDITA
d485e4c7e3f37130c1b3,Villar Focchiardo,via Chiesali,via Chiesali,appartamento,Vendita Appartamento Villar Focchiardo. Quadrilocale in via Chiesali ...,Immobiliare.it,,https://www.immobiliare.it/annunci/130136494/,USCITO_MERCATO,False,False,2026-09-01T18:58:42.122195+00:00,2026-09-01T18:58:42.122197+00:00,0,,,,,0,,,,0,0,87,INDIRIZZO_ESTRATTO,VENDITA
02b748d1ac35892159e6,Villar Focchiardo,via Chiesali Villar Focchiardo. Posto,via Chiesali Villar Focchiardo. Posto,villa,Vendita Villa unifamiliare in via Chiesali Villar Focchiardo. Posto ...,Immobiliare.it,,https://www.immobiliare.it/annunci/131750298/,USCITO_MERCATO,False,False,2026-08-17T16:30:23.634247+00:00,2026-08-19T16:57:29.635050+00:00,2,,,,,0,,,,0,0,91,INDIRIZZO_ESTRATTO,VENDITA
2161ce4ea4de693f4765,Villar Focchiardo,via Copotti 2,via Copotti,appartamento,Vendita Appartamento Villar Focchiardo. Quadrilocale in via Copotti 2 ...,Immobiliare.it,,https://www.immobiliare.it/annunci/124112589/,TRACKED,True,False,2026-08-27T21:04:17.081385+00:00,2026-09-20T11:10:13.481197+00:00,23,,,,,0,,,,0,0,0,INDIRIZZO_ESTRATTO,PRIVATO
38941dd669422cfb2921,Villar Focchiardo,via Dante,via Dante,appartamento,Vendita Appartamento Villar Focchiardo. Trilocale in via Dante ...,Immobiliare.it,,https://www.immobiliare.it/annunci/128923266/,USCITO_MERCATO,False,False,2026-09-05T19:08:06.336076+00:00,2026-09-12T05:52:24.478772+00:00,6,,,65.0,,0,,,,0,0,37,INDIRIZZO_ESTRATTO,VENDITA
10934ea758df2decebb8,Villar Focchiardo,"via Pelissero, 49",via Pelissero,casa indipendente,"Casa indipendente in vendita in via Pelissero, 49, Villar Focchiardo ...",Idealista,,https://www.idealista.it/immobile/31465950/,NEW,True,False,2026-09-20T06:08:00.347798+00:00,2026-09-20T06:08:00.347800+00:00,0,15000.0,,60.0,250.0,0,,,,0,0,1,INDIRIZZO_ESTRATTO,VENDITA
3ab15356fad2f663496b,Villar Focchiardo,via Villar Focchiardo 4,via Villar Focchiardo,appartamento,Vendita Appartamento Torino. Trilocale in via Villar Focchiardo 4 ...,Immobiliare.it,,https://www.immobiliare.it/annunci/127519632/,USCITO_MERCATO,False,False,2026-09-11T17:53:32.669191+00:00,2026-09-17T20:20:41.892603+00:00,6,,,75.0,,0,,,,0,0,13,INDIRIZZO_ESTRATTO,VENDITA
82c87906adbe6623e367,Villar Focchiardo,via Villar Focchiardo 4,via Villar Focchiardo,appartamento,Vendita Appartamento Torino. Trilocale in via Villar Focchiardo 4 ...,Immobiliare.it,,https://www.immobiliare.it/annunci/132338532/,USCITO_MERCATO,False,False,2026-09-10T15:11:09.216498+00:00,2026-09-18T17:15:59.825735+00:00,8,,,,,0,,,,0,0,10,INDIRIZZO_ESTRATTO,VENDITA
fc2da394b68f978c5cd3,Villar Focchiardo,via Villar Focchiardo 27,via Villar Focchiardo,appartamento,Vendita Appartamento Torino. Quadrilocale in via Villar Focchiardo 27 ...,Immobiliare.it,,https://www.immobiliare.it/annunci/114265905/,USCITO_MERCATO,False,False,2026-09-05T16:59:36.016489+00:00,2026-09-05T16:59:36.016491+00:00,0,,,,,0,,,,0,0,70,INDIRIZZO_ESTRATTO,VENDITA
ba50af707eb1d683d6fb,Villarbasse,,,appartamento,"Bilocale in vendita a Villarbasse - Torino. € 159.000, 74 Mq ...",Tecnorete,,https://www.tecnorete.it/vendita/appartamenti/torino/villarbasse/61034474.html,USCITO_MERCATO,False,False,2026-09-09T13:49:33.339288+00:00,2026-09-09T13:49:33.339288+00:00,0,159000.0,,74.0,2148.65,0,,,,0,0,51,TIPO_PREZZO_METRATURA,AGENZIA
ebd54043b751b6c04edd,Villarbasse,,,appartamento,5+ locali in Vendita a Villarbasse | Euro 329.000 | Mq 160,Tempocasa,,https://tempocasa.it/it/vendita/torino/villarbasse/5-locali/2363232,USCITO_MERCATO,False,False,2026-09-09T13:49:33.339304+00:00,2026-09-09T13:49:33.339305+00:00,0,329000.0,,160.0,2056.25,0,,,,0,0,51,URL_DETTAGLIO_PORTALE,AGENZIA
a5b2b30c5a58345c971e,Villarbasse,,,terreno,Terreno agricolo in Vendita a Villarbasse | Euro 12.000 | Mq 5000,Tempocasa,,https://tempocasa.it/it/vendita/torino/villarbasse/terreno-agricolo/2608371,USCITO_MERCATO,False,False,2026-09-09T13:49:33.339326+00:00,2026-09-09T13:49:33.339327+00:00,0,12000.0,,5000.0,2.4,0,,,,0,0,51,URL_DETTAGLIO_PORTALE,AGENZIA
03fd2cace0d1d2912f06,Villarbasse,,,villa,"Asta per villa, Villarbasse, Uriola - Scaravaglio Rivoli, rif ...",Immobiliare.it,,https://www.immobiliare.it/annunci/132308282/,USCITO_MERCATO,False,False,2026-09-10T15:11:09.216546+00:00,2026-09-15T01:31:48.171818+00:00,4,,,,,0,,,,0,0,23,URL_DETTAGLIO_PORTALE,ASTA
11c525b2612b7b42ea7a,Villarbasse,,,villa,"Asta per villa, , Uriola - Scaravaglio Rivoli, rif. 132550696 ...",Immobiliare.it,,https://www.immobiliare.it/annunci/132550696/,TRACKED,True,False,2026-09-19T06:11:00.698105+00:00,2026-09-20T11:10:13.481258+00:00,1,,,235.0,,0,,,,0,0,0,URL_DETTAGLIO_PORTALE,ASTA
3c92d5547de0aa003c39,Villarbasse,,,villa,"Asta per villa, Villarbasse, Uriola - Scaravaglio Rivoli, rif ...",Immobiliare.it,,https://www.immobiliare.it/annunci/131967142/,USCITO_MERCATO,False,False,2026-08-27T21:04:17.081451+00:00,2026-08-28T10:58:40.672390+00:00,0,,,,,0,,,,0,0,88,URL_DETTAGLIO_PORTALE,ASTA
52908cafd7a6786cd1d4,Villarbasse,,,villa,"Asta per villa, Villarbasse, Uriola - Scaravaglio Rivoli, rif ...",Immobiliare.it,,https://www.immobiliare.it/annunci/132305562/,USCITO_MERCATO,False,False,2026-09-10T01:14:41.786837+00:00,2026-09-14T22:36:38.495481+00:00,4,,,,,0,,,,0,0,24,URL_DETTAGLIO_PORTALE,ASTA
636c459442b697c82ca2,Villarbasse,,,villa,Villa trifamiliare in Vendita a Villarbasse | Euro 335.000 | Mq 380,Tempocasa,,https://tempocasa.it/it/vendita/torino/villarbasse/villa-trifamiliare/17256988,USCITO_MERCATO,False,False,2026-09-09T13:49:33.339310+00:00,2026-09-09T13:49:33.339310+00:00,0,335000.0,,380.0,881.58,0,,,,0,0,51,URL_DETTAGLIO_PORTALE,"AGENZIA,LOCAZIONE"
8f9492ee3c5529128647,Villarbasse,,,villa,"Asta per villa, Villarbasse, Uriola - Scaravaglio Rivoli, rif ...",Immobiliare.it,,https://www.immobiliare.it/annunci/132577378/,TRACKED,True,False,2026-09-19T10:47:39.486892+00:00,2026-09-20T11:10:13.481245+00:00,1,,,,,0,,,,0,0,0,URL_DETTAGLIO_PORTALE,ASTA
90aae3de593e2f1ad36a,Villarbasse,,,villa,Terratetto - terracielo in Vendita a Villarbasse,Tempocasa,,https://tempocasa.it/it/vendita/torino/villarbasse/terratetto-terracielo/2339932,USCITO_MERCATO,False,False,2026-09-09T13:49:33.339321+00:00,2026-09-09T13:49:33.339322+00:00,0,,,,,0,,,,0,0,51,URL_DETTAGLIO_PORTALE,AGENZIA
a70e7e0d18fe24b11e05,Villarbasse,,,villa,"Vendita Villa unifamiliare in regione Carlevè, 36 Villarbasse. Ottimo ...",Immobiliare.it,,https://www.immobiliare.it/annunci/123034933/,USCITO_MERCATO,False,False,2026-08-27T21:04:17.081417+00:00,2026-08-28T10:58:40.672359+00:00,0,,,,,0,,,,0,0,88,URL_DETTAGLIO_PORTALE,VENDITA
c073bf2b16ac26002e7c,Villarbasse,,,villa,"Asta per villa, Villarbasse, Uriola - Scaravaglio Rivoli, rif ...",Immobiliare.it,,https://www.immobiliare.it/annunci/132130654/,USCITO_MERCATO,False,False,2026-09-03T18:47:06.319971+00:00,2026-09-07T10:14:01.142263+00:00,3,,,,,0,,,,0,0,57,URL_DETTAGLIO_PORTALE,ASTA
de4d9d2af0b0acd41cc4,Villarbasse,,,villa,Villa in Vendita a Villarbasse | Euro 365.000 | Mq 220,Tempocasa,,https://tempocasa.it/it/vendita/torino/villarbasse/villa/2345473,USCITO_MERCATO,False,False,2026-09-09T13:49:33.339315+00:00,2026-09-09T13:49:33.339316+00:00,0,365000.0,,220.0,1659.09,0,,,,0,0,51,URL_DETTAGLIO_PORTALE,"PRIVATO,AGENZIA"
a3687ad005eb6451a0c1,Villarbasse,Strada Camporosso 6,Strada Camporosso,casa indipendente,Vendita Terratetto plurifamiliare in Strada Camporosso 6 Villarbasse ...,Immobiliare.it,,https://www.immobiliare.it/annunci/122078736/,USCITO_MERCATO,False,False,2026-08-27T21:04:17.081432+00:00,2026-08-28T10:58:40.672377+00:00,0,,,,,0,,,,0,0,88,INDIRIZZO_ESTRATTO,VENDITA
d03f9024fd36ae2c01e1,Villarbasse,Strada Truc Carlevè 45,Strada Truc Carlevè,villa,"Villa unifamiliare Strada Truc Carlevè 45, Villarbasse",Immobiliare.it,,https://www.immobiliare.it/annunci/124431573/,USCITO_MERCATO,False,False,2026-09-01T18:58:42.122235+00:00,2026-09-06T09:36:38.464787+00:00,4,,,2000.0,,0,,,,0,0,64,INDIRIZZO_ESTRATTO,PRIVATO
69f3a95f3af71df22d21,Villarbasse,"Via Maria Vittone, 4",Via Maria Vittone,appartamento,"Appartamento su due piani in vendita in Via Maria Vittone, 4",Idealista,,https://www.idealista.it/immobile/36796685/,USCITO_MERCATO,False,False,2026-09-16T04:54:00.960912+00:00,2026-09-16T04:54:00.960913+00:00,0,,,,,0,,,,0,0,20,INDIRIZZO_ESTRATTO,VENDITA
f05728d8ff9c41e9c25b,Villarbasse,"Via Rivoli, 29",Via Rivoli,appartamento,"Trilocale all'asta in Via Rivoli, 29, Villarbasse - idealista",Idealista,,https://www.idealista.it/immobile/36810510/,POSSIBILE_USCITA,False,False,2026-09-18T19:44:01.664273+00:00,2026-09-19T20:30:44.819029+00:00,1,63000.0,,87.0,724.14,0,,,,0,0,4,INDIRIZZO_ESTRATTO,ASTA
72df67ba7205588b7025,Villarbasse,"Via Rivoli, 61",Via Rivoli,villa,"Villetta a schiera all'asta in Via Rivoli, 61, Villarbasse - idealista",Idealista,,https://www.idealista.it/immobile/36809205/,USCITO_MERCATO,False,False,2026-09-16T04:54:00.960927+00:00,2026-09-16T04:54:00.960928+00:00,0,170250.0,,133.0,1280.08,0,,,,0,0,20,INDIRIZZO_ESTRATTO,ASTA
6a37034a1e4b4e6b9997,Villarbasse,"Via San Rocco, 10",Via San Rocco,villa,"Villetta bifamiliare in vendita in Via San Rocco, 10, Villarbasse ...",Idealista,,https://www.idealista.it/immobile/36813358/,POSSIBILE_USCITA,False,False,2026-09-16T04:54:00.960918+00:00,2026-09-19T20:30:44.819021+00:00,3,529000.0,,334.0,1583.83,0,,,,0,0,4,INDIRIZZO_ESTRATTO,"VENDITA,AGENZIA"
9ee8523b628203248227,Villarbasse,"Via Villarbasse, 68",Via Villarbasse,villa,"Villa all'asta in Via Villarbasse, 68 - idealista",Idealista,,https://www.idealista.it/immobile/36869519/,POSSIBILE_USCITA,False,False,2026-09-19T20:30:44.819041+00:00,2026-09-19T20:30:44.819042+00:00,0,312275.0,,235.0,1328.83,0,,,,0,0,4,INDIRIZZO_ESTRATTO,ASTA
a6c07c1f317749b816fc,Villarbasse,via Castaudi 30,via Castaudi,villa,"Vendita Villa unifamiliare in via Castaudi 30 Villarbasse. Nuova, posto ...",Immobiliare.it,,https://www.immobiliare.it/annunci/125067197/,USCITO_MERCATO,False,False,2026-09-01T18:58:42.122254+00:00,2026-09-06T17:10:13.431977+00:00,4,,,160.0,,0,,,,0,0,62,INDIRIZZO_ESTRATTO,"AGENZIA,CANTIERE"
67c98d4efdbe9456757c,Villarbasse,via Fratelli Roasio 9,via Fratelli Roasio,villa,Vendita Villa unifamiliare in via Fratelli Roasio 9 Villarbasse. Ottimo ...,Immobiliare.it,,https://www.immobiliare.it/annunci/130691968/,USCITO_MERCATO,False,False,2026-08-27T21:04:17.081422+00:00,2026-09-02T16:09:34.326186+00:00,5,,,,,0,,,,0,0,82,INDIRIZZO_ESTRATTO,VENDITA
bb50fc7fbda19e08e151,Villarbasse,via Fratelli Vitrani 20,via Fratelli Vitrani,villa,Vendita Villa plurifamiliare in via Fratelli Vitrani 20 Villarbasse ...,Immobiliare.it,,https://www.immobiliare.it/annunci/130489556/,TRACKED,True,False,2026-09-03T18:47:06.319961+00:00,2026-09-20T11:10:13.481231+00:00,16,,,,,0,,,,0,0,0,INDIRIZZO_ESTRATTO,VENDITA
c375779db100d72ed96d,Villarbasse,via Frejus 3,via Frejus,appartamento,Vendita Appartamento Villarbasse. Trilocale in via Frejus 3. Ottimo ...,Immobiliare.it,,https://www.immobiliare.it/annunci/127004787/,USCITO_MERCATO,False,False,2026-09-01T18:58:42.122248+00:00,2026-09-02T16:09:34.326180+00:00,0,,,,,0,,,,0,0,82,INDIRIZZO_ESTRATTO,PRIVATO
a0f32e37878f1774d0d0,Villarbasse,via Giuseppe Castaudi 14,via Giuseppe Castaudi,villa,Vendita Villa unifamiliare in via Giuseppe Castaudi 14 Villarbasse ...,Immobiliare.it,,https://www.immobiliare.it/annunci/130233380/,USCITO_MERCATO,False,False,2026-09-01T18:58:42.122242+00:00,2026-09-06T13:51:47.106711+00:00,4,,,200.0,,0,,,,0,0,63,INDIRIZZO_ESTRATTO,CANTIERE
7de36af7fc3a3c44988e,Villarbasse,via Maria Vittone 4/2,via Maria Vittone,appartamento,Vendita Appartamento Villarbasse. Quadrilocale in via Maria Vittone 4/2 ...,Immobiliare.it,,https://www.immobiliare.it/annunci/132355480/,USCITO_MERCATO,False,False,2026-09-11T13:39:24.925558+00:00,2026-09-16T04:54:00.960889+00:00,4,,,,,0,,,,0,0,20,INDIRIZZO_ESTRATTO,VENDITA
787f06cb24deaf9c6793,Villarbasse,via Rivoli 116,via Rivoli,villa,"Vendita Appartamento in via Rivoli 116. Villarbasse. Ottimo stato, su ...",Immobiliare.it,,https://www.immobiliare.it/annunci/130809952/,USCITO_MERCATO,False,False,2026-09-03T18:47:06.319947+00:00,2026-09-08T11:07:58.869657+00:00,4,,,200.0,,0,,,,0,0,55,INDIRIZZO_ESTRATTO,VENDITA
ab58fcaa85e3ab13d154,Villarbasse,via Rivoli. Villarbasse. Ottimo stato,via Rivoli. Villarbasse. Ottimo stato,villa,"Vendita Appartamento in via Rivoli. Villarbasse. Ottimo stato, su più ...",Immobiliare.it,,https://www.immobiliare.it/annunci/131896744/,USCITO_MERCATO,False,False,2026-08-27T21:04:17.081437+00:00,2026-08-28T10:58:40.672383+00:00,0,,,,,0,,,,0,0,88,INDIRIZZO_ESTRATTO,"PRIVATO,AGENZIA"
f818edf2e4a569ab5d25,Villarbasse,via San Rocco 9/B,via San Rocco,casa indipendente,Vendita Terratetto unifamiliare in via San Rocco 9/B Villarbasse. Da ...,Immobiliare.it,,https://www.immobiliare.it/annunci/124965305/,USCITO_MERCATO,False,False,2026-08-27T21:04:17.081443+00:00,2026-09-06T13:51:47.106738+00:00,9,49000.0,,,,0,,,,0,0,63,INDIRIZZO_ESTRATTO,"VENDITA,AGENZIA"
a4f9a088eaebc14e5d64,Villarbasse,via San Rocco 10,via San Rocco,villa,Vendita Villa bifamiliare in via San Rocco 10 Villarbasse. Buono stato ...,Immobiliare.it,,https://www.immobiliare.it/annunci/132400278/,TRACKED,True,False,2026-09-15T01:31:48.171798+00:00,2026-09-20T11:10:13.481224+00:00,5,,,334.0,,0,,,,0,0,0,INDIRIZZO_ESTRATTO,VENDITA
d14901de98a299810385,Villarbasse,via Villarbasse 39,via Villarbasse,appartamento,Vendita Appartamento Torino. Trilocale in via Villarbasse 39. Buono ...,Immobiliare.it,,https://www.immobiliare.it/annunci/113091691/,USCITO_MERCATO,False,False,2026-09-08T11:07:58.869672+00:00,2026-09-12T19:18:03.779211+00:00,4,,,,,0,,,,0,0,33,INDIRIZZO_ESTRATTO,VENDITA
390680d571a03e8897b2,Villarbasse,"via Villarbasse, 68",via Villarbasse,villa,"Asta per villa, via Villarbasse, 68, Uriola - Scaravaglio Rivoli, rif ...",Immobiliare.it,,https://www.immobiliare.it/annunci/131283938/,TRACKED,True,False,2026-08-27T21:04:17.081457+00:00,2026-09-20T11:10:13.481251+00:00,23,,,,,0,,,,0,0,0,INDIRIZZO_ESTRATTO,ASTA
39435a61deb4cb525f6f,Villarbasse,via Villarbasse 1,via Villarbasse,villa,Vendita Villa unifamiliare in via Villarbasse 1 Piossasco. Buono stato ...,Immobiliare.it,,https://www.immobiliare.it/annunci/130844152/,TRACKED,True,False,2026-09-01T18:58:42.122268+00:00,2026-09-20T11:10:13.481238+00:00,18,,,,,0,,,,0,0,0,INDIRIZZO_ESTRATTO,"PRIVATO,AGENZIA"
88cbb203c8264b386ab8,Villarbasse,via Villarbasse 68,via Villarbasse,villa,Vendita Villa unifamiliare in via Villarbasse 68 Rivoli. Buono stato ...,Immobiliare.it,,https://www.immobiliare.it/annunci/131931692/,USCITO_MERCATO,False,False,2026-08-27T21:04:17.081462+00:00,2026-08-28T10:58:40.672402+00:00,0,,,,,0,,,,0,0,88,INDIRIZZO_ESTRATTO,ASTA
b66f558bdd1ffad2f611,Villarbasse,via casotto 1,via casotto,casa indipendente,"Vendita Casale in via casotto 1 Villarbasse. Da ristrutturare, posto ...",Immobiliare.it,,https://www.immobiliare.it/annunci/124437845/,USCITO_MERCATO,False,False,2026-08-27T21:04:17.081427+00:00,2026-08-28T10:58:40.672371+00:00,0,,,,,0,,,,0,0,88,INDIRIZZO_ESTRATTO,PRIVATO
